<?xml version="1.0" encoding="utf-8"?>
<COLLADA version="1.5.0" xmlns="http://www.collada.org/2008/03/COLLADASchema">
	<asset>
		<contributor>
			<authoring_tool>BrawlBox</authoring_tool>
		</contributor>
		<created>2019-10-04T04:49:56Z</created>
		<modified>2019-10-04T04:49:56Z</modified>
		<unit meter="0.01" name="centimeter" />
		<up_axis>Y_UP</up_axis>
	</asset>
	<library_images>
		<image id="drm_wanwanenv04-image" name="drm_wanwanenv04">
			<init_from>
				<ref>drm_wanwanenv04.png</ref>
			</init_from>
		</image>
		<image id="ref_b_i-image" name="ref_b_i">
			<init_from>
				<ref>ref_b_i.png</ref>
			</init_from>
		</image>
		<image id="wan_eye-image" name="wan_eye">
			<init_from>
				<ref>wan_eye.png</ref>
			</init_from>
		</image>
		<image id="wan_tooth-image" name="wan_tooth">
			<init_from>
				<ref>wan_tooth.png</ref>
			</init_from>
		</image>
		<image id="WT_wanwanEnv1-image" name="WT_wanwanEnv1">
			<init_from>
				<ref>WT_wanwanEnv1.png</ref>
			</init_from>
		</image>
	</library_images>
	<library_materials>
		<material id="body">
			<instance_effect url="#body-fx" />
		</material>
		<material id="eye">
			<instance_effect url="#eye-fx" />
		</material>
		<material id="tooth">
			<instance_effect url="#tooth-fx" />
		</material>
	</library_materials>
	<library_effects>
		<effect id="body-fx" name="body">
			<profile_COMMON>
				<newparam sid="ref_b_i-surface">
					<surface type="2D">
						<init_from>
							<ref>ref_b_i-image</ref>
						</init_from>
					</surface>
				</newparam>
				<newparam sid="ref_b_i-sampler">
					<sampler2D>
						<source>ref_b_i-surface</source>
						<instance_image url="#ref_b_i-image" />
						<wrap_s>CLAMP</wrap_s>
						<wrap_t>CLAMP</wrap_t>
						<minfilter>LINEAR</minfilter>
						<magfilter>LINEAR</magfilter>
					</sampler2D>
				</newparam>
				<technique sid="COMMON">
					<phong>
						<diffuse>
							<texture texture="ref_b_i-sampler" texcoord="TEXCOORD0" />
						</diffuse>
					</phong>
				</technique>
			</profile_COMMON>
		</effect>
		<effect id="eye-fx" name="eye">
			<profile_COMMON>
				<newparam sid="wan_eye-surface">
					<surface type="2D">
						<init_from>
							<ref>wan_eye-image</ref>
						</init_from>
					</surface>
				</newparam>
				<newparam sid="wan_eye-sampler">
					<sampler2D>
						<source>wan_eye-surface</source>
						<instance_image url="#wan_eye-image" />
						<wrap_s>CLAMP</wrap_s>
						<wrap_t>CLAMP</wrap_t>
						<minfilter>LINEAR</minfilter>
						<magfilter>LINEAR</magfilter>
					</sampler2D>
				</newparam>
				<technique sid="COMMON">
					<phong>
						<diffuse>
							<texture texture="wan_eye-sampler" texcoord="TEXCOORD0" />
						</diffuse>
					</phong>
				</technique>
			</profile_COMMON>
		</effect>
		<effect id="tooth-fx" name="tooth">
			<profile_COMMON>
				<newparam sid="wan_tooth-surface">
					<surface type="2D">
						<init_from>
							<ref>wan_tooth-image</ref>
						</init_from>
					</surface>
				</newparam>
				<newparam sid="wan_tooth-sampler">
					<sampler2D>
						<source>wan_tooth-surface</source>
						<instance_image url="#wan_tooth-image" />
						<wrap_s>WRAP</wrap_s>
						<wrap_t>WRAP</wrap_t>
						<minfilter>LINEAR</minfilter>
						<magfilter>LINEAR</magfilter>
					</sampler2D>
				</newparam>
				<technique sid="COMMON">
					<phong>
						<diffuse>
							<texture texture="wan_tooth-sampler" texcoord="TEXCOORD0" />
						</diffuse>
					</phong>
				</technique>
			</profile_COMMON>
		</effect>
	</library_effects>
	<library_geometries>
		<geometry id="polygon0" name="polygon0">
			<mesh>
				<source id="polygon0_Positions">
					<float_array id="polygon0_PosArr" count="582">-277.8835 86.0144 57.53644 -283.6192 89.57251 59.20989 -272.1166 82.61626 84.52551 -277.8524 86.17382 86.19913 -261.1917 88.52642 109.4038 -266.9274 92.08395 111.0774 -246.771 102.8455 128.3838 -252.5067 106.4031 130.0574 -231.0513 123.3928 138.5762 -236.7864 126.9514 140.2496 -216.4247 147.0418 138.4288 -222.1603 150.6002 140.1022 -205.1184 170.1908 127.9644 -210.8535 173.7494 129.6377 -198.8533 189.3168 108.7757 -204.5889 192.8742 110.4493 -198.5841 201.5072 83.78456 -204.3196 205.0646 85.45818 -204.3509 204.9052 56.79543 -210.0865 208.4629 58.46891 -215.2764 198.9958 31.91703 -221.0121 202.5532 33.59059 -229.6967 184.6757 12.93703 -235.4323 188.2336 14.61059 -245.4168 164.1275 2.744901 -251.1524 167.6862 4.418446 -260.0435 140.4785 2.892291 -265.7791 144.0372 4.565841 -271.3498 117.3297 13.35679 -277.0853 120.8882 15.03033 -277.6142 98.20479 32.54525 -283.3499 101.7622 34.21881 -277.8617 96.38704 85.70747 -268.2936 101.5631 107.4949 -255.6651 114.103 124.1169 -241.8976 132.0991 133.0429 -229.0886 152.8087 132.9137 -219.187 173.0825 123.7494 -213.7005 189.8313 106.9449 -213.4644 200.5069 85.05863 -218.5147 203.4838 61.42245 -228.0826 198.3078 39.63503 -240.7114 185.7673 23.01311 -254.4787 167.7724 14.08723 -267.2882 147.0616 14.2163 -277.1894 126.7888 23.38068 -282.6762 110.039 40.18521 -282.9119 99.36339 62.07149 -280.9149 110.0549 65.06628 -276.6999 107.571 84.79207 -268.715 111.8896 102.9751 -258.1753 122.3562 116.8472 -246.6856 137.3736 124.2964 -235.9955 154.6587 124.1888 -227.7319 171.577 116.5405 -223.1533 185.5555 102.516 -222.9561 194.4653 84.25056 -227.1712 196.9491 64.52472 -235.1561 192.6295 46.34171 -245.6959 182.1639 32.46961 -257.1855 167.1453 25.02042 -267.8757 149.8617 25.12814 -276.1392 132.942 32.77639 -280.7178 118.9633 46.80083 -272.5169 118.4861 82.9175 -266.3287 121.8334 97.01005 -258.16 129.9448 107.7612 -249.2555 141.5842 113.5346 -240.9702 154.9802 113.4512 -234.5654 168.093 107.5237 -231.0167 178.9269 96.65414 -230.8643 185.8311 82.49771 -234.1306 187.7573 67.20966 -240.3195 184.4088 53.1172 -248.488 176.2975 42.36588 -257.3927 164.658 36.59251 -265.6781 151.2619 36.67601 -272.0827 138.1491 42.6036 -275.6315 127.3154 53.47301 -275.7839 120.411 67.62944 -265.035 136.7542 79.62487 -261.8923 138.4543 86.7804 -257.7452 142.5725 92.23942 -253.2237 148.4821 95.17078 -249.0169 155.284 95.12846 -245.7647 161.9418 92.11868 -243.9629 167.4436 86.59975 -243.8853 170.9495 79.41187 -245.5445 171.926 71.6492 -248.6865 170.2271 64.4938 -252.8342 166.1089 59.03479 -257.3551 160.1981 56.10331 -261.5624 153.3962 56.14573 -264.8139 146.7385 59.1555 -266.6158 141.2378 64.67447 -266.6934 137.732 71.86234 -256.1141 154.8524 75.87767 272.1166 82.61626 84.52551 283.6192 89.57251 59.20989 277.8835 86.0144 57.53644 283.3499 101.7622 34.21881 277.6142 98.20479 32.54525 277.0853 120.8882 15.03033 271.3498 117.3297 13.35679 265.7791 144.0372 4.565841 260.0435 140.4785 2.892291 251.1524 167.686 4.418446 245.4168 164.1275 2.744901 235.4323 188.2334 14.61059 229.6967 184.6757 12.93703 221.0121 202.5532 33.59059 215.2764 198.9958 31.91703 210.0865 208.4629 58.46891 204.3509 204.9052 56.79543 204.3196 205.0646 85.45818 198.5841 201.5072 83.78456 204.5889 192.8742 110.4493 198.8533 189.3168 108.7757 210.8535 173.7494 129.6377 205.1184 170.1908 127.9644 222.1603 150.6002 140.1022 216.4247 147.0418 138.4288 236.7864 126.9514 140.2496 231.0513 123.3928 138.5762 252.5067 106.4031 130.0574 246.771 102.8452 128.3838 266.9274 92.08395 111.0774 261.1917 88.52642 109.4038 277.8524 86.17382 86.19913 277.8617 96.38704 85.70747 282.9119 99.36339 62.07149 282.6762 110.039 40.18521 277.1894 126.7888 23.38068 267.2882 147.0616 14.2163 254.4787 167.7724 14.08723 240.7114 185.7673 23.01311 228.0826 198.3078 39.63503 218.5147 203.4837 61.42245 213.4644 200.5069 85.05863 213.7005 189.8313 106.9449 219.187 173.0825 123.7494 229.0886 152.8087 132.9137 241.8976 132.0991 133.0429 255.6651 114.103 124.1169 268.2936 101.5631 107.4949 280.9149 110.0549 65.06628 280.7178 118.9633 46.80083 276.1392 132.942 32.77639 267.8757 149.8617 25.12814 257.1855 167.1453 25.02042 245.6959 182.1639 32.46961 235.1561 192.6295 46.34171 227.1712 196.9491 64.52472 222.9561 194.4653 84.25056 223.1533 185.5555 102.516 227.7319 171.5768 116.5405 235.9955 154.6587 124.1888 246.6856 137.3736 124.2964 258.1753 122.3562 116.8472 268.715 111.8896 102.9751 276.6999 107.571 84.79207 272.5169 118.4861 82.9175 275.7839 120.411 67.62944 275.6315 127.3154 53.47301 272.0827 138.1491 42.6036 265.6781 151.2619 36.67601 257.3927 164.658 36.59251 248.488 176.2975 42.36588 240.3195 184.4088 53.1172 234.1306 187.7573 67.20966 230.8643 185.8311 82.49771 231.0167 178.9269 96.65414 234.5654 168.093 107.5237 240.9702 154.9802 113.4512 249.2555 141.5842 113.5346 258.16 129.9448 107.7612 266.3287 121.8334 97.01005 265.035 136.7542 79.62487 266.6934 137.732 71.86234 266.6158 141.2378 64.67447 264.8139 146.7385 59.1555 261.5624 153.3962 56.14573 257.3551 160.1981 56.10331 252.8342 166.1089 59.03479 248.6865 170.2271 64.4938 245.5445 171.926 71.6492 243.8853 170.9495 79.41187 243.9629 167.4436 86.59975 245.7647 161.9418 92.11868 249.0169 155.284 95.12846 253.2237 148.4821 95.17078 257.7452 142.5725 92.23942 261.8923 138.4543 86.7804 256.1141 154.852 75.87767</float_array>
					<technique_common>
						<accessor source="#polygon0_PosArr" count="194" stride="3">
							<param name="X" type="float" />
							<param name="Y" type="float" />
							<param name="Z" type="float" />
						</accessor>
					</technique_common>
				</source>
				<source id="polygon0_Normals">
					<float_array id="polygon0_NormArr" count="582">-0.5563354 -0.8103027 -0.1841431 -0.8959961 -0.4424438 -0.03790283 -0.4754028 -0.8579712 0.194519 -0.8260498 -0.4837036 0.2892456 -0.3220825 -0.7750854 0.5436401 -0.6936035 -0.4120483 0.5908813 -0.119812 -0.5740967 0.8099365 -0.5187988 -0.2384033 0.8209839 0.100769 -0.2857666 0.9530029 -0.3282471 0.01068115 0.944519 0.3060303 0.04602051 0.9509277 -0.1508789 0.2974243 0.942749 0.4646606 0.3708496 0.8040771 -0.01379395 0.578064 0.815918 0.5525513 0.6392212 0.5348511 0.06213379 0.8098755 0.583252 0.5563354 0.8103027 0.1841431 0.06536865 0.9577026 0.2802734 0.4754028 0.8579712 -0.194519 -0.004516602 0.9989014 -0.04693604 0.3220825 0.7750244 -0.5436401 -0.1369629 0.9272461 -0.3485107 0.119812 0.5740967 -0.8099976 -0.3118286 0.7536621 -0.5786133 -0.100769 0.2857666 -0.9530029 -0.5023804 0.5045166 -0.7022095 -0.3060303 -0.04602051 -0.9509277 -0.6796875 0.2178345 -0.7003784 -0.4646606 -0.3708496 -0.8040771 -0.8167725 -0.06280518 -0.5735474 -0.5525513 -0.6392212 -0.5348511 -0.8927002 -0.2946777 -0.3408813 -0.9506226 0.06848145 0.3026123 -0.8813477 0.105957 0.4604492 -0.789856 0.1967773 0.5808716 -0.6901245 0.3271484 0.6455078 -0.5973511 0.4771729 0.6445923 -0.5256348 0.6240234 0.578186 -0.4858398 0.7453613 0.4564819 -0.4841309 0.8226929 0.2979126 -0.520752 0.8442383 0.126709 -0.5900879 0.8067627 -0.03112793 -0.6815186 0.7159424 -0.1515503 -0.78125 0.5855713 -0.2161865 -0.8740845 0.4355469 -0.21521 -0.9458008 0.2886963 -0.1488647 -0.9855347 0.1673584 -0.02716064 -0.9872437 0.09002686 0.1314087 -0.9459229 0.2692261 0.1807861 -0.9237061 0.2561646 0.2848511 -0.8815918 0.2789307 0.3807983 -0.8259888 0.3341675 0.4539795 -0.7653198 0.4133911 0.4932861 -0.7089233 0.5045776 0.4927368 -0.6653442 0.5938721 0.4523926 -0.6411743 0.6676025 0.3783569 -0.6401367 0.7145996 0.2820435 -0.6624146 0.7277222 0.1779175 -0.7045288 0.7049561 0.08197021 -0.7601318 0.6497192 0.008789063 -0.8207397 0.5704956 -0.03051758 -0.8771362 0.4793091 -0.02990723 -0.9207764 0.3900146 0.01043701 -0.9448853 0.3162842 0.08441162 -0.8798218 0.3951416 0.2640381 -0.8598022 0.4060059 0.3096313 -0.833374 0.432251 0.3444214 -0.8045654 0.4699097 0.3630981 -0.777771 0.5132446 0.362854 -0.757019 0.5557251 0.3436279 -0.7455444 0.5907593 0.3084717 -0.7450562 0.6130981 0.2626343 -0.7556152 0.6193237 0.2131958 -0.7756348 0.6085205 0.1676025 -0.802063 0.5822754 0.1328125 -0.8309326 0.5445557 0.1141357 -0.8577271 0.5012207 0.1143799 -0.878418 0.4588013 0.1335449 -0.8899536 0.4237671 0.1687012 -0.8904419 0.4014282 0.2145386 -0.8618164 0.4378052 0.2561646 -0.848938 0.4447632 0.2854614 -0.8319702 0.4616699 0.3078003 -0.8134155 0.4858398 0.3198242 -0.7962036 0.5137329 0.3196411 -0.7828979 0.5409546 0.307312 -0.7755127 0.5634766 0.284729 -0.7752075 0.5778809 0.255249 -0.7819824 0.5818481 0.2235107 -0.7948608 0.5748901 0.1942139 -0.8118286 0.5579834 0.171814 -0.8303833 0.5338135 0.15979 -0.8475952 0.5059814 0.1599731 -0.8609009 0.4786987 0.1723022 -0.8682861 0.4561768 0.1948853 -0.8685913 0.4418335 0.2243652 -0.8248291 0.5116577 0.2406616 0.4754028 -0.8579712 0.194519 0.8959961 -0.4424438 -0.03790283 0.5563354 -0.8103027 -0.1841431 0.8927002 -0.2946777 -0.3408813 0.5525513 -0.6392212 -0.5348511 0.8167725 -0.06280518 -0.5735474 0.4646606 -0.3708496 -0.8040771 0.6796875 0.2178345 -0.7003784 0.3060303 -0.04602051 -0.9509277 0.5023804 0.5045166 -0.7022095 0.100769 0.2857666 -0.9530029 0.3118286 0.7536621 -0.5786133 -0.119812 0.5740967 -0.8099365 0.1370239 0.9272461 -0.3485107 -0.3220825 0.7750244 -0.5436401 0.004516602 0.9989014 -0.046875 -0.4754028 0.8579712 -0.194519 -0.06536865 0.9577026 0.2802734 -0.5563354 0.8103027 0.1841431 -0.06213379 0.8098755 0.583252 -0.5525513 0.6392212 0.5348511 0.01379395 0.578064 0.815918 -0.4646606 0.3708496 0.8040771 0.1508789 0.2974243 0.942749 -0.3060303 0.04602051 0.9509277 0.3282471 0.01068115 0.944519 -0.100769 -0.2857666 0.9530029 0.5187988 -0.2384033 0.8209839 0.119812 -0.5740967 0.8099365 0.6936035 -0.4120483 0.5908813 0.3220825 -0.7750854 0.5436401 0.8260498 -0.4837036 0.2892456 0.9506226 0.06848145 0.3026123 0.9872437 0.09002686 0.1314087 0.9855347 0.1673584 -0.02716064 0.9458008 0.2886963 -0.1488647 0.8740845 0.4355469 -0.215271 0.78125 0.5855713 -0.2161865 0.6815186 0.7159424 -0.1515503 0.5900879 0.8067627 -0.03112793 0.520752 0.8442383 0.126709 0.4841309 0.8226929 0.2979126 0.4859009 0.7453613 0.4564819 0.5256348 0.6240234 0.578186 0.5973511 0.4771729 0.6445923 0.6901245 0.3271484 0.6455078 0.789856 0.1967773 0.5808716 0.8813477 0.105957 0.4604492 0.9459229 0.2692261 0.1807861 0.9448853 0.3162842 0.08441162 0.9207764 0.3900146 0.01043701 0.8771362 0.4793091 -0.02990723 0.8207397 0.5704956 -0.03051758 0.7601318 0.6497192 0.008789063 0.7045288 0.7049561 0.08197021 0.6624146 0.7277222 0.1779175 0.6401367 0.7145996 0.2820435 0.6411743 0.6676025 0.3783569 0.6653442 0.5938721 0.4523926 0.7089233 0.5045776 0.4927368 0.7653198 0.4133911 0.4932861 0.8259888 0.3341675 0.4539795 0.8815918 0.2789307 0.3807983 0.9237061 0.2561646 0.2848511 0.8798218 0.3951416 0.2640381 0.8904419 0.4014282 0.2145386 0.8899536 0.4237671 0.1687012 0.878418 0.4588013 0.1335449 0.8577271 0.5012207 0.1143799 0.8309326 0.5445557 0.1141357 0.802063 0.5822754 0.1328125 0.7756348 0.6085205 0.1676025 0.7556152 0.6193237 0.2131958 0.7450562 0.6130981 0.2626343 0.7455444 0.5907593 0.3084717 0.757019 0.5557251 0.3436279 0.777771 0.5132446 0.362854 0.8045654 0.4699097 0.3630981 0.833374 0.432251 0.3444214 0.8598022 0.4060059 0.3096313 0.8618164 0.4378052 0.2561646 0.8685913 0.4418335 0.2243652 0.8682861 0.4561768 0.1949463 0.8609009 0.4786987 0.1723022 0.8475952 0.5059814 0.1599731 0.8303833 0.5338135 0.15979 0.8118286 0.5579834 0.171814 0.7948608 0.5748901 0.1942139 0.7819824 0.5818481 0.2235107 0.7752075 0.5778809 0.255249 0.7755127 0.5634766 0.284729 0.7828979 0.5409546 0.307312 0.7962036 0.5137329 0.3196411 0.8134155 0.4858398 0.3198242 0.8319702 0.4616699 0.3078003 0.848938 0.4447632 0.2854614 0.8248291 0.5116577 0.2406616</float_array>
					<technique_common>
						<accessor source="#polygon0_NormArr" count="194" stride="3">
							<param name="X" type="float" />
							<param name="Y" type="float" />
							<param name="Z" type="float" />
						</accessor>
					</technique_common>
				</source>
				<source id="polygon0_UVs0">
					<float_array id="polygon0_UVArr0" count="186">0.6659241 0.09695435 0.5019531 0.06433105 0.3380127 0.09695435 0.1990051 0.1898193 0.1061401 0.3287964 0.07351685 0.4927673 0.1061401 0.6567078 0.1990051 0.7957153 0.3380127 0.8885803 0.5019531 0.9212036 0.6659241 0.8885803 0.8049011 0.7957153 0.8977966 0.6567078 0.9303894 0.4927673 0.8977966 0.3287964 0.8049011 0.1898193 0.5019531 0.1385498 0.3636475 0.1660767 0.2463684 0.2444153 0.1680298 0.3616943 0.1405029 0.5 0.1680298 0.6383057 0.2463684 0.7555847 0.3636475 0.8339233 0.5019531 0.8614502 0.6402893 0.8339233 0.7575378 0.7555847 0.8358765 0.6383057 0.8634033 0.5 0.8358765 0.3616943 0.7575378 0.2444153 0.6402893 0.1660767 0.6181641 0.2194824 0.5019531 0.1963501 0.3857727 0.2194824 0.287262 0.2853088 0.2214355 0.3837891 0.1983337 0.5 0.2214355 0.6162109 0.287262 0.7146912 0.3857727 0.7805176 0.5019531 0.8036499 0.6181641 0.7805176 0.7166748 0.7146912 0.7824707 0.6162109 0.805603 0.5 0.7824707 0.3837891 0.7166748 0.2853088 0.5019531 0.272583 0.414917 0.2898865 0.341156 0.3391724 0.2918396 0.4129639 0.2745361 0.5 0.2918396 0.5870361 0.341156 0.6608276 0.414917 0.7101135 0.5019531 0.727417 0.5889893 0.7101135 0.6627808 0.6608276 0.7120667 0.5870361 0.7293701 0.5 0.7120667 0.4129639 0.6627808 0.3391724 0.5889893 0.2898865 0.5019531 0.3830261 0.4572144 0.3919373 0.4192505 0.4172974 0.3938904 0.4552307 0.3850098 0.5 0.3938904 0.5447693 0.4192505 0.5827026 0.4572144 0.6080627 0.5019531 0.6169739 0.5467224 0.6080627 0.5846558 0.5827026 0.6100159 0.5447693 0.618927 0.5 0.6100159 0.4552307 0.5846558 0.4172974 0.5467224 0.3919373 0.5019531 0.5 0.5467224 0.3919067 0.5846863 0.4172668 0.6100464 0.4552307 0.6189575 0.5 0.6100464 0.5447693 0.5846863 0.5827332 0.5467224 0.6080933 0.4571838 0.6080933 0.4192505 0.5827332 0.3849792 0.5 0.4192505 0.4172668 0.4571838 0.3919067</float_array>
					<technique_common>
						<accessor source="#polygon0_UVArr0" count="93" stride="2">
							<param name="S" type="float" />
							<param name="T" type="float" />
						</accessor>
					</technique_common>
				</source>
				<vertices id="polygon0_Vertices">
					<input semantic="POSITION" source="#polygon0_Positions" />
				</vertices>
				<triangles material="eye" count="352">
					<input semantic="VERTEX" source="#polygon0_Vertices" offset="0" />
					<input semantic="NORMAL" source="#polygon0_Normals" offset="1" />
					<input semantic="TEXCOORD" source="#polygon0_UVs0" set="0" offset="2" />
					<p>2 2 1 1 1 0 0 0 0 3 3 1 1 1 0 2 2 1 4 4 2 3 3 1 2 2 1 5 5 2 3 3 1 4 4 2 6 6 3 5 5 2 4 4 2 7 7 3 5 5 2 6 6 3 8 8 4 7 7 3 6 6 3 9 9 4 7 7 3 8 8 4 10 10 5 9 9 4 8 8 4 11 11 5 9 9 4 10 10 5 12 12 6 11 11 5 10 10 5 13 13 6 11 11 5 12 12 6 14 14 7 13 13 6 12 12 6 15 15 7 13 13 6 14 14 7 16 16 8 15 15 7 14 14 7 17 17 8 15 15 7 16 16 8 18 18 9 17 17 8 16 16 8 19 19 9 17 17 8 18 18 9 20 20 10 19 19 9 18 18 9 21 21 10 19 19 9 20 20 10 22 22 11 21 21 10 20 20 10 23 23 11 21 21 10 22 22 11 24 24 12 23 23 11 22 22 11 25 25 12 23 23 11 24 24 12 26 26 13 25 25 12 24 24 12 27 27 13 25 25 12 26 26 13 28 28 14 27 27 13 26 26 13 29 29 14 27 27 13 28 28 14 30 30 15 29 29 14 28 28 14 31 31 15 29 29 14 30 30 15 0 0 0 31 31 15 30 30 15 1 1 0 31 31 15 0 0 0 3 3 1 32 32 16 1 1 0 33 33 17 32 32 16 3 3 1 5 5 2 33 33 17 3 3 1 34 34 18 33 33 17 5 5 2 7 7 3 34 34 18 5 5 2 35 35 19 34 34 18 7 7 3 9 9 4 35 35 19 7 7 3 36 36 20 35 35 19 9 9 4 11 11 5 36 36 20 9 9 4 37 37 21 36 36 20 11 11 5 13 13 6 37 37 21 11 11 5 38 38 22 37 37 21 13 13 6 15 15 7 38 38 22 13 13 6 39 39 23 38 38 22 15 15 7 17 17 8 39 39 23 15 15 7 40 40 24 39 39 23 17 17 8 19 19 9 40 40 24 17 17 8 41 41 25 40 40 24 19 19 9 21 21 10 41 41 25 19 19 9 42 42 26 41 41 25 21 21 10 23 23 11 42 42 26 21 21 10 43 43 27 42 42 26 23 23 11 25 25 12 43 43 27 23 23 11 44 44 28 43 43 27 25 25 12 27 27 13 44 44 28 25 25 12 45 45 29 44 44 28 27 27 13 29 29 14 45 45 29 27 27 13 46 46 30 45 45 29 29 29 14 31 31 15 46 46 30 29 29 14 47 47 31 46 46 30 31 31 15 1 1 0 47 47 31 31 31 15 32 32 16 47 47 31 1 1 0 32 32 16 48 48 32 47 47 31 49 49 33 48 48 32 32 32 16 33 33 17 49 49 33 32 32 16 50 50 34 49 49 33 33 33 17 34 34 18 50 50 34 33 33 17 51 51 35 50 50 34 34 34 18 35 35 19 51 51 35 34 34 18 52 52 36 51 51 35 35 35 19 36 36 20 52 52 36 35 35 19 53 53 37 52 52 36 36 36 20 37 37 21 53 53 37 36 36 20 54 54 38 53 53 37 37 37 21 38 38 22 54 54 38 37 37 21 55 55 39 54 54 38 38 38 22 39 39 23 55 55 39 38 38 22 56 56 40 55 55 39 39 39 23 40 40 24 56 56 40 39 39 23 57 57 41 56 56 40 40 40 24 41 41 25 57 57 41 40 40 24 58 58 42 57 57 41 41 41 25 42 42 26 58 58 42 41 41 25 59 59 43 58 58 42 42 42 26 43 43 27 59 59 43 42 42 26 60 60 44 59 59 43 43 43 27 44 44 28 60 60 44 43 43 27 61 61 45 60 60 44 44 44 28 45 45 29 61 61 45 44 44 28 62 62 46 61 61 45 45 45 29 46 46 30 62 62 46 45 45 29 63 63 47 62 62 46 46 46 30 47 47 31 63 63 47 46 46 30 48 48 32 63 63 47 47 47 31 49 49 33 64 64 48 48 48 32 65 65 49 64 64 48 49 49 33 50 50 34 65 65 49 49 49 33 66 66 50 65 65 49 50 50 34 51 51 35 66 66 50 50 50 34 67 67 51 66 66 50 51 51 35 52 52 36 67 67 51 51 51 35 68 68 52 67 67 51 52 52 36 53 53 37 68 68 52 52 52 36 69 69 53 68 68 52 53 53 37 54 54 38 69 69 53 53 53 37 70 70 54 69 69 53 54 54 38 55 55 39 70 70 54 54 54 38 71 71 55 70 70 54 55 55 39 56 56 40 71 71 55 55 55 39 72 72 56 71 71 55 56 56 40 57 57 41 72 72 56 56 56 40 73 73 57 72 72 56 57 57 41 58 58 42 73 73 57 57 57 41 74 74 58 73 73 57 58 58 42 59 59 43 74 74 58 58 58 42 75 75 59 74 74 58 59 59 43 60 60 44 75 75 59 59 59 43 76 76 60 75 75 59 60 60 44 61 61 45 76 76 60 60 60 44 77 77 61 76 76 60 61 61 45 62 62 46 77 77 61 61 61 45 78 78 62 77 77 61 62 62 46 63 63 47 78 78 62 62 62 46 79 79 63 78 78 62 63 63 47 48 48 32 79 79 63 63 63 47 64 64 48 79 79 63 48 48 32 64 64 48 80 80 64 79 79 63 81 81 65 80 80 64 64 64 48 65 65 49 81 81 65 64 64 48 82 82 66 81 81 65 65 65 49 66 66 50 82 82 66 65 65 49 83 83 67 82 82 66 66 66 50 67 67 51 83 83 67 66 66 50 84 84 68 83 83 67 67 67 51 68 68 52 84 84 68 67 67 51 85 85 69 84 84 68 68 68 52 69 69 53 85 85 69 68 68 52 86 86 70 85 85 69 69 69 53 70 70 54 86 86 70 69 69 53 87 87 71 86 86 70 70 70 54 71 71 55 87 87 71 70 70 54 88 88 72 87 87 71 71 71 55 72 72 56 88 88 72 71 71 55 89 89 73 88 88 72 72 72 56 73 73 57 89 89 73 72 72 56 90 90 74 89 89 73 73 73 57 74 74 58 90 90 74 73 73 57 91 91 75 90 90 74 74 74 58 75 75 59 91 91 75 74 74 58 92 92 76 91 91 75 75 75 59 76 76 60 92 92 76 75 75 59 93 93 77 92 92 76 76 76 60 77 77 61 93 93 77 76 76 60 94 94 78 93 93 77 77 77 61 78 78 62 94 94 78 77 77 61 95 95 79 94 94 78 78 78 62 79 79 63 95 95 79 78 78 62 80 80 64 95 95 79 79 79 63 96 96 80 95 95 79 80 80 64 94 94 78 95 95 79 96 96 80 93 93 77 94 94 78 96 96 80 81 81 65 96 96 80 80 80 64 82 82 66 96 96 80 81 81 65 83 83 67 96 96 80 82 82 66 84 84 68 96 96 80 83 83 67 85 85 69 96 96 80 84 84 68 86 86 70 96 96 80 85 85 69 87 87 71 96 96 80 86 86 70 88 88 72 96 96 80 87 87 71 89 89 73 96 96 80 88 88 72 90 90 74 96 96 80 89 89 73 91 91 75 96 96 80 90 90 74 92 92 76 96 96 80 91 91 75 92 92 76 93 93 77 96 96 80 99 99 0 98 98 0 97 97 1 100 100 15 98 98 0 99 99 0 101 101 15 100 100 15 99 99 0 102 102 14 100 100 15 101 101 15 103 103 14 102 102 14 101 101 15 104 104 13 102 102 14 103 103 14 105 105 13 104 104 13 103 103 14 106 106 12 104 104 13 105 105 13 107 107 12 106 106 12 105 105 13 108 108 11 106 106 12 107 107 12 109 109 11 108 108 11 107 107 12 110 110 10 108 108 11 109 109 11 111 111 10 110 110 10 109 109 11 112 112 9 110 110 10 111 111 10 113 113 9 112 112 9 111 111 10 114 114 8 112 112 9 113 113 9 115 115 8 114 114 8 113 113 9 116 116 7 114 114 8 115 115 8 117 117 7 116 116 7 115 115 8 118 118 6 116 116 7 117 117 7 119 119 6 118 118 6 117 117 7 120 120 5 118 118 6 119 119 6 121 121 5 120 120 5 119 119 6 122 122 4 120 120 5 121 121 5 123 123 4 122 122 4 121 121 5 124 124 3 122 122 4 123 123 4 125 125 3 124 124 3 123 123 4 126 126 2 124 124 3 125 125 3 127 127 2 126 126 2 125 125 3 128 128 1 126 126 2 127 127 2 97 97 1 128 128 1 127 127 2 98 98 0 128 128 1 97 97 1 98 98 0 129 129 16 128 128 1 130 130 31 129 129 16 98 98 0 100 100 15 130 130 31 98 98 0 131 131 30 130 130 31 100 100 15 102 102 14 131 131 30 100 100 15 132 132 29 131 131 30 102 102 14 104 104 13 132 132 29 102 102 14 133 133 28 132 132 29 104 104 13 106 106 12 133 133 28 104 104 13 134 134 27 133 133 28 106 106 12 108 108 11 134 134 27 106 106 12 135 135 26 134 134 27 108 108 11 110 110 10 135 135 26 108 108 11 136 136 25 135 135 26 110 110 10 112 112 9 136 136 25 110 110 10 137 137 24 136 136 25 112 112 9 114 114 8 137 137 24 112 112 9 138 138 23 137 137 24 114 114 8 116 116 7 138 138 23 114 114 8 139 139 22 138 138 23 116 116 7 118 118 6 139 139 22 116 116 7 140 140 21 139 139 22 118 118 6 120 120 5 140 140 21 118 118 6 141 141 20 140 140 21 120 120 5 122 122 4 141 141 20 120 120 5 142 142 19 141 141 20 122 122 4 124 124 3 142 142 19 122 122 4 143 143 18 142 142 19 124 124 3 126 126 2 143 143 18 124 124 3 144 144 17 143 143 18 126 126 2 128 128 1 144 144 17 126 126 2 129 129 16 144 144 17 128 128 1 130 130 31 145 145 32 129 129 16 146 146 47 145 145 32 130 130 31 131 131 30 146 146 47 130 130 31 147 147 46 146 146 47 131 131 30 132 132 29 147 147 46 131 131 30 148 148 45 147 147 46 132 132 29 133 133 28 148 148 45 132 132 29 149 149 44 148 148 45 133 133 28 134 134 27 149 149 44 133 133 28 150 150 43 149 149 44 134 134 27 135 135 26 150 150 43 134 134 27 151 151 42 150 150 43 135 135 26 136 136 25 151 151 42 135 135 26 152 152 41 151 151 42 136 136 25 137 137 24 152 152 41 136 136 25 153 153 40 152 152 41 137 137 24 138 138 23 153 153 40 137 137 24 154 154 39 153 153 40 138 138 23 139 139 22 154 154 39 138 138 23 155 155 38 154 154 39 139 139 22 140 140 21 155 155 38 139 139 22 156 156 37 155 155 38 140 140 21 141 141 20 156 156 37 140 140 21 157 157 36 156 156 37 141 141 20 142 142 19 157 157 36 141 141 20 158 158 35 157 157 36 142 142 19 143 143 18 158 158 35 142 142 19 159 159 34 158 158 35 143 143 18 144 144 17 159 159 34 143 143 18 160 160 33 159 159 34 144 144 17 129 129 16 160 160 33 144 144 17 145 145 32 160 160 33 129 129 16 145 145 32 161 161 48 160 160 33 162 162 63 161 161 48 145 145 32 146 146 47 162 162 63 145 145 32 163 163 62 162 162 63 146 146 47 147 147 46 163 163 62 146 146 47 164 164 61 163 163 62 147 147 46 148 148 45 164 164 61 147 147 46 165 165 60 164 164 61 148 148 45 149 149 44 165 165 60 148 148 45 166 166 59 165 165 60 149 149 44 150 150 43 166 166 59 149 149 44 167 167 58 166 166 59 150 150 43 151 151 42 167 167 58 150 150 43 168 168 57 167 167 58 151 151 42 152 152 41 168 168 57 151 151 42 169 169 56 168 168 57 152 152 41 153 153 40 169 169 56 152 152 41 170 170 55 169 169 56 153 153 40 154 154 39 170 170 55 153 153 40 171 171 54 170 170 55 154 154 39 155 155 38 171 171 54 154 154 39 172 172 53 171 171 54 155 155 38 156 156 37 172 172 53 155 155 38 173 173 52 172 172 53 156 156 37 157 157 36 173 173 52 156 156 37 174 174 51 173 173 52 157 157 36 158 158 35 174 174 51 157 157 36 175 175 50 174 174 51 158 158 35 159 159 34 175 175 50 158 158 35 176 176 49 175 175 50 159 159 34 160 160 33 176 176 49 159 159 34 161 161 48 176 176 49 160 160 33 162 162 63 177 177 64 161 161 48 178 178 81 177 177 64 162 162 63 163 163 62 178 178 81 162 162 63 179 179 82 178 178 81 163 163 62 164 164 61 179 179 82 163 163 62 180 180 83 179 179 82 164 164 61 165 165 60 180 180 83 164 164 61 181 181 84 180 180 83 165 165 60 166 166 59 181 181 84 165 165 60 182 182 85 181 181 84 166 166 59 167 167 58 182 182 85 166 166 59 183 183 86 182 182 85 167 167 58 168 168 57 183 183 86 167 167 58 184 184 87 183 183 86 168 168 57 169 169 56 184 184 87 168 168 57 185 185 72 184 184 87 169 169 56 170 170 55 185 185 72 169 169 56 186 186 88 185 185 72 170 170 55 171 171 54 186 186 88 170 170 55 187 187 89 186 186 88 171 171 54 172 172 53 187 187 89 171 171 54 188 188 69 187 187 89 172 172 53 173 173 52 188 188 69 172 172 53 189 189 90 188 188 69 173 173 52 174 174 51 189 189 90 173 173 52 190 190 67 189 189 90 174 174 51 175 175 50 190 190 67 174 174 51 191 191 91 190 190 67 175 175 50 176 176 49 191 191 91 175 175 50 192 192 92 191 191 91 176 176 49 161 161 48 192 192 92 176 176 49 177 177 64 192 192 92 161 161 48 193 193 80 177 177 64 178 178 81 192 192 92 177 177 64 193 193 80 191 191 91 192 192 92 193 193 80 193 193 80 190 190 67 191 191 91 189 189 90 190 190 67 193 193 80 188 188 69 189 189 90 193 193 80 193 193 80 187 187 89 188 188 69 186 186 88 187 187 89 193 193 80 185 185 72 186 186 88 193 193 80 193 193 80 184 184 87 185 185 72 183 183 86 184 184 87 193 193 80 182 182 85 183 183 86 193 193 80 193 193 80 181 181 84 182 182 85 180 180 83 181 181 84 193 193 80 179 179 82 180 180 83 193 193 80 179 179 82 193 193 80 178 178 81</p>
				</triangles>
			</mesh>
		</geometry>
		<geometry id="polygon2" name="polygon2">
			<mesh>
				<source id="polygon2_Positions">
					<float_array id="polygon2_PosArr" count="432">244.7813 -44.48438 141.9063 202.5781 57.96875 197.8281 244.1719 -42.96875 136.4375 199.5 61.03125 194.9063 233.1563 -42.5625 131.8125 190.6563 58.89063 187.7188 217.2969 -52.39063 156.2344 189.1563 -61.6875 185.9219 -156.8125 67.9375 212.25 -189.1875 59.625 186.9844 -102.8906 -78.23438 243.1406 -199.8438 61.79688 195.2344 -108.3438 -79.73438 253.4688 -199.6094 62.875 198.5 -109.8594 -76.32813 257.9688 82.35938 79.15625 249.5938 42.34375 83.04688 258.6719 102.8906 -78.23438 243.1406 0 84.64063 262.7031 108.3438 -79.73438 253.4688 2.625 88.10938 275.7188 7.484375 87.95313 278.5 255.8906 -28.35938 85.79688 266.6563 -14.29688 46.10938 260.2344 21.28125 69.70313 272.4688 0 6.453125 269.25 21.53125 72.65625 281.375 0 6.453125 -255.8906 -28.35938 85.79688 -239.625 -39.875 122.3594 -260.2344 21.28125 69.70313 -232.625 -42.75 132.2969 -269.25 21.53125 72.65625 -244.0156 -43.60938 139.5156 271.4375 21.59375 71.96875 262.2031 21.0625 70.21875 244.2969 -42.70313 137.5156 237.3438 -41.15625 132.8125 199.6406 62.375 195.9688 189.3594 59.8125 186.5156 -271.4375 21.59375 71.96875 -244.2969 -42.70313 137.5156 -262.2031 21.0625 70.21875 -237.3438 -41.15625 132.8125 -256.4219 26.92188 86.92188 -241.5625 38.76563 123.0781 -244.7813 -44.48438 141.9063 -244.1719 -42.96875 136.4375 -202.5781 57.96875 197.8281 -199.5 61.03125 194.9063 -110.3906 -79.89063 253.9063 -105.0938 -82.39063 251.1406 -233.1563 -42.5625 131.8125 -190.6563 58.89063 187.7188 -101.1719 -78.98438 240.2188 -42.34375 83.04688 258.6719 -2.625 88.10938 275.7188 -7.484375 87.95313 278.5 82.79688 -80.78125 249.7188 102.0156 -76.76563 239.375 0 84.73438 265.2188 0 87.82813 276.7656 -102.0156 -76.76563 239.375 -107.75 -82.15625 251.3438 189.1875 59.625 186.9844 199.8438 61.79688 195.2344 199.6094 62.875 198.5 109.8594 -76.32813 257.9688 0 -89.57813 277.5469 -44.73438 -89.98438 273.125 0 83.70313 280.125 -87.09375 -86.64063 262.2344 -104.75 -84.35938 256.4063 228.7031 -52.17188 164.8438 200.1563 -62.1875 196.5156 166.7031 -70.07813 224.4375 282.6094 -1.0625 9.125 272.6563 20 72.90625 250.7344 -40.84375 134.0938 -166.5938 71.3125 224.9219 -130.0313 78.95313 249.5313 -88.60938 84.79688 265.5156 104.75 -84.35938 256.4063 87.09375 -86.64063 262.2344 44.73438 -89.98438 273.125 256.4219 26.92188 86.92188 241.5625 38.76563 123.0781 218.0938 50.15625 156.9219 44.5625 87.42188 274.8594 88.60938 84.79688 265.5156 130.0313 78.95313 249.5313 -273.9375 22.875 75.48438 -248.125 -41.46875 139.4531 -203.0313 62.45313 195.8125 -217.2969 -52.39063 156.2344 -189.1563 -61.6875 185.9219 -155.3125 -69.07813 209.1719 -82.79688 -80.78125 249.7188 -41.875 -84.32813 260.0625 0 -85.34375 263.3906 -82.35938 79.15625 249.5938 -121.5313 75 234.5 107.75 -82.15625 251.3438 156.8125 67.9375 212.25 121.5313 75 234.5 248.125 -41.46875 139.4531 203.0313 62.45313 195.8125 155.3125 -69.07813 209.1719 120.0156 -76.25 230.5156 101.1719 -78.98438 240.2188 105.0938 -82.39063 251.1406 110.3906 -79.89063 253.9063 277.5938 -13.04688 47.84375 267.7969 -26.92188 89.3125 232.625 -42.75 132.2969 244.0156 -43.60938 139.5156 -281.375 0 6.453125 -282.6094 -1.0625 9.125 -272.6563 20 72.90625 -250.7344 -40.84375 134.0938 -272.4688 0 6.453125 128.6094 -77.39063 246.1563 -218.0938 50.15625 156.9219 -189.3594 59.8125 186.5156 -199.6406 62.375 195.9688 -267.7969 -26.92188 89.3125 -277.5938 -13.04688 47.84375 273.9375 22.875 75.48438 270.0156 28.10938 92.1875 253.6719 40.75 129.8594 166.5938 71.3125 224.9219 229.2969 52.48438 165.0781 239.625 -39.875 122.3594 -266.6563 -14.29688 46.10938 -228.7031 -52.17188 164.8438 -200.1563 -62.1875 196.5156 -166.7031 -70.07813 224.4375 -128.6094 -77.39063 246.1563 41.875 -84.32813 260.0625 -120.0156 -76.25 230.5156 -44.5625 87.42188 274.8594 -229.2969 52.48438 165.0781 -253.6719 40.75 129.8594 -270.0156 28.10938 92.1875</float_array>
					<technique_common>
						<accessor source="#polygon2_PosArr" count="144" stride="3">
							<param name="X" type="float" />
							<param name="Y" type="float" />
							<param name="Z" type="float" />
						</accessor>
					</technique_common>
				</source>
				<source id="polygon2_Normals">
					<float_array id="polygon2_NormArr" count="516">0.8812866 0.4503174 -0.1434326 0.3590698 0.8192749 0.4470215 0.6865845 0.5524902 -0.4725952 0.08929443 0.9857788 0.1421509 -0.3058472 0.3614502 -0.8807983 -0.6229248 0.2087402 -0.7539063 -0.7823486 -0.0111084 -0.6227417 -0.6524658 0.01940918 -0.7575684 0.5688477 0.03625488 -0.8216553 -0.006713867 -0.3852539 -0.9227905 0.3781738 -0.190979 -0.9058228 -0.7869873 -0.5847778 -0.1967163 -0.05615234 -0.9537354 0.2954102 -0.8577271 -0.4937134 0.1431885 -0.2254639 -0.7270508 0.6484985 -0.2910156 0.001342773 -0.9567261 -0.1565552 0.03625488 -0.9869995 -0.3781738 -0.190979 -0.9058228 -0.727478 -0.3930664 -0.5623779 0.05615234 -0.9537354 0.2954102 -0.6925659 -0.5019531 0.5180664 -0.5667725 -0.444519 0.6936646 -0.9390259 -0.02874756 -0.3426514 -0.9760132 -0.03314209 -0.215332 -0.9122925 0.3063965 -0.2717285 -0.6855469 0.6413574 -0.3445435 -0.1429443 0.9735107 0.1784668 0.03753662 0.9508667 -0.307373 0.9390259 -0.02874756 -0.3426514 0.8382568 -0.164856 -0.5197144 0.9122925 0.3063965 -0.2717285 0.9118042 0.4105225 0.00970459 0.1429443 0.9735107 0.1784668 0.2850342 0.7341309 0.616272 0.2094727 -0.7369995 -0.6426392 -0.5183105 -0.4974365 -0.6956177 -0.2147217 -0.9766846 0.003723145 -0.8435059 -0.2891846 -0.4526367 -0.498291 -0.5764771 0.647644 -0.9120483 -0.407959 -0.0411377 -0.2094727 -0.7369995 -0.6426392 0.2147217 -0.9766846 0.003723145 0.5183105 -0.4974365 -0.6956177 0.8435059 -0.2891846 -0.4526367 0.9328613 0.01898193 -0.3596802 0.8798828 -0.01141357 -0.4750366 -0.8812866 0.4503174 -0.1434326 -0.6865845 0.5524902 -0.4725952 -0.3590698 0.8192749 0.4470215 -0.08929443 0.9857788 0.1421509 0.4351196 0.567688 0.6988525 0.5394287 0.5910645 0.5996704 0.3058472 0.3614502 -0.8807983 0.6229248 0.2087402 -0.7539063 0.8448486 0.4332275 -0.3139038 0.1565552 0.03625488 -0.9869995 0.727478 -0.3930664 -0.5623779 0.6925659 -0.5019531 0.5180664 0.5667725 -0.444519 0.6936646 -0.3468628 -0.08605957 -0.93396 0.3239136 0.3456421 -0.8806763 0 0.1273804 -0.9918823 0 0.9168701 0.3991089 -0.3239136 0.3456421 -0.8806763 -0.8392334 0.4985962 0.217041 0.006713867 -0.3852539 -0.9227905 0.7869873 -0.5847778 -0.1967163 0.8577271 -0.4937134 0.1431885 0.2254639 -0.7270508 0.6484985 0 -0.01483154 0.9998779 -0.1732178 0.004943848 0.9848633 0 0.02288818 0.9997559 -0.2768555 0.04077148 0.960022 -0.3062744 0.05682373 0.9502563 0.8155518 0.0201416 0.5783691 0.7822876 -0.001037598 0.6229248 0.6278687 0.02966309 0.777771 0.6966553 -0.02185059 0.717041 0.5688477 0.01153564 0.8223877 0.5604248 0.8104858 -0.1704102 0.4846802 0.8162842 0.31427 0.2922974 0.6256714 0.7232666 -0.6142578 -0.05987549 0.7868042 -0.5848389 -0.043396 0.8099976 -0.3752441 -0.03387451 0.9263306 -0.4602051 -0.01153564 0.8877563 -0.2844238 -0.007324219 0.9586792 0.3062744 0.05682373 0.9502563 0.2768555 0.04077148 0.960022 0.1732178 0.004943848 0.9848633 -0.9328613 0.01898193 -0.3596802 -0.8798828 -0.01141357 -0.4750366 -0.7717285 0.005187988 -0.6359253 0.09661865 -0.06396484 0.9932861 0.1519165 -0.0413208 0.9875488 0.3752441 -0.03387451 0.9263306 0.2844238 -0.007324219 0.9586792 0.4602051 -0.01153564 0.8877563 -0.6204834 -0.668396 -0.4101563 -0.3719482 -0.8703613 0.3226929 0.1144409 -0.515564 0.8491821 0.7823486 -0.0111084 -0.6227417 0.6524658 0.01940918 -0.7575684 0.5435791 0.009460449 -0.8392944 0.3468628 -0.08605957 -0.93396 0.161499 -0.009887695 -0.9868164 0 0.01080322 -0.999939 0.2910156 0.001342773 -0.9567261 0.4476929 0.004089355 -0.894165 0.8392334 0.4985962 0.217041 0.7396851 0.3847046 0.552124 0 0.5716553 0.8204956 -0.5688477 0.03625488 -0.8216553 -0.4476929 0.004089355 -0.894165 0.3719482 -0.8703613 0.3226929 -0.1144409 -0.515564 0.8491821 -0.5435791 0.009460449 -0.8392944 -0.4853516 -0.02313232 -0.8740234 -0.8448486 0.4332275 -0.3139038 -0.5394287 0.5910645 0.5996704 -0.4351196 0.567688 0.6988525 0.9891968 0.04077148 0.1408081 0.9832764 0.008728027 0.1818237 0.9697266 0.01617432 0.2436523 0.9557495 0.003723145 0.2941895 -0.9118042 0.4105225 0.00970459 -0.2850342 0.7341309 0.616272 -0.5604248 0.8104858 -0.1704102 -0.4846802 0.8162842 0.31427 -0.2922974 0.6256714 0.7232666 0.6855469 0.6413574 -0.3445435 -0.03753662 0.9508667 -0.307373 0.3734131 0.1242676 0.9193115 0.4321289 0.08447266 0.8978271 0.7717285 0.005187988 -0.6359253 0.9120483 -0.407959 -0.0411377 0.498291 -0.5764771 0.647644 -0.9557495 0.003723145 0.2941895 -0.9832764 0.008728027 0.1818237 -0.9697266 0.01617432 0.2436523 -0.9891968 0.04077148 0.1408081 0.9569702 -0.1222534 0.2631226 0.8768311 -0.03894043 0.479187 0.9400635 -0.06872559 0.3340454 0.8736572 -0.001953125 0.4865112 0.6142578 -0.05987549 0.7868042 0.5848389 -0.043396 0.8099976 0.7554321 -0.02716064 0.6546631 0.7911377 -0.008239746 0.6116333 -0.8382568 -0.164856 -0.5197144 0.9760132 -0.03314209 -0.215332 -0.8155518 0.0201416 0.5783691 -0.6278687 0.02966309 0.777771 -0.7822876 -0.001037598 0.6229248 -0.6966553 -0.02185059 0.717041 -0.5688477 0.01153564 0.8223877 -0.4321289 0.08447266 0.8978271 -0.161499 -0.009887695 -0.9868164 0.4853516 -0.02313232 -0.8740234 -0.1519165 -0.0413208 0.9875488 -0.09661865 -0.06396484 0.9932861 -0.7396851 0.3847046 0.552124 -0.7554321 -0.02716064 0.6546631 -0.8768311 -0.03894043 0.479187 -0.7911377 -0.008239746 0.6116333 -0.8736572 -0.001953125 0.4865112 -0.9400635 -0.06872559 0.3340454 -0.9569702 -0.1222534 0.2631226 0.6204834 -0.668396 -0.4101563 0.9308472 0.03076172 0.3641357 -0.9308472 0.03076172 0.3641357 -0.3734131 0.1242676 0.9193115</float_array>
					<technique_common>
						<accessor source="#polygon2_NormArr" count="172" stride="3">
							<param name="X" type="float" />
							<param name="Y" type="float" />
							<param name="Z" type="float" />
						</accessor>
					</technique_common>
				</source>
				<source id="polygon2_UVs0">
					<float_array id="polygon2_UVArr0" count="118">0.9083252 1.849731 0.5050049 1.117554 0.9467773 1.844116 0.5040283 1.026733 0.7556152 1.855347 0.588501 1.86377 2.797974 1.873413 2.921875 1.873413 2.502319 1.12561 2.96875 1.873413 2.502686 1.032593 2.396484 1.873413 2.218628 1.873413 2.078125 1.873413 2.018799 1.873413 1.49292 0.8901367 1.723022 0.8901367 1.504395 0.1138916 1.910156 0.8901367 1.504395 0.03125 1.968262 0.8901367 1.492065 0.8901367 1.137207 0.8901367 1.079346 0.8901367 1.014282 0.8901367 2.002808 1.90625 1.940308 1.90625 1.503784 1.033081 1.505127 1.125 1.003418 1.90625 1.0625 1.90625 1.712891 1.90625 1.478638 1.90625 0.046875 1.880493 0.015625 1.880493 2.78125 0.8795166 2.921875 0.8795166 2.494995 0.09619141 2.494995 0.02172852 2.969238 0.8795166 2.494995 0.8795166 2.640625 0.8795166 0.789917 1.852539 0.6016846 1.86377 0.340332 1.880493 2.81543 1.873413 2.585205 1.873413 2.362915 1.873413 1.270264 1.90625 2.169189 1.873413 0.361084 1.883301 2.590698 1.873413 0.1876221 1.880493 1.266235 0.8901367 0.1384277 1.880493 1.734375 1.90625 1.471069 1.90625 1.254517 1.90625 1.265381 0.8901367</float_array>
					<technique_common>
						<accessor source="#polygon2_UVArr0" count="59" stride="2">
							<param name="S" type="float" />
							<param name="T" type="float" />
						</accessor>
					</technique_common>
				</source>
				<vertices id="polygon2_Vertices">
					<input semantic="POSITION" source="#polygon2_Positions" />
				</vertices>
				<triangles material="tooth" count="154">
					<input semantic="VERTEX" source="#polygon2_Vertices" offset="0" />
					<input semantic="NORMAL" source="#polygon2_Normals" offset="1" />
					<input semantic="TEXCOORD" source="#polygon2_UVs0" set="0" offset="2" />
					<p>2 2 2 1 1 1 0 0 0 3 3 3 1 1 1 2 2 2 4 4 0 3 3 3 2 2 2 5 5 1 3 3 3 4 4 0 6 6 4 5 5 1 4 4 0 7 7 5 5 5 1 6 6 4 10 10 8 9 9 7 8 8 6 11 11 9 9 9 7 10 10 8 12 12 10 11 11 9 10 10 8 13 13 7 11 11 9 12 12 10 14 14 8 13 13 7 12 12 10 17 17 8 16 16 12 15 15 11 18 18 13 16 16 12 17 17 8 19 19 10 18 18 13 17 17 8 20 20 14 18 18 13 19 19 10 21 21 13 20 20 14 19 19 10 24 24 17 23 23 16 22 22 15 25 25 18 23 23 16 24 24 17 26 26 19 25 25 18 24 24 17 27 27 20 25 25 18 26 26 19 30 30 17 29 29 22 28 28 21 31 31 23 29 29 22 30 30 17 32 32 19 31 31 23 30 30 17 33 33 24 31 31 23 32 32 19 36 36 27 35 35 26 34 34 25 37 37 28 35 35 26 36 36 27 38 38 29 37 37 28 36 36 27 39 39 30 37 37 28 38 38 29 42 42 26 41 41 27 40 40 25 43 43 28 41 41 27 42 42 26 44 44 31 43 43 28 42 42 26 45 45 32 43 43 28 44 44 31 48 48 1 47 47 2 46 46 0 49 49 3 47 47 2 48 48 1 50 50 33 49 49 3 48 48 1 51 51 34 49 49 3 50 50 33 49 49 3 52 52 0 47 47 2 53 53 1 52 52 0 49 49 3 51 51 34 53 53 1 49 49 3 54 54 33 53 53 1 51 51 34 18 56 13 10 10 8 55 55 12 12 12 10 10 10 8 18 56 13 56 57 14 12 12 10 18 56 13 57 58 13 12 12 10 56 57 14 60 61 37 59 60 36 58 59 35 61 62 38 59 60 36 60 61 37 62 63 36 61 62 38 60 61 37 63 64 39 61 62 38 62 63 36 65 66 9 17 17 8 64 65 7 19 19 10 17 17 8 65 66 9 66 67 7 19 19 10 65 66 9 67 68 8 19 19 10 66 67 7 70 71 37 69 70 41 68 69 40 71 72 35 69 70 41 70 71 37 72 73 36 71 72 35 70 71 37 1 76 1 73 75 42 0 74 0 74 77 43 73 75 42 1 76 1 75 78 44 74 77 43 1 76 1 26 80 19 76 79 18 27 79 20 77 80 17 76 79 18 26 80 19 78 81 23 77 80 17 26 80 19 14 84 8 79 83 45 13 82 7 80 85 46 79 83 45 14 84 8 81 86 47 80 85 46 14 84 8 70 71 37 83 88 35 82 87 36 84 89 41 83 88 35 70 71 37 68 69 40 84 89 41 70 71 37 37 37 28 85 90 31 35 35 26 86 91 32 85 90 31 37 37 28 87 92 48 86 91 32 37 37 28 67 95 8 88 94 49 21 93 13 89 96 47 88 94 49 67 95 8 90 97 46 89 96 47 67 95 8 41 99 27 91 98 26 40 98 25 92 99 28 91 98 26 41 99 27 93 100 30 92 99 28 41 99 27 53 53 1 94 101 4 52 52 0 95 102 5 94 101 4 53 53 1 96 103 50 95 102 5 53 53 1 60 61 37 97 104 35 62 63 36 98 105 41 97 104 35 60 61 37 99 106 40 98 105 41 60 61 37 10 10 8 100 107 11 55 55 12 101 108 51 100 107 11 10 10 8 8 8 6 101 108 51 10 10 8 61 62 38 102 109 39 59 60 36 82 110 36 102 109 39 61 62 38 70 111 37 82 110 36 61 62 38 17 17 8 103 112 6 64 65 7 104 113 51 103 112 6 17 17 8 15 15 11 104 113 51 17 17 8 106 115 30 36 114 27 105 114 28 38 115 29 36 114 27 106 115 30 107 116 50 5 5 1 7 7 5 108 117 52 5 5 1 107 116 50 109 118 33 5 5 1 108 117 52 110 119 34 5 5 1 109 118 33 110 119 34 3 3 3 5 5 1 111 120 33 3 3 3 110 119 34 77 123 17 112 122 16 76 121 18 113 124 53 112 122 16 77 123 17 114 125 23 26 26 19 24 24 17 115 126 24 26 26 19 114 125 23 117 127 18 32 128 19 116 127 20 118 128 17 32 128 19 117 127 18 119 129 23 32 128 19 118 128 17 33 129 24 32 128 19 119 129 23 120 130 18 32 32 19 30 30 17 116 131 20 32 32 19 120 130 18 121 133 54 1 76 1 111 132 33 75 78 44 1 76 1 121 133 54 122 134 48 43 43 28 45 45 32 123 135 30 43 43 28 122 134 48 124 136 29 43 43 28 123 135 30 41 41 27 43 43 28 124 136 29 118 139 17 126 138 16 125 137 53 117 140 18 126 138 16 118 139 17 128 143 55 105 142 28 127 141 26 129 144 56 105 142 28 128 143 55 130 146 45 67 95 8 66 145 7 90 97 46 67 95 8 130 146 45 105 142 28 131 148 57 106 147 30 129 144 56 131 148 57 105 142 28 132 149 22 24 24 17 22 22 21 114 125 23 24 24 17 132 149 22 133 150 16 30 30 17 28 28 15 120 130 18 30 30 17 133 150 16 134 153 42 48 152 1 46 151 0 135 154 43 48 152 1 134 153 42 136 155 44 48 152 1 135 154 43 137 156 54 48 152 1 136 155 44 138 157 41 60 61 37 58 59 35 99 106 40 60 61 37 138 157 41 53 53 1 139 158 52 96 103 50 54 54 33 139 158 52 53 53 1 14 84 8 140 159 49 81 86 47 57 160 13 140 159 49 14 84 8 72 161 36 61 62 38 63 64 39 70 111 37 61 62 38 72 161 36 141 164 57 92 163 28 93 162 30 142 165 56 92 163 28 141 164 57 143 166 55 92 163 28 142 165 56 91 167 26 92 163 28 143 166 55 127 168 26 36 114 27 34 168 25 105 114 28 36 114 27 127 168 26 113 124 58 77 123 17 78 169 23 125 137 58 119 170 23 118 139 17 48 152 1 137 156 54 50 171 33 87 92 48 37 37 28 39 39 30 26 80 19 115 81 24 78 81 23 1 1 1 3 3 3 111 120 33 41 99 27 124 100 29 93 100 30 14 14 8 12 12 10 57 58 13 67 68 8 21 21 13 19 19 10</p>
				</triangles>
			</mesh>
		</geometry>
		<geometry id="polygon3" name="polygon3">
			<mesh>
				<source id="polygon3_Positions">
					<float_array id="polygon3_PosArr" count="1722">297.0316 -5.7E-05 6.455403 293.3749 14.35883 50.64725 293.3749 23.23326 46.69612 282.4941 28.36403 93.75085 282.4941 45.89371 85.94604 264.6575 41.67072 134.7052 264.6575 67.42512 123.2385 240.3038 53.95153 172.5012 240.3038 87.29523 157.6557 210.0331 64.90404 206.2086 210.0331 105.0166 188.3495 174.5907 74.25831 234.9976 174.5907 120.1518 214.5649 134.8495 81.78326 258.1598 134.8495 132.3286 235.6556 91.78791 87.29523 275.1235 91.78791 141.2467 251.1024 46.46595 90.65775 285.4715 46.46595 146.6874 260.5255 0 91.78799 288.9497 0 148.5166 263.6923 -46.46595 146.6874 260.5255 -46.46595 196.3064 224.4754 -91.78791 189.0253 216.3893 -91.78791 228.5419 172.5012 -134.8495 214.1125 162.017 -134.8495 241.7763 114.1012 -174.5907 219.5288 104.1957 -174.5907 235.0523 56.41731 -210.0331 205.4435 50.12378 -210.0331 210.0333 6.455391 -240.3038 174.5906 6.455393 -240.3038 170.7752 -29.84414 -264.6575 131.9027 -21.58141 -264.6575 123.1916 -48.39295 -282.4941 83.85216 -30.87807 -282.4941 74.25831 -47.49619 -293.3749 37.59163 -20.85666 -293.3749 31.09154 -28.0756 -297.0316 -5.7E-05 6.455403 -293.3749 23.23326 -33.78535 -293.3749 14.35883 -37.73642 -282.4941 45.89371 -73.03534 -282.4941 28.36403 -80.84015 -264.6575 67.42512 -110.3279 -264.6575 41.67072 -121.7943 -240.3038 87.29523 -144.7448 -240.3038 53.95153 -159.5907 -210.0331 105.0166 -175.4387 -210.0331 64.90404 -193.298 -174.5907 120.1518 -201.6538 -174.5907 74.25831 -222.0872 -134.8495 132.3286 -222.7444 -134.8495 81.78326 -245.2486 -91.78791 141.2467 -238.192 -91.78791 87.29523 -262.2123 -46.46595 146.6874 -247.615 -46.46595 90.65775 -272.561 0 148.5166 -250.7819 0 91.78799 -276.0388 46.46595 90.65775 -272.561 46.46595 30.66624 -285.3125 91.78791 29.52839 -274.4911 91.78791 -29.5285 -274.4911 134.8495 -27.66445 -256.752 134.8495 -81.78352 -245.2486 174.5907 -74.25842 -222.0872 174.5907 -120.152 -201.6538 210.0331 -105.0167 -175.4387 210.0331 -140.5398 -149.6297 240.3038 -116.8241 -123.2909 240.3038 -141.2471 -96.16663 264.6575 -109.0956 -72.80725 264.6575 -123.1912 -48.39291 282.4941 -83.85223 -30.87807 282.4941 -89.7823 -12.62837 293.3749 -45.45046 -3.205418 293.3749 -46.46576 6.455403 293.3749 -45.45046 16.11623 293.3749 -42.44858 25.35483 282.4941 -89.7823 25.53917 282.4941 -83.85223 43.78891 264.6575 -131.9029 34.49225 264.6575 -123.1912 61.3037 240.3038 -170.7758 42.75488 240.3038 -159.4966 77.46791 210.0331 -205.4435 50.12378 210.0331 -191.8749 91.88356 174.5907 -235.0526 56.41731 174.5907 -219.5285 104.1957 134.8495 -258.8738 61.48075 134.8495 -241.7764 114.1012 91.78791 -276.3208 65.18918 91.78791 -258.0712 121.356 46.46595 -286.9638 67.45141 46.46595 -268.0113 125.7818 0 -290.5409 68.21178 0 -271.3521 127.269 -46.46595 -268.0113 125.7818 -46.46595 -237.3452 178.8967 -91.78791 -228.5425 172.5011 -91.78791 -189.0253 216.3893 -134.8495 -177.0903 203.1341 -134.8495 -132.3288 235.6556 -174.5907 -120.152 214.5649 -174.5907 -74.25827 234.9976 -210.0331 -64.90408 206.2086 293.3749 31.09154 40.98639 282.4941 61.41834 74.66712 264.6575 90.23192 106.6681 240.3038 116.8239 136.2018 210.0331 140.5399 162.5406 174.5907 160.7942 185.0358 134.8495 177.0907 203.1341 91.78791 189.0253 216.3893 46.46595 196.3064 224.4754 0 198.7525 227.1933 -46.46595 237.3451 178.8967 -91.78791 258.0717 121.356 -134.8495 258.8746 61.48075 -174.5907 240.3041 6.455389 -210.0331 205.4435 -37.21296 -240.3038 159.4969 -64.5572 -264.6575 109.0959 -72.80725 -282.4941 61.41834 -61.75638 -264.6575 90.23192 -93.75748 -240.3038 141.2467 -96.16663 -210.0331 191.8754 -78.97286 -174.5907 235.0523 -43.50657 -134.8495 264.6572 6.455388 -91.78791 276.3208 65.18918 -46.46595 268.0114 125.7819 0 240.3041 181.0464 46.46595 237.3451 178.8967 91.78791 228.5419 172.5012 134.8495 214.1125 162.017 174.5907 194.4102 147.7024 210.0331 169.92 129.9098 240.3038 141.2467 109.0773 264.6575 109.0959 85.71796 282.4941 74.25831 60.40697 293.3749 37.59163 33.76741 -240.3038 116.8239 -123.2909 -210.0331 169.92 -116.9989 -174.5907 219.5288 -91.28498 -134.8495 258.8746 -48.57 -91.78791 282.4938 6.455388 -46.46595 286.9642 67.45141 0 271.3521 127.269 46.46595 268.0114 125.7819 91.78791 258.0717 121.356 134.8495 241.7763 114.1012 174.5907 219.5288 104.1957 210.0331 191.8754 91.88358 240.3038 159.4969 77.46791 264.6575 123.1916 61.3037 282.4941 83.85216 43.78892 293.3749 42.44869 25.35483 -210.0331 140.5399 -149.6297 -174.5907 194.4102 -134.7919 -134.8495 241.7763 -101.1906 -91.78791 276.3208 -52.2784 -46.46595 293.3749 6.455387 0 290.5412 68.21178 46.46595 286.9642 67.45141 91.78791 276.3208 65.18918 134.8495 258.8746 61.48075 174.5907 235.0523 56.41731 210.0331 205.4435 50.12378 240.3038 170.7752 42.75489 264.6575 131.9027 34.49225 282.4941 89.78242 25.53918 293.3749 45.45044 16.11623 -264.6575 -41.67072 134.7052 -240.3038 -53.95142 172.5012 -240.3038 -87.2953 157.6557 -210.0331 -105.0165 188.3495 -210.0331 -140.5397 162.5406 -174.5907 -160.7946 185.0358 -174.5907 -194.4099 147.7023 -134.8495 -214.1122 162.017 -134.8495 -241.7764 114.1012 -91.78791 -258.0712 121.356 -91.78791 -276.3208 65.18918 -46.46595 -286.9638 67.45141 -46.46595 -293.3748 6.455403 0 -297.0317 6.455403 0 -290.5412 -55.301 46.46595 -293.3748 6.455403 46.46595 -286.9641 -54.54063 91.78791 -282.494 6.455403 91.78791 -276.321 -52.2784 134.8495 -264.6573 6.455403 134.8495 -258.8741 -48.56995 174.5907 -240.3038 6.455403 174.5907 -235.0528 -43.50654 210.0331 -210.0332 6.455403 210.0331 -205.4437 -37.21293 240.3038 -174.5908 6.455403 240.3038 -170.7759 -29.8441 264.6575 -134.8495 6.455403 264.6575 -131.903 -21.5814 282.4941 -91.78795 6.455403 -174.5907 160.7942 -172.1253 -134.8495 214.1125 -149.1065 -91.78791 258.0717 -108.4454 -46.46595 286.9642 -54.5407 0 297.0317 6.455386 46.46595 293.3749 6.455387 91.78791 282.4938 6.455388 134.8495 264.6572 6.455388 174.5907 240.3041 6.455389 210.0331 210.0333 6.455391 240.3038 174.5906 6.455393 264.6575 134.8502 6.455395 282.4941 91.78799 6.455398 293.3749 46.46593 6.4554 -282.4941 -28.36403 93.75085 -264.6575 -67.42502 123.2384 -240.3038 -116.8241 136.2018 -210.0331 -169.9203 129.9098 -174.5907 -219.5285 104.1957 -134.8495 -258.8738 61.48075 -91.78791 -282.494 6.455403 -46.46595 -286.9641 -54.54063 0 -271.3523 -114.3584 46.46595 -268.0115 -112.871 91.78791 -258.0713 -108.4454 134.8495 -241.7767 -101.1905 174.5907 -219.5286 -91.28491 210.0331 -191.875 -78.97286 240.3038 -159.4967 -64.55714 -293.3749 -14.35888 50.64725 -282.4941 -45.89371 85.94604 -264.6575 -90.23184 106.6681 -240.3038 -141.2471 109.0773 -210.0331 -191.8749 91.88356 -174.5907 -235.0526 56.41731 -134.8495 -264.6573 6.455403 -91.78791 -276.321 -52.2784 -46.46595 -268.0115 -112.871 0 -240.3039 -168.1356 46.46595 -237.3454 -165.9861 91.78791 -228.5427 -159.5907 134.8495 -214.1123 -149.1065 174.5907 -194.41 -134.7917 210.0331 -169.9205 -116.9989 -293.3749 -23.23315 46.69612 -282.4941 -61.4184 74.66711 -264.6575 -109.0955 85.71794 -240.3038 -159.4966 77.46791 -210.0331 -205.4435 50.12378 -174.5907 -240.3038 6.455403 -134.8495 -258.8741 -48.56995 -91.78791 -258.0713 -108.4454 -46.46595 -237.3454 -165.9861 0 -198.7534 -214.2822 46.46595 -196.3062 -211.5648 91.78791 -189.0255 -203.4787 134.8495 -177.0905 -190.2234 174.5907 -160.7947 -172.1253 -134.8495 177.0907 -190.2234 -91.78791 228.5419 -159.5907 -46.46595 268.0114 -112.871 0 290.5412 -55.30103 46.46595 286.9642 -54.5407 91.78791 276.3208 -52.2784 134.8495 258.8746 -48.57 174.5907 235.0523 -43.50657 210.0331 205.4435 -37.21296 240.3038 170.7752 -29.84414 264.6575 131.9027 -21.58141 282.4941 89.78242 -12.62837 293.3749 45.45044 -3.205432 134.8495 -132.3289 -222.7444 91.78791 -141.2472 -238.1918 46.46595 -146.6875 -247.615 0 -148.5161 -250.7819 -46.46595 -196.3062 -211.5648 -91.78791 -228.5427 -159.5907 -134.8495 -241.7767 -101.1905 -174.5907 -235.0528 -43.50654 -210.0331 -210.0332 6.455403 -240.3038 -170.7758 42.75488 -264.6575 -123.1912 61.3037 -282.4941 -74.25827 60.40696 -293.3749 -31.09159 40.98637 -91.78791 189.0253 -203.4787 -46.46595 237.3451 -165.9862 0 271.3521 -114.3584 46.46595 268.0114 -112.871 91.78791 258.0717 -108.4454 134.8495 241.7763 -101.1906 174.5907 219.5288 -91.28498 210.0331 191.8754 -78.97286 240.3038 159.4969 -64.5572 264.6575 123.1916 -48.39295 282.4941 83.85216 -30.87807 293.3749 42.44869 -12.44403 91.78791 -87.29539 -262.2123 46.46595 -90.65773 -272.561 0 -91.78804 -276.0388 -46.46595 -146.6875 -247.615 -91.78791 -189.0255 -203.4787 -134.8495 -214.1123 -149.1065 -174.5907 -219.5286 -91.28491 -210.0331 -205.4437 -37.21293 -240.3038 -174.5908 6.455403 -264.6575 -131.9029 34.49225 -282.4941 -83.85223 43.78891 -293.3749 -37.59151 33.76741 -134.8495 -81.78337 258.1595 -91.78791 -141.2471 251.1024 -46.46595 -196.3061 224.4754 0 -240.3038 181.0464 46.46595 -237.3452 178.8967 91.78791 -228.5425 172.5011 134.8495 -214.1122 162.017 174.5907 -194.4099 147.7023 210.0331 -169.9203 129.9098 240.3038 -141.2471 109.0773 264.6575 -109.0955 85.71794 282.4941 -74.25827 60.40696 293.3749 -37.59151 33.76741 -46.46595 196.3064 -211.5648 0 240.3041 -168.1356 46.46595 237.3451 -165.9862 91.78791 228.5419 -159.5907 134.8495 214.1125 -149.1065 174.5907 194.4102 -134.7919 210.0331 169.92 -116.9989 240.3038 141.2467 -96.16663 264.6575 109.0959 -72.80725 282.4941 74.25831 -47.49619 293.3749 37.59163 -20.85666 46.46595 -30.66629 -285.3125 0 -31.04813 -288.9497 -46.46595 -90.65773 -272.561 -91.78791 -141.2472 -238.1918 -134.8495 -177.0905 -190.2234 -174.5907 -194.41 -134.7917 -210.0331 -191.875 -78.97286 -240.3038 -170.7759 -29.8441 -264.6575 -134.8495 6.455403 -282.4941 -89.7823 25.53917 -293.3749 -42.44858 25.35483 -91.78791 -87.2953 275.1235 -46.46595 -146.6875 260.5255 0 -198.7532 227.1933 46.46595 -196.3061 224.4754 91.78791 -189.0253 216.3893 134.8495 -177.0903 203.1341 174.5907 -160.7946 185.0358 210.0331 -140.5397 162.5406 240.3038 -116.8241 136.2018 264.6575 -90.23184 106.6681 282.4941 -61.4184 74.66711 293.3749 -31.09159 40.98637 0 31.04824 -288.9497 -46.46595 -30.66629 -285.3125 -91.78791 -87.29539 -262.2123 -134.8495 -132.3289 -222.7444 -174.5907 -160.7947 -172.1253 -210.0331 -169.9205 -116.9989 -240.3038 -159.4967 -64.55714 -264.6575 -131.903 -21.5814 -282.4941 -91.78795 6.455403 -293.3749 -45.45046 16.11623 0 198.7525 -214.2822 46.46595 196.3064 -211.5648 91.78791 189.0253 -203.4787 134.8495 177.0907 -190.2234 174.5907 160.7942 -172.1253 210.0331 140.5399 -149.6297 240.3038 116.8239 -123.2909 264.6575 90.23192 -93.75748 282.4941 61.41834 -61.75638 293.3749 31.09154 -28.0756 -46.46595 -90.65773 285.4715 0 -148.5159 263.6923 46.46595 -146.6875 260.5255 91.78791 -141.2471 251.1024 134.8495 -132.3288 235.6556 174.5907 -120.152 214.5649 210.0331 -105.0165 188.3495 240.3038 -87.2953 157.6557 264.6575 -67.42502 123.2384 282.4941 -45.89371 85.94604 293.3749 -23.23315 46.69612 -259.9027 -5.7E-05 6.455403 -256.7032 -12.56386 45.12326 -247.1821 -24.81819 82.83899 -231.5752 -36.46206 118.6737 -210.2656 -47.20774 151.7456 -183.7791 -56.79102 181.2395 -152.767 -64.97565 206.4301 -117.9933 -71.56042 226.6962 -80.31437 -76.38368 241.54 -40.6577 -79.32545 250.5945 0 -91.78795 288.9497 0 -80.31418 253.6379 40.6577 -79.32545 250.5945 293.3749 -14.35888 50.64725 282.4941 -28.36403 93.75085 264.6575 -41.67072 134.7052 240.3038 -53.95142 172.5012 210.0331 -64.90408 206.2086 174.5907 -74.25827 234.9976 134.8495 -81.78337 258.1595 91.78791 -87.2953 275.1235 46.46595 -90.65773 285.4715 46.46595 146.6874 -247.615 91.78791 141.2467 -238.192 134.8495 132.3286 -222.7444 174.5907 120.1518 -201.6538 210.0331 105.0166 -175.4387 240.3038 87.29523 -144.7448 264.6575 67.42512 -110.3279 282.4941 45.89371 -73.03534 293.3749 23.23326 -33.78535 0 80.31419 253.6379 40.6577 79.32547 250.5946 80.31437 76.38363 241.54 117.9933 71.56052 226.6962 152.767 64.97559 206.4301 183.7791 56.79098 181.2395 210.2656 47.20768 151.7456 231.5752 36.46206 118.6737 247.1821 24.81831 82.83899 256.7032 12.5638 45.12326 259.9027 -5.7E-05 6.455403 -46.46595 30.66624 -285.3125 -91.78791 -29.5285 -274.4911 -134.8495 -81.78352 -245.2486 -174.5907 -120.152 -201.6538 -210.0331 -140.5398 -149.6297 -240.3038 -141.2471 -96.16663 -264.6575 -123.1912 -48.39291 -282.4941 -89.7823 -12.62837 -293.3749 -46.46576 6.455403 91.78791 87.29523 -262.2123 134.8495 81.78326 -245.2486 174.5907 74.25831 -222.0872 210.0331 64.90404 -193.298 240.3038 53.95153 -159.5907 264.6575 41.67072 -121.7943 282.4941 28.36403 -80.84015 293.3749 14.35883 -37.73642 -46.46595 90.65775 285.4715 -91.78791 141.2467 251.1024 -134.8495 177.0907 203.1341 -174.5907 194.4102 147.7024 -210.0331 191.8754 91.88358 -240.3038 170.7752 42.75489 -264.6575 134.8502 6.455395 -282.4941 89.78242 -12.62837 -293.3749 42.44869 -12.44403 -91.78791 29.52839 -274.4911 -134.8495 -27.66445 -256.752 -174.5907 -74.25842 -222.0872 -210.0331 -105.0167 -175.4387 -240.3038 -116.8241 -123.2909 -264.6575 -109.0956 -72.80725 -282.4941 -83.85223 -30.87807 -293.3749 -45.45046 -3.205418 134.8495 27.66434 -256.752 174.5907 25.1186 -232.5324 210.0331 21.95454 -202.4272 240.3038 18.24951 -167.1792 264.6575 14.09546 -127.6555 282.4941 9.594536 -84.82968 293.3749 4.857121 -39.75612 -91.78791 87.29523 275.1235 -134.8495 132.3286 235.6556 -174.5907 160.7942 185.0358 -210.0331 169.92 129.9098 -240.3038 159.4969 77.46791 -264.6575 131.9027 34.49225 -282.4941 91.78799 6.455398 -293.3749 45.45044 -3.205432 -134.8495 27.66434 -256.752 -174.5907 -25.1186 -232.5324 -210.0331 -64.90408 -193.298 -240.3038 -87.29539 -144.7448 -264.6575 -90.23193 -93.75748 -282.4941 -74.25827 -47.49619 -293.3749 -42.44858 -12.44403 174.5907 -25.1186 -232.5324 210.0331 -21.95459 -202.4272 240.3038 -18.24957 -167.1792 264.6575 -14.09557 -127.6555 282.4941 -9.594593 -84.82968 293.3749 -4.857178 -39.75612 -134.8495 81.78326 258.1598 -174.5907 120.1518 214.5649 -210.0331 140.5399 162.5406 -240.3038 141.2467 109.0773 -264.6575 123.1916 61.3037 -282.4941 89.78242 25.53918 -293.3749 46.46593 6.4554 -174.5907 25.1186 -232.5324 -210.0331 -21.95459 -202.4272 -240.3038 -53.95163 -159.5907 -264.6575 -67.42502 -110.3279 -282.4941 -61.4184 -61.75638 -293.3749 -37.59151 -20.85666 -174.5907 74.25831 234.9976 -210.0331 105.0166 188.3495 -240.3038 116.8239 136.2018 -264.6575 109.0959 85.71796 -282.4941 83.85216 43.78892 -293.3749 45.45044 16.11623 210.0331 -64.90408 -193.298 240.3038 -53.95163 -159.5907 264.6575 -41.67084 -121.7943 282.4941 -28.36403 -80.84015 293.3749 -14.35894 -37.73642 -210.0331 21.95454 -202.4272 -240.3038 -18.24957 -167.1792 -264.6575 -41.67084 -121.7943 -282.4941 -45.8938 -73.03531 -293.3749 -31.09159 -28.0756 240.3038 -87.29539 -144.7448 264.6575 -67.42502 -110.3279 282.4941 -45.8938 -73.03531 293.3749 -23.23315 -33.78535 -210.0331 64.90404 206.2086 -240.3038 87.29523 157.6557 -264.6575 90.23192 106.6681 -282.4941 74.25831 60.40697 -293.3749 42.44869 25.35483 -240.3038 18.24951 -167.1792 -264.6575 -14.09557 -127.6555 -282.4941 -28.36403 -80.84015 -293.3749 -23.23315 -33.78535 264.6575 -90.23193 -93.75748 282.4941 -61.4184 -61.75638 293.3749 -31.09159 -28.0756 -240.3038 53.95153 172.5012 -264.6575 67.42512 123.2385 -282.4941 61.41834 74.66712 -293.3749 37.59163 33.76741 -264.6575 14.09546 -127.6555 -282.4941 -9.594593 -84.82968 -293.3749 -14.35894 -37.73642 282.4941 -74.25827 -47.49619 293.3749 -37.59151 -20.85666 -264.6575 41.67072 134.7052 -282.4941 45.89371 85.94604 -293.3749 31.09154 40.98639 -282.4941 9.594536 -84.82968 -293.3749 -4.857178 -39.75612 293.3749 -42.44858 -12.44403 -282.4941 28.36403 93.75085 -293.3749 23.23326 46.69612 -293.3749 4.857121 -39.75612 210.2656 -47.20774 151.7456 183.7791 -56.79102 181.2395 -293.3749 14.35883 50.64725 231.5752 -36.46206 118.6737 247.1821 -24.81819 82.83899 256.7032 -12.56386 45.12326 -40.6577 79.32547 250.5946 -80.31437 76.38363 241.54 -117.9933 71.56052 226.6962 -152.767 64.97559 206.4301 -183.7791 56.79098 181.2395 -256.7032 12.5638 45.12326 -210.2656 47.20768 151.7456 -231.5752 36.46206 118.6737 -247.1821 24.81831 82.83899 80.31437 -76.38368 241.54 117.9933 -71.56042 226.6962 152.767 -64.97565 206.4301</float_array>
					<technique_common>
						<accessor source="#polygon3_PosArr" count="574" stride="3">
							<param name="X" type="float" />
							<param name="Y" type="float" />
							<param name="Z" type="float" />
						</accessor>
					</technique_common>
				</source>
				<source id="polygon3_Normals">
					<float_array id="polygon3_NormArr" count="1608">0.999939 0 -0.008666992 0.9875488 0.06396484 0.1436768 0.9876709 0.07818604 0.135437 0.9505615 0.1262817 0.2836914 0.9510498 0.15448 0.2675781 0.8900146 0.1854248 0.4165039 0.8909912 0.2269897 0.3931274 0.8074951 0.2399292 0.5388794 0.809021 0.2938843 0.5090332 0.7052002 0.2883911 0.6477051 0.7071533 0.3535156 0.6123657 0.5856934 0.3296509 0.7404785 0.5878296 0.40448 0.7006226 0.4520264 0.362793 0.8148804 0.4540405 0.4454956 0.7716064 0.3074951 0.3870239 0.8692627 0.309021 0.4755249 0.8236084 0.1556396 0.4017944 0.9024048 0.1564331 0.4938354 0.8553467 0 0.4067383 0.9135742 0 0.5 0.8660278 -0.1564331 0.4938354 0.8553467 -0.1564331 0.6608887 0.7340088 -0.309021 0.6363525 0.7067871 -0.309021 0.7694092 0.559021 -0.4540405 0.7208252 0.5237427 -0.4540405 0.8139648 0.3624268 -0.5878296 0.7390747 0.3290405 -0.5878296 0.7913208 0.1682129 -0.7071533 0.6916504 0.1470337 -0.7071533 0.7070923 0 -0.809021 0.5877686 0 -0.809021 0.5748901 -0.1221924 -0.8909912 0.4440308 -0.09436035 -0.8909912 0.4147339 -0.1846313 -0.9510498 0.2822876 -0.1256714 -0.9510498 0.25 -0.1816406 -0.9876709 0.1265259 -0.09191895 -0.9876709 0.1046753 -0.116272 -0.999939 0 -0.008666992 -0.9876709 0.07818604 -0.135437 -0.9876709 0.04833984 -0.1487427 -0.9510498 0.15448 -0.2675781 -0.9510498 0.09545898 -0.2938843 -0.8909912 0.2269897 -0.3931274 -0.8909912 0.1402588 -0.4317627 -0.809021 0.2938843 -0.5090332 -0.809021 0.1816406 -0.559021 -0.7071533 0.3535156 -0.6123657 -0.7071533 0.2185059 -0.6724854 -0.5878296 0.40448 -0.7006226 -0.5878296 0.25 -0.7694092 -0.4540405 0.4454956 -0.7716064 -0.4540405 0.2753296 -0.8474121 -0.309021 0.4755249 -0.8236084 -0.309021 0.2938843 -0.90448 -0.1564331 0.4938354 -0.8553467 -0.1564331 0.3052368 -0.9393311 0 0.5 -0.8660278 0 0.309021 -0.9510498 0.1564331 0.3052368 -0.9393311 0.1564331 0.1032715 -0.9822998 0.309021 0.09942627 -0.9458618 0.309021 -0.09942627 -0.9458618 0.4540405 -0.09313965 -0.8861084 0.4540405 -0.2753296 -0.8474121 0.5878296 -0.25 -0.7694092 0.5878296 -0.40448 -0.7006226 0.7071533 -0.3535156 -0.6123657 0.7071533 -0.4731445 -0.5254517 0.809021 -0.3933105 -0.4367676 0.809021 -0.4755249 -0.345459 0.8909912 -0.3672485 -0.2668457 0.8909912 -0.4147339 -0.1846313 0.9510498 -0.2822876 -0.1256714 0.9510498 -0.3022461 -0.06427002 0.9876709 -0.1530151 -0.03253174 0.9876709 -0.1564331 0 0.9876709 -0.1530151 0.03253174 0.9876709 -0.1428833 0.06359863 0.9510498 -0.3022461 0.06427002 0.9510498 -0.2822876 0.1256714 0.8909912 -0.4440308 0.09436035 0.8909912 -0.4147339 0.1846313 0.809021 -0.5748901 0.1221924 0.809021 -0.5369263 0.2390747 0.7071533 -0.6916504 0.1470337 0.7071533 -0.6459351 0.2875977 0.5878296 -0.7913208 0.1682129 0.5878296 -0.7390747 0.3290405 0.4540405 -0.871521 0.1852417 0.4540405 -0.8139648 0.3624268 0.309021 -0.9302979 0.1977539 0.309021 -0.8688354 0.3868408 0.1564331 -0.9661255 0.2053223 0.1564331 -0.9022827 0.4017334 0 -0.9781494 0.2078857 0 -0.9135742 0.4067383 -0.1564331 -0.9022827 0.4017334 -0.1564331 -0.7990723 0.5805664 -0.309021 -0.7694092 0.559021 -0.309021 -0.6363525 0.7067871 -0.4540405 -0.5961914 0.6621094 -0.4540405 -0.4454956 0.7716064 -0.5878296 -0.40448 0.7006226 -0.5856934 -0.3296509 0.7404785 -0.7052002 -0.2883911 0.6477051 0.9876709 0.1046753 0.116272 0.9510498 0.2067871 0.2296143 0.8909912 0.303772 0.3373413 0.809021 0.3933105 0.4367676 0.7071533 0.4731445 0.5254517 0.5878296 0.5413208 0.6011963 0.4540405 0.5961914 0.6621094 0.309021 0.6363525 0.7067871 0.1564331 0.6608887 0.7340088 0 0.6691284 0.7431641 -0.1564331 0.7990723 0.5805664 -0.309021 0.8688354 0.3868408 -0.4540405 0.871521 0.1852417 -0.5878296 0.809021 0 -0.7071533 0.6916504 -0.1470337 -0.809021 0.5369263 -0.2390747 -0.8909912 0.3672485 -0.2668457 -0.9510498 0.2067871 -0.2296143 -0.8909912 0.303772 -0.3373413 -0.809021 0.4755249 -0.345459 -0.7071533 0.6459351 -0.2875977 -0.5878296 0.7913208 -0.1682129 -0.4540405 0.8909912 0 -0.309021 0.9302979 0.1977539 -0.1564331 0.9022827 0.4017334 0 0.809021 0.5877686 0.1564331 0.7990723 0.5805664 0.309021 0.7694092 0.559021 0.4540405 0.7208252 0.5237427 0.5878296 0.65448 0.4755249 0.7071533 0.5720215 0.4155884 0.809021 0.4755249 0.345459 0.8909912 0.3672485 0.2668457 0.9510498 0.25 0.1816406 0.9876709 0.1265259 0.09191895 -0.809021 0.3933105 -0.4367676 -0.7071533 0.5720215 -0.4155884 -0.5878296 0.7390747 -0.3290405 -0.4540405 0.871521 -0.1852417 -0.309021 0.9510498 0 -0.1564331 0.9661255 0.2053223 0 0.9135742 0.4067383 0.1564331 0.9022827 0.4017334 0.309021 0.8688354 0.3868408 0.4540405 0.8139648 0.3624268 0.5878296 0.7390747 0.3290405 0.7071533 0.6459351 0.2875977 0.809021 0.5369263 0.2390747 0.8909912 0.4147339 0.1846313 0.9510498 0.2822876 0.1256714 0.9876709 0.1428833 0.06359863 -0.7071533 0.4731445 -0.5254517 -0.5878296 0.65448 -0.4755249 -0.4540405 0.8139648 -0.3624268 -0.309021 0.9302979 -0.1977539 -0.1564331 0.9876709 0 0 0.9781494 0.2078857 0.1564331 0.9661255 0.2053223 0.309021 0.9302979 0.1977539 0.4540405 0.871521 0.1852417 0.5878296 0.7913208 0.1682129 0.7071533 0.6916504 0.1470337 0.809021 0.5748901 0.1221924 0.8909912 0.4440308 0.09436035 0.9510498 0.3022461 0.06427002 0.9876709 0.1530151 0.03253174 -0.8900146 -0.1854248 0.4165039 -0.8074951 -0.2399292 0.5388794 -0.809021 -0.2938843 0.5090332 -0.7071533 -0.3535156 0.6123657 -0.7071533 -0.4731445 0.5254517 -0.5878296 -0.5413208 0.6011963 -0.5878296 -0.65448 0.4755249 -0.4540405 -0.7208252 0.5237427 -0.4540405 -0.8139648 0.3624268 -0.309021 -0.8688354 0.3868408 -0.309021 -0.9302979 0.1977539 -0.1564331 -0.9661255 0.2053223 -0.1564331 -0.9876709 0 0 -1 0 0 -0.9781494 -0.2078857 0.1564331 -0.9876709 0 0.1564331 -0.9661255 -0.2053223 0.309021 -0.9510498 0 0.309021 -0.9302979 -0.1977539 0.4540405 -0.8909912 0 0.4540405 -0.871521 -0.1852417 0.5878296 -0.809021 0 0.5878296 -0.7913208 -0.1682129 0.7071533 -0.7070923 0 0.7071533 -0.6916504 -0.1470337 0.809021 -0.5877686 0 0.809021 -0.5748901 -0.1221924 0.8909912 -0.4539795 0 0.8909912 -0.4440308 -0.09436035 0.9510498 -0.309021 0 -0.5878296 0.5413208 -0.6011963 -0.4540405 0.7208252 -0.5237427 -0.309021 0.8688354 -0.3868408 -0.1564331 0.9661255 -0.2053223 0 1 0 0.1564331 0.9876709 0 0.309021 0.9510498 0 0.4540405 0.8909912 0 0.5878296 0.809021 0 0.7071533 0.7070923 0 0.809021 0.5877686 0 0.8909912 0.4539795 0 0.9510498 0.309021 0 0.9876709 0.1564331 0 -0.9505615 -0.1262817 0.2836914 -0.8909912 -0.2269897 0.3931274 -0.809021 -0.3933105 0.4367676 -0.7071533 -0.5720215 0.4155884 -0.5878296 -0.7390747 0.3290405 -0.4540405 -0.871521 0.1852417 -0.309021 -0.9510498 0 -0.1564331 -0.9661255 -0.2053223 0 -0.9135742 -0.4067383 0.1564331 -0.9022827 -0.4017334 0.309021 -0.8688354 -0.3868408 0.4540405 -0.8139648 -0.3624268 0.5878296 -0.7390747 -0.3290405 0.7071533 -0.6459351 -0.2875977 0.809021 -0.5369263 -0.2390747 -0.9875488 -0.06396484 0.1436768 -0.9510498 -0.15448 0.2675781 -0.8909912 -0.303772 0.3373413 -0.809021 -0.4755249 0.345459 -0.7071533 -0.6459351 0.2875977 -0.5878296 -0.7913208 0.1682129 -0.4540405 -0.8909912 0 -0.309021 -0.9302979 -0.1977539 -0.1564331 -0.9022827 -0.4017334 0 -0.809021 -0.5877686 0.1564331 -0.7990723 -0.5805664 0.309021 -0.7694092 -0.559021 0.4540405 -0.7208252 -0.5237427 0.5878296 -0.65448 -0.4755249 0.7071533 -0.5720215 -0.4155884 -0.9876709 -0.07818604 0.135437 -0.9510498 -0.2067871 0.2296143 -0.8909912 -0.3672485 0.2668457 -0.809021 -0.5369263 0.2390747 -0.7071533 -0.6916504 0.1470337 -0.5878296 -0.809021 0 -0.4540405 -0.871521 -0.1852417 -0.309021 -0.8688354 -0.3868408 -0.1564331 -0.7990723 -0.5805664 0 -0.6691284 -0.7431641 0.1564331 -0.6608887 -0.7340088 0.309021 -0.6363525 -0.7067871 0.4540405 -0.5961914 -0.6621094 0.5878296 -0.5413208 -0.6011963 -0.4540405 0.5961914 -0.6621094 -0.309021 0.7694092 -0.559021 -0.1564331 0.9022827 -0.4017334 0 0.9781494 -0.2078857 0.1564331 0.9661255 -0.2053223 0.309021 0.9302979 -0.1977539 0.4540405 0.871521 -0.1852417 0.5878296 0.7913208 -0.1682129 0.7071533 0.6916504 -0.1470337 0.809021 0.5748901 -0.1221924 0.8909912 0.4440308 -0.09436035 0.9510498 0.3022461 -0.06427002 0.9876709 0.1530151 -0.03253174 0.4540405 -0.4454956 -0.7716064 0.309021 -0.4755249 -0.8236084 0.1564331 -0.4938354 -0.8553467 0 -0.5 -0.8660278 -0.1564331 -0.6608887 -0.7340088 -0.309021 -0.7694092 -0.559021 -0.4540405 -0.8139648 -0.3624268 -0.5878296 -0.7913208 -0.1682129 -0.7071533 -0.7070923 0 -0.809021 -0.5748901 0.1221924 -0.8909912 -0.4147339 0.1846313 -0.9510498 -0.25 0.1816406 -0.9876709 -0.1046753 0.116272 -0.309021 0.6363525 -0.7067871 -0.1564331 0.7990723 -0.5805664 0 0.9135742 -0.4067383 0.1564331 0.9022827 -0.4017334 0.309021 0.8688354 -0.3868408 0.4540405 0.8139648 -0.3624268 0.5878296 0.7390747 -0.3290405 0.7071533 0.6459351 -0.2875977 0.809021 0.5369263 -0.2390747 0.8909912 0.4147339 -0.1846313 0.9510498 0.2822876 -0.1256714 0.9876709 0.1428833 -0.06359863 0.309021 -0.2938843 -0.90448 0.1564331 -0.3052368 -0.9393311 0 -0.309021 -0.9510498 -0.1564331 -0.4938354 -0.8553467 -0.309021 -0.6363525 -0.7067871 -0.4540405 -0.7208252 -0.5237427 -0.5878296 -0.7390747 -0.3290405 -0.7071533 -0.6916504 -0.1470337 -0.809021 -0.5877686 0 -0.8909912 -0.4440308 0.09436035 -0.9510498 -0.2822876 0.1256714 -0.9876709 -0.1265259 0.09191895 -0.4520264 -0.362793 0.8148804 -0.309021 -0.4755249 0.8236084 -0.1564331 -0.6608887 0.7340088 0 -0.809021 0.5877686 0.1564331 -0.7990723 0.5805664 0.309021 -0.7694092 0.559021 0.4540405 -0.7208252 0.5237427 0.5878296 -0.65448 0.4755249 0.7071533 -0.5720215 0.4155884 0.809021 -0.4755249 0.345459 0.8909912 -0.3672485 0.2668457 0.9510498 -0.25 0.1816406 0.9876709 -0.1265259 0.09191895 -0.1564331 0.6608887 -0.7340088 0 0.809021 -0.5877686 0.1564331 0.7990723 -0.5805664 0.309021 0.7694092 -0.559021 0.4540405 0.7208252 -0.5237427 0.5878296 0.65448 -0.4755249 0.7071533 0.5720215 -0.4155884 0.809021 0.4755249 -0.345459 0.8909912 0.3672485 -0.2668457 0.9510498 0.25 -0.1816406 0.9876709 0.1265259 -0.09191895 0.1564331 -0.1032715 -0.9822998 0 -0.1045532 -0.9945068 -0.1564331 -0.3052368 -0.9393311 -0.309021 -0.4755249 -0.8236084 -0.4540405 -0.5961914 -0.6621094 -0.5878296 -0.65448 -0.4755249 -0.7071533 -0.6459351 -0.2875977 -0.809021 -0.5748901 -0.1221924 -0.8909912 -0.4539795 0 -0.9510498 -0.3022461 0.06427002 -0.9876709 -0.1428833 0.06359863 -0.3074951 -0.3870239 0.8692627 -0.1564331 -0.4938354 0.8553467 0 -0.6691284 0.7431641 0.1564331 -0.6608887 0.7340088 0.309021 -0.6363525 0.7067871 0.4540405 -0.5961914 0.6621094 0.5878296 -0.5413208 0.6011963 0.7071533 -0.4731445 0.5254517 0.809021 -0.3933105 0.4367676 0.8909912 -0.303772 0.3373413 0.9510498 -0.2067871 0.2296143 0.9876709 -0.1046753 0.116272 0 0.1045532 -0.9945068 -0.1564331 -0.1032715 -0.9822998 -0.309021 -0.2938843 -0.90448 -0.4540405 -0.4454956 -0.7716064 -0.5878296 -0.5413208 -0.6011963 -0.7071533 -0.5720215 -0.4155884 -0.809021 -0.5369263 -0.2390747 -0.8909912 -0.4440308 -0.09436035 -0.9510498 -0.309021 0 -0.9876709 -0.1530151 0.03253174 0 0.6691284 -0.7431641 0.1564331 0.6608887 -0.7340088 0.309021 0.6363525 -0.7067871 0.4540405 0.5961914 -0.6621094 0.5878296 0.5413208 -0.6011963 0.7071533 0.4731445 -0.5254517 0.809021 0.3933105 -0.4367676 0.8909912 0.303772 -0.3373413 0.9510498 0.2067871 -0.2296143 0.9876709 0.1046753 -0.116272 -0.1555786 -0.4017944 0.9024048 0 -0.5 0.8660278 0.1564331 -0.4938354 0.8553467 0.309021 -0.4755249 0.8236084 0.4540405 -0.4454956 0.7716064 0.5878296 -0.40448 0.7006226 0.7071533 -0.3535156 0.6123657 0.809021 -0.2938843 0.5090332 0.8909912 -0.2269897 0.3931274 0.9510498 -0.15448 0.2675781 0.9876709 -0.07818604 0.135437 0 0.9510498 0.309021 0.9875488 -0.06396484 0.1436768 0.9505615 -0.1262817 0.2836914 0.8900146 -0.1854248 0.4165039 0.8074951 -0.2399292 0.5388794 0.7052002 -0.2883911 0.6477051 0.5856934 -0.3296509 0.7404785 0.4520264 -0.362793 0.8148804 0.3074951 -0.3870239 0.8692627 0.1555786 -0.4017944 0.9024048 0 -0.4067383 0.9135742 0.1564331 0.4938354 -0.8553467 0.309021 0.4755249 -0.8236084 0.4540405 0.4454956 -0.7716064 0.5878296 0.40448 -0.7006226 0.7071533 0.3535156 -0.6123657 0.809021 0.2938843 -0.5090332 0.8909912 0.2269897 -0.3931274 0.9510498 0.15448 -0.2675781 0.9876709 0.07818604 -0.135437 0 -0.9510498 0.309021 -0.1564331 0.1032715 -0.9822998 -0.309021 -0.09942627 -0.9458618 -0.4540405 -0.2753296 -0.8474121 -0.5878296 -0.40448 -0.7006226 -0.7071533 -0.4731445 -0.5254517 -0.809021 -0.4755249 -0.345459 -0.8909912 -0.4147339 -0.1846313 -0.9510498 -0.3022461 -0.06427002 -0.9876709 -0.1564331 0 0.309021 0.2938843 -0.90448 0.4540405 0.2753296 -0.8474121 0.5878296 0.25 -0.7694092 0.7071533 0.2185059 -0.6724854 0.809021 0.1816406 -0.559021 0.8909912 0.1402588 -0.4317627 0.9510498 0.09545898 -0.2938843 0.9876709 0.04833984 -0.1487427 -0.1556396 0.4017944 0.9024048 -0.309021 0.4755249 0.8236084 -0.4540405 0.5961914 0.6621094 -0.5878296 0.65448 0.4755249 -0.7071533 0.6459351 0.2875977 -0.809021 0.5748901 0.1221924 -0.8909912 0.4539795 0 -0.9510498 0.3022461 -0.06427002 -0.9876709 0.1428833 -0.06359863 -0.309021 0.09942627 -0.9458618 -0.4540405 -0.09313965 -0.8861084 -0.5878296 -0.25 -0.7694092 -0.7071533 -0.3535156 -0.6123657 -0.809021 -0.3933105 -0.4367676 -0.8909912 -0.3672485 -0.2668457 -0.9510498 -0.2822876 -0.1256714 -0.9876709 -0.1530151 -0.03253174 0.4540405 0.09313965 -0.8861084 0.5878296 0.08459473 -0.8045654 0.7071533 0.07391357 -0.703186 0.809021 0.0614624 -0.5845337 0.8909912 0.04742432 -0.4514771 0.9510498 0.0322876 -0.307312 0.9876709 0.01635742 -0.1555786 -0.3074951 0.3870239 0.8692627 -0.4540405 0.4454956 0.7716064 -0.5878296 0.5413208 0.6011963 -0.7071533 0.5720215 0.4155884 -0.809021 0.5369263 0.2390747 -0.8909912 0.4440308 0.09436035 -0.9510498 0.309021 0 -0.9876709 0.1530151 -0.03253174 -0.4540405 0.09313965 -0.8861084 -0.5878296 -0.08453369 -0.8045654 -0.7071533 -0.2185059 -0.6724854 -0.809021 -0.2938843 -0.5090332 -0.8909912 -0.303772 -0.3373413 -0.9510498 -0.25 -0.1816406 -0.9876709 -0.1428833 -0.06359863 0.5878296 -0.08459473 -0.8045654 0.7071533 -0.07391357 -0.703186 0.809021 -0.0614624 -0.5845337 0.8909912 -0.04742432 -0.4514771 0.9510498 -0.0322876 -0.307312 0.9876709 -0.01635742 -0.1555786 -0.4520264 0.362793 0.8148804 -0.5878296 0.40448 0.7006226 -0.7071533 0.4731445 0.5254517 -0.809021 0.4755249 0.345459 -0.8909912 0.4147339 0.1846313 -0.9510498 0.3022461 0.06427002 -0.9876709 0.1564331 0 -0.5878296 0.08459473 -0.8045654 -0.7071533 -0.07391357 -0.703186 -0.809021 -0.1816406 -0.559021 -0.8909912 -0.2269897 -0.3931274 -0.9510498 -0.2067871 -0.2296143 -0.9876709 -0.1265259 -0.09191895 -0.5856934 0.3296509 0.7404785 -0.7071533 0.3535156 0.6123657 -0.809021 0.3933105 0.4367676 -0.8909912 0.3672485 0.2668457 -0.9510498 0.2822876 0.1256714 -0.9876709 0.1530151 0.03253174 0.7071533 -0.2185059 -0.6724854 0.809021 -0.1816406 -0.559021 0.8909912 -0.1402588 -0.4317627 0.9510498 -0.09545898 -0.2938843 0.9876709 -0.04833984 -0.1487427 -0.7071533 0.07391357 -0.703186 -0.809021 -0.0614624 -0.5845337 -0.8909912 -0.1402588 -0.4317627 -0.9510498 -0.15448 -0.2675781 -0.9876709 -0.1046753 -0.116272 0.809021 -0.2938843 -0.5090332 0.8909912 -0.2269897 -0.3931274 0.9510498 -0.15448 -0.2675781 0.9876709 -0.07818604 -0.135437 -0.7052002 0.2883911 0.6477051 -0.809021 0.2938843 0.5090332 -0.8909912 0.303772 0.3373413 -0.9510498 0.25 0.1816406 -0.9876709 0.1428833 0.06359863 -0.809021 0.0614624 -0.5845337 -0.8909912 -0.04742432 -0.4514771 -0.9510498 -0.09545898 -0.2938843 -0.9876709 -0.07818604 -0.135437 0.8909912 -0.303772 -0.3373413 0.9510498 -0.2067871 -0.2296143 0.9876709 -0.1046753 -0.116272 -0.8074951 0.2399292 0.5388794 -0.8909912 0.2269897 0.3931274 -0.9510498 0.2067871 0.2296143 -0.9876709 0.1265259 0.09191895 -0.8909912 0.04742432 -0.4514771 -0.9510498 -0.0322876 -0.307312 -0.9876709 -0.04833984 -0.1487427 0.9510498 -0.25 -0.1816406 0.9876709 -0.1265259 -0.09191895 -0.8900146 0.1854248 0.4165039 -0.9510498 0.15448 0.2675781 -0.9876709 0.1046753 0.116272 -0.9510498 0.0322876 -0.307312 -0.9876709 -0.01635742 -0.1555786 0.9876709 -0.1428833 -0.06359863 -0.9505615 0.1262817 0.2836914 -0.9876709 0.07818604 0.135437 -0.9876709 0.01635742 -0.1555786 -0.9875488 0.06396484 0.1436768</float_array>
					<technique_common>
						<accessor source="#polygon3_NormArr" count="536" stride="3">
							<param name="X" type="float" />
							<param name="Y" type="float" />
							<param name="Z" type="float" />
						</accessor>
					</technique_common>
				</source>
				<source id="polygon3_UVs0">
					<float_array id="polygon3_UVArr0" count="602">0.4887695 2.47937 0.4123535 2.50354 0.4191895 2.518433 0.3377686 2.5271 0.3513184 2.556641 0.2668457 2.549561 0.2867432 2.592896 0.2015381 2.57019 0.2271729 2.626343 0.1431885 2.588623 0.1740723 2.656128 0.09338379 2.60437 0.1286621 2.681641 0.05322266 2.617065 0.09216309 2.702148 0.02392578 2.626343 0.06555176 2.717163 0.005981445 2.631958 0.04919434 2.726318 0 2.633911 0.04370117 2.72937 0.1115723 2.809814 0.1256104 2.797607 0.2015381 2.864014 0.2196045 2.839722 0.3026123 2.886353 0.3197021 2.848877 0.4023438 2.875 0.413208 2.825195 0.4887695 2.832886 0.4887695 2.773193 0.5516357 2.766846 0.5373535 2.701416 0.5837402 2.686768 0.5534668 2.620483 0.5821533 2.60437 0.5361328 2.542603 0.548584 2.531738 0.5584717 2.518433 0.5653076 2.50354 0.6263428 2.556641 0.6398926 2.5271 0.690918 2.592896 0.7106934 2.549561 0.7504883 2.626343 0.776123 2.57019 0.8035889 2.656128 0.8344727 2.588623 0.848999 2.681641 0.8842773 2.60437 0.885498 2.702148 0.9244385 2.617065 0.9121094 2.717163 0.9537354 2.626343 0.9284668 2.726318 0.9716797 2.631958 0.93396 2.72937 0.9776611 2.633911 0.9936523 2.531006 0.9749756 2.529053 0.9749756 2.429688 0.9443359 2.432739 0.9244385 2.341675 0.8842773 2.35437 0.848999 2.2771 0.8035889 2.302612 0.7589111 2.242798 0.7133789 2.282715 0.6663818 2.241577 0.6259766 2.295776 0.5837402 2.271973 0.5534668 2.338257 0.5218506 2.328247 0.5054932 2.402832 0.4887695 2.401123 0.472168 2.402832 0.4561768 2.407959 0.4558105 2.328247 0.4241943 2.338257 0.4403076 2.257324 0.3939209 2.271973 0.4260254 2.191895 0.3659668 2.210815 0.413208 2.133545 0.3410645 2.156372 0.4023438 2.08374 0.3197021 2.109863 0.3935547 2.043579 0.3026123 2.072388 0.387207 2.014282 0.2900391 2.044922 0.3833008 1.996338 0.2823486 2.028198 0.381958 1.990234 0.2797852 2.022583 0.1904297 2.079834 0.2015381 2.094604 0.1256104 2.161133 0.1484375 2.181274 0.09216309 2.256592 0.1286621 2.2771 0.09338379 2.35437 0.1431885 2.370117 0.4290771 2.531738 0.3708496 2.582764 0.3154297 2.631226 0.2642822 2.676025 0.21875 2.715942 0.1798096 2.75 0.1484375 2.777466 0.1068115 2.813965 0.1904297 2.878906 0.2900391 2.913818 0.3935547 2.915161 0.4887695 2.883911 0.5644531 2.825195 0.6116943 2.747803 0.6259766 2.662964 0.6068115 2.582764 0.6622314 2.631226 0.6663818 2.717163 0.6365967 2.802368 0.5753174 2.875 0.4887695 2.924805 0.387207 2.944458 0.2823486 2.930542 0.1867676 2.883911 0.2443848 2.806641 0.2751465 2.765381 0.3112793 2.717163 0.3516846 2.662964 0.3955078 2.60437 0.4415283 2.542603 0.7133789 2.676025 0.7025146 2.765381 0.657959 2.848877 0.5841064 2.915161 0.4887695 2.954834 0.3833008 2.962402 0.2797852 2.936157 0.3410645 2.802368 0.3659668 2.747803 0.3939209 2.686768 0.4241943 2.620483 0.4561768 2.550781 0.7589111 2.715942 0.7332764 2.806641 0.6750488 2.886353 0.5904541 2.944458 0.4887695 2.973145 0.381958 2.968384 0.4260254 2.766846 0.4403076 2.701416 0.4558105 2.630493 0.472168 2.555908 0.2668457 2.40918 0.2015381 2.38855 0.2271729 2.332397 0.1740723 2.302612 0.21875 2.242798 0.1798096 2.20874 0.2443848 2.1521 0.2196045 2.118896 0.4887695 1.985474 0.4887695 1.97937 0.5957031 1.990234 0.5943604 1.996338 0.4887695 2.003784 0.5904541 2.014282 0.4887695 2.033813 0.5841064 2.043579 0.4887695 2.074829 0.5753174 2.08374 0.4887695 2.125854 0.5644531 2.133545 0.4887695 2.185425 0.5516357 2.191895 0.4887695 2.252319 0.5373535 2.257324 0.4887695 2.324829 0.7978516 2.75 0.7580566 2.839722 0.6876221 2.913818 0.5943604 2.962402 0.4887695 2.97937 0.4887695 2.706299 0.4887695 2.633911 0.4887695 2.557617 0.3377686 2.431641 0.2867432 2.365845 0.2642822 2.282715 0.2751465 2.193359 0.697876 2.022583 0.6953125 2.028198 0.6876221 2.044922 0.6750488 2.072388 0.657959 2.109863 0.6365967 2.156372 0.6116943 2.210815 0.4123535 2.4552 0.3513184 2.4021 0.3154297 2.327515 0.3112793 2.241577 0.7908936 2.074829 0.7872314 2.079834 0.776123 2.094604 0.7580566 2.118896 0.7332764 2.1521 0.7025146 2.193359 0.4191895 2.440308 0.3708496 2.375977 0.3516846 2.295776 0.8708496 2.144775 0.8660889 2.148926 0.8520508 2.161133 0.8292236 2.181274 0.7978516 2.20874 0.8292236 2.777466 0.776123 2.864014 0.6953125 2.930542 0.5957031 2.968384 0.5218506 2.630493 0.5054932 2.555908 0.885498 2.256592 0.9121094 2.241577 0.9284668 2.232422 0.93396 2.22937 0.3955078 2.35437 0.4290771 2.427002 0.8520508 2.797607 0.7872314 2.878906 0.697876 2.936157 0.5214844 2.550781 0.9537354 2.332397 0.9716797 2.326782 0.9776611 2.324829 0.4415283 2.416138 0.05322266 2.341675 0.06555176 2.241577 0.1115723 2.148926 0.1867676 2.074829 0.8660889 2.809814 0.7908936 2.883911 0.9936523 2.427734 1 2.427124 0.02392578 2.332397 0.04919434 2.232422 0.1068115 2.144775 1 2.531616 0.8708496 2.813965 0.005981445 2.326782 0.04370117 2.22937 0.421875 2.458252 0.3566895 2.437622 0.2946777 2.417969 0.2374268 2.399902 0.1864014 2.383789 0.1428223 2.369995 0.107666 2.358887 0.08203125 2.35083 0.06640625 2.345825 0 2.324829 0.06115723 2.344116 0.06115723 2.614502 0.06640625 2.612915 0.08203125 2.60791 0.107666 2.599854 0.1428223 2.588745 0.1864014 2.574951 0.2374268 2.558838 0.2946777 2.540771 0.3566895 2.521118 0.421875 2.500488 0.9443359 2.525879 0.9023438 2.521606 0.8503418 2.516357 0.7893066 2.510132 0.7209473 2.503052 0.6468506 2.495483 0.5688477 2.487549 0.9023438 2.437134 0.8344727 2.370117 0.7504883 2.332397 0.6622314 2.327515 0.5821533 2.35437 0.5214844 2.407959 0.8503418 2.442383 0.7893066 2.448608 0.7209473 2.455688 0.6468506 2.463257 0.5688477 2.471191 0.776123 2.38855 0.690918 2.365845 0.6068115 2.375977 0.5361328 2.416138 0.7106934 2.40918 0.6398926 2.431641 0.5653076 2.4552 0.6263428 2.4021 0.548584 2.427002 0.5584717 2.440308</float_array>
					<technique_common>
						<accessor source="#polygon3_UVArr0" count="301" stride="2">
							<param name="S" type="float" />
							<param name="T" type="float" />
						</accessor>
					</technique_common>
				</source>
				<vertices id="polygon3_Vertices">
					<input semantic="POSITION" source="#polygon3_Positions" />
				</vertices>
				<triangles material="body" count="1106">
					<input semantic="VERTEX" source="#polygon3_Vertices" offset="0" />
					<input semantic="NORMAL" source="#polygon3_Normals" offset="1" />
					<input semantic="TEXCOORD" source="#polygon3_UVs0" set="0" offset="2" />
					<p>2 2 2 1 1 1 0 0 0 3 3 3 1 1 1 2 2 2 4 4 4 3 3 3 2 2 2 5 5 5 3 3 3 4 4 4 6 6 6 5 5 5 4 4 4 7 7 7 5 5 5 6 6 6 8 8 8 7 7 7 6 6 6 9 9 9 7 7 7 8 8 8 10 10 10 9 9 9 8 8 8 11 11 11 9 9 9 10 10 10 12 12 12 11 11 11 10 10 10 13 13 13 11 11 11 12 12 12 14 14 14 13 13 13 12 12 12 15 15 15 13 13 13 14 14 14 16 16 16 15 15 15 14 14 14 17 17 17 15 15 15 16 16 16 18 18 18 17 17 17 16 16 16 19 19 19 17 17 17 18 18 18 20 20 20 19 19 19 18 18 18 21 21 18 19 19 19 20 20 20 22 22 21 21 21 18 20 20 20 23 23 22 21 21 18 22 22 21 24 24 23 23 23 22 22 22 21 25 25 24 23 23 22 24 24 23 26 26 25 25 25 24 24 24 23 27 27 26 25 25 24 26 26 25 28 28 27 27 27 26 26 26 25 29 29 28 27 27 26 28 28 27 30 30 29 29 29 28 28 28 27 31 31 30 29 29 28 30 30 29 32 32 31 31 31 30 30 30 29 33 33 32 31 31 30 32 32 31 34 34 33 33 33 32 32 32 31 35 35 34 33 33 32 34 34 33 36 36 35 35 35 34 34 34 33 37 37 36 35 35 34 36 36 35 38 38 37 37 37 36 36 36 35 39 39 0 37 37 36 38 38 37 40 40 38 39 39 0 38 38 37 41 41 39 39 39 0 40 40 38 42 42 40 41 41 39 40 40 38 43 43 41 41 41 39 42 42 40 44 44 42 43 43 41 42 42 40 45 45 43 43 43 41 44 44 42 46 46 44 45 45 43 44 44 42 47 47 45 45 45 43 46 46 44 48 48 46 47 47 45 46 46 44 49 49 47 47 47 45 48 48 46 50 50 48 49 49 47 48 48 46 51 51 49 49 49 47 50 50 48 52 52 50 51 51 49 50 50 48 53 53 51 51 51 49 52 52 50 54 54 52 53 53 51 52 52 50 55 55 53 53 53 51 54 54 52 56 56 54 55 55 53 54 54 52 57 57 55 55 55 53 56 56 54 58 58 56 57 57 55 56 56 54 59 59 57 57 57 55 58 58 56 60 60 55 59 59 57 58 58 56 61 61 58 59 59 57 60 60 55 62 62 59 61 61 58 60 60 55 63 63 60 61 61 58 62 62 59 64 64 61 63 63 60 62 62 59 65 65 62 63 63 60 64 64 61 66 66 63 65 65 62 64 64 61 67 67 64 65 65 62 66 66 63 68 68 65 67 67 64 66 66 63 69 69 66 67 67 64 68 68 65 70 70 67 69 69 66 68 68 65 71 71 68 69 69 66 70 70 67 72 72 69 71 71 68 70 70 67 73 73 70 71 71 68 72 72 69 74 74 71 73 73 70 72 72 69 75 75 72 73 73 70 74 74 71 76 76 73 75 75 72 74 74 71 77 77 74 75 75 72 76 76 73 0 0 0 77 77 74 76 76 73 78 78 75 77 77 74 0 0 0 79 79 76 78 78 75 0 0 0 80 80 77 78 78 75 79 79 76 81 81 78 80 80 77 79 79 76 82 82 79 80 80 77 81 81 78 83 83 80 82 82 79 81 81 78 84 84 81 82 82 79 83 83 80 85 85 82 84 84 81 83 83 80 86 86 83 84 84 81 85 85 82 87 87 84 86 86 83 85 85 82 88 88 85 86 86 83 87 87 84 89 89 86 88 88 85 87 87 84 90 90 87 88 88 85 89 89 86 91 91 88 90 90 87 89 89 86 92 92 89 90 90 87 91 91 88 93 93 90 92 92 89 91 91 88 94 94 91 92 92 89 93 93 90 95 95 92 94 94 91 93 93 90 96 96 93 94 94 91 95 95 92 97 97 94 96 96 93 95 95 92 98 98 92 96 96 93 97 97 94 99 99 95 98 98 92 97 97 94 100 100 96 98 98 92 99 99 95 101 101 97 100 100 96 99 99 95 102 102 98 100 100 96 101 101 97 103 103 99 102 102 98 101 101 97 104 104 100 102 102 98 103 103 99 105 105 101 104 104 100 103 103 99 106 106 102 104 104 100 105 105 101 107 107 103 2 2 2 0 0 0 4 4 4 2 2 2 107 107 103 108 108 104 4 4 4 107 107 103 6 6 6 4 4 4 108 108 104 109 109 105 6 6 6 108 108 104 8 8 8 6 6 6 109 109 105 110 110 106 8 8 8 109 109 105 10 10 10 8 8 8 110 110 106 111 111 107 10 10 10 110 110 106 12 12 12 10 10 10 111 111 107 112 112 108 12 12 12 111 111 107 14 14 14 12 12 12 112 112 108 113 113 109 14 14 14 112 112 108 16 16 16 14 14 14 113 113 109 114 114 22 16 16 16 113 113 109 18 18 18 16 16 16 114 114 22 115 115 21 18 18 18 114 114 22 20 20 20 18 18 18 115 115 21 116 116 110 20 20 20 115 115 21 22 22 21 20 20 20 116 116 110 117 117 111 22 22 21 116 116 110 24 24 23 22 22 21 117 117 111 118 118 112 24 24 23 117 117 111 26 26 25 24 24 23 118 118 112 119 119 113 26 26 25 118 118 112 28 28 27 26 26 25 119 119 113 120 120 114 28 28 27 119 119 113 30 30 29 28 28 27 120 120 114 121 121 115 30 30 29 120 120 114 32 32 31 30 30 29 121 121 115 122 122 116 32 32 31 121 121 115 34 34 33 32 32 31 122 122 116 123 123 117 34 34 33 122 122 116 36 36 35 34 34 33 123 123 117 124 124 118 36 36 35 123 123 117 38 38 37 36 36 35 124 124 118 40 40 38 38 38 37 124 124 118 124 124 118 42 42 40 40 40 38 125 125 119 42 42 40 124 124 118 123 123 117 125 125 119 124 124 118 126 126 120 125 125 119 123 123 117 122 122 116 126 126 120 123 123 117 127 127 121 126 126 120 122 122 116 121 121 115 127 127 121 122 122 116 128 128 122 127 127 121 121 121 115 120 120 114 128 128 122 121 121 115 129 129 123 128 128 122 120 120 114 119 119 113 129 129 123 120 120 114 130 130 124 129 129 123 119 119 113 118 118 112 130 130 124 119 119 113 131 131 125 130 130 124 118 118 112 117 117 111 131 131 125 118 118 112 132 132 126 131 131 125 117 117 111 116 116 110 132 132 126 117 117 111 133 133 111 132 132 126 116 116 110 115 115 21 133 133 111 116 116 110 134 134 23 133 133 111 115 115 21 114 114 22 134 134 23 115 115 21 135 135 24 134 134 23 114 114 22 113 113 109 135 135 24 114 114 22 136 136 127 135 135 24 113 113 109 112 112 108 136 136 127 113 113 109 137 137 128 136 136 127 112 112 108 111 111 107 137 137 128 112 112 108 138 138 129 137 137 128 111 111 107 110 110 106 138 138 129 111 111 107 139 139 130 138 138 129 110 110 106 109 109 105 139 139 130 110 110 106 140 140 131 139 139 130 109 109 105 108 108 104 140 140 131 109 109 105 141 141 132 140 140 131 108 108 104 107 107 103 141 141 132 108 108 104 0 0 0 141 141 132 107 107 103 125 125 119 44 44 42 42 42 40 142 142 133 44 44 42 125 125 119 126 126 120 142 142 133 125 125 119 143 143 134 142 142 133 126 126 120 127 127 121 143 143 134 126 126 120 144 144 135 143 143 134 127 127 121 128 128 122 144 144 135 127 127 121 145 145 136 144 144 135 128 128 122 129 129 123 145 145 136 128 128 122 146 146 137 145 145 136 129 129 123 130 130 124 146 146 137 129 129 123 147 147 138 146 146 137 130 130 124 131 131 125 147 147 138 130 130 124 148 148 139 147 147 138 131 131 125 132 132 126 148 148 139 131 131 125 149 149 125 148 148 139 132 132 126 133 133 111 149 149 125 132 132 126 150 150 112 149 149 125 133 133 111 134 134 23 150 150 112 133 133 111 151 151 25 150 150 112 134 134 23 135 135 24 151 151 25 134 134 23 152 152 26 151 151 25 135 135 24 136 136 127 152 152 26 135 135 24 153 153 140 152 152 26 136 136 127 137 137 128 153 153 140 136 136 127 154 154 141 153 153 140 137 137 128 138 138 129 154 154 141 137 137 128 155 155 142 154 154 141 138 138 129 139 139 130 155 155 142 138 138 129 156 156 143 155 155 142 139 139 130 140 140 131 156 156 143 139 139 130 157 157 144 156 156 143 140 140 131 141 141 132 157 157 144 140 140 131 0 0 0 157 157 144 141 141 132 142 142 133 46 46 44 44 44 42 158 158 145 46 46 44 142 142 133 143 143 134 158 158 145 142 142 133 159 159 146 158 158 145 143 143 134 144 144 135 159 159 146 143 143 134 160 160 147 159 159 146 144 144 135 145 145 136 160 160 147 144 144 135 161 161 148 160 160 147 145 145 136 146 146 137 161 161 148 145 145 136 162 162 149 161 161 148 146 146 137 147 147 138 162 162 149 146 146 137 163 163 150 162 162 149 147 147 138 148 148 139 163 163 150 147 147 138 164 164 138 163 163 150 148 148 139 149 149 125 164 164 138 148 148 139 165 165 124 164 164 138 149 149 125 150 150 112 165 165 124 149 149 125 166 166 113 165 165 124 150 150 112 151 151 25 166 166 113 150 150 112 167 167 27 166 166 113 151 151 25 152 152 26 167 167 27 151 151 25 168 168 28 167 167 27 152 152 26 153 153 140 168 168 28 152 152 26 169 169 151 168 168 28 153 153 140 154 154 141 169 169 151 153 153 140 170 170 152 169 169 151 154 154 141 155 155 142 170 170 152 154 154 141 171 171 153 170 170 152 155 155 142 156 156 143 171 171 153 155 155 142 172 172 154 171 171 153 156 156 143 157 157 144 172 172 154 156 156 143 0 0 0 172 172 154 157 157 144 175 175 157 174 174 156 173 173 155 176 176 158 174 174 156 175 175 157 177 177 159 176 176 158 175 175 157 178 178 160 176 176 158 177 177 159 179 179 161 178 178 160 177 177 159 180 180 162 178 178 160 179 179 161 181 181 88 180 180 162 179 179 161 182 182 90 180 180 162 181 181 88 183 183 89 182 182 90 181 181 88 184 184 91 182 182 90 183 183 89 185 185 163 184 184 91 183 183 89 186 186 164 184 184 91 185 185 163 187 187 165 186 186 164 185 185 163 188 188 163 186 186 164 187 187 165 189 189 166 188 188 163 187 187 165 190 190 167 188 188 163 189 189 166 191 191 168 190 190 167 189 189 166 192 192 169 190 190 167 191 191 168 193 193 170 192 192 169 191 191 168 194 194 171 192 192 169 193 193 170 195 195 172 194 194 171 193 193 170 196 196 173 194 194 171 195 195 172 197 197 174 196 196 173 195 195 172 198 198 175 196 196 173 197 197 174 199 199 176 198 198 175 197 197 174 200 200 177 198 198 175 199 199 176 201 201 178 200 200 177 199 199 176 202 202 179 200 200 177 201 201 178 75 75 72 202 202 179 201 201 178 77 77 74 202 202 179 75 75 72 158 158 145 48 48 46 46 46 44 203 203 180 48 48 46 158 158 145 159 159 146 203 203 180 158 158 145 204 204 181 203 203 180 159 159 146 160 160 147 204 204 181 159 159 146 205 205 182 204 204 181 160 160 147 161 161 148 205 205 182 160 160 147 206 206 183 205 205 182 161 161 148 162 162 149 206 206 183 161 161 148 207 207 184 206 206 183 162 162 149 163 163 150 207 207 184 162 162 149 208 208 149 207 207 184 163 163 150 164 164 138 208 208 149 163 163 150 209 209 137 208 208 149 164 164 138 165 165 124 209 209 137 164 164 138 210 210 123 209 209 137 165 165 124 166 166 113 210 210 123 165 165 124 211 211 114 210 210 123 166 166 113 167 167 27 211 211 114 166 166 113 212 212 29 211 211 114 167 167 27 168 168 28 212 212 29 167 167 27 213 213 30 212 212 29 168 168 28 169 169 151 213 213 30 168 168 28 214 214 185 213 213 30 169 169 151 170 170 152 214 214 185 169 169 151 215 215 186 214 214 185 170 170 152 171 171 153 215 215 186 170 170 152 216 216 187 215 215 186 171 171 153 172 172 154 216 216 187 171 171 153 0 0 0 216 216 187 172 172 154 218 218 189 173 173 155 217 217 188 175 175 157 173 173 155 218 218 189 219 219 190 175 175 157 218 218 189 177 177 159 175 175 157 219 219 190 220 220 191 177 177 159 219 219 190 179 179 161 177 177 159 220 220 191 221 221 86 179 179 161 220 220 191 181 181 88 179 179 161 221 221 86 222 222 87 181 181 88 221 221 86 183 183 89 181 181 88 222 222 87 223 223 167 183 183 89 222 222 87 185 185 163 183 183 89 223 223 167 224 224 166 185 185 163 223 223 167 187 187 165 185 185 163 224 224 166 225 225 192 187 187 165 224 224 166 189 189 166 187 187 165 225 225 192 226 226 193 189 189 166 225 225 192 191 191 168 189 189 166 226 226 193 227 227 194 191 191 168 226 226 193 193 193 170 191 191 168 227 227 194 228 228 195 193 193 170 227 227 194 195 195 172 193 193 170 228 228 195 229 229 196 195 195 172 228 228 195 197 197 174 195 195 172 229 229 196 230 230 197 197 197 174 229 229 196 199 199 176 197 197 174 230 230 197 231 231 198 199 199 176 230 230 197 201 201 178 199 199 176 231 231 198 73 73 70 201 201 178 231 231 198 75 75 72 201 201 178 73 73 70 233 233 200 217 217 188 232 232 199 218 218 189 217 217 188 233 233 200 234 234 201 218 218 189 233 233 200 219 219 190 218 218 189 234 234 201 235 235 202 219 219 190 234 234 201 220 220 191 219 219 190 235 235 202 236 236 84 220 220 191 235 235 202 221 221 86 220 220 191 236 236 84 237 237 85 221 221 86 236 236 84 222 222 87 221 221 86 237 237 85 238 238 169 222 222 87 237 237 85 223 223 167 222 222 87 238 238 169 239 239 168 223 223 167 238 238 169 224 224 166 223 223 167 239 239 168 240 240 193 224 224 166 239 239 168 225 225 192 224 224 166 240 240 193 241 241 203 225 225 192 240 240 193 226 226 193 225 225 192 241 241 203 242 242 204 226 226 193 241 241 203 227 227 194 226 226 193 242 242 204 243 243 205 227 227 194 242 242 204 228 228 195 227 227 194 243 243 205 244 244 206 228 228 195 243 243 205 229 229 196 228 228 195 244 244 206 245 245 207 229 229 196 244 244 206 230 230 197 229 229 196 245 245 207 246 246 208 230 230 197 245 245 207 231 231 198 230 230 197 246 246 208 71 71 68 231 231 198 246 246 208 73 73 70 231 231 198 71 71 68 247 247 209 232 232 199 39 39 0 233 233 200 232 232 199 247 247 209 248 248 210 233 233 200 247 247 209 234 234 201 233 233 200 248 248 210 249 249 211 234 234 201 248 248 210 235 235 202 234 234 201 249 249 211 250 250 82 235 235 202 249 249 211 236 236 84 235 235 202 250 250 82 251 251 83 236 236 84 250 250 82 237 237 85 236 236 84 251 251 83 252 252 171 237 237 85 251 251 83 238 238 169 237 237 85 252 252 171 253 253 170 238 238 169 252 252 171 239 239 168 238 238 169 253 253 170 254 254 194 239 239 168 253 253 170 240 240 193 239 239 168 254 254 194 255 255 204 240 240 193 254 254 194 241 241 203 240 240 193 255 255 204 256 256 212 241 241 203 255 255 204 242 242 204 241 241 203 256 256 212 257 257 213 242 242 204 256 256 212 243 243 205 242 242 204 257 257 213 258 258 214 243 243 205 257 257 213 244 244 206 243 243 205 258 258 214 259 259 215 244 244 206 258 258 214 245 245 207 244 244 206 259 259 215 260 260 216 245 245 207 259 259 215 246 246 208 245 245 207 260 260 216 69 69 66 246 246 208 260 260 216 71 71 68 246 246 208 69 69 66 203 203 180 50 50 48 48 48 46 261 261 217 50 50 48 203 203 180 204 204 181 261 261 217 203 203 180 262 262 218 261 261 217 204 204 181 205 205 182 262 262 218 204 204 181 263 263 219 262 262 218 205 205 182 206 206 183 263 263 219 205 205 182 264 264 220 263 263 219 206 206 183 207 207 184 264 264 220 206 206 183 265 265 183 264 264 220 207 207 184 208 208 149 265 265 183 207 207 184 266 266 148 265 265 183 208 208 149 209 209 137 266 266 148 208 208 149 267 267 136 266 266 148 209 209 137 210 210 123 267 267 136 209 209 137 268 268 122 267 267 136 210 210 123 211 211 114 268 268 122 210 210 123 269 269 115 268 268 122 211 211 114 212 212 29 269 269 115 211 211 114 270 270 31 269 269 115 212 212 29 213 213 30 270 270 31 212 212 29 271 271 32 270 270 31 213 213 30 214 214 185 271 271 32 213 213 30 272 272 221 271 271 32 214 214 185 215 215 186 272 272 221 214 214 185 273 273 222 272 272 221 215 215 186 216 216 187 273 273 222 215 215 186 0 0 0 273 273 222 216 216 187 260 260 216 67 67 64 69 69 66 274 274 223 67 67 64 260 260 216 259 259 215 274 274 223 260 260 216 275 275 224 274 274 223 259 259 215 258 258 214 275 275 224 259 259 215 276 276 225 275 275 224 258 258 214 257 257 213 276 276 225 258 258 214 277 277 226 276 276 225 257 257 213 256 256 212 277 277 226 257 257 213 278 278 213 277 277 226 256 256 212 255 255 204 278 278 213 256 256 212 279 279 205 278 278 213 255 255 204 254 254 194 279 279 205 255 255 204 280 280 195 279 279 205 254 254 194 253 253 170 280 280 195 254 254 194 281 281 172 280 280 195 253 253 170 252 252 171 281 281 172 253 253 170 282 282 173 281 281 172 252 252 171 251 251 83 282 282 173 252 252 171 283 283 81 282 282 173 251 251 83 250 250 82 283 283 81 251 251 83 284 284 80 283 283 81 250 250 82 249 249 211 284 284 80 250 250 82 285 285 227 284 284 80 249 249 211 248 248 210 285 285 227 249 249 211 286 286 228 285 285 227 248 248 210 247 247 209 286 286 228 248 248 210 39 39 0 286 286 228 247 247 209 261 261 217 52 52 50 50 50 48 287 287 229 52 52 50 261 261 217 262 262 218 287 287 229 261 261 217 288 288 230 287 287 229 262 262 218 263 263 219 288 288 230 262 262 218 289 289 231 288 288 230 263 263 219 264 264 220 289 289 231 263 263 219 290 290 219 289 289 231 264 264 220 265 265 183 290 290 219 264 264 220 291 291 182 290 290 219 265 265 183 266 266 148 291 291 182 265 265 183 292 292 147 291 291 182 266 266 148 267 267 136 292 292 147 266 266 148 293 293 135 292 292 147 267 267 136 268 268 122 293 293 135 267 267 136 294 294 121 293 293 135 268 268 122 269 269 115 294 294 121 268 268 122 295 295 116 294 294 121 269 269 115 270 270 31 295 295 116 269 269 115 296 296 33 295 295 116 270 270 31 271 271 32 296 296 33 270 270 31 297 297 34 296 296 33 271 271 32 272 272 221 297 297 34 271 271 32 298 298 232 297 297 34 272 272 221 273 273 222 298 298 232 272 272 221 0 0 0 298 298 232 273 273 222 274 274 223 65 65 62 67 67 64 299 299 233 65 65 62 274 274 223 275 275 224 299 299 233 274 274 223 300 300 234 299 299 233 275 275 224 276 276 225 300 300 234 275 275 224 301 301 235 300 300 234 276 276 225 277 277 226 301 301 235 276 276 225 302 302 225 301 301 235 277 277 226 278 278 213 302 302 225 277 277 226 303 303 214 302 302 225 278 278 213 279 279 205 303 303 214 278 278 213 304 304 206 303 303 214 279 279 205 280 280 195 304 304 206 279 279 205 305 305 196 304 304 206 280 280 195 281 281 172 305 305 196 280 280 195 306 306 174 305 305 196 281 281 172 282 282 173 306 306 174 281 281 172 307 307 175 306 306 174 282 282 173 283 283 81 307 307 175 282 282 173 308 308 79 307 307 175 283 283 81 284 284 80 308 308 79 283 283 81 309 309 78 308 308 79 284 284 80 285 285 227 309 309 78 284 284 80 310 310 236 309 309 78 285 285 227 286 286 228 310 310 236 285 285 227 39 39 0 310 310 236 286 286 228 103 103 99 311 311 237 105 105 101 312 312 238 311 311 237 103 103 99 101 101 97 312 312 238 103 103 99 313 313 239 312 312 238 101 101 97 99 99 95 313 313 239 101 101 97 314 314 240 313 313 239 99 99 95 97 97 94 314 314 240 99 99 95 315 315 95 314 314 240 97 97 94 95 95 92 315 315 95 97 97 94 316 316 96 315 315 95 95 95 92 93 93 90 316 316 96 95 95 92 317 317 162 316 316 96 93 93 90 91 91 88 317 317 162 93 93 90 318 318 161 317 317 162 91 91 88 89 89 86 318 318 161 91 91 88 319 319 191 318 318 161 89 89 86 87 87 84 319 319 191 89 89 86 320 320 202 319 319 191 87 87 84 85 85 82 320 320 202 87 87 84 321 321 211 320 320 202 85 85 82 83 83 80 321 321 211 85 85 82 322 322 227 321 321 211 83 83 80 81 81 78 322 322 227 83 83 80 323 323 236 322 322 227 81 81 78 79 79 76 323 323 236 81 81 78 0 0 0 323 323 236 79 79 76 287 287 229 54 54 52 52 52 50 324 324 241 54 54 52 287 287 229 288 288 230 324 324 241 287 287 229 325 325 242 324 324 241 288 288 230 289 289 231 325 325 242 288 288 230 326 326 230 325 325 242 289 289 231 290 290 219 326 326 230 289 289 231 327 327 218 326 326 230 290 290 219 291 291 182 327 327 218 290 290 219 328 328 181 327 327 218 291 291 182 292 292 147 328 328 181 291 291 182 329 329 146 328 328 181 292 292 147 293 293 135 329 329 146 292 292 147 330 330 134 329 329 146 293 293 135 294 294 121 330 330 134 293 293 135 331 331 120 330 330 134 294 294 121 295 295 116 331 331 120 294 294 121 332 332 117 331 331 120 295 295 116 296 296 33 332 332 117 295 295 116 333 333 35 332 332 117 296 296 33 297 297 34 333 333 35 296 296 33 334 334 36 333 333 35 297 297 34 298 298 232 334 334 36 297 297 34 0 0 0 334 334 36 298 298 232 299 299 233 63 63 60 65 65 62 335 335 243 63 63 60 299 299 233 300 300 234 335 335 243 299 299 233 336 336 244 335 335 243 300 300 234 301 301 235 336 336 244 300 300 234 337 337 234 336 336 244 301 301 235 302 302 225 337 337 234 301 301 235 338 338 224 337 337 234 302 302 225 303 303 214 338 338 224 302 302 225 339 339 215 338 338 224 303 303 214 304 304 206 339 339 215 303 303 214 340 340 207 339 339 215 304 304 206 305 305 196 340 340 207 304 304 206 341 341 197 340 340 207 305 305 196 306 306 174 341 341 197 305 305 196 342 342 176 341 341 197 306 306 174 307 307 175 342 342 176 306 306 174 343 343 177 342 342 176 307 307 175 308 308 79 343 343 177 307 307 175 344 344 77 343 343 177 308 308 79 309 309 78 344 344 77 308 308 79 345 345 76 344 344 77 309 309 78 310 310 236 345 345 76 309 309 78 39 39 0 345 345 76 310 310 236 312 312 238 346 346 245 311 311 237 347 347 246 346 346 245 312 312 238 313 313 239 347 347 246 312 312 238 348 348 247 347 347 246 313 313 239 314 314 240 348 348 247 313 313 239 349 349 239 348 348 247 314 314 240 315 315 95 349 349 239 314 314 240 350 350 97 349 349 239 315 315 95 316 316 96 350 350 97 315 315 95 351 351 98 350 350 97 316 316 96 317 317 162 351 351 98 316 316 96 352 352 160 351 351 98 317 317 162 318 318 161 352 352 160 317 317 162 353 353 159 352 352 160 318 318 161 319 319 191 353 353 159 318 318 161 354 354 190 353 353 159 319 319 191 320 320 202 354 354 190 319 319 191 355 355 201 354 354 190 320 320 202 321 321 211 355 355 201 320 320 202 356 356 210 355 355 201 321 321 211 322 322 227 356 356 210 321 321 211 357 357 228 356 356 210 322 322 227 323 323 236 357 357 228 322 322 227 0 0 0 357 357 228 323 323 236 335 335 243 61 61 58 63 63 60 358 358 248 61 61 58 335 335 243 336 336 244 358 358 248 335 335 243 359 359 243 358 358 248 336 336 244 337 337 234 359 359 243 336 336 244 360 360 233 359 359 243 337 337 234 338 338 224 360 360 233 337 337 234 361 361 223 360 360 233 338 338 224 339 339 215 361 361 223 338 338 224 362 362 216 361 361 223 339 339 215 340 340 207 362 362 216 339 339 215 363 363 208 362 362 216 340 340 207 341 341 197 363 363 208 340 340 207 364 364 198 363 363 208 341 341 197 342 342 176 364 364 198 341 341 197 365 365 178 364 364 198 342 342 176 343 343 177 365 365 178 342 342 176 366 366 179 365 365 178 343 343 177 344 344 77 366 366 179 343 343 177 367 367 75 366 366 179 344 344 77 345 345 76 367 367 75 344 344 77 39 39 0 367 367 75 345 345 76 324 324 241 56 56 54 54 54 52 368 368 249 56 56 54 324 324 241 325 325 242 368 368 249 324 324 241 369 369 241 368 368 249 325 325 242 326 326 230 369 369 241 325 325 242 370 370 229 369 369 241 326 326 230 327 327 218 370 370 229 326 326 230 371 371 217 370 370 229 327 327 218 328 328 181 371 371 217 327 327 218 372 372 180 371 371 217 328 328 181 329 329 146 372 372 180 328 328 181 373 373 145 372 372 180 329 329 146 330 330 134 373 373 145 329 329 146 374 374 133 373 373 145 330 330 134 331 331 120 374 374 133 330 330 134 375 375 119 374 374 133 331 331 120 332 332 117 375 375 119 331 331 120 376 376 118 375 375 119 332 332 117 333 333 35 376 376 118 332 332 117 377 377 37 376 376 118 333 333 35 334 334 36 377 377 37 333 333 35 0 0 0 377 377 37 334 334 36 347 347 246 378 378 250 346 346 245 379 379 251 378 378 250 347 347 246 348 348 247 379 379 251 347 347 246 380 380 246 379 379 251 348 348 247 349 349 239 380 380 246 348 348 247 381 381 238 380 380 246 349 349 239 350 350 97 381 381 238 349 349 239 382 382 99 381 381 238 350 350 97 351 351 98 382 382 99 350 350 97 383 383 100 382 382 99 351 351 98 352 352 160 383 383 100 351 351 98 384 384 158 383 383 100 352 352 160 353 353 159 384 384 158 352 352 160 385 385 157 384 384 158 353 353 159 354 354 190 385 385 157 353 353 159 386 386 189 385 385 157 354 354 190 355 355 201 386 386 189 354 354 190 387 387 200 386 386 189 355 355 201 356 356 210 387 387 200 355 355 201 388 388 209 387 387 200 356 356 210 357 357 228 388 388 209 356 356 210 0 0 0 388 388 209 357 357 228 232 389 199 389 389 0 39 389 0 390 389 252 389 389 0 232 389 199 217 389 188 390 389 252 232 389 199 391 389 253 390 389 252 217 389 188 173 389 155 391 389 253 217 389 188 392 389 254 391 389 253 173 389 155 174 389 156 392 389 254 173 389 155 393 389 255 392 389 254 174 389 156 106 389 102 393 389 255 174 389 156 394 389 256 393 389 255 106 389 102 105 389 101 394 389 256 106 389 102 395 389 257 394 389 256 105 389 101 311 389 237 395 389 257 105 389 101 396 389 258 395 389 257 311 389 237 346 389 245 396 389 258 311 389 237 397 389 259 396 389 258 346 389 245 378 389 250 397 389 259 346 389 245 398 389 260 397 389 259 378 389 250 399 389 261 398 389 260 378 389 250 400 389 262 398 389 260 399 389 261 401 389 260 400 389 262 399 389 261 402 390 199 388 388 209 0 0 0 387 387 200 388 388 209 402 390 199 403 391 188 387 387 200 402 390 199 386 386 189 387 387 200 403 391 188 404 392 155 386 386 189 403 391 188 385 385 157 386 386 189 404 392 155 405 393 156 385 385 157 404 392 155 384 384 158 385 385 157 405 393 156 406 394 102 384 384 158 405 393 156 383 383 100 384 384 158 406 394 102 407 395 101 383 383 100 406 394 102 382 382 99 383 383 100 407 395 101 408 396 237 382 382 99 407 395 101 381 381 238 382 382 99 408 396 237 409 397 245 381 381 238 408 396 237 380 380 246 381 381 238 409 397 245 410 398 250 380 380 246 409 397 245 379 379 251 380 380 246 410 398 250 399 399 261 379 379 251 410 398 250 378 378 250 379 379 251 399 399 261 368 368 249 58 58 56 56 56 54 411 400 54 58 58 56 368 368 249 369 369 241 411 400 54 368 368 249 412 401 52 411 400 54 369 369 241 370 370 229 412 401 52 369 369 241 413 402 50 412 401 52 370 370 229 371 371 217 413 402 50 370 370 229 414 403 48 413 402 50 371 371 217 372 372 180 414 403 48 371 371 217 415 404 46 414 403 48 372 372 180 373 373 145 415 404 46 372 372 180 416 405 44 415 404 46 373 373 145 374 374 133 416 405 44 373 373 145 417 406 42 416 405 44 374 374 133 375 375 119 417 406 42 374 374 133 418 407 40 417 406 42 375 375 119 376 376 118 418 407 40 375 375 119 419 408 38 418 407 40 376 376 118 377 377 37 419 408 38 376 376 118 0 0 0 419 408 38 377 377 37 421 409 264 19 409 19 420 409 263 17 409 17 19 409 19 421 409 264 422 409 265 17 409 17 421 409 264 15 409 15 17 409 17 422 409 265 423 409 266 15 409 15 422 409 265 13 409 13 15 409 15 423 409 266 424 409 267 13 409 13 423 409 266 11 409 11 13 409 13 424 409 267 425 409 268 11 409 11 424 409 267 9 409 9 11 409 11 425 409 268 426 409 269 9 409 9 425 409 268 7 409 7 9 409 9 426 409 269 427 409 270 7 409 7 426 409 269 5 409 5 7 409 7 427 409 270 428 409 271 5 409 5 427 409 270 3 409 3 5 409 5 428 409 271 429 409 272 3 409 3 428 409 271 1 409 1 3 409 3 429 409 272 430 409 0 1 409 1 429 409 272 0 409 0 1 409 1 430 409 0 358 358 248 59 59 57 61 61 58 431 410 58 59 59 57 358 358 248 359 359 243 431 410 58 358 358 248 432 411 60 431 410 58 359 359 243 360 360 233 432 411 60 359 359 243 433 412 62 432 411 60 360 360 233 361 361 223 433 412 62 360 360 233 434 413 64 433 412 62 361 361 223 362 362 216 434 413 64 361 361 223 435 414 66 434 413 64 362 362 216 363 363 208 435 414 66 362 362 216 436 415 68 435 414 66 363 363 208 364 364 198 436 415 68 363 363 208 437 416 70 436 415 68 364 364 198 365 365 178 437 416 70 364 364 198 438 417 72 437 416 70 365 365 178 366 366 179 438 417 72 365 365 178 439 418 74 438 417 72 366 366 179 367 367 75 439 418 74 366 366 179 39 39 0 439 418 74 367 367 75 411 400 54 60 60 55 58 58 56 440 419 53 60 60 55 411 400 54 412 401 52 440 419 53 411 400 54 441 420 51 440 419 53 412 401 52 413 402 50 441 420 51 412 401 52 442 421 49 441 420 51 413 402 50 414 403 48 442 421 49 413 402 50 443 422 47 442 421 49 414 403 48 415 404 46 443 422 47 414 403 48 444 423 45 443 422 47 415 404 46 416 405 44 444 423 45 415 404 46 445 424 43 444 423 45 416 405 44 417 406 42 445 424 43 416 405 44 446 425 41 445 424 43 417 406 42 418 407 40 446 425 41 417 406 42 447 426 39 446 425 41 418 407 40 419 408 38 447 426 39 418 407 40 0 0 0 447 426 39 419 408 38 21 21 18 448 427 17 19 19 19 449 428 16 448 427 17 21 21 18 23 23 22 449 428 16 21 21 18 450 429 109 449 428 16 23 23 22 25 25 24 450 429 109 23 23 22 451 430 127 450 429 109 25 25 24 27 27 26 451 430 127 25 25 24 452 431 140 451 430 127 27 27 26 29 29 28 452 431 140 27 27 26 453 432 151 452 431 140 29 29 28 31 31 30 453 432 151 29 29 28 454 433 185 453 432 151 31 31 30 33 33 32 454 433 185 31 31 30 455 434 221 454 433 185 33 33 32 35 35 34 455 434 221 33 33 32 456 435 232 455 434 221 35 35 34 37 37 36 456 435 232 35 35 34 39 39 0 456 435 232 37 37 36 431 410 58 57 57 55 59 59 57 457 436 59 57 57 55 431 410 58 432 411 60 457 436 59 431 410 58 458 437 61 457 436 59 432 411 60 433 412 62 458 437 61 432 411 60 459 438 63 458 437 61 433 412 62 434 413 64 459 438 63 433 412 62 460 439 65 459 438 63 434 413 64 435 414 66 460 439 65 434 413 64 461 440 67 460 439 65 435 414 66 436 415 68 461 440 67 435 414 66 462 441 69 461 440 67 436 415 68 437 416 70 462 441 69 436 415 68 463 442 71 462 441 69 437 416 70 438 417 72 463 442 71 437 416 70 464 443 73 463 442 71 438 417 72 439 418 74 464 443 73 438 417 72 39 39 0 464 443 73 439 418 74 440 419 53 62 62 59 60 60 55 465 444 273 62 62 59 440 419 53 441 420 51 465 444 273 440 419 53 466 445 274 465 444 273 441 420 51 442 421 49 466 445 274 441 420 51 467 446 275 466 445 274 442 421 49 443 422 47 467 446 275 442 421 49 468 447 276 467 446 275 443 422 47 444 423 45 468 447 276 443 422 47 469 448 277 468 447 276 444 423 45 445 424 43 469 448 277 444 423 45 470 449 278 469 448 277 445 424 43 446 425 41 470 449 278 445 424 43 471 450 279 470 449 278 446 425 41 447 426 39 471 450 279 446 425 41 0 0 0 471 450 279 447 426 39 449 428 16 472 451 15 448 427 17 473 452 14 472 451 15 449 428 16 450 429 109 473 452 14 449 428 16 474 453 108 473 452 14 450 429 109 451 430 127 474 453 108 450 429 109 475 454 128 474 453 108 451 430 127 452 431 140 475 454 128 451 430 127 476 455 141 475 454 128 452 431 140 453 432 151 476 455 141 452 431 140 477 456 152 476 455 141 453 432 151 454 433 185 477 456 152 453 432 151 478 457 186 477 456 152 454 433 185 455 434 221 478 457 186 454 433 185 479 458 222 478 457 186 455 434 221 456 435 232 479 458 222 455 434 221 39 39 0 479 458 222 456 435 232 457 436 59 55 55 53 57 57 55 480 459 273 55 55 53 457 436 59 458 437 61 480 459 273 457 436 59 481 460 280 480 459 273 458 437 61 459 438 63 481 460 280 458 437 61 482 461 281 481 460 280 459 438 63 460 439 65 482 461 281 459 438 63 483 462 282 482 461 281 460 439 65 461 440 67 483 462 282 460 439 65 484 463 283 483 462 282 461 440 67 462 441 69 484 463 283 461 440 67 485 464 284 484 463 283 462 441 69 463 442 71 485 464 284 462 441 69 486 465 285 485 464 284 463 442 71 464 443 73 486 465 285 463 442 71 39 39 0 486 465 285 464 443 73 465 444 273 64 64 61 62 62 59 487 466 280 64 64 61 465 444 273 466 445 274 487 466 280 465 444 273 488 467 286 487 466 280 466 445 274 467 446 275 488 467 286 466 445 274 489 468 287 488 467 286 467 446 275 468 447 276 489 468 287 467 446 275 490 469 288 489 468 287 468 447 276 469 448 277 490 469 288 468 447 276 491 470 289 490 469 288 469 448 277 470 449 278 491 470 289 469 448 277 492 471 290 491 470 289 470 449 278 471 450 279 492 471 290 470 449 278 0 0 0 492 471 290 471 450 279 473 452 14 493 472 13 472 451 15 494 473 12 493 472 13 473 452 14 474 453 108 494 473 12 473 452 14 495 474 107 494 473 12 474 453 108 475 454 128 495 474 107 474 453 108 496 475 129 495 474 107 475 454 128 476 455 141 496 475 129 475 454 128 497 476 142 496 475 129 476 455 141 477 456 152 497 476 142 476 455 141 498 477 153 497 476 142 477 456 152 478 457 186 498 477 153 477 456 152 499 478 187 498 477 153 478 457 186 479 458 222 499 478 187 478 457 186 39 39 0 499 478 187 479 458 222 480 459 273 53 53 51 55 55 53 500 479 274 53 53 51 480 459 273 481 460 280 500 479 274 480 459 273 501 480 286 500 479 274 481 460 280 482 461 281 501 480 286 481 460 280 502 481 291 501 480 286 482 461 281 483 462 282 502 481 291 482 461 281 503 482 292 502 481 291 483 462 282 484 463 283 503 482 292 483 462 282 504 483 293 503 482 292 484 463 283 485 464 284 504 483 293 484 463 283 505 484 294 504 483 293 485 464 284 486 465 285 505 484 294 485 464 284 39 39 0 505 484 294 486 465 285 494 473 12 506 485 11 493 472 13 507 486 10 506 485 11 494 473 12 495 474 107 507 486 10 494 473 12 508 487 106 507 486 10 495 474 107 496 475 129 508 487 106 495 474 107 509 488 130 508 487 106 496 475 129 497 476 142 509 488 130 496 475 129 510 489 143 509 488 130 497 476 142 498 477 153 510 489 143 497 476 142 511 490 154 510 489 143 498 477 153 499 478 187 511 490 154 498 477 153 39 39 0 511 490 154 499 478 187 487 466 280 66 66 63 64 64 61 512 491 281 66 66 63 487 466 280 488 467 286 512 491 281 487 466 280 513 492 291 512 491 281 488 467 286 489 468 287 513 492 291 488 467 286 514 493 295 513 492 291 489 468 287 490 469 288 514 493 295 489 468 287 515 494 296 514 493 295 490 469 288 491 470 289 515 494 296 490 469 288 516 495 297 515 494 296 491 470 289 492 471 290 516 495 297 491 470 289 0 0 0 516 495 297 492 471 290 500 479 274 51 51 49 53 53 51 517 496 275 51 51 49 500 479 274 501 480 286 517 496 275 500 479 274 518 497 287 517 496 275 501 480 286 502 481 291 518 497 287 501 480 286 519 498 295 518 497 287 502 481 291 503 482 292 519 498 295 502 481 291 520 499 298 519 498 295 503 482 292 504 483 293 520 499 298 503 482 292 521 500 299 520 499 298 504 483 293 505 484 294 521 500 299 504 483 293 39 39 0 521 500 299 505 484 294 176 176 158 106 106 102 174 174 156 104 104 100 106 106 102 176 176 158 178 178 160 104 104 100 176 176 158 102 102 98 104 104 100 178 178 160 180 180 162 102 102 98 178 178 160 100 100 96 102 102 98 180 180 162 182 182 90 100 100 96 180 180 162 98 98 92 100 100 96 182 182 90 184 184 91 98 98 92 182 182 90 96 96 93 98 98 92 184 184 91 186 186 164 96 96 93 184 184 91 512 491 281 68 68 65 66 66 63 522 501 282 68 68 65 512 491 281 513 492 291 522 501 282 512 491 281 523 502 292 522 501 282 513 492 291 514 493 295 523 502 292 513 492 291 524 503 298 523 502 292 514 493 295 515 494 296 524 503 298 514 493 295 525 504 300 524 503 298 515 494 296 516 495 297 525 504 300 515 494 296 0 0 0 525 504 300 516 495 297 507 486 10 526 505 9 506 485 11 527 506 8 526 505 9 507 486 10 508 487 106 527 506 8 507 486 10 528 507 105 527 506 8 508 487 106 509 488 130 528 507 105 508 487 106 529 508 131 528 507 105 509 488 130 510 489 143 529 508 131 509 488 130 530 509 144 529 508 131 510 489 143 511 490 154 530 509 144 510 489 143 39 39 0 530 509 144 511 490 154 517 496 275 49 49 47 51 51 49 531 510 276 49 49 47 517 496 275 518 497 287 531 510 276 517 496 275 532 511 288 531 510 276 518 497 287 519 498 295 532 511 288 518 497 287 533 512 296 532 511 288 519 498 295 520 499 298 533 512 296 519 498 295 534 513 300 533 512 296 520 499 298 521 500 299 534 513 300 520 499 298 39 39 0 534 513 300 521 500 299 522 501 282 70 70 67 68 68 65 535 514 283 70 70 67 522 501 282 523 502 292 535 514 283 522 501 282 536 515 293 535 514 283 523 502 292 524 503 298 536 515 293 523 502 292 537 516 299 536 515 293 524 503 298 525 504 300 537 516 299 524 503 298 0 0 0 537 516 299 525 504 300 527 506 8 538 517 7 526 505 9 539 518 6 538 517 7 527 506 8 528 507 105 539 518 6 527 506 8 540 519 104 539 518 6 528 507 105 529 508 131 540 519 104 528 507 105 541 520 132 540 519 104 529 508 131 530 509 144 541 520 132 529 508 131 39 39 0 541 520 132 530 509 144 531 510 276 47 47 45 49 49 47 542 521 277 47 47 45 531 510 276 532 511 288 542 521 277 531 510 276 543 522 289 542 521 277 532 511 288 533 512 296 543 522 289 532 511 288 544 523 297 543 522 289 533 512 296 534 513 300 544 523 297 533 512 296 39 39 0 544 523 297 534 513 300 535 514 283 72 72 69 70 70 67 545 524 284 72 72 69 535 514 283 536 515 293 545 524 284 535 514 283 546 525 294 545 524 284 536 515 293 537 516 299 546 525 294 536 515 293 0 0 0 546 525 294 537 516 299 539 518 6 547 526 5 538 517 7 548 527 4 547 526 5 539 518 6 540 519 104 548 527 4 539 518 6 549 528 103 548 527 4 540 519 104 541 520 132 549 528 103 540 519 104 39 39 0 549 528 103 541 520 132 542 521 277 45 45 43 47 47 45 550 529 278 45 45 43 542 521 277 543 522 289 550 529 278 542 521 277 551 530 290 550 529 278 543 522 289 544 523 297 551 530 290 543 522 289 39 39 0 551 530 290 544 523 297 545 524 284 74 74 71 72 72 69 552 531 285 74 74 71 545 524 284 546 525 294 552 531 285 545 524 284 0 0 0 552 531 285 546 525 294 548 527 4 553 532 3 547 526 5 554 533 2 553 532 3 548 527 4 549 528 103 554 533 2 548 527 4 39 39 0 554 533 2 549 528 103 550 529 278 43 43 41 45 45 43 555 534 279 43 43 41 550 529 278 551 530 290 555 534 279 550 529 278 39 39 0 555 534 279 551 530 290 556 389 255 406 389 102 405 389 156 557 389 256 406 389 102 556 389 255 558 535 1 554 533 2 39 39 0 553 532 3 554 533 2 558 535 1 76 76 73 552 531 285 0 0 0 74 74 71 552 531 285 76 76 73 559 389 254 405 389 156 404 389 155 556 389 255 405 389 156 559 389 254 560 389 253 404 389 155 403 389 188 559 389 254 404 389 155 560 389 253 561 389 252 403 389 188 402 389 199 560 389 253 403 389 188 561 389 252 430 389 0 402 389 199 0 389 0 561 389 252 402 389 199 430 389 0 562 409 264 19 409 19 448 409 17 420 409 263 19 409 19 562 409 264 563 409 265 448 409 17 472 409 15 562 409 264 448 409 17 563 409 265 564 409 266 472 409 15 493 409 13 563 409 265 472 409 15 564 409 266 565 409 267 493 409 13 506 409 11 564 409 266 493 409 13 565 409 267 566 409 268 506 409 11 526 409 9 565 409 267 506 409 11 566 409 268 78 78 75 202 202 179 77 77 74 80 80 77 202 202 179 78 78 75 80 80 77 200 200 177 202 202 179 82 82 79 200 200 177 80 80 77 82 82 79 198 198 175 200 200 177 84 84 81 198 198 175 82 82 79 84 84 81 196 196 173 198 198 175 86 86 83 196 196 173 84 84 81 86 86 83 194 194 171 196 196 173 88 88 85 194 194 171 86 86 83 88 88 85 192 192 169 194 194 171 90 90 87 192 192 169 88 88 85 90 90 87 190 190 167 192 192 169 92 92 89 190 190 167 90 90 87 92 92 89 188 188 163 190 190 167 94 94 91 188 188 163 92 92 89 94 94 91 186 186 164 188 188 163 96 96 93 186 186 164 94 94 91 389 409 0 558 409 1 39 409 0 567 409 272 558 409 1 389 409 0 568 409 269 526 409 9 538 409 7 566 409 268 526 409 9 568 409 269 569 409 270 538 409 7 547 409 5 568 409 269 538 409 7 569 409 270 570 409 271 547 409 5 553 409 3 569 409 270 547 409 5 570 409 271 567 409 272 553 409 3 558 409 1 570 409 271 553 409 3 567 409 272 571 389 259 410 389 250 409 389 245 401 389 260 410 389 250 571 389 259 572 389 258 409 389 245 408 389 237 571 389 259 409 389 245 572 389 258 573 389 257 408 389 237 407 389 101 572 389 258 408 389 237 573 389 257 557 389 256 407 389 101 406 389 102 573 389 257 407 389 101 557 389 256 41 41 39 555 534 279 39 39 0 43 43 41 555 534 279 41 41 39 410 389 250 401 389 260 399 389 261</p>
				</triangles>
			</mesh>
		</geometry>
	</library_geometries>
	<library_controllers>
		<controller id="polygon0_Controller">
			<skin source="#polygon0">
				<bind_shape_matrix>1 0 0 0 0 1 0 0 0 0 1 0 0 0 0 1</bind_shape_matrix>
				<source id="polygon0_Joints">
					<Name_array id="polygon0_JointArr" count="1">Twanwan</Name_array>
					<technique_common>
						<accessor source="#polygon0_JointArr" count="1">
							<param name="JOINT" type="Name" />
						</accessor>
					</technique_common>
				</source>
				<source id="polygon0_Matrices">
					<float_array id="polygon0_MatArr" count="16">1 0 0 0 0 1 0 0 0 0 1 0 0 0 0 1</float_array>
					<technique_common>
						<accessor source="#polygon0_MatArr" count="1" stride="16">
							<param type="float4x4" />
						</accessor>
					</technique_common>
				</source>
				<source id="polygon0_Weights">
					<float_array id="polygon0_WeightArr" count="1">1</float_array>
					<technique_common>
						<accessor source="#polygon0_WeightArr" count="1">
							<param type="float" />
						</accessor>
					</technique_common>
				</source>
				<joints>
					<input semantic="JOINT" source="#polygon0_Joints" />
					<input semantic="INV_BIND_MATRIX" source="#polygon0_Matrices" />
				</joints>
				<vertex_weights count="194">
					<input semantic="JOINT" offset="0" source="#polygon0_Joints" />
					<input semantic="WEIGHT" offset="1" source="#polygon0_Weights" />
					<vcount>1 1 1 1 1 1 1 1 1 1 1 1 1 1 1 1 1 1 1 1 1 1 1 1 1 1 1 1 1 1 1 1 1 1 1 1 1 1 1 1 1 1 1 1 1 1 1 1 1 1 1 1 1 1 1 1 1 1 1 1 1 1 1 1 1 1 1 1 1 1 1 1 1 1 1 1 1 1 1 1 1 1 1 1 1 1 1 1 1 1 1 1 1 1 1 1 1 1 1 1 1 1 1 1 1 1 1 1 1 1 1 1 1 1 1 1 1 1 1 1 1 1 1 1 1 1 1 1 1 1 1 1 1 1 1 1 1 1 1 1 1 1 1 1 1 1 1 1 1 1 1 1 1 1 1 1 1 1 1 1 1 1 1 1 1 1 1 1 1 1 1 1 1 1 1 1 1 1 1 1 1 1 1 1 1 1 1 1 1 1 1 1 1 1</vcount>
					<v>0 0 0 0 0 0 0 0 0 0 0 0 0 0 0 0 0 0 0 0 0 0 0 0 0 0 0 0 0 0 0 0 0 0 0 0 0 0 0 0 0 0 0 0 0 0 0 0 0 0 0 0 0 0 0 0 0 0 0 0 0 0 0 0 0 0 0 0 0 0 0 0 0 0 0 0 0 0 0 0 0 0 0 0 0 0 0 0 0 0 0 0 0 0 0 0 0 0 0 0 0 0 0 0 0 0 0 0 0 0 0 0 0 0 0 0 0 0 0 0 0 0 0 0 0 0 0 0 0 0 0 0 0 0 0 0 0 0 0 0 0 0 0 0 0 0 0 0 0 0 0 0 0 0 0 0 0 0 0 0 0 0 0 0 0 0 0 0 0 0 0 0 0 0 0 0 0 0 0 0 0 0 0 0 0 0 0 0 0 0 0 0 0 0 0 0 0 0 0 0 0 0 0 0 0 0 0 0 0 0 0 0 0 0 0 0 0 0 0 0 0 0 0 0 0 0 0 0 0 0 0 0 0 0 0 0 0 0 0 0 0 0 0 0 0 0 0 0 0 0 0 0 0 0 0 0 0 0 0 0 0 0 0 0 0 0 0 0 0 0 0 0 0 0 0 0 0 0 0 0 0 0 0 0 0 0 0 0 0 0 0 0 0 0 0 0 0 0 0 0 0 0 0 0 0 0 0 0 0 0 0 0 0 0 0 0 0 0 0 0 0 0 0 0 0 0 0 0 0 0 0 0 0 0 0 0 0 0 0 0 0 0 0 0 0 0 0 0 0 0 0 0 0 0 0 0 0 0 0 0 0 0 0 0 0 0 0 0 0 0 0 0 0 0 0 0 0 0 0 0 0 0 0 0 0 0 0 0</v>
				</vertex_weights>
			</skin>
		</controller>
		<controller id="polygon2_Controller">
			<skin source="#polygon2">
				<bind_shape_matrix>1 0 0 0 0 1 0 0 0 0 1 0 0 0 0 1</bind_shape_matrix>
				<source id="polygon2_Joints">
					<Name_array id="polygon2_JointArr" count="1">Twanwan</Name_array>
					<technique_common>
						<accessor source="#polygon2_JointArr" count="1">
							<param name="JOINT" type="Name" />
						</accessor>
					</technique_common>
				</source>
				<source id="polygon2_Matrices">
					<float_array id="polygon2_MatArr" count="16">1 0 0 0 0 1 0 0 0 0 1 0 0 0 0 1</float_array>
					<technique_common>
						<accessor source="#polygon2_MatArr" count="1" stride="16">
							<param type="float4x4" />
						</accessor>
					</technique_common>
				</source>
				<source id="polygon2_Weights">
					<float_array id="polygon2_WeightArr" count="1">1</float_array>
					<technique_common>
						<accessor source="#polygon2_WeightArr" count="1">
							<param type="float" />
						</accessor>
					</technique_common>
				</source>
				<joints>
					<input semantic="JOINT" source="#polygon2_Joints" />
					<input semantic="INV_BIND_MATRIX" source="#polygon2_Matrices" />
				</joints>
				<vertex_weights count="144">
					<input semantic="JOINT" offset="0" source="#polygon2_Joints" />
					<input semantic="WEIGHT" offset="1" source="#polygon2_Weights" />
					<vcount>1 1 1 1 1 1 1 1 1 1 1 1 1 1 1 1 1 1 1 1 1 1 1 1 1 1 1 1 1 1 1 1 1 1 1 1 1 1 1 1 1 1 1 1 1 1 1 1 1 1 1 1 1 1 1 1 1 1 1 1 1 1 1 1 1 1 1 1 1 1 1 1 1 1 1 1 1 1 1 1 1 1 1 1 1 1 1 1 1 1 1 1 1 1 1 1 1 1 1 1 1 1 1 1 1 1 1 1 1 1 1 1 1 1 1 1 1 1 1 1 1 1 1 1 1 1 1 1 1 1 1 1 1 1 1 1 1 1 1 1 1 1 1 1</vcount>
					<v>0 0 0 0 0 0 0 0 0 0 0 0 0 0 0 0 0 0 0 0 0 0 0 0 0 0 0 0 0 0 0 0 0 0 0 0 0 0 0 0 0 0 0 0 0 0 0 0 0 0 0 0 0 0 0 0 0 0 0 0 0 0 0 0 0 0 0 0 0 0 0 0 0 0 0 0 0 0 0 0 0 0 0 0 0 0 0 0 0 0 0 0 0 0 0 0 0 0 0 0 0 0 0 0 0 0 0 0 0 0 0 0 0 0 0 0 0 0 0 0 0 0 0 0 0 0 0 0 0 0 0 0 0 0 0 0 0 0 0 0 0 0 0 0 0 0 0 0 0 0 0 0 0 0 0 0 0 0 0 0 0 0 0 0 0 0 0 0 0 0 0 0 0 0 0 0 0 0 0 0 0 0 0 0 0 0 0 0 0 0 0 0 0 0 0 0 0 0 0 0 0 0 0 0 0 0 0 0 0 0 0 0 0 0 0 0 0 0 0 0 0 0 0 0 0 0 0 0 0 0 0 0 0 0 0 0 0 0 0 0 0 0 0 0 0 0 0 0 0 0 0 0 0 0 0 0 0 0 0 0 0 0 0 0 0 0 0 0 0 0 0 0 0 0 0 0 0 0 0 0 0 0 0 0 0 0 0 0</v>
				</vertex_weights>
			</skin>
		</controller>
		<controller id="polygon3_Controller">
			<skin source="#polygon3">
				<bind_shape_matrix>1 0 0 0 0 1 0 0 0 0 1 0 0 0 0 1</bind_shape_matrix>
				<source id="polygon3_Joints">
					<Name_array id="polygon3_JointArr" count="1">Twanwan</Name_array>
					<technique_common>
						<accessor source="#polygon3_JointArr" count="1">
							<param name="JOINT" type="Name" />
						</accessor>
					</technique_common>
				</source>
				<source id="polygon3_Matrices">
					<float_array id="polygon3_MatArr" count="16">1 0 0 0 0 1 0 0 0 0 1 0 0 0 0 1</float_array>
					<technique_common>
						<accessor source="#polygon3_MatArr" count="1" stride="16">
							<param type="float4x4" />
						</accessor>
					</technique_common>
				</source>
				<source id="polygon3_Weights">
					<float_array id="polygon3_WeightArr" count="1">1</float_array>
					<technique_common>
						<accessor source="#polygon3_WeightArr" count="1">
							<param type="float" />
						</accessor>
					</technique_common>
				</source>
				<joints>
					<input semantic="JOINT" source="#polygon3_Joints" />
					<input semantic="INV_BIND_MATRIX" source="#polygon3_Matrices" />
				</joints>
				<vertex_weights count="574">
					<input semantic="JOINT" offset="0" source="#polygon3_Joints" />
					<input semantic="WEIGHT" offset="1" source="#polygon3_Weights" />
					<vcount>1 1 1 1 1 1 1 1 1 1 1 1 1 1 1 1 1 1 1 1 1 1 1 1 1 1 1 1 1 1 1 1 1 1 1 1 1 1 1 1 1 1 1 1 1 1 1 1 1 1 1 1 1 1 1 1 1 1 1 1 1 1 1 1 1 1 1 1 1 1 1 1 1 1 1 1 1 1 1 1 1 1 1 1 1 1 1 1 1 1 1 1 1 1 1 1 1 1 1 1 1 1 1 1 1 1 1 1 1 1 1 1 1 1 1 1 1 1 1 1 1 1 1 1 1 1 1 1 1 1 1 1 1 1 1 1 1 1 1 1 1 1 1 1 1 1 1 1 1 1 1 1 1 1 1 1 1 1 1 1 1 1 1 1 1 1 1 1 1 1 1 1 1 1 1 1 1 1 1 1 1 1 1 1 1 1 1 1 1 1 1 1 1 1 1 1 1 1 1 1 1 1 1 1 1 1 1 1 1 1 1 1 1 1 1 1 1 1 1 1 1 1 1 1 1 1 1 1 1 1 1 1 1 1 1 1 1 1 1 1 1 1 1 1 1 1 1 1 1 1 1 1 1 1 1 1 1 1 1 1 1 1 1 1 1 1 1 1 1 1 1 1 1 1 1 1 1 1 1 1 1 1 1 1 1 1 1 1 1 1 1 1 1 1 1 1 1 1 1 1 1 1 1 1 1 1 1 1 1 1 1 1 1 1 1 1 1 1 1 1 1 1 1 1 1 1 1 1 1 1 1 1 1 1 1 1 1 1 1 1 1 1 1 1 1 1 1 1 1 1 1 1 1 1 1 1 1 1 1 1 1 1 1 1 1 1 1 1 1 1 1 1 1 1 1 1 1 1 1 1 1 1 1 1 1 1 1 1 1 1 1 1 1 1 1 1 1 1 1 1 1 1 1 1 1 1 1 1 1 1 1 1 1 1 1 1 1 1 1 1 1 1 1 1 1 1 1 1 1 1 1 1 1 1 1 1 1 1 1 1 1 1 1 1 1 1 1 1 1 1 1 1 1 1 1 1 1 1 1 1 1 1 1 1 1 1 1 1 1 1 1 1 1 1 1 1 1 1 1 1 1 1 1 1 1 1 1 1 1 1 1 1 1 1 1 1 1 1 1 1 1 1 1 1 1 1 1 1 1 1 1 1 1 1 1 1 1 1 1 1 1 1 1 1 1 1 1 1 1 1 1 1 1 1 1 1 1 1 1 1 1 1 1 1 1 1 1 1 1 1 1 1 1 1 1 1 1 1 1 1 1 1 1 1 1 1 1 1 1 1 1 1 1 1</vcount>
					<v>0 0 0 0 0 0 0 0 0 0 0 0 0 0 0 0 0 0 0 0 0 0 0 0 0 0 0 0 0 0 0 0 0 0 0 0 0 0 0 0 0 0 0 0 0 0 0 0 0 0 0 0 0 0 0 0 0 0 0 0 0 0 0 0 0 0 0 0 0 0 0 0 0 0 0 0 0 0 0 0 0 0 0 0 0 0 0 0 0 0 0 0 0 0 0 0 0 0 0 0 0 0 0 0 0 0 0 0 0 0 0 0 0 0 0 0 0 0 0 0 0 0 0 0 0 0 0 0 0 0 0 0 0 0 0 0 0 0 0 0 0 0 0 0 0 0 0 0 0 0 0 0 0 0 0 0 0 0 0 0 0 0 0 0 0 0 0 0 0 0 0 0 0 0 0 0 0 0 0 0 0 0 0 0 0 0 0 0 0 0 0 0 0 0 0 0 0 0 0 0 0 0 0 0 0 0 0 0 0 0 0 0 0 0 0 0 0 0 0 0 0 0 0 0 0 0 0 0 0 0 0 0 0 0 0 0 0 0 0 0 0 0 0 0 0 0 0 0 0 0 0 0 0 0 0 0 0 0 0 0 0 0 0 0 0 0 0 0 0 0 0 0 0 0 0 0 0 0 0 0 0 0 0 0 0 0 0 0 0 0 0 0 0 0 0 0 0 0 0 0 0 0 0 0 0 0 0 0 0 0 0 0 0 0 0 0 0 0 0 0 0 0 0 0 0 0 0 0 0 0 0 0 0 0 0 0 0 0 0 0 0 0 0 0 0 0 0 0 0 0 0 0 0 0 0 0 0 0 0 0 0 0 0 0 0 0 0 0 0 0 0 0 0 0 0 0 0 0 0 0 0 0 0 0 0 0 0 0 0 0 0 0 0 0 0 0 0 0 0 0 0 0 0 0 0 0 0 0 0 0 0 0 0 0 0 0 0 0 0 0 0 0 0 0 0 0 0 0 0 0 0 0 0 0 0 0 0 0 0 0 0 0 0 0 0 0 0 0 0 0 0 0 0 0 0 0 0 0 0 0 0 0 0 0 0 0 0 0 0 0 0 0 0 0 0 0 0 0 0 0 0 0 0 0 0 0 0 0 0 0 0 0 0 0 0 0 0 0 0 0 0 0 0 0 0 0 0 0 0 0 0 0 0 0 0 0 0 0 0 0 0 0 0 0 0 0 0 0 0 0 0 0 0 0 0 0 0 0 0 0 0 0 0 0 0 0 0 0 0 0 0 0 0 0 0 0 0 0 0 0 0 0 0 0 0 0 0 0 0 0 0 0 0 0 0 0 0 0 0 0 0 0 0 0 0 0 0 0 0 0 0 0 0 0 0 0 0 0 0 0 0 0 0 0 0 0 0 0 0 0 0 0 0 0 0 0 0 0 0 0 0 0 0 0 0 0 0 0 0 0 0 0 0 0 0 0 0 0 0 0 0 0 0 0 0 0 0 0 0 0 0 0 0 0 0 0 0 0 0 0 0 0 0 0 0 0 0 0 0 0 0 0 0 0 0 0 0 0 0 0 0 0 0 0 0 0 0 0 0 0 0 0 0 0 0 0 0 0 0 0 0 0 0 0 0 0 0 0 0 0 0 0 0 0 0 0 0 0 0 0 0 0 0 0 0 0 0 0 0 0 0 0 0 0 0 0 0 0 0 0 0 0 0 0 0 0 0 0 0 0 0 0 0 0 0 0 0 0 0 0 0 0 0 0 0 0 0 0 0 0 0 0 0 0 0 0 0 0 0 0 0 0 0 0 0 0 0 0 0 0 0 0 0 0 0 0 0 0 0 0 0 0 0 0 0 0 0 0 0 0 0 0 0 0 0 0 0 0 0 0 0 0 0 0 0 0 0 0 0 0 0 0 0 0 0 0 0 0 0 0 0 0 0 0 0 0 0 0 0 0 0 0 0 0 0 0 0 0 0 0 0 0 0 0 0 0 0 0 0 0 0 0 0 0 0 0 0 0 0 0 0 0 0 0 0 0 0 0 0 0 0 0 0 0 0 0 0 0 0 0 0 0 0 0 0 0 0 0 0 0 0 0 0 0 0 0 0 0 0 0 0 0 0 0 0 0 0 0 0 0 0 0 0 0 0 0 0 0 0 0 0 0 0 0 0 0 0 0 0 0 0 0 0 0 0 0 0 0 0 0 0 0 0 0 0 0 0 0 0 0 0 0 0 0 0 0 0 0 0 0 0 0 0 0 0 0 0 0 0 0 0 0 0 0 0 0 0 0 0 0 0 0 0 0 0 0 0 0 0 0 0 0 0 0 0 0 0 0 0 0 0 0 0 0 0 0 0 0 0 0 0 0 0 0 0 0 0 0 0 0 0 0 0 0 0 0 0 0 0 0 0 0 0 0 0 0 0 0 0 0 0 0 0 0 0 0 0 0 0 0 0 0 0 0 0 0 0 0 0 0 0 0 0 0 0 0 0 0 0 0 0 0 0 0 0 0 0 0 0 0 0 0 0 0 0 0 0 0 0 0 0 0 0 0 0 0 0 0 0 0 0 0 0 0 0 0 0 0 0 0 0 0 0 0 0 0 0 0 0 0 0 0 0 0 0 0 0 0</v>
				</vertex_weights>
			</skin>
		</controller>
	</library_controllers>
	<library_visual_scenes>
		<visual_scene id="RootNode" name="RootNode">
			<node id="Twanwan" name="Twanwan" sid="Twanwan" type="JOINT" />
			<node id="polygon0" name="polygon0" type="NODE">
				<instance_controller url="#polygon0_Controller">
					<skeleton>#Twanwan</skeleton>
					<bind_material>
						<technique_common>
							<instance_material symbol="eye" target="#eye">
								<bind_vertex_input semantic="TEXCOORD0" input_semantic="TEXCOORD" input_set="0" />
							</instance_material>
						</technique_common>
					</bind_material>
				</instance_controller>
			</node>
			<node id="polygon2" name="polygon2" type="NODE">
				<instance_controller url="#polygon2_Controller">
					<skeleton>#Twanwan</skeleton>
					<bind_material>
						<technique_common>
							<instance_material symbol="tooth" target="#tooth">
								<bind_vertex_input semantic="TEXCOORD0" input_semantic="TEXCOORD" input_set="0" />
							</instance_material>
						</technique_common>
					</bind_material>
				</instance_controller>
			</node>
			<node id="polygon3" name="polygon3" type="NODE">
				<instance_controller url="#polygon3_Controller">
					<skeleton>#Twanwan</skeleton>
					<bind_material>
						<technique_common>
							<instance_material symbol="body" target="#body">
								<bind_vertex_input semantic="TEXCOORD0" input_semantic="TEXCOORD" input_set="0" />
								<bind_vertex_input semantic="TEXCOORD0" input_semantic="TEXCOORD" input_set="0" />
								<bind_vertex_input semantic="TEXCOORD0" input_semantic="TEXCOORD" input_set="0" />
							</instance_material>
						</technique_common>
					</bind_material>
				</instance_controller>
			</node>
		</visual_scene>
	</library_visual_scenes>
	<scene>
		<instance_visual_scene url="#RootNode" />
	</scene>
</COLLADA>