<?xml version="1.0" encoding="utf-8"?>
<COLLADA xmlns="http://www.collada.org/2005/11/COLLADASchema" version="1.4.1" xmlns:xsi="http://www.w3.org/2001/XMLSchema-instance">
  <asset>
    <contributor>
      <author>Blender User</author>
      <authoring_tool>Blender 3.4.1 commit date:2022-12-19, commit time:17:00, hash:55485cb379f7</authoring_tool>
    </contributor>
    <created>2023-03-04T00:38:12</created>
    <modified>2023-03-04T00:38:12</modified>
    <unit name="meter" meter="1"/>
    <up_axis>Z_UP</up_axis>
  </asset>
  <library_effects>
    <effect id="mat_body-effect">
      <profile_COMMON>
        <newparam sid="body_mr_png-surface">
          <surface type="2D">
            <init_from>body_mr_png</init_from>
          </surface>
        </newparam>
        <newparam sid="body_mr_png-sampler">
          <sampler2D>
            <source>body_mr_png-surface</source>
          </sampler2D>
        </newparam>
        <technique sid="common">
          <lambert>
            <emission>
              <color sid="emission">0 0 0 1</color>
            </emission>
            <diffuse>
              <texture texture="body_mr_png-sampler" texcoord="polygon2_UVs0"/>
            </diffuse>
            <index_of_refraction>
              <float sid="ior">1.45</float>
            </index_of_refraction>
          </lambert>
        </technique>
      </profile_COMMON>
    </effect>
    <effect id="mat_tire-effect">
      <profile_COMMON>
        <newparam sid="tire_png-surface">
          <surface type="2D">
            <init_from>tire_png</init_from>
          </surface>
        </newparam>
        <newparam sid="tire_png-sampler">
          <sampler2D>
            <source>tire_png-surface</source>
          </sampler2D>
        </newparam>
        <technique sid="common">
          <lambert>
            <emission>
              <color sid="emission">0 0 0 1</color>
            </emission>
            <diffuse>
              <texture texture="tire_png-sampler" texcoord="polygon1_UVs0"/>
            </diffuse>
            <index_of_refraction>
              <float sid="ior">1.45</float>
            </index_of_refraction>
          </lambert>
        </technique>
      </profile_COMMON>
    </effect>
    <effect id="mat_tire_rim-effect">
      <profile_COMMON>
        <newparam sid="tire_png-surface">
          <surface type="2D">
            <init_from>tire_png</init_from>
          </surface>
        </newparam>
        <newparam sid="tire_png-sampler">
          <sampler2D>
            <source>tire_png-surface</source>
          </sampler2D>
        </newparam>
        <technique sid="common">
          <lambert>
            <emission>
              <color sid="emission">0 0 0 1</color>
            </emission>
            <diffuse>
              <texture texture="tire_png-sampler" texcoord="polygon0_UVs0"/>
            </diffuse>
            <index_of_refraction>
              <float sid="ior">1.45</float>
            </index_of_refraction>
          </lambert>
        </technique>
      </profile_COMMON>
    </effect>
  </library_effects>
  <library_images>
    <image id="body_mr_png" name="body_mr_png">
      <init_from>body_mr.png</init_from>
    </image>
    <image id="tire_png" name="tire_png">
      <init_from>tire.png</init_from>
    </image>
  </library_images>
  <library_materials>
    <material id="mat_body-material" name="mat_body">
      <instance_effect url="#mat_body-effect"/>
    </material>
    <material id="mat_tire-material" name="mat_tire">
      <instance_effect url="#mat_tire-effect"/>
    </material>
    <material id="mat_tire_rim-material" name="mat_tire_rim">
      <instance_effect url="#mat_tire_rim-effect"/>
    </material>
  </library_materials>
  <library_geometries>
    <geometry id="polygon2-mesh" name="polygon2">
      <mesh>
        <source id="polygon2-mesh-positions">
          <float_array id="polygon2-mesh-positions-array" count="1656">26.79949 30.4865 -60.33069 35.00834 48.13145 -108.1193 27.9988 32.42979 -56.31464 32.04295 28.84516 -58.74887 28.44191 28.60523 -54.04665 28.28579 26.41972 -58.10027 19.50401 36.02292 -50.36218 17.55332 33.75391 -53.95839 -17.55332 33.75391 -53.95839 -18.16677 37.40967 -56.89752 -26.79949 30.4865 -60.33069 -27.9988 32.42979 -56.31464 -35.00834 48.13144 -108.1193 -32.04295 28.84515 -58.74887 -28.28579 26.41972 -58.10027 -28.44191 28.60523 -54.04665 -19.50401 36.02292 -50.36218 -19.38746 40.17017 -53.38299 19.38746 40.17017 -53.38299 18.16677 37.40967 -56.89752 -13.88419 54.99411 -91.03963 -15.51632 59.33298 -94.57771 -22.85658 52.60001 -92.39743 -22.42557 57.15996 -95.58054 -30.57835 56.22956 -89.96992 -29.23448 60.25425 -93.75053 -33.13132 63.60307 -86.26991 -31.33236 66.80042 -90.15837 -29.09815 71.87514 -82.07355 -28.01815 72.96375 -86.90833 -20.66693 74.27155 -80.72253 -20.70541 75.13394 -85.90417 -12.46096 70.63939 -83.14309 -14.3468 72.04227 -87.73537 -10.0013 61.85347 -87.7816 -12.32562 65.49577 -91.32736 -20.99572 32.49205 94.33118 -8e-6 32.88943 100.667 -33.68061 26.28638 113.3409 -14.03228 21.43057 126.9479 -35.67387 17.85008 114.8168 -15.18663 15.43291 128.6379 -33.14417 7.190266 113.4097 -14.22147 8.133196 126.1071 -2e-6 6.693219 98.8723 0 8.521228 129.6667 14.5898 8.133198 126.1304 0 14.11316 133.2471 15.18663 15.43291 128.6379 -3e-6 19.94119 130.428 14.03228 21.43057 126.9479 33.68061 26.28638 113.3409 20.99571 32.49205 94.33118 -26.02975 38.90537 -114.2347 -28.296 43.02172 -117.5108 -35.44843 35.07132 -115.2361 -35.84572 39.94846 -118.3134 -44.72095 38.90538 -113.3032 -43.27828 43.02173 -116.7641 -48.41553 48.16164 -109.5686 -46.23975 50.44125 -113.7706 -44.36795 57.41788 -106.2197 -42.99533 57.86077 -111.0862 -34.94926 61.25195 -105.2184 -35.44559 60.93405 -110.2836 -25.67674 57.41786 -107.1511 -28.01303 57.86076 -111.8328 -21.98215 48.16163 -110.8859 -25.05156 50.44125 -114.8264 35.44843 35.07132 -115.2361 28.296 43.02172 -117.5108 26.02975 38.90537 -114.2347 25.05156 50.44125 -114.8264 21.98215 48.16163 -110.8859 28.01303 57.86076 -111.8328 25.67674 57.41786 -107.1511 35.44559 60.93405 -110.2836 34.94926 61.25195 -105.2184 42.99533 57.86077 -111.0862 44.36795 57.41788 -106.2197 46.23975 50.44125 -113.7706 48.41553 48.16164 -109.5686 43.27828 43.02173 -116.7641 44.72095 38.90538 -113.3032 35.84572 39.94846 -118.3134 22.85658 52.60001 -92.39743 15.51632 59.33298 -94.57771 13.88419 54.99411 -91.03963 12.32562 65.49577 -91.32736 10.0013 61.85347 -87.7816 14.3468 72.04227 -87.73537 12.46096 70.63939 -83.14309 20.70541 75.13394 -85.90417 20.66693 74.27155 -80.72253 28.01815 72.96375 -86.90833 29.09815 71.87514 -82.07355 31.33236 66.80042 -90.15837 33.13132 63.60307 -86.26991 29.23448 60.25425 -93.75053 30.57835 56.22956 -89.96992 22.42557 57.15996 -95.58054 33.99208 10.29735 -26.58891 38.35403 15.09473 -27.92104 34.0283 15.1387 -31.4889 33.99208 19.17178 -27.85518 -33.99208 19.17178 -27.8552 -30.36166 15.21867 -24.10491 -20.51261 19.24861 43.94937 -33.99208 10.29735 -26.58891 -21.34171 8.83218 44.25571 -24.97406 15.04969 42.22658 -33.07119 14.1368 62.64246 -29.33617 16.04688 64.96959 -30.07253 14.42076 70.71642 -11.14878 70.37471 57.68599 -14.51787 59.84801 49.36599 -13.16495 65.67056 48.65358 14.44497 59.81071 49.35912 13.08953 65.67956 48.65251 11.07183 70.3747 57.68598 10.15299 73.22876 54.00836 3.89588 74.01401 59.89059 3.158351 76.20803 57.39722 -3.095451 76.19057 57.39571 -10.23092 73.17319 54.00349 -3.983407 74.014 59.89058 30.58449 14.16045 56.05806 33.70293 16.4283 57.46015 17.04277 15.21867 83.58944 19.27208 18.90504 87.16087 0 17.11412 88.30276 0 19.51286 91.76161 -19.27208 18.90503 87.16086 0 14.09324 98.17896 -21.02847 14.14876 90.79346 -19.27209 9.17576 87.43887 -33.68396 9.421704 57.42242 -30.5845 14.16045 56.05806 33.68396 9.421708 57.42242 19.27209 9.175767 87.43887 0 8.705221 91.01696 -17.04277 15.21867 83.58942 -33.70292 16.4283 57.46013 -37.15271 14.11465 56.18482 24.76448 19.88866 -42.66211 24.76448 25.64561 -36.4624 24.76448 31.40255 -42.66211 -24.83771 25.64561 -36.4624 -24.83771 31.40255 -42.66211 -24.83771 19.88866 -42.66211 -24.83771 25.64561 -48.86181 24.76448 25.64561 -48.86181 -0.008540987 10.95021 102.4222 1.610648 28.1023 101.1442 14.09361 48.72558 63.28956 3.113018 48.1707 75.23845 11.2141 58.63755 71.9733 0.006970942 50.26964 75.6221 -11.28213 58.63754 71.97327 -2.775346 48.17197 75.25171 -14.16109 48.72559 63.28954 -1.677212 28.10229 101.1442 35.43595 21.69002 58.02406 35.40992 16.83161 58.03223 33.1326 12.19113 59.92793 38.55601 16.82709 55.4501 38.52805 12.15048 55.45889 34.16655 16.84362 50.28164 34.13859 12.16702 50.29042 31.02058 16.86632 52.86374 28.74314 12.20767 54.75946 28.80972 24.49289 54.73855 33.19917 24.47636 59.90702 29.33618 16.04688 64.96961 30.07253 14.42077 70.71642 20.51261 19.24862 43.94939 16.57961 15.18629 44.23399 21.34171 8.83218 44.25571 24.97406 15.04969 42.22658 -34.56366 37.47788 -65.37353 -33.42878 34.97509 -62.28423 -34.56366 28.37366 -69.29338 -33.42878 27.79493 -65.37568 -25.20644 28.37366 -69.29338 -26.04908 27.79493 -65.37568 -25.20644 37.47788 -65.37352 -26.04908 34.97509 -62.28421 8.424592 34.75808 57.06536 18.9164 34.33432 58.45479 8.412244 32.30761 58.88581 18.60431 31.49109 59.39257 8.422115 30.50941 56.69979 18.74044 30.26751 55.40409 8.478493 32.66594 55.09689 19.11024 34.16153 55.55609 -21.79281 19.26836 49.59726 -21.22074 29.15232 55.10262 -23.27944 18.85695 46.81078 -22.97441 32.15165 54.32051 -25.22403 15.79429 47.2204 -25.13482 31.06018 55.87021 -23.99508 16.00427 50.09189 -23.04231 30.03853 57.72341 -23.64461 49.66451 -51.97158 -22.07171 45.81447 -48.90057 -24.44809 40.15814 -56.43663 -22.63998 39.61735 -51.85855 -15.6624 39.41107 -56.88532 -16.42616 39.20166 -52.22176 -14.85892 48.97957 -52.54499 -15.85788 45.39878 -49.26379 34.56366 28.37368 -69.29338 33.42878 34.97509 -62.28423 34.56366 37.47788 -65.37353 26.04908 34.97509 -62.28421 25.20644 37.47788 -65.37352 26.04908 27.79493 -65.37568 25.20644 28.37368 -69.29338 33.42878 27.79493 -65.37568 -8.33682 32.30761 58.88581 -18.84096 34.33433 58.4548 -8.349167 34.75808 57.06536 -19.03481 34.16154 55.5561 -8.403069 32.66594 55.09689 -18.66502 30.26752 55.40411 -8.346691 30.50941 56.69979 -18.52888 31.49109 59.39258 23.64461 49.66451 -51.97158 15.85788 45.39878 -49.26379 14.85892 48.97957 -52.54499 16.42616 39.20166 -52.22176 15.6624 39.41107 -56.88532 22.63998 39.61735 -51.85855 24.44809 40.15814 -56.43663 22.07171 45.81447 -48.90057 41.89528 15.05905 7.104406 -41.89528 15.05905 7.104412 41.89528 12.47703 10.40314 -41.89528 12.47703 10.40314 41.89528 15.06322 13.9359 -41.89528 15.06322 13.96566 41.89529 17.87405 10.50777 -41.89529 17.87405 10.50777 28.94278 6.716465 77.08781 21.08842 6.69322 90.79063 50.88024 6.703567 77.89758 45.85849 6.718269 94.84048 53.76157 20.62111 77.85043 47.57919 19.4717 95.41965 44.25076 30.42069 96.00776 -20.9547 36.6647 -39.6362 -18.40778 33.6684 -40.96928 -21.33087 63.94602 -88.38291 -17.06928 38.14988 -42.59963 -18.38406 39.53613 -38.70793 17.06928 38.14988 -42.59963 18.38406 39.53613 -38.70793 21.33087 63.94602 -88.38291 20.9547 36.6647 -39.6362 -28.94279 36.81059 76.70452 -51.75232 34.36913 77.54326 -44.25076 30.42069 96.00776 -53.76156 20.62111 77.85043 -47.5792 19.4717 95.41965 -45.85849 6.718264 94.84048 -10.53683 29.04349 -32.81853 -14.2401 45.63248 -30.96735 0 32.2664 -32.81853 0 48.21109 -30.96735 10.53683 29.04349 -32.81853 14.2401 45.63248 -30.96735 10.53683 29.04349 -59.07269 14.2401 45.63247 -60.92386 0 48.21108 -60.92386 -41.62934 48.43531 -14.20212 -39.5833 40.00945 32.53604 -68.01714 46.8796 -15.37496 -60.94051 37.96316 32.34864 -70.85627 25.09054 -13.50071 -63.67946 21.53709 31.4876 -67.75324 6.519781 -13.8008 -59.2715 6.546271 31.17851 24.0705 16.00427 50.09185 21.86824 19.26835 49.59721 23.35486 18.85694 46.81073 25.29946 15.7943 47.22035 -18.40028 35.33991 -36.49038 18.40028 35.33991 -36.49038 18.40778 33.6684 -40.96928 -35.40992 16.83161 58.03223 -35.43595 21.69002 58.02406 -33.1326 12.19113 59.92793 -33.19917 24.47636 59.90702 -28.74314 12.20767 54.75946 -28.80972 24.49289 54.73855 -31.02058 16.86632 52.86374 -31.0465 21.70656 52.8556 -14.78514 23.71968 -47.14928 -14.78515 30.51766 -42.92959 -49.26767 28.26573 -42.85439 -14.78514 23.74811 -38.47898 -49.26768 25.06831 -40.89082 -49.26768 25.03469 -44.76233 -23.7201 12.0801 -27.89335 -31.49425 11.99977 -69.55968 -26.96019 15.48141 -28.0117 -34.13591 16.03803 -68.84737 -23.72012 19.102 -27.84467 -31.49425 18.52866 -69.55965 -20.88199 16.55958 -27.95876 -27.84253 16.38987 -66.52383 31.0465 21.70656 52.8556 34.19246 21.6829 50.2735 34.20517 24.45225 50.26951 38.58192 21.66636 55.44197 38.59463 24.43571 55.43797 21.08257 16.55239 -27.93933 27.68107 16.38987 -66.52382 23.72712 19.05761 -27.84863 31.33278 18.52866 -69.55965 26.90231 15.48921 -28.01049 33.97445 16.03803 -68.84738 23.72712 12.12449 -27.91278 31.33279 11.99977 -69.55968 -35.29642 21.7481 57.99203 -35.29642 16.81724 57.99203 -36.12635 21.7481 52.19028 -36.12635 16.81724 52.19028 -31.59305 21.7481 52.19028 -31.59305 16.81724 52.19028 -31.59305 21.7481 57.99203 -31.59305 16.81724 57.99203 10.68485 12.04311 -71.6805 10.68485 22.35492 -71.6805 6.981269 7.139943 -71.6805 7.066037 27.10751 -71.6805 -6.926631 7.139943 -71.6805 -6.926631 27.10751 -71.6805 -10.68485 11.90681 -71.6805 -10.68485 22.35492 -71.6805 -38.55601 16.82709 55.4501 -38.52805 12.15048 55.45889 -34.16655 16.84362 50.28164 -34.13859 12.16702 50.29042 -23.52273 14.93356 -7.090199 23.91261 14.93356 -7.090189 -15.78204 17.19288 -25.43701 15.48805 17.19288 -25.437 15.48805 29.33872 -28.79594 25.52516 28.18071 -20.61099 10.83518 54.34412 -29.79875 26.99329 43.61378 -17.52973 17.67382 14.84036 23.52229 26.98177 24.20356 -5.796936 19.39258 26.21733 26.22708 -27.27574 24.20356 -5.796945 -19.5249 26.21733 26.22708 -17.9678 14.84036 23.52229 -25.81915 28.18072 -20.611 -15.78204 29.33872 -28.79594 -11.12915 54.34413 -29.79876 -34.19246 21.6829 50.2735 -34.20517 24.45225 50.26951 -38.58192 21.66636 55.44197 -38.59463 24.43571 55.43797 -3.975041 60.15951 34.04259 -2.650028 61.83271 36.59444 -10.73218 66.5163 34.26474 -5.300057 57.35793 35.25214 -12.33187 63.8151 33.45444 -40.54096 21.89141 31.26724 -43.58639 5.742994 -12.69393 -41.73803 6.58084 30.97881 -21.08841 6.693223 90.79063 -28.9428 6.716475 77.08781 2e-6 53.44732 32.0291 -2.452762 52.31355 33.92042 -2.088552 44.80973 27.84096 2.452766 52.31355 33.9204 2.088555 44.80973 27.84095 30.36166 15.21867 -24.10491 -34.0283 15.13869 -31.4889 21.29617 29.15232 55.10262 23.11774 30.03853 57.7234 22.39148 33.33448 57.83999 0.02364796 56.46041 64.74155 4.856515 45.80411 57.05409 0.02364796 32.27116 91.02357 6.463819 28.66751 67.21019 0.01576495 11.09007 93.18076 6.593812 22.41783 52.83923 4.856515 14.44878 54.45093 -14.87348 26.88195 -24.02904 15.02088 26.88195 -24.02904 -14.87348 7.31674 -24.31395 15.02087 7.316741 -24.31395 -14.45895 5.997625 -31.66649 14.39936 5.997625 -31.66649 5.300055 57.35793 35.25213 2.650028 61.83271 36.59444 0 45.21906 26.56021 -11.19289 51.25007 28.10829 -10e-7 41.11246 27.47095 -13.91549 47.64561 29.43072 0 44.04312 30.48033 -11.19289 49.20527 31.96389 -13.22806 49.33596 -45.94561 -3.757872 51.12881 -45.94561 -14.2401 45.63247 -60.92386 13.22806 49.33596 -45.94561 3.757872 51.12881 -45.94561 -27.28726 43.61378 -17.52974 3.975041 60.1595 34.04258 10.81699 66.6049 34.23467 12.41568 63.90539 33.42488 14.78515 30.51767 -42.92961 49.48027 28.25245 -42.85439 14.78515 23.74812 -38.479 49.48028 25.0816 -40.90639 14.78514 23.86126 -47.08495 49.48029 25.04797 -44.74676 31.36624 16.04421 -71.41567 -31.5277 16.04421 -71.41566 -15.35994 31.67336 -31.69424 -15.63282 31.67336 -49.58559 0 34.69695 -31.67551 0 34.56635 -61.19904 15.78023 31.67336 -49.58559 13.29367 31.67335 -64.82537 33.88084 7.19027 113.4562 35.67386 17.85009 114.8168 11.19289 51.25007 28.10828 13.91549 47.64561 29.43072 11.1929 49.20527 31.96389 13.95731 61.95837 31.49652 17.35233 62.12586 33.6832 13.95731 60.78245 35.41664 21.02847 14.14877 90.79346 6.211586 71.28683 34.24067 7.722511 73.75761 37.11826 6.211586 70.11092 38.16079 -6.211586 71.28684 34.24067 -7.722512 73.75761 37.11827 -6.211589 70.1109 38.16079 -13.95731 61.95838 31.49653 -17.35233 62.12585 33.6832 -13.95731 60.78245 35.41664 23.04983 32.15165 54.3205 25.21025 31.06018 55.87021 -31.09653 11.91886 67.51207 -16.57961 15.18628 44.23399 6.593812 23.41761 -33.11239 4.856515 14.44878 -39.07272 6.593812 22.65222 44.37241 4.856515 14.44878 44.56436 28.94278 36.81058 76.70451 0 54.57394 32.99158 -2.828697 59.3504 34.42438 0 30.09126 91.97733 2.828698 59.3504 34.42438 -50.88025 6.703565 77.89756 -30.12646 13.65617 -24.25225 -11.33795 12.85593 89.10043 -0.002020955 13.65617 -24.11486 11.33976 12.85593 89.10041 30.13479 13.65616 -24.25233 -13.00124 6.780248 -64.84634 13.14875 6.780248 -64.84634 0.146219 19.22679 -68.31301 18.65204 16.0552 -64.84634 15.50736 31.67336 -31.69424 51.75232 34.36913 77.54324 -21.56965 16.12668 -31.67832 21.7173 16.12668 -31.67833 -23.68471 16.33306 -49.58559 -18.50455 16.0552 -64.84635 23.83215 16.33306 -49.58558 -4.80922 45.80411 57.05409 0.02364796 35.14952 53.97203 0.02364796 24.94921 51.64625 -13.14623 31.67336 -64.82538 -38.66408 19.60661 60.14703 -38.66407 12.61565 53.64647 -52.44728 19.60661 53.64647 -38.66407 19.60661 47.1459 -38.66408 26.59758 53.64647 -38.35403 15.09472 -27.92104 38.66408 12.61565 53.64647 38.66408 19.60661 60.14703 52.44728 19.60661 53.64647 38.66408 26.59758 53.64647 38.66408 19.60661 47.1459 -22.31605 33.33448 57.83999 60.94051 37.96316 32.34864 63.67946 21.53709 31.48759 39.5833 40.00945 32.53604 40.54096 21.89141 31.26724 70.85627 25.09054 -13.50071 67.75324 6.519781 -13.8008 59.2715 6.546271 31.17851 -4.80922 14.44878 54.45094 -4.80922 14.44878 44.56437 -6.546517 22.41784 52.83923 -6.546517 22.65223 44.37241 16.32648 34.87286 -35.17711 16.32648 40.725 -38.10813 16.32648 33.03801 -41.03041 16.32648 38.12244 -43.84818 -4.80922 14.44878 -39.07271 -6.546517 23.41761 -33.11239 15.22831 36.00137 -48.92636 15.22831 41.13451 -53.16983 15.22831 32.98505 -54.42969 15.22831 37.55257 -57.97276 -15.22831 37.55257 -57.97276 -15.22831 41.13451 -53.16983 -15.22831 32.98505 -54.42969 -15.22831 36.00137 -48.92636 -16.32648 38.12244 -43.84818 -16.32648 40.725 -38.10813 -16.32648 33.03801 -41.03041 -16.32648 34.87286 -35.17711 41.62934 48.43531 -14.20212 43.58639 5.742994 -12.69543 41.73803 6.58084 30.97881 33.27675 18.78158 52.26425 45.46119 21.06067 53.5933 31.656 22.02814 53.61988 33.34602 18.78159 54.99611 -6.416524 28.66752 67.21019 -33.27675 18.78158 52.26425 -31.656 22.02814 53.61988 -45.46119 21.05457 53.59686 -33.34602 18.78159 54.99611 68.01714 46.8796 -15.37496 35.35806 21.7481 57.99203 36.12635 21.7481 52.19028 35.35806 16.81724 57.99203 36.12635 16.81724 52.19028 31.59305 16.81724 57.99203 31.59305 16.81724 52.19028 31.59305 21.7481 57.99203 31.59305 21.7481 52.19028 37.15272 14.11465 56.18484 11.33976 11.05435 89.10041 30.13479 11.85459 -24.25232 -11.33795 11.05435 89.10042 -30.12647 11.85459 -24.25225 31.09653 11.91886 67.51207 33.07119 14.13681 62.64246 0 32.2664 -59.07269 -10.53683 29.04349 -59.07269</float_array>
          <technique_common>
            <accessor source="#polygon2-mesh-positions-array" count="552" stride="3">
              <param name="X" type="float"/>
              <param name="Y" type="float"/>
              <param name="Z" type="float"/>
            </accessor>
          </technique_common>
        </source>
        <source id="polygon2-mesh-normals">
          <float_array id="polygon2-mesh-normals-array" count="1761">0.4899411 0.830264 0.2657433 -0.7017411 -0.5049296 -0.5025988 -0.7798272 0.01630562 -0.6257824 0.915916 -0.1939697 0.3513883 0.5710774 -0.2347663 0.7866101 -0.2040512 -0.9761183 -0.07453972 0.1038319 -0.1806752 0.9780467 -0.3456616 -0.9350236 -0.07905054 0.3456526 -0.9350277 -0.0790416 0.002626001 0.121603 -0.9925754 0.7798259 0.01629704 -0.6257843 -0.4901738 0.8305773 0.2643314 0.7018207 -0.5048503 -0.5025674 -0.9159176 -0.1939647 0.3513867 0.204052 -0.9761182 -0.07453918 -0.5711235 -0.2347258 0.7865887 -0.1038205 -0.1806806 0.978047 -0.3681056 0.9276571 0.06285452 0.3681009 0.9276587 0.06285709 -0.0933898 0.1312812 -0.9869365 -0.1020485 -0.8198044 -0.5634773 0.310046 0.07847315 -0.9474774 0.6311677 -0.560011 -0.5366705 -0.0784229 -0.2363792 -0.968491 -0.7740095 -0.483295 -0.4090666 -0.4254079 0.1140761 -0.8977832 -0.9975773 0.06378018 0.02778136 -0.5690635 0.4241244 -0.7044752 -0.6702371 0.6805266 0.2960841 -0.3873565 0.7550972 -0.5289455 0.09075206 0.8865164 0.4537101 0.05322343 0.9656999 -0.2541476 0.7794955 0.6015889 0.1745786 0.4082132 0.6993825 -0.5867078 0.9883045 -0.03034085 -0.1494447 0.5009221 0.3651317 -0.7847012 -0.441533 0.7314342 0.519666 0.03057926 0.9596488 -0.2795341 0.1364486 0.9905269 -0.01543718 -0.1264703 0.7635104 0.6332909 -0.650184 0.04242157 0.7585917 -0.3338078 0.1524655 0.9302294 -0.2795243 -0.8172682 0.5039234 -0.2349277 -0.7548995 0.61232 0.002246856 -0.9087086 -0.4174252 9.70914e-4 -0.8422112 0.5391469 0.2342628 -0.7490465 0.619718 8.76284e-4 -0.05313467 0.9985871 0.3313037 0.1617757 0.9295518 0 0.6180723 0.7861213 0.1264548 0.7635043 0.6333013 0.4317526 0.7612803 0.4837788 -0.1569977 0.9851395 -0.06965601 -0.02289706 -0.8774763 -0.4790731 0.2747151 0.03576886 -0.9608602 0.6753547 -0.5311386 -0.5116522 -0.05072432 -0.2501156 -0.9668864 -0.7325509 -0.5683056 -0.3746972 -0.3857462 0.01947247 -0.9223994 -0.9998902 0.0144695 0.003203332 -0.5455052 0.3122996 -0.7777487 -0.7072744 0.6865746 0.1684584 -0.411354 0.6453064 -0.643714 1.66707e-6 0.962683 0.2706319 -0.02361214 0.9034341 -0.4280762 0.7065513 0.7073504 0.0209943 0.3253721 0.6364157 -0.6993626 0.977751 0.0646919 -0.1995444 0.4324866 0.3189165 -0.8433551 -0.6753538 -0.531139 -0.511653 -0.2747135 0.03576743 -0.9608607 0.0228883 -0.877476 -0.4790742 -0.4324865 0.3189144 -0.8433559 -0.9777507 0.0646975 -0.1995444 -0.3253732 0.6364145 -0.6993631 -0.7065512 0.7073505 0.02099406 0.02362418 0.9034346 -0.4280747 4.41447e-7 0.9626832 0.2706314 0.4113688 0.645293 -0.6437178 0.7072739 0.6865749 0.1684595 0.5455047 0.3123038 -0.7777475 0.9998903 0.01447129 0.003203868 0.3857393 0.01946282 -0.9224025 0.7325515 -0.5683056 -0.3746961 0.05072391 -0.2501156 -0.9668864 -0.6311661 -0.560012 -0.5366712 -0.3100584 0.0784859 -0.9474723 0.1020562 -0.8198047 -0.5634756 -0.5009231 0.3651261 -0.7847032 -0.9883047 -0.03033477 -0.1494444 -0.4082003 0.6993969 -0.5866997 -0.7794953 0.6015892 0.1745786 -0.05323147 0.9656994 -0.2541482 -0.09075462 0.8865166 0.453709 0.387351 0.7551013 -0.5289434 0.670198 0.6805697 0.2960736 0.5690655 0.4241186 -0.7044771 0.9975774 0.06377863 0.02778124 0.4254069 0.1140749 -0.8977839 0.7740106 -0.4832941 -0.4090654 0.07842266 -0.236379 -0.968491 0.3496577 0.09299123 -0.9322512 0.9228577 0.1150074 -0.3675693 0.212588 -0.9405363 -0.264949 0.1368787 0.9708946 -0.1965402 -0.1369314 0.9708868 -0.196542 0.7752617 0.1358622 0.6168556 0.02386051 0.9970733 0.07263231 -0.2125744 -0.9405369 -0.2649574 0.0083884 -0.9986241 0.05176615 -0.9898097 0.1182482 -0.07933557 -0.9152336 0.1079789 -0.3881857 0.004196882 0.9895182 0.1443475 0.8107363 0.09533292 0.5775972 -0.7130974 0.4494056 -0.538077 -0.8348937 -0.1802276 -0.5200679 -0.6886615 0.422569 0.5892206 0.8346654 -0.1811651 -0.5201085 0.7146557 0.4473413 -0.5377296 0.6890279 0.4185116 0.5916829 0.4769101 0.8270997 -0.2974272 0.2245975 0.3893583 0.893284 0.2418937 0.9464676 0.2137442 -0.2424796 0.9476775 0.207632 -0.4742878 0.8275067 -0.3004728 -0.2251678 0.3946493 0.890815 -0.6142716 0.2059918 -0.7617334 0.1013926 0.9948396 -0.003718733 -0.9089347 0.1472709 -0.3900629 0.09638369 0.9947999 0.03291821 5.81984e-6 0.2206286 -0.975358 4.01307e-6 0.9977875 0.06648325 -0.09638333 0.9947997 0.03292042 0 -0.00731635 0.9999733 -0.7051366 0.04157334 0.7078518 -0.01220148 -0.9970909 -0.07523906 -0.01770657 -0.9998026 0.00902307 0.9089346 0.1472708 -0.3900633 0.0121963 -0.9970914 -0.07523417 0.01770436 -0.9998025 0.009023547 9.47155e-7 -0.9891647 -0.1468102 0.6142704 0.2059931 -0.7617341 -0.1013913 0.9948397 -0.00371927 -0.9298823 0.07526224 0.3600758 0.8457084 0.463676 0.2641624 0.848093 -1.59144e-5 0.5298475 1 0 0 -0.6249144 -6.02208e-6 0.7806934 -0.8456949 0.4636856 0.264189 -0.8457213 -0.4636663 -0.2641384 -0.6248614 -2.15322e-6 -0.7807357 0.8457123 -0.4636709 -0.2641591 0.6248614 -2.55369e-6 -0.7807357 0.9542543 -0.2763741 0.1140885 0.5576812 0.4767671 0.679474 -5.48922e-5 -0.9999751 -0.007070004 0.5894797 0.3165938 0.7431568 0.4980361 0.4511119 0.7405796 -0.01006287 0.5961406 0.8028171 -0.4994219 0.4404899 0.7460204 -0.5956563 0.3060891 0.7426326 -0.9529427 -0.2791729 0.1181637 -0.5633115 0.4781118 0.6738615 0.2079933 -0.4057083 0.8900223 0.639508 -0.004100263 0.7687735 0.6395007 -0.004107356 0.7687795 0.9960734 -0.007439017 0.08821797 0.808583 -0.5838354 0.07300484 0.08819627 0.001099646 -0.9961026 0.0686658 -0.5776016 -0.8134258 -0.6395084 0.004065871 -0.7687734 -0.838186 -0.4064284 -0.3636759 -0.8332942 0.4149489 -0.3652921 0.2128427 0.40595 0.8887648 -0.023871 0.997073 0.07263356 -0.8107357 0.09533578 0.5775974 0.004201889 0.9895167 0.1443578 -0.9771305 0.09082216 0.1922689 -0.008428871 -0.9986245 0.05175238 0.9898099 0.1182473 -0.07933467 -0.6741266 -0.7370559 0.04797965 -0.4643059 0.130323 0.8760343 -0.6720194 0.5205259 0.5267284 -0.4662419 -0.7280288 0.5025858 0.6979289 -0.7123314 -0.07402247 0.4849829 -0.729931 0.481656 0.7117374 0.5684823 0.4126232 0.4829659 0.146667 0.8632687 -0.4510574 0.05383312 0.89087 0.1118657 0.7684831 0.6300159 -0.4345522 0.9006465 -5.50978e-4 0.06780272 -0.4487765 0.8910682 -0.4577885 -0.8880608 0.04216665 -0.2105767 -0.8675031 -0.4506617 -0.4088445 0.04644131 -0.9114216 0.09351223 0.7587183 -0.6446721 0.04528307 0.5433741 -0.8382685 0.8922268 -0.4145957 -0.1790023 0.7356028 0.5051991 0.4512897 -0.1609612 0.6679934 -0.7265509 -0.8031697 -0.01391458 -0.5955879 -0.9180604 0.3595523 0.1669948 -0.05216842 -0.2254715 0.9728521 -0.1405579 -0.5232567 0.8405034 -0.7364079 -0.6763201 -0.01716309 -0.3726097 0.05968737 0.9260667 -0.6132092 0.479904 0.6274286 -0.4556042 -0.7002418 0.5496237 0.6377661 -0.7553967 -0.1504337 0.4445965 -0.7622478 0.4704383 0.7575686 0.4205341 0.4992403 0.5201374 0.03166776 0.8534953 0.672021 0.5205233 0.5267289 0.4643028 0.1303252 0.8760355 0.6741243 -0.7370583 0.0479744 -0.4829663 0.1466664 0.8632686 -0.7117383 0.5684813 0.412623 -0.4849843 -0.7299308 0.4816549 -0.6979315 -0.7123287 -0.07402437 0.4662434 -0.7280288 0.5025846 0.4345542 0.9006457 -5.62273e-4 -0.1118839 0.7684738 0.630024 0.4510582 0.05383348 0.8908696 -0.09351176 0.7587186 -0.6446717 0.4088436 0.04645496 -0.9114214 0.2105659 -0.8675082 -0.4506569 0.4577819 -0.8880645 0.04215639 -0.06780028 -0.4487783 0.8910675 -0.7575692 0.4205331 0.4992403 -0.520137 0.03166961 0.8534956 0.6132035 0.4799113 0.6274287 -0.4445958 -0.7622494 0.4704366 -0.6377663 -0.7553966 -0.1504335 0.4556087 -0.7002365 0.5496269 0.7364025 -0.6763259 -0.01717078 0.3726101 0.05968677 0.9260665 7.0653e-5 -0.9865679 -0.163352 -7.64236e-7 0.1569359 -0.9876089 6.52035e-5 0.1569189 -0.9876115 1.38841e-4 -0.9865742 -0.1633136 1.9976e-4 0.01433587 0.9998973 1.20633e-4 0.01432168 0.9998975 1.43005e-4 0.9997832 -0.02082335 6.11382e-5 0.9997836 -0.02080488 0.3982729 -0.873597 -0.2796553 -0.2901057 -0.9077013 -0.3031784 -0.3105518 -0.3674886 -0.8766468 0.7032695 -0.5841068 0.4052547 0.9823178 0.1047877 -0.1551495 0.8411576 0.1681508 0.5139837 0.5846408 0.7016481 0.4072899 0.866557 0.3006726 -0.3983403 -0.189587 -0.9354633 -0.2982702 -0.9432459 -0.09862995 0.3171109 0.7528751 0.2752638 -0.5978369 -0.1534607 0.8409799 0.5188475 -0.7528768 0.2752582 -0.5978375 0.1534116 0.8409915 0.5188432 -0.8665581 0.3006469 -0.3983573 0.9432459 -0.09862983 0.317111 -0.4757412 0.8768802 -0.06893157 0.4442712 0.5674746 -0.6932502 -0.6206833 0.6621685 0.4198633 -0.9823073 0.1048236 -0.1551914 -0.8411551 0.1681455 0.5139896 -0.6976526 -0.5904136 0.4058236 -5.31599e-6 -0.1274239 0.9918484 -0.7541214 0.5497425 0.359283 -0.7723177 -0.2555494 0.5815668 -4.12762e-6 0.9290931 0.3698459 0.7722948 -0.2555414 0.5816009 0.7541079 0.5497518 0.3592968 0.7723012 -0.2555429 -0.5815915 0.7541062 0.5497481 -0.3593063 -6.40005e-6 0.9290918 -0.3698492 -0.4847201 0.8584359 -0.1677331 0.3619254 0.7335842 0.575208 0.6934403 0.2283642 -0.6833669 -0.5339542 0.4720987 0.7014383 -0.5844186 -0.05454039 -0.8096174 -0.6326779 -0.03759521 0.7735019 -0.5585285 -0.6584709 -0.5044422 -0.5275651 -0.5816174 0.61919 -0.7355965 0.5052063 0.4512919 0.05219334 -0.2254732 0.9728503 -0.04528099 0.5433641 -0.8382752 0.8031698 -0.01390051 -0.595588 -0.4966179 -0.3007091 0.8142142 0.4965635 -0.3007301 0.8142396 0.1987874 -0.9324447 -0.3017128 -0.2079834 -0.4056954 0.8900305 -0.6395008 -0.004107415 0.7687796 -0.639508 -0.004100263 0.7687736 -0.2128346 0.4059398 0.8887712 0.8381961 -0.4064149 -0.3636677 0.833303 0.4149374 -0.365285 0.6395045 0.004113733 -0.7687764 0.6395124 0.004071295 -0.76877 -0.07105195 0.9974142 -0.01079803 -0.0710619 0.9974135 -0.01079404 -0.06709468 0.02098983 -0.9975258 -0.06587713 0.04282498 0.9969084 -0.07898342 -0.4844832 0.8712277 -0.07921528 -0.4964184 -0.8644616 -0.9743152 0.04846179 0.2199125 -0.199621 -0.9324743 -0.3010703 0.05465644 -0.9984597 -0.009531438 -0.9222166 0.08428126 -0.377377 -0.05088925 0.9986385 0.0114727 -0.1771959 0.9540346 -0.2417015 0.9640992 0.1554622 -0.2152772 0.7657357 0.2586128 0.5888704 -0.6395124 0.004071414 -0.76877 0.0882067 0.001065433 -0.9961016 0.07548213 0.5746533 -0.8149087 0.9960828 -0.007259905 0.08812785 0.8154534 0.5744761 0.0708037 0.0474413 0.9988102 0.01129269 -0.7672026 0.2585638 0.5869796 -0.964569 0.1560053 -0.2127656 0.1758989 0.9541805 -0.2420728 0.9745259 0.04925191 0.2188006 0.9220018 0.08464956 -0.3778191 -0.05791586 -0.998279 -0.009220421 0.1987928 -0.9324459 -0.3017053 -0.7555155 0 -0.6551309 -0.989923 0 0.1416073 -0.989923 0 0.1416073 -0.7555156 0 -0.6551309 0.7071068 0 -0.7071068 3.98856e-4 2.65937e-4 -0.9999999 3.98868e-4 2.65919e-4 -0.9999999 3.98864e-4 2.65925e-4 -0.9999999 4.01115e-4 2.67581e-4 -0.9999999 4.01101e-4 2.67603e-4 -0.9999999 4.01072e-4 2.67645e-4 -0.9999999 3.98873e-4 2.65912e-4 -0.9999999 3.98854e-4 2.6594e-4 -0.9999999 3.98858e-4 2.65934e-4 -0.9999999 3.98856e-4 2.65937e-4 -0.9999999 3.98855e-4 2.65938e-4 -0.9999999 3.9885e-4 2.65946e-4 -0.9999999 3.98876e-4 2.65907e-4 -0.9999999 3.98867e-4 2.6592e-4 -0.9999999 3.98888e-4 2.6589e-4 -0.9999999 3.98864e-4 2.65926e-4 -0.9999999 3.98852e-4 2.65943e-4 -0.9999999 3.98861e-4 2.6593e-4 -0.9999999 -0.9960762 -0.00737971 0.08819174 -0.8085831 -0.5838355 0.07300502 -0.08819615 0.001099586 -0.9961026 -0.06866592 -0.5776016 -0.8134257 -0.4133352 -0.6058316 -0.6797957 0.7813708 -0.6072247 -0.1440073 -0.7655208 -0.6276859 -0.1413798 0.411407 -0.6002175 -0.6859177 0.3313488 -0.1155499 -0.936406 0.8249827 -0.1632202 -0.5410756 0.5324598 0.6807587 -0.503045 0.9323493 0.3590367 -0.04263341 0.7763621 0.4500938 0.4412231 0.5905375 -0.30828 0.7458076 0.6062707 0.326335 0.7252182 -0.7838275 0.4346767 0.4434757 -0.6094812 0.3158667 0.7271596 -0.5885593 -0.3219226 0.7415955 -0.8229266 -0.1766299 -0.5399944 -0.3313767 -0.1155232 -0.9363994 -0.5324687 0.6807228 -0.503084 -0.08822578 0.001003086 -0.9961 -0.07548254 0.5746534 -0.8149086 -0.9960795 -0.007318556 0.08815896 -0.8154534 0.574476 0.0708037 0.3418026 0.6678722 -0.6611488 0.1509447 0.8148875 0.5596195 -0.00306195 0.2798003 -0.9600535 -0.5328943 -0.5879432 0.6085611 -0.2548353 -0.2476911 -0.9347236 0.8550183 -0.07561445 0.5130558 0.6387224 -0.3476119 -0.6864399 0.5937971 -0.5774632 0.5603047 0.2910467 -0.9076519 -0.3024236 0.3100921 -0.3677813 -0.8766868 -0.659367 0.2578981 -0.7062038 -0.8916432 -0.3821964 0.2426895 -0.003047645 0.2797803 -0.9600592 0.8916453 -0.3821942 0.2426859 0.6593717 0.2578731 -0.7062085 -0.7752569 0.1358917 0.6168551 -0.3496806 0.0930413 -0.9322375 0.1405544 -0.5232553 0.8405049 -0.892225 -0.4146015 -0.1789977 0.5376572 0.6900547 0.4845094 1.7773e-4 0.6181136 0.7860888 0.7565312 0.5350967 -0.3759416 0 0.9626786 0.2706472 0.9787181 0.1317866 0.1573001 3.09799e-4 -0.1460929 0.9892709 0.9747311 0.1594868 -0.1564076 0.9783045 -0.2006749 0.05147868 -0.4555492 -0.4321611 0.7782749 0.3815373 0.6080173 0.6962359 -0.3819037 0.6078512 0.6961801 0.4555789 -0.4321654 0.7782551 -0.5188038 -0.8530596 0.05596435 0.5134043 -0.8565657 0.05207258 0.5331252 -0.5877851 0.6085115 -0.1521518 0.8143942 0.5600107 1.29268e-6 -0.9547811 -0.2973099 0.3693892 0.5327891 -0.7613721 -1.45156e-5 0.7086413 -0.7055689 -0.7939427 -0.5821951 -0.1752256 3.80352e-6 0.1127039 0.9936287 0.337694 -0.01453667 0.9411438 -0.3995788 0.9166989 -2.19345e-5 0.05126857 0.9986838 0.00150448 -0.7541254 0.549733 -0.359289 0.3995788 0.9166989 2.09808e-5 -0.05126851 0.9986839 -0.001505017 -0.9323681 0.3589962 -0.04256159 -0.3465136 0.665071 -0.6615201 -0.003050744 0.2797963 -0.9600546 0.2522491 -0.2491982 -0.9350244 0.06509882 0.04316169 0.996945 0.07116943 0.9974122 -0.0101906 0.07116496 0.9974126 -0.01019275 0.07788419 -0.4895036 0.8685162 0.06592899 0.02207195 -0.9975802 0.07696032 -0.4916331 -0.8673951 0.3515497 0.1045342 -0.9303147 -0.3515768 0.1045693 -0.9303005 -5.59375e-4 0.9742121 0.2256336 -0.9051557 0.4156416 -0.08908045 -0.7538933 0.6305128 0.1846573 -5.55098e-4 0.9362632 -0.351299 0.9049994 0.4159811 -0.08908396 0.4076972 0.5132581 -0.7552147 0.2855252 -0.8084477 0.5146725 0.651929 0.05499875 0.7562829 0.7939521 -0.5821813 -0.1752284 -0.3694005 0.5327984 -0.7613601 -0.3377016 -0.01453626 0.941141 0.9758476 0.2082323 0.06603676 -0.4296453 0.1645907 -0.887871 -0.4240543 -0.3451045 0.8373057 0.7051369 0.04157119 0.7078515 0.4394299 0.8611547 0.2555658 -0.1918292 -0.1244064 -0.9735115 -0.1918177 -0.6352502 0.7481065 -0.4394568 0.8611448 0.2555535 0.1918503 -0.12441 -0.9735069 0.1918363 -0.6352297 0.748119 -0.9758537 0.2082036 0.06603717 0.4296396 0.1646195 -0.8878684 0.4240809 -0.3451145 0.8372882 0.1609637 0.6679954 -0.7265487 0.9180589 0.3595585 0.16699 0.01387548 -0.9949597 0.09931164 0.9771316 0.09077155 0.1922873 0.875079 0.4838486 0.01128166 0.9810162 -0.1939099 -0.00250256 0.6090748 0.7931085 -0.00263381 0.9810129 -0.1939266 -0.002499461 -0.4708113 0.582081 -0.6629619 7.43195e-6 -0.5077893 0.8614814 -0.8645719 0.399922 0.3042662 3.68059e-6 -0.8864467 -0.4628307 0.864572 0.3999219 0.3042662 -0.3982786 -0.8735961 -0.2796501 3.22208e-5 -0.9999752 -0.007064878 0 -0.9999751 -0.007068097 -3.25741e-5 -0.9999752 -0.007064819 3.74153e-4 3.00311e-4 -0.9999999 0.4531088 -0.6547132 -0.605015 -0.4534239 -0.6535721 -0.6060119 0.4819883 -0.4751765 -0.736135 -0.003056168 0.2797827 -0.9600585 -0.003057003 0.279783 -0.9600585 -0.003056347 0.2797827 -0.9600585 0.7534754 0.6310086 0.1846699 0.4300295 0.9015539 -0.04770153 -0.6958419 -0.6778718 0.2372636 0.6958168 -0.6778911 0.2372819 -0.6993842 -0.6949518 -0.1670441 -0.4819903 -0.4751701 -0.7361378 0.6994087 -0.6949315 -0.1670261 -0.7565313 0.5350969 -0.3759415 -1.93343e-6 0.2565987 -0.9665181 3.76278e-7 0.805887 -0.5920694 -0.4081254 0.5130631 -0.755116 -1 -5.0526e-7 0 0.2603055 -0.9655263 -7.62939e-6 0.2431908 -5.15513e-7 0.9699786 0.2431914 -1.4089e-5 -0.9699784 0.2603046 0.9655266 8.08015e-6 -0.9228565 0.1150026 -0.3675736 1 -6.49619e-7 2.8872e-7 -0.243191 -1.40555e-5 0.9699785 -0.2603051 -0.9655264 2.41178e-7 -0.2603048 0.9655266 -7.51391e-6 -0.243191 1.31726e-5 -0.9699785 -0.5376573 0.6900553 0.4845085 -0.3619251 0.7335842 0.5752082 0.6327102 -0.03760766 0.773475 0.5339545 0.4720983 0.7014385 -0.8550119 -0.07562321 0.5130651 0.5585744 -0.6584171 -0.5044617 0.5844848 -0.05456358 -0.809568 0.5275952 -0.5815804 0.6191993 -0.9747109 0.1595404 -0.1564787 -0.9792256 -0.2027643 -0.001953959 -0.9783184 -0.2006798 0.05119335 -0.8750766 0.4838534 0.01127189 1 -2.0892e-7 0 -0.6090954 0.7930926 -0.002628624 -0.9792262 -0.2027617 -0.001953959 1 3.71722e-7 0 1 0 0 -1 0 0 -1 2.78791e-7 0 -0.6934612 0.2283725 -0.683343 -0.6387274 -0.3475955 -0.6864436 -0.5938177 -0.5774464 0.5603001 0.07116502 0.9974125 -0.01019757 0.7948766 -0.6062071 -0.02615886 0.02599972 0.3962112 -0.9177913 0.1948863 -0.5269186 0.8272704 -0.9786676 0.132169 0.1572932 -0.7948755 -0.6062247 -0.02578264 -0.07104039 0.9974147 -0.01082819 -0.02642416 0.3963863 -0.9177036 -0.1944492 -0.5270035 0.8273191 0.4854977 0.8580763 -0.1673239 7.52509e-7 0.6451734 0.7640361 0 0.6451734 0.7640361 -5.01593e-7 0.6451734 0.7640361 0 0.6451734 0.7640361 3.12924e-7 0.6451734 0.7640361 -4.69992e-7 0.6451734 0.7640361 0 0.4478186 0.8941245 0 0.4478181 0.8941247 -5.69038e-7 -0.4477151 -0.8941764 0 -0.4477151 -0.8941764 2.00812e-6 -0.4477151 -0.8941764 0 -0.4477151 -0.8941764 -1.65822e-6 -0.447715 -0.8941763 2.53996e-6 -0.4477151 -0.8941764 6.482e-7 -0.5975435 -0.8018365 0 -0.5975435 -0.8018365 9.27216e-7 -0.5975435 -0.8018365 0 -0.5975439 -0.8018363 -1.62772e-6 -0.597544 -0.8018363 1.34319e-6 -0.5975439 -0.8018363 9.75864e-4 -0.8422279 0.5391209 9.76896e-4 -0.8422279 0.5391209 9.80764e-4 -0.8422279 0.5391209 9.77508e-4 -0.8422282 0.5391204 9.74897e-4 -0.8422281 0.5391204 9.75849e-4 -0.8422282 0.5391204 0 0.7902742 -0.6127535 -2.56127e-7 0.7902742 -0.6127535 8.95365e-7 0.7902742 -0.6127535 0 0.7902742 -0.6127535 -3.25264e-7 0.7902742 -0.6127535 -7.68381e-7 0.7902742 -0.6127535 0.9913457 0 0.1312781 0.7520897 0 -0.6590608 0.9913457 0 0.131278 0.7520898 0 -0.6590607 -0.7071068 0 -0.7071068 0.9298823 0.07525968 0.3600761 0 -0.9999751 -0.007059574 0 -0.9999751 -0.007059514 -0.01387643 -0.9949596 0.09931153 0.9152333 0.1079832 -0.3881852 0 -0.9264284 0.376471 -3.413e-6 -0.9264284 0.3764709 3.92305e-6 -0.9264285 0.376471 0 -0.9264276 0.3764731 6.10947e-6 -0.9264275 0.3764732 5.05245e-6 -0.9264276 0.3764732 0 0.9107576 -0.4129415 0 0.9107581 -0.4129406 0 -0.1274257 -0.9918481 -0.7722947 -0.255541 -0.581601 0.184351 -0.9828494 -0.004670679 -0.1838757 -0.9829385 -0.004659414</float_array>
          <technique_common>
            <accessor source="#polygon2-mesh-normals-array" count="587" stride="3">
              <param name="X" type="float"/>
              <param name="Y" type="float"/>
              <param name="Z" type="float"/>
            </accessor>
          </technique_common>
        </source>
        <source id="polygon2-mesh-map-0">
          <float_array id="polygon2-mesh-map-0-array" count="5292">0.8914795 0.3015137 0.7799072 0.06420898 0.895874 0.2827148 0.7713623 0.3414307 0.7799072 0.06420898 0.8914795 0.3015137 0.8858643 0.3405762 0.7713623 0.3414307 0.8914795 0.3015137 0.8963623 0.2843018 0.7713623 0.3414307 0.8858643 0.3405762 0.9429932 0.34021 0.8963623 0.2843018 0.8858643 0.3405762 0.9481201 0.2825928 0.8963623 0.2843018 0.9429932 0.34021 0.9481201 0.2825928 0.9481201 0.2825928 0.9429932 0.34021 0.9455567 0.2824707 0.9481201 0.2825928 0.9481201 0.2825928 0.895874 0.2827148 0.9455567 0.2824707 0.9481201 0.2825928 0.8914795 0.3015137 0.9455567 0.2824707 0.895874 0.2827148 0.7799072 0.06420898 0.8914795 0.3015137 0.895874 0.2827148 0.7713623 0.3414307 0.8914795 0.3015137 0.7799072 0.06420898 0.8963623 0.2843018 0.7713623 0.3414307 0.7799072 0.06420898 0.8858643 0.3405762 0.7713623 0.3414307 0.8963623 0.2843018 0.9429932 0.34021 0.8858643 0.3405762 0.8963623 0.2843018 0.9466553 0.3012695 0.8858643 0.3405762 0.9429932 0.34021 0.9466553 0.3012695 0.9466553 0.3012695 0.9429932 0.34021 0.9455567 0.2824707 0.9466553 0.3012695 0.9466553 0.3012695 0.9455567 0.2824707 0.9455567 0.2824707 0.9466553 0.3012695 0.9481201 0.2825928 0.9455567 0.2824707 0.9455567 0.2824707 0.895874 0.2827148 0.9481201 0.2825928 0.9455567 0.2824707 0.8963623 0.2843018 0.9481201 0.2825928 0.895874 0.2827148 0.7799072 0.06420898 0.8963623 0.2843018 0.895874 0.2827148 0.7713623 0.3414307 0.8963623 0.2843018 0.7799072 0.06420898 0.1079102 0.01440429 0.1241455 -0.09143066 0.1241455 -0.09143066 0.1079102 0.01440429 0.1241455 -0.09143066 0.1079102 0.01440429 0.1317139 0.1066895 0.1079102 0.01440429 0.1079102 0.01440429 0.1385498 0.107666 0.1079102 0.01440429 0.1317139 0.1066895 0.2009277 0.12854 0.1385498 0.107666 0.1317139 0.1066895 0.2009277 0.12854 0.1385498 0.107666 0.2009277 0.12854 0.2508545 0.08630371 0.2009277 0.12854 0.2009277 0.12854 0.2508545 0.08630371 0.2009277 0.12854 0.2508545 0.08630371 0.263916 -0.006225585 0.2508545 0.08630371 0.2508545 0.08630371 0.263916 -0.006225585 0.2508545 0.08630371 0.263916 -0.006225585 0.2496338 -0.08886718 0.263916 -0.006225585 0.263916 -0.006225585 0.2496338 -0.08886718 0.263916 -0.006225585 0.2496338 -0.08886718 0.1942139 -0.1318359 0.2496338 -0.08886718 0.2496338 -0.08886718 0.1942139 -0.1318359 0.2496338 -0.08886718 0.1942139 -0.1318359 0.1241455 -0.09143066 0.1942139 -0.1318359 0.1942139 -0.1318359 0.1241455 -0.09143066 0.1942139 -0.1318359 0.1241455 -0.09143066 0.6645508 0.1643066 0.4893799 0.2912598 0.600708 0.3348389 0.5574951 0.05810546 0.4893799 0.2912598 0.6645508 0.1643066 0.668457 0.009887695 0.5574951 0.05810546 0.6645508 0.1643066 0.5626221 -3.66211e-4 0.5574951 0.05810546 0.668457 0.009887695 0.6604004 -0.06140136 0.5626221 -3.66211e-4 0.668457 0.009887695 0.5596924 -0.06127929 0.5626221 -3.66211e-4 0.6604004 -0.06140136 0.4848633 -0.2004395 0.5596924 -0.06127929 0.6604004 -0.06140136 0.482666 -0.06103515 0.5596924 -0.06127929 0.4848633 -0.2004395 0.5596924 -0.06127929 0.482666 -0.06103515 0.4848633 -0.2004395 0.4815674 -4.88281e-4 0.482666 -0.06103515 0.5596924 -0.06127929 0.5626221 -3.66211e-4 0.4815674 -4.88281e-4 0.5596924 -0.06127929 0.4825439 0.0559082 0.4815674 -4.88281e-4 0.5626221 -3.66211e-4 0.5574951 0.05810546 0.4825439 0.0559082 0.5626221 -3.66211e-4 0.4893799 0.2912598 0.4825439 0.0559082 0.5574951 0.05810546 0.6645508 0.1643066 0.4893799 0.2912598 0.5574951 0.05810546 0.600708 0.3348389 0.4893799 0.2912598 0.6645508 0.1643066 0.1079102 0.01440429 0.1241455 -0.09143066 0.1241455 -0.09143066 0.1079102 0.01440429 0.1241455 -0.09143066 0.1079102 0.01440429 0.1317139 0.1066895 0.1079102 0.01440429 0.1079102 0.01440429 0.1317139 0.1066895 0.1079102 0.01440429 0.1317139 0.1066895 0.2009277 0.12854 0.1317139 0.1066895 0.1317139 0.1066895 0.2009277 0.12854 0.1317139 0.1066895 0.2009277 0.12854 0.2508545 0.08630371 0.2009277 0.12854 0.2009277 0.12854 0.2508545 0.08630371 0.2009277 0.12854 0.2508545 0.08630371 0.263916 -0.006225585 0.2508545 0.08630371 0.2508545 0.08630371 0.263916 -0.006225585 0.2508545 0.08630371 0.263916 -0.006225585 0.2496338 -0.08886718 0.263916 -0.006225585 0.263916 -0.006225585 0.2496338 -0.08886718 0.263916 -0.006225585 0.2496338 -0.08886718 0.1942139 -0.1318359 0.2496338 -0.08886718 0.2496338 -0.08886718 0.1942139 -0.1318359 0.2496338 -0.08886718 0.1942139 -0.1318359 0.1241455 -0.09143066 0.1942139 -0.1318359 0.1942139 -0.1318359 0.1241455 -0.09143066 0.1942139 -0.1318359 0.1241455 -0.09143066 0.1241455 -0.09143066 0.1241455 -0.09143066 0.1079102 0.01440429 0.1942139 -0.1318359 0.1241455 -0.09143066 0.1241455 -0.09143066 0.1942139 -0.1318359 0.1942139 -0.1318359 0.1241455 -0.09143066 0.2496338 -0.08886718 0.1942139 -0.1318359 0.1942139 -0.1318359 0.2496338 -0.08886718 0.2496338 -0.08886718 0.1942139 -0.1318359 0.263916 -0.006225585 0.2496338 -0.08886718 0.2496338 -0.08886718 0.263916 -0.006225585 0.263916 -0.006225585 0.2496338 -0.08886718 0.2508545 0.08630371 0.263916 -0.006225585 0.263916 -0.006225585 0.2508545 0.08630371 0.2508545 0.08630371 0.263916 -0.006225585 0.2009277 0.12854 0.2508545 0.08630371 0.2508545 0.08630371 0.2009277 0.12854 0.2009277 0.12854 0.2508545 0.08630371 0.1317139 0.1066895 0.2009277 0.12854 0.2009277 0.12854 0.1317139 0.1066895 0.1317139 0.1066895 0.2009277 0.12854 0.1079102 0.01440429 0.1317139 0.1066895 0.1317139 0.1066895 0.1079102 0.01440429 0.1079102 0.01440429 0.1317139 0.1066895 0.1241455 -0.09143066 0.1079102 0.01440429 0.1079102 0.01440429 0.1241455 -0.09143066 0.1241455 -0.09143066 0.1079102 0.01440429 0.1942139 -0.1318359 0.1241455 -0.09143066 0.1241455 -0.09143066 0.1942139 -0.1318359 0.1942139 -0.1318359 0.1241455 -0.09143066 0.2496338 -0.08886718 0.1942139 -0.1318359 0.1942139 -0.1318359 0.2496338 -0.08886718 0.2496338 -0.08886718 0.1942139 -0.1318359 0.263916 -0.006225585 0.2496338 -0.08886718 0.2496338 -0.08886718 0.263916 -0.006225585 0.263916 -0.006225585 0.2496338 -0.08886718 0.2508545 0.08630371 0.263916 -0.006225585 0.263916 -0.006225585 0.2508545 0.08630371 0.2508545 0.08630371 0.263916 -0.006225585 0.2009277 0.12854 0.2508545 0.08630371 0.2508545 0.08630371 0.2009277 0.12854 0.2009277 0.12854 0.2508545 0.08630371 0.1385498 0.107666 0.2009277 0.12854 0.2009277 0.12854 0.1317139 0.1066895 0.1385498 0.107666 0.2009277 0.12854 0.1079102 0.01440429 0.1385498 0.107666 0.1317139 0.1066895 0.1079102 0.01440429 0.1079102 0.01440429 0.1317139 0.1066895 0.1241455 -0.09143066 0.1079102 0.01440429 0.1079102 0.01440429 0.7719727 0.3331299 0.7617188 0.2810059 0.7905273 0.2802734 0.7935791 0.2965088 0.7617188 0.2810059 0.7719727 0.3331299 0.7935791 0.2965088 0.7935791 0.2965088 0.7719727 0.3331299 0.8110352 0.2416992 0.7935791 0.2965088 0.7935791 0.2965088 0.7928467 -0.3012695 0.8110352 0.2416992 0.7935791 0.2965088 0.7905273 0.2802734 0.8110352 0.2416992 0.7928467 -0.3012695 0.7928467 -0.3044434 0.7905273 0.2802734 0.7928467 -0.3012695 0.7731934 -0.3491211 0.7905273 0.2802734 0.7928467 -0.3044434 0.850708 -0.3594971 0.7731934 -0.3491211 0.7928467 -0.3044434 0.7928467 -0.3012695 0.7731934 -0.3491211 0.850708 -0.3594971 0.8525391 -0.3012695 0.7928467 -0.3012695 0.850708 -0.3594971 0.864502 -0.2502441 0.7928467 -0.3012695 0.8525391 -0.3012695 0.7255859 0.3897705 0.72229 0.3736572 0.7225342 0.3640137 0.7650146 0.373291 0.72229 0.3736572 0.7255859 0.3897705 0.760498 0.3897705 0.7650146 0.373291 0.7255859 0.3897705 0.7655029 0.3637695 0.7650146 0.373291 0.760498 0.3897705 0.7570801 0.4165039 0.7655029 0.3637695 0.760498 0.3897705 0.7543945 0.3730469 0.7655029 0.3637695 0.7570801 0.4165039 0.7526855 0.4162598 0.7543945 0.3730469 0.7570801 0.4165039 0.7351074 0.416626 0.7543945 0.3730469 0.7526855 0.4162598 0.7287598 0.4176025 0.7351074 0.416626 0.7526855 0.4162598 0.7333984 0.3735352 0.7351074 0.416626 0.7287598 0.4176025 0.7225342 0.3640137 0.7333984 0.3735352 0.7287598 0.4176025 0.9163818 -0.2502441 0.8587646 -0.3012695 0.8702393 -0.2502441 0.9090576 -0.3012695 0.8587646 -0.3012695 0.9163818 -0.2502441 1.025269 -0.2502441 0.9090576 -0.3012695 0.9163818 -0.2502441 1.027344 -0.3012695 0.9090576 -0.3012695 1.025269 -0.2502441 0.9090576 -0.3012695 1.027344 -0.3012695 1.025269 -0.2502441 1.02771 -0.3594971 1.027344 -0.3012695 0.9090576 -0.3012695 0.9078369 -0.3594971 1.02771 -0.3594971 0.9090576 -0.3012695 0.9090576 -0.3044434 1.02771 -0.3594971 0.9078369 -0.3594971 0.8587646 -0.3044434 0.9090576 -0.3044434 0.9078369 -0.3594971 0.8702393 -0.2502441 0.9090576 -0.3044434 0.8587646 -0.3044434 0.9090576 -0.3044434 0.8702393 -0.2502441 0.8587646 -0.3044434 0.9163818 -0.2502441 0.8702393 -0.2502441 0.9090576 -0.3044434 1.027344 -0.3044434 0.9163818 -0.2502441 0.9090576 -0.3044434 1.025269 -0.2502441 0.9163818 -0.2502441 1.027344 -0.3044434 0.9163818 -0.2502441 1.025269 -0.2502441 1.027344 -0.3044434 0.9090576 -0.3012695 1.025269 -0.2502441 0.9163818 -0.2502441 0.8587646 -0.3012695 0.9090576 -0.3012695 0.9163818 -0.2502441 0.9078369 -0.3594971 0.9090576 -0.3012695 0.8587646 -0.3012695 0.8570557 -0.3594971 0.9078369 -0.3594971 0.8587646 -0.3012695 0.8587646 -0.3044434 0.9078369 -0.3594971 0.8570557 -0.3594971 0.4500732 0.5238037 0.4500732 0.4969482 0.4500732 0.4702148 -0.4500732 0.4969482 0.4500732 0.4969482 0.4500732 0.5238037 -0.4500732 0.5238037 -0.4500732 0.4969482 0.4500732 0.5238037 -0.4500732 0.4702148 -0.4500732 0.4969482 -0.4500732 0.5238037 -0.4500732 0.4969482 -0.4500732 0.4702148 -0.4500732 0.5238037 0.4500732 0.4702148 -0.4500732 0.4702148 -0.4500732 0.4969482 0.4500732 0.4969482 0.4500732 0.4702148 -0.4500732 0.4969482 0.4500732 0.5238037 0.4500732 0.4702148 0.4500732 0.4969482 -0.4500732 0.5238037 0.4500732 0.5238037 0.4500732 0.4969482 0.7050781 0.4493408 0.7021484 0.4263916 0.7070313 0.4377441 0.6977539 0.4431152 0.7021484 0.4263916 0.7050781 0.4493408 0.6939697 0.4575195 0.6977539 0.4431152 0.7050781 0.4493408 0.6827393 0.4492188 0.6977539 0.4431152 0.6939697 0.4575195 0.6721191 0.4575195 0.6827393 0.4492188 0.6939697 0.4575195 0.6690674 0.442627 0.6827393 0.4492188 0.6721191 0.4575195 0.6616211 0.4493408 0.6690674 0.442627 0.6721191 0.4575195 0.6591797 0.4346924 0.6690674 0.442627 0.6616211 0.4493408 0.6673584 0.4273682 0.6591797 0.4346924 0.6616211 0.4493408 0.5975342 0.4117432 0.585083 0.440918 0.585083 0.479126 0.5722656 0.44104 0.585083 0.440918 0.5975342 0.4117432 0.5722656 0.4117432 0.5722656 0.44104 0.5975342 0.4117432 0.5841064 0.44104 0.5722656 0.44104 0.5722656 0.4117432 0.5841064 0.4117432 0.5841064 0.44104 0.5722656 0.4117432 0.5969238 0.44104 0.5841064 0.44104 0.5841064 0.4117432 0.6070557 0.4117432 0.5969238 0.44104 0.5841064 0.4117432 0.6070557 0.4951172 0.5969238 0.44104 0.6070557 0.4117432 0.5975342 0.4951172 0.6070557 0.4951172 0.6070557 0.4117432 0.7928467 -0.3012695 0.864502 -0.2502441 0.8525391 -0.3012695 0.8095703 -0.2502441 0.864502 -0.2502441 0.7928467 -0.3012695 0.7935791 0.2965088 0.8095703 -0.2502441 0.7928467 -0.3012695 0.7928467 -0.3044434 0.8095703 -0.2502441 0.7935791 0.2965088 0.7905273 0.2802734 0.7928467 -0.3044434 0.7935791 0.2965088 0.7731934 -0.3491211 0.7928467 -0.3044434 0.7905273 0.2802734 0.7617188 0.2810059 0.7731934 -0.3491211 0.7905273 0.2802734 0.7928467 -0.3012695 0.7731934 -0.3491211 0.7617188 0.2810059 0.7935791 0.2965088 0.7928467 -0.3012695 0.7617188 0.2810059 0.2683105 -0.1256104 0.1131592 -0.1258545 0.1131592 -0.1258545 0.2683105 -0.1256104 0.1131592 -0.1258545 0.2683105 -0.1256104 0.2683105 0.1306152 0.2683105 -0.1256104 0.2683105 -0.1256104 0.2683105 0.1306152 0.2683105 -0.1256104 0.2683105 0.1306152 0.1131592 0.1306152 0.2683105 0.1306152 0.2683105 0.1306152 0.1131592 0.1306152 0.2683105 0.1306152 0.1131592 0.1306152 0.1131592 -0.1258545 0.1131592 0.1306152 0.1131592 0.1306152 0.1131592 -0.1258545 0.1131592 0.1306152 0.1131592 -0.1258545 -0.04187011 0.3046875 -0.1004639 0.2877197 -0.04199218 0.2529297 -0.09960937 0.3153076 -0.1004639 0.2877197 -0.04187011 0.3046875 -0.04187011 0.3046875 -0.09960937 0.3153076 -0.04187011 0.3046875 -0.09985351 0.2890625 -0.09960937 0.3153076 -0.04187011 0.3046875 -0.04199218 0.2529297 -0.09985351 0.2890625 -0.04187011 0.3046875 -0.09960937 0.2293701 -0.09985351 0.2890625 -0.04199218 0.2529297 -0.04199218 0.2529297 -0.09960937 0.2293701 -0.04199218 0.2529297 -0.1004639 0.2877197 -0.09960937 0.2293701 -0.04199218 0.2529297 0.01049804 0.2561035 0.01037597 0.2419434 0.01037597 0.2419434 0.01049804 0.2561035 0.01037597 0.2419434 0.01049804 0.2561035 0.01037597 0.2706299 0.01049804 0.2561035 0.01049804 0.2561035 0.01037597 0.2706299 0.01049804 0.2561035 0.01037597 0.2706299 0.01049804 0.2849121 0.01037597 0.2706299 0.01037597 0.2706299 0.01049804 0.2849121 0.01037597 0.2706299 0.01049804 0.2849121 0.01037597 0.2993164 0.01049804 0.2849121 0.01049804 0.2849121 0.01037597 0.2993164 0.01049804 0.2849121 0.01037597 0.2993164 0.2683105 -0.1256104 0.1131592 -0.1258545 0.1131592 -0.1258545 0.2683105 -0.1256104 0.1131592 -0.1258545 0.2683105 -0.1256104 0.2683105 0.1306152 0.2683105 -0.1256104 0.2683105 -0.1256104 0.2683105 0.1306152 0.2683105 -0.1256104 0.2683105 0.1306152 0.1131592 0.1306152 0.2683105 0.1306152 0.2683105 0.1306152 0.1131592 0.1306152 0.2683105 0.1306152 0.1131592 0.1306152 0.1131592 -0.1258545 0.1131592 0.1306152 0.1131592 0.1306152 0.1131592 -0.1258545 0.1131592 0.1306152 0.1131592 -0.1258545 0.1131592 -0.1258545 0.1131592 -0.1258545 0.2683105 -0.1256104 0.1131592 0.1306152 0.1131592 -0.1258545 0.1131592 -0.1258545 0.1131592 0.1306152 0.1131592 0.1306152 0.1131592 -0.1258545 0.2683105 0.1306152 0.1131592 0.1306152 0.1131592 0.1306152 0.2683105 0.1306152 0.2683105 0.1306152 0.1131592 0.1306152 0.2683105 -0.1256104 0.2683105 0.1306152 0.2683105 0.1306152 0.2683105 -0.1256104 0.2683105 -0.1256104 0.2683105 0.1306152 0.1131592 -0.1258545 0.2683105 -0.1256104 0.2683105 -0.1256104 -0.04199218 0.2529297 -0.1004639 0.2877197 -0.04187011 0.3046875 -0.09960937 0.2293701 -0.1004639 0.2877197 -0.04199218 0.2529297 -0.04199218 0.2529297 -0.09960937 0.2293701 -0.04199218 0.2529297 -0.09985351 0.2890625 -0.09960937 0.2293701 -0.04199218 0.2529297 -0.04187011 0.3046875 -0.09985351 0.2890625 -0.04199218 0.2529297 -0.09960937 0.3153076 -0.09985351 0.2890625 -0.04187011 0.3046875 -0.04187011 0.3046875 -0.09960937 0.3153076 -0.04187011 0.3046875 -0.1004639 0.2877197 -0.09960937 0.3153076 -0.04187011 0.3046875 0.1131592 0.1306152 0.1131592 0.1306152 0.1131592 -0.1258545 0.2683105 0.1306152 0.1131592 0.1306152 0.1131592 0.1306152 0.2683105 0.1306152 0.2683105 0.1306152 0.1131592 0.1306152 0.2683105 -0.1256104 0.2683105 0.1306152 0.2683105 0.1306152 0.2683105 -0.1256104 0.2683105 -0.1256104 0.2683105 0.1306152 0.1131592 -0.1258545 0.2683105 -0.1256104 0.2683105 -0.1256104 0.1131592 -0.1258545 0.1131592 -0.1258545 0.2683105 -0.1256104 0.1131592 0.1306152 0.1131592 -0.1258545 0.1131592 -0.1258545 1.106812 -0.2966309 0.8935547 -0.2608643 1.106201 -0.2608643 0.8920898 -0.2966309 0.8935547 -0.2608643 1.106812 -0.2966309 1.106812 -0.3527832 0.8920898 -0.2966309 1.106812 -0.2966309 0.8936768 -0.3531494 0.8920898 -0.2966309 1.106812 -0.3527832 1.111084 -0.3076172 0.8936768 -0.3531494 1.106812 -0.3527832 0.8898926 -0.3076172 0.8936768 -0.3531494 1.111084 -0.3076172 1.106201 -0.2608643 0.8898926 -0.3076172 1.111084 -0.3076172 0.8935547 -0.2608643 0.8898926 -0.3076172 1.106201 -0.2608643 0.6403809 -0.2662354 0.5875244 -0.3151855 0.6408691 -0.3303223 0.5877686 -0.2589111 0.5875244 -0.3151855 0.6403809 -0.2662354 0.6403809 -0.2219238 0.5877686 -0.2589111 0.6403809 -0.2662354 0.5880127 -0.2219238 0.5877686 -0.2589111 0.6403809 -0.2219238 0.5878906 -0.1873779 0.5880127 -0.2219238 0.6403809 -0.2219238 0.5368652 -0.1958008 0.5880127 -0.2219238 0.5878906 -0.1873779 0.5882568 -0.1313477 0.5368652 -0.1958008 0.5878906 -0.1873779 1.206421 0.06408691 1.207031 0.2739258 1.237549 0.2814941 1.193604 0.2818604 1.207031 0.2739258 1.206421 0.06408691 1.222778 0.300415 1.193604 0.2818604 1.206421 0.06408691 1.193604 0.2818604 1.193604 0.2818604 1.222778 0.300415 1.222778 0.300415 1.193604 0.2818604 1.222778 0.300415 1.206421 0.06408691 1.193604 0.2818604 1.222778 0.300415 1.237549 0.2814941 1.206421 0.06408691 1.222778 0.300415 0.6398926 -0.1774902 0.5882568 -0.1313477 0.6398926 -0.119751 0.5878906 -0.1873779 0.5882568 -0.1313477 0.6398926 -0.1774902 0.6403809 -0.2219238 0.5878906 -0.1873779 0.6398926 -0.1774902 0.5880127 -0.2219238 0.5878906 -0.1873779 0.6403809 -0.2219238 0.5877686 -0.2589111 0.5880127 -0.2219238 0.6403809 -0.2219238 0.5368652 -0.2218018 0.5880127 -0.2219238 0.5877686 -0.2589111 0.5369873 -0.2503662 0.5368652 -0.2218018 0.5877686 -0.2589111 1.035278 0.01330566 1.155762 0.1611328 1.024048 0.1611328 1.155518 0.00427246 1.155762 0.1611328 1.035278 0.01330566 1.024048 0.1611328 1.155518 0.00427246 1.035278 0.01330566 1.155762 0.1611328 1.155518 0.00427246 1.024048 0.1611328 1.024048 0.1611328 1.155762 0.1611328 1.024048 0.1611328 1.155762 0.1611328 1.155762 0.1611328 1.024048 0.1611328 1.155518 0.00427246 1.155762 0.1611328 1.024048 0.1611328 1.302612 0.7641602 1.05835 0.9892578 1.345215 0.9903564 1.035278 0.7391357 1.05835 0.9892578 1.302612 0.7641602 1.304321 0.6550293 1.035278 0.7391357 1.302612 0.7641602 1.04126 0.6352539 1.035278 0.7391357 1.304321 0.6550293 1.304932 0.5209961 1.04126 0.6352539 1.304321 0.6550293 1.037109 0.5234375 1.04126 0.6352539 1.304932 0.5209961 0.01306152 0.2949219 0.02905273 0.2922363 0.02905273 0.2922363 0.01306152 0.2949219 0.02905273 0.2922363 0.01306152 0.2949219 0.01440429 0.2478027 0.01306152 0.2949219 0.01306152 0.2949219 0.01440429 0.2478027 0.01306152 0.2949219 0.01440429 0.2478027 0.02990722 0.2478027 0.01440429 0.2478027 0.01440429 0.2478027 0.02990722 0.2478027 0.01440429 0.2478027 0.02990722 0.2478027 1.237549 0.2814941 1.222778 0.300415 1.206421 0.06408691 1.229248 0.3381348 1.222778 0.300415 1.237549 0.2814941 1.207031 0.2739258 1.229248 0.3381348 1.237549 0.2814941 1.229248 0.3381348 1.229248 0.3381348 1.207031 0.2739258 1.207031 0.2739258 1.229248 0.3381348 1.207031 0.2739258 1.237549 0.2814941 1.229248 0.3381348 1.207031 0.2739258 0.5975342 0.4117432 0.585083 0.479126 0.585083 0.440918 0.5975342 0.4951172 0.585083 0.479126 0.5975342 0.4117432 0.6070557 0.4117432 0.5975342 0.4951172 0.5975342 0.4117432 0.6070557 0.4951172 0.5975342 0.4951172 0.6070557 0.4117432 0.5969238 0.44104 0.6070557 0.4951172 0.6070557 0.4117432 0.5969238 0.479126 0.6070557 0.4951172 0.5969238 0.44104 1.739502 -0.3916016 1.545166 -0.3900146 1.544922 -0.3363037 1.545166 -0.4360352 1.545166 -0.3900146 1.739502 -0.3916016 1.739502 -0.4324951 1.545166 -0.4360352 1.739502 -0.3916016 1.544922 -0.3363037 1.545166 -0.4360352 1.739502 -0.4324951 1.739502 -0.3361816 1.544922 -0.3363037 1.739502 -0.4324951 1.739502 -0.3916016 1.544922 -0.3363037 1.739502 -0.3361816 1.243164 0.006469726 1.198608 0.284668 1.215698 -0.002441406 1.225098 0.2888184 1.198608 0.284668 1.243164 0.006469726 1.2229 0.00427246 1.225098 0.2888184 1.243164 0.006469726 1.202393 0.2681885 1.225098 0.2888184 1.2229 0.00427246 1.230835 0.01428222 1.202393 0.2681885 1.2229 0.00427246 1.187256 0.2810059 1.202393 0.2681885 1.230835 0.01428222 0.6070557 0.4951172 0.5969238 0.479126 0.5969238 0.44104 0.5841064 0.479126 0.5969238 0.479126 0.6070557 0.4951172 0.5841064 0.4951172 0.5841064 0.479126 0.6070557 0.4951172 0.5722656 0.479126 0.5841064 0.479126 0.5841064 0.4951172 0.5722656 0.4951172 0.5722656 0.479126 0.5841064 0.4951172 0.5975342 0.4951172 0.5722656 0.479126 0.5722656 0.4951172 0.7800293 0.005859375 0.815918 0.2824707 0.7667236 0.01416015 0.7967529 0.2678223 0.815918 0.2824707 0.7800293 0.005859375 0.7559814 0.006469726 0.7967529 0.2678223 0.7800293 0.005859375 0.7750244 0.2929688 0.7967529 0.2678223 0.7559814 0.006469726 0.7872314 -7.32422e-4 0.7750244 0.2929688 0.7559814 0.006469726 0.8013916 0.284668 0.7750244 0.2929688 0.7872314 -7.32422e-4 0.815918 0.2824707 0.7872314 -7.32422e-4 0.7667236 0.01416015 0.8013916 0.284668 0.7872314 -7.32422e-4 0.815918 0.2824707 1.187256 0.2810059 0.8013916 0.284668 0.815918 0.2824707 1.198608 0.284668 0.8013916 0.284668 1.187256 0.2810059 1.230835 0.01428222 1.198608 0.284668 1.187256 0.2810059 1.215698 -0.002441406 1.198608 0.284668 1.230835 0.01428222 0.574585 0.5030518 0.574585 0.4224854 0.574585 0.5030518 0.574585 0.4224854 0.574585 0.4224854 0.574585 0.5030518 0.6083984 0.5030518 0.574585 0.4224854 0.574585 0.5030518 0.6083984 0.4224854 0.574585 0.4224854 0.6083984 0.5030518 0.5740967 0.5030518 0.6083984 0.4224854 0.6083984 0.5030518 0.5740967 0.4224854 0.6083984 0.4224854 0.5740967 0.5030518 0.1304932 0.1436768 0.1097412 0.2781982 0.1101074 0.1751708 0.1293945 0.3182373 0.1097412 0.2781982 0.1304932 0.1436768 0.2364502 0.1442871 0.1293945 0.3182373 0.1304932 0.1436768 0.2365723 0.3182373 0.1293945 0.3182373 0.2364502 0.1442871 0.2570801 0.1744385 0.2365723 0.3182373 0.2364502 0.1442871 0.2570801 0.2784424 0.2365723 0.3182373 0.2570801 0.1744385 0.5722656 0.44104 0.5975342 0.4117432 0.585083 0.440918 0.5722656 0.4117432 0.5975342 0.4117432 0.5722656 0.44104 0.5841064 0.44104 0.5722656 0.4117432 0.5722656 0.44104 0.5841064 0.4117432 0.5722656 0.4117432 0.5841064 0.44104 0.5969238 0.44104 0.5841064 0.4117432 0.5841064 0.44104 0.6070557 0.4117432 0.5841064 0.4117432 0.5969238 0.44104 -0.5206299 0.5968018 -0.4090576 0.6079102 -0.5628662 0.6168213 -0.4440918 0.5968018 -0.4090576 0.6079102 -0.5206299 0.5968018 -0.4440918 0.6224365 -0.4440918 0.5968018 -0.5206299 0.5968018 -0.4205322 0.6328125 -0.4440918 0.5968018 -0.4440918 0.6224365 -0.4620361 0.8081055 -0.4205322 0.6328125 -0.4440918 0.6224365 -0.4291992 0.7598877 -0.4205322 0.6328125 -0.4620361 0.8081055 -0.3492432 0.692749 -0.3464355 0.583252 -0.3511963 0.6914063 -0.3497314 0.5949707 -0.3464355 0.583252 -0.3492432 0.692749 -0.3837891 0.6907959 -0.3497314 0.5949707 -0.3492432 0.692749 -0.3835449 0.5936279 -0.3497314 0.5949707 -0.3837891 0.6907959 -0.3909912 0.6942139 -0.3835449 0.5936279 -0.3837891 0.6907959 -0.3980713 0.6156006 -0.3835449 0.5936279 -0.3909912 0.6942139 -0.5338135 0.6280518 -0.5628662 0.6168213 -0.5585938 0.703125 -0.5206299 0.5968018 -0.5628662 0.6168213 -0.5338135 0.6280518 -0.5206299 0.6224365 -0.5206299 0.5968018 -0.5338135 0.6280518 -0.4440918 0.6224365 -0.5206299 0.5968018 -0.5206299 0.6224365 -0.5090332 0.802002 -0.4440918 0.6224365 -0.5206299 0.6224365 -0.4620361 0.8081055 -0.4440918 0.6224365 -0.5090332 0.802002 0.2496338 -0.08886718 0.2508545 0.08630371 0.263916 -0.006225585 0.2009277 0.12854 0.2508545 0.08630371 0.2496338 -0.08886718 0.1942139 -0.1318359 0.2009277 0.12854 0.2496338 -0.08886718 0.1317139 0.1066895 0.2009277 0.12854 0.1942139 -0.1318359 0.1241455 -0.09143066 0.1317139 0.1066895 0.1942139 -0.1318359 0.1079102 0.01440429 0.1317139 0.1066895 0.1241455 -0.09143066 0.1385498 0.107666 0.1241455 -0.09143066 0.1079102 0.01440429 0.1942139 -0.1318359 0.1241455 -0.09143066 0.1385498 0.107666 0.2009277 0.12854 0.1942139 -0.1318359 0.1385498 0.107666 0.2496338 -0.08886718 0.1942139 -0.1318359 0.2009277 0.12854 0.2508545 0.08630371 0.2496338 -0.08886718 0.2009277 0.12854 0.263916 -0.006225585 0.2496338 -0.08886718 0.2508545 0.08630371 0.5841064 0.479126 0.6070557 0.4951172 0.5969238 0.479126 0.5841064 0.4951172 0.6070557 0.4951172 0.5841064 0.479126 0.5722656 0.479126 0.5841064 0.4951172 0.5841064 0.479126 0.5722656 0.4951172 0.5841064 0.4951172 0.5722656 0.479126 0.5975342 0.4951172 0.5722656 0.4951172 0.5722656 0.479126 0.699585 0.1350098 0.6896973 0.3237305 0.717041 0.3237305 0.7445068 0.3237305 0.6896973 0.3237305 0.699585 0.1350098 0.7346191 0.1350098 0.7445068 0.3237305 0.699585 0.1350098 0.717041 0.3237305 0.7445068 0.3237305 0.7346191 0.1350098 0.699585 0.1350098 0.717041 0.3237305 0.7346191 0.1350098 0.9813232 0.7385254 0.9390869 0.741333 0.9813232 0.7376709 0.9388428 0.7441406 0.9390869 0.741333 0.9813232 0.7385254 0.9813232 0.739624 0.9388428 0.7441406 0.9813232 0.7385254 0.9388428 0.7617188 0.9388428 0.7441406 0.9813232 0.739624 0.9813232 0.7539063 0.9388428 0.7617188 0.9813232 0.739624 0.5380859 -0.09521484 0.5380859 -0.03405761 0.5957031 -0.09521484 0.5953369 -0.03405761 0.5380859 -0.03405761 0.5380859 -0.09521484 0.5957031 -0.09521484 0.5953369 -0.03405761 0.5380859 -0.09521484 0.6494141 -0.03405761 0.5953369 -0.03405761 0.5957031 -0.09521484 0.6494141 -0.09521484 0.6494141 -0.03405761 0.5957031 -0.09521484 0.7380371 0.133667 0.7445068 0.3223877 0.717041 0.3223877 0.6896973 0.3223877 0.7445068 0.3223877 0.7380371 0.133667 0.6960449 0.133667 0.6896973 0.3223877 0.7380371 0.133667 0.717041 0.3223877 0.6896973 0.3223877 0.6960449 0.133667 0.7380371 0.133667 0.717041 0.3223877 0.6960449 0.133667 0.7905273 0.2802734 0.8110352 0.2416992 0.8110352 0.2416992 0.7905273 0.2802734 0.8110352 0.2416992 0.7905273 0.2802734 0.7719727 0.3331299 0.7905273 0.2802734 0.7905273 0.2802734 0.7719727 0.3331299 0.7905273 0.2802734 0.7719727 0.3331299 0.7935791 0.2965088 0.7719727 0.3331299 0.7719727 0.3331299 0.01049804 0.2849121 -0.02905273 0.2993164 0.009033203 0.2993164 -0.02905273 0.2849121 -0.02905273 0.2993164 0.01049804 0.2849121 0.009033203 0.2706299 -0.02905273 0.2849121 0.01049804 0.2849121 -0.02905273 0.2706299 -0.02905273 0.2849121 0.009033203 0.2706299 -0.02905273 0.2561035 -0.02905273 0.2706299 0.009033203 0.2706299 0.8653564 0.3293457 0.9078369 0.3231201 0.9017334 0.3323975 0.8896484 0.3195801 0.9078369 0.3231201 0.8653564 0.3293457 0.7874756 0.3278809 0.8896484 0.3195801 0.8653564 0.3293457 0.9173584 0.3122559 0.8896484 0.3195801 0.7874756 0.3278809 0.9155273 0.2969971 0.9173584 0.3122559 0.7874756 0.3278809 0.9466553 0.3012695 0.8858643 0.3405762 0.8914795 0.3015137 0.9429932 0.34021 0.8858643 0.3405762 0.9466553 0.3012695 0.9429932 0.34021 0.9429932 0.34021 0.9466553 0.3012695 0.9481201 0.2825928 0.9429932 0.34021 0.9429932 0.34021 0.8963623 0.2843018 0.9481201 0.2825928 0.9429932 0.34021 -0.0961914 1.066284 0.1009521 0.8743896 -0.1049805 0.8743896 0.09509277 1.066284 0.1009521 0.8743896 -0.0961914 1.066284 -0.09228515 1.122681 0.09509277 1.066284 -0.0961914 1.066284 0.08813476 1.122681 0.09509277 1.066284 -0.09228515 1.122681 0.2669678 -0.005371093 0.1369629 -0.1169434 0.2539063 -0.1169434 0.1054688 -0.005493164 0.1369629 -0.1169434 0.2669678 -0.005371093 0.2519531 0.1165771 0.1054688 -0.005493164 0.2669678 -0.005371093 0.1474609 0.1125488 0.1054688 -0.005493164 0.2519531 0.1165771 0.6206055 0.7109375 0.5828857 0.5595703 0.5827637 0.7059326 0.6206055 0.5533447 0.5828857 0.5595703 0.6206055 0.7109375 0.6412354 0.7113037 0.6206055 0.5533447 0.6206055 0.7109375 0.6412354 0.5533447 0.6206055 0.5533447 0.6412354 0.7113037 1.87793 0.8811035 1.82605 1 1.820801 0.8811035 1.858643 1 1.82605 1 1.87793 0.8811035 1.87793 1.118896 1.858643 1 1.87793 0.8811035 1.820801 1.118896 1.858643 1 1.87793 1.118896 1.87793 1.118896 1.82605 1 1.820801 1.118896 1.858643 1 1.82605 1 1.87793 1.118896 1.87793 0.8811035 1.858643 1 1.87793 1.118896 1.820801 0.8811035 1.858643 1 1.87793 0.8811035 -0.3837891 0.6907959 -0.3743896 0.829834 -0.3842773 0.7940674 -0.3609619 0.8312988 -0.3743896 0.829834 -0.3837891 0.6907959 -0.3492432 0.692749 -0.3609619 0.8312988 -0.3837891 0.6907959 -0.3499756 0.8074951 -0.3609619 0.8312988 -0.3492432 0.692749 0.699585 0.1350098 0.717041 0.3237305 0.6896973 0.3237305 0.7346191 0.1350098 0.717041 0.3237305 0.699585 0.1350098 0.6896973 0.3237305 0.7346191 0.1350098 0.699585 0.1350098 0.7445068 0.3237305 0.7346191 0.1350098 0.6896973 0.3237305 0.4512939 0.355835 -0.1359863 0.3421631 0.451416 0.3459473 -0.1359863 0.3421631 -0.1359863 0.3421631 0.4512939 0.355835 0.451416 0.3459473 -0.1359863 0.3421631 0.4512939 0.355835 0.4520264 0.3903809 -0.1359863 0.3421631 0.451416 0.3459473 0.4528809 0.4320068 -0.1350098 0.4324951 0.4526367 0.4135742 -0.1350098 0.4324951 -0.1350098 0.4324951 0.4528809 0.4320068 0.4526367 0.428833 -0.1350098 0.4324951 0.4528809 0.4320068 0.4520264 0.3903809 -0.1350098 0.4324951 0.4526367 0.428833 1.545166 -0.4360352 1.739502 -0.3916016 1.545166 -0.3900146 1.739502 -0.4324951 1.739502 -0.3916016 1.545166 -0.4360352 1.545166 -0.3359375 1.739502 -0.4324951 1.545166 -0.4360352 1.739502 -0.3361816 1.739502 -0.4324951 1.545166 -0.3359375 0.789917 0.300415 0.7967529 0.2678223 0.7750244 0.2929688 1.212158 0.3029785 0.7967529 0.2678223 0.789917 0.300415 1.198608 0.284668 1.212158 0.3029785 0.789917 0.300415 1.225098 0.2888184 1.212158 0.3029785 1.198608 0.284668 -0.1054688 0.2154541 0.04675292 0.1921387 -0.1057129 0.1921387 0.05090332 0.2154541 0.04675292 0.1921387 -0.1054688 0.2154541 0.04675292 0.1921387 0.05090332 0.2154541 -0.1054688 0.2154541 0.09436035 0.1737061 0.05090332 0.2154541 0.04675292 0.1921387 0.5877686 -0.2589111 0.5369873 -0.2503662 0.5875244 -0.3151855 0.5368652 -0.2218018 0.5369873 -0.2503662 0.5877686 -0.2589111 0.5880127 -0.2219238 0.5368652 -0.2218018 0.5877686 -0.2589111 0.5368652 -0.1958008 0.5368652 -0.2218018 0.5880127 -0.2219238 0.6206055 0.7109375 0.5828857 0.5595703 0.5827637 0.7059326 0.6206055 0.5533447 0.5828857 0.5595703 0.6206055 0.7109375 0.6412354 0.7113037 0.6206055 0.5533447 0.6206055 0.7109375 0.6412354 0.5533447 0.6206055 0.5533447 0.6412354 0.7113037 0.6206055 0.7109375 0.5828857 0.5595703 0.5827637 0.7059326 0.6206055 0.5533447 0.5828857 0.5595703 0.6206055 0.7109375 0.6412354 0.7113037 0.6206055 0.5533447 0.6206055 0.7109375 0.6412354 0.5533447 0.6206055 0.5533447 0.6412354 0.7113037 1.02771 -0.3594971 0.9090576 -0.3012695 1.027344 -0.3012695 0.9078369 -0.3594971 0.9090576 -0.3012695 1.02771 -0.3594971 0.9090576 -0.3044434 0.9078369 -0.3594971 1.02771 -0.3594971 0.8587646 -0.3044434 0.9078369 -0.3594971 0.9090576 -0.3044434 0.6206055 0.7109375 0.5828857 0.5595703 0.5827637 0.7059326 0.6206055 0.5533447 0.5828857 0.5595703 0.6206055 0.7109375 0.6412354 0.7113037 0.6206055 0.5533447 0.6206055 0.7109375 0.6412354 0.5533447 0.6206055 0.5533447 0.6412354 0.7113037 0.6206055 0.7109375 0.5828857 0.5595703 0.5827637 0.7059326 0.6206055 0.5533447 0.5828857 0.5595703 0.6206055 0.7109375 0.6412354 0.7113037 0.6206055 0.5533447 0.6206055 0.7109375 0.6412354 0.5533447 0.6206055 0.5533447 0.6412354 0.7113037 0.6206055 0.7109375 0.5828857 0.5595703 0.5827637 0.7059326 0.6206055 0.5533447 0.5828857 0.5595703 0.6206055 0.7109375 0.6412354 0.7113037 0.6206055 0.5533447 0.6206055 0.7109375 0.6412354 0.5533447 0.6206055 0.5533447 0.6412354 0.7113037 0.6206055 0.7109375 0.5828857 0.5595703 0.5827637 0.7059326 0.6206055 0.5533447 0.5828857 0.5595703 0.6206055 0.7109375 0.6412354 0.7113037 0.6206055 0.5533447 0.6206055 0.7109375 0.6412354 0.5533447 0.6206055 0.5533447 0.6412354 0.7113037 0.01049804 0.2561035 0.01037597 0.2706299 0.01049804 0.2561035 0.01037597 0.2706299 0.01037597 0.2706299 0.01049804 0.2561035 0.009033203 0.2706299 0.01037597 0.2706299 0.01049804 0.2561035 0.01049804 0.2849121 0.01037597 0.2706299 0.009033203 0.2706299 0.7928467 -0.3044434 0.8525391 -0.3044434 0.850708 -0.3594971 0.8095703 -0.2502441 0.8525391 -0.3044434 0.7928467 -0.3044434 0.7928467 -0.3012695 0.8095703 -0.2502441 0.7928467 -0.3044434 0.864502 -0.2502441 0.8095703 -0.2502441 0.7928467 -0.3012695 0.6883545 0.04248046 0.7419434 0.0994873 0.6890869 0.08923339 0.7463379 0.04248046 0.7419434 0.0994873 0.6883545 0.04248046 0.7474365 -0.06762695 0.7463379 0.04248046 0.6883545 0.04248046 0.5957031 -0.09521484 0.6494141 -0.03405761 0.6494141 -0.09521484 0.5953369 -0.03405761 0.6494141 -0.03405761 0.5957031 -0.09521484 0.5380859 -0.03405761 0.5953369 -0.03405761 0.5957031 -0.09521484 1.233398 0.3242188 0.9683838 0.3189697 0.9682617 0.338623 0.9686279 0.307251 0.9683838 0.3189697 1.233398 0.3242188 0.9682617 0.338623 0.9686279 0.307251 1.233398 0.3242188 0.6604004 -0.06140136 0.4848633 -0.2004395 0.5944824 -0.199585 0.5596924 -0.06127929 0.4848633 -0.2004395 0.6604004 -0.06140136 0.5626221 -3.66211e-4 0.5596924 -0.06127929 0.6604004 -0.06140136 -0.5338135 0.6280518 -0.5090332 0.802002 -0.5206299 0.6224365 -0.5371094 0.7581787 -0.5090332 0.802002 -0.5338135 0.6280518 -0.5585938 0.703125 -0.5371094 0.7581787 -0.5338135 0.6280518 0.2260742 0.8824463 0.2592773 1.116211 0.2611084 0.8823242 0.1900635 1.110474 0.2592773 1.116211 0.2260742 0.8824463 0.1921387 0.890625 0.1900635 1.110474 0.2260742 0.8824463 -0.4205322 0.6328125 -0.4090576 0.6079102 -0.4440918 0.5968018 -0.4091797 0.7009277 -0.4090576 0.6079102 -0.4205322 0.6328125 -0.4291992 0.7598877 -0.4091797 0.7009277 -0.4205322 0.6328125 0.3018799 1.124023 0.2858887 0.8748779 0.2845459 1.123169 0.3204346 0.8752441 0.2858887 0.8748779 0.3018799 1.124023 0.321167 1.124634 0.3204346 0.8752441 0.3018799 1.124023 0.7287598 0.4176025 0.7255859 0.3897705 0.7225342 0.3640137 0.7570801 0.4165039 0.7255859 0.3897705 0.7287598 0.4176025 0.7526855 0.4162598 0.7570801 0.4165039 0.7287598 0.4176025 -0.1359863 0.3421631 0.4512939 0.355835 -0.1359863 0.3421631 0.451416 0.3459473 0.4512939 0.355835 -0.1359863 0.3421631 0.4520264 0.3903809 0.451416 0.3459473 -0.1359863 0.3421631 0.001708984 0.001098632 0.09570312 -0.201416 -0.09509277 -0.2011719 0.09777832 -0.002441406 0.09570312 -0.201416 0.001708984 0.001098632 0.09838867 0.1807861 0.09777832 -0.002441406 0.001708984 0.001098632 -0.1350098 0.4324951 0.4528809 0.4320068 -0.1350098 0.4324951 0.4526367 0.4135742 0.4528809 0.4320068 -0.1350098 0.4324951 0.4520264 0.3903809 0.4526367 0.4135742 -0.1350098 0.4324951 0.6105957 0.7365723 0.5874023 0.8060303 0.631958 0.8070068 0.581543 0.7773438 0.5874023 0.8060303 0.6105957 0.7365723 0.5964355 0.7368164 0.581543 0.7773438 0.6105957 0.7365723 0.1907958 1.011963 0.2617188 0.8809814 0.1959229 0.8878174 0.2614746 0.9987793 0.2617188 0.8809814 0.1907958 1.011963 0.2609863 1.112183 0.2614746 0.9987793 0.1907958 1.011963 0.1899414 1.015503 0.2576904 0.8820801 0.2009277 0.8814697 0.2618408 1.117432 0.2576904 0.8820801 0.1899414 1.015503 0.2012939 1.114502 0.2618408 1.117432 0.1899414 1.015503 1.877319 1.000122 1.903931 0.9376221 1.876709 0.8760986 1.903931 1.057861 1.903931 0.9376221 1.877319 1.000122 1.876709 1.119507 1.903931 1.057861 1.877319 1.000122 0.2592773 1.116211 0.2260742 0.8824463 0.2611084 0.8823242 0.1921387 0.890625 0.2260742 0.8824463 0.2592773 1.116211 0.1900635 1.110474 0.1921387 0.890625 0.2592773 1.116211 1.222778 0.300415 1.229248 0.3381348 1.237549 0.2814941 1.229248 0.3381348 1.229248 0.3381348 1.222778 0.300415 1.222778 0.300415 1.229248 0.3381348 1.222778 0.300415 1.207031 0.2739258 1.206421 0.06408691 1.237549 0.2814941 1.193604 0.2818604 1.206421 0.06408691 1.207031 0.2739258 1.193604 0.2818604 1.193604 0.2818604 1.207031 0.2739258 -0.1231689 0.9775391 -0.09851074 1.071533 -0.1231689 1.112305 -0.100708 0.9251709 -0.09851074 1.071533 -0.1231689 0.9775391 -0.1230469 0.8925781 -0.100708 0.9251709 -0.1231689 0.9775391 -0.1231689 0.9775391 -0.100708 0.9251709 -0.1230469 0.8925781 -0.09851074 1.071533 -0.100708 0.9251709 -0.1231689 0.9775391 -0.1231689 1.112305 -0.09851074 1.071533 -0.1231689 0.9775391 0.4195557 1.036011 0.3587646 1.010864 0.3588867 1.027222 0.4632568 1.014282 0.3587646 1.010864 0.4195557 1.036011 0.4631348 1.032104 0.4632568 1.014282 0.4195557 1.036011 0.4200439 0.9664307 0.4633789 0.9882813 0.463501 0.9710693 0.3587646 0.9906006 0.4633789 0.9882813 0.4200439 0.9664307 0.3587646 0.9742432 0.3587646 0.9906006 0.4200439 0.9664307 0.8874512 0.3825684 0.8875732 0.4699707 0.8443604 0.4312744 0.9411621 0.4261475 0.8875732 0.4699707 0.8874512 0.3825684 0.9309082 0.4263916 0.9411621 0.4261475 0.8874512 0.3825684 0.001708984 0.001098632 -0.09643554 0.1810303 0.09838867 0.1807861 -0.09704589 -0.001953125 -0.09643554 0.1810303 0.001708984 0.001098632 -0.09509277 -0.2011719 -0.09704589 -0.001953125 0.001708984 0.001098632 0.6398926 -0.1774902 0.5878906 -0.1873779 0.6403809 -0.2219238 0.5882568 -0.1313477 0.5878906 -0.1873779 0.6398926 -0.1774902 0.6398926 -0.119751 0.5882568 -0.1313477 0.6398926 -0.1774902 0.5368652 -0.1958008 0.5880127 -0.2219238 0.5368652 -0.2218018 0.5878906 -0.1873779 0.5880127 -0.2219238 0.5368652 -0.1958008 0.5882568 -0.1313477 0.5878906 -0.1873779 0.5368652 -0.1958008 0.5877686 -0.2589111 0.5875244 -0.3151855 0.5369873 -0.2503662 0.6403809 -0.2662354 0.5875244 -0.3151855 0.5877686 -0.2589111 0.6403809 -0.2219238 0.6403809 -0.2662354 0.5877686 -0.2589111 0.3684082 0.3924561 0.3684082 0.3724365 0.3299561 0.3924561 0.4068604 0.3924561 0.3684082 0.3724365 0.3684082 0.3924561 0.3684082 0.4124756 0.4068604 0.3924561 0.3684082 0.3924561 -0.1359863 0.3421631 0.4512939 0.355835 -0.1359863 0.3421631 0.451416 0.3459473 0.4512939 0.355835 -0.1359863 0.3421631 0.4520264 0.3903809 0.451416 0.3459473 -0.1359863 0.3421631 -0.1350098 0.4324951 0.4520264 0.3903809 -0.1359863 0.3421631 0.4526367 0.4135742 0.4520264 0.3903809 -0.1350098 0.4324951 0.4528809 0.4320068 0.4526367 0.4135742 -0.1350098 0.4324951 -0.1350098 0.4324951 0.4528809 0.4320068 -0.1350098 0.4324951 0.4526367 0.428833 0.4528809 0.4320068 -0.1350098 0.4324951 0.4520264 0.3903809 0.4526367 0.428833 -0.1350098 0.4324951 -0.1359863 0.3421631 0.4520264 0.3903809 -0.1350098 0.4324951 0.451416 0.3459473 0.4520264 0.3903809 -0.1359863 0.3421631 0.4512939 0.355835 0.451416 0.3459473 -0.1359863 0.3421631 0.9163818 -0.2502441 0.8702393 -0.2502441 0.8587646 -0.3012695 0.9090576 -0.3044434 0.8702393 -0.2502441 0.9163818 -0.2502441 1.027344 -0.3044434 0.9090576 -0.3044434 0.9163818 -0.2502441 -0.1359863 0.3421631 0.4512939 0.355835 -0.1359863 0.3421631 0.451416 0.3459473 0.4512939 0.355835 -0.1359863 0.3421631 0.4520264 0.3903809 0.451416 0.3459473 -0.1359863 0.3421631 -0.1350098 0.4324951 0.4520264 0.3903809 -0.1359863 0.3421631 0.4526367 0.4135742 0.4520264 0.3903809 -0.1350098 0.4324951 0.4528809 0.4320068 0.4526367 0.4135742 -0.1350098 0.4324951 -0.1350098 0.4324951 0.4528809 0.4320068 -0.1350098 0.4324951 0.4526367 0.428833 0.4528809 0.4320068 -0.1350098 0.4324951 0.4520264 0.3903809 0.4526367 0.428833 -0.1350098 0.4324951 0.7617188 0.2810059 0.7719727 0.3331299 0.7905273 0.2802734 0.7935791 0.2965088 0.7719727 0.3331299 0.7617188 0.2810059 0.7928467 -0.3012695 0.7935791 0.2965088 0.7617188 0.2810059 -0.1359863 0.3421631 0.4520264 0.3903809 -0.1350098 0.4324951 0.451416 0.3459473 0.4520264 0.3903809 -0.1359863 0.3421631 0.4512939 0.355835 0.451416 0.3459473 -0.1359863 0.3421631 0.3684082 0.3924561 0.3299561 0.3924561 0.3684082 0.3724365 0.3684082 0.4124756 0.3299561 0.3924561 0.3684082 0.3924561 0.4068604 0.3924561 0.3684082 0.4124756 0.3684082 0.3924561 0.009033203 0.2706299 -0.02905273 0.2561035 0.01049804 0.2561035 -0.02905273 0.2706299 -0.02905273 0.2561035 0.009033203 0.2706299 -0.02905273 0.2849121 -0.02905273 0.2706299 0.009033203 0.2706299 -0.4500732 0.4702148 0.4500732 0.4969482 -0.4500732 0.4969482 0.4500732 0.4702148 0.4500732 0.4969482 -0.4500732 0.4702148 0.8254395 -0.1268311 0.8582764 -0.2430419 0.8256836 -0.2434082 0.8581543 -0.1256104 0.8582764 -0.2430419 0.8254395 -0.1268311 0.8254395 -0.1268311 0.8582764 -0.2430419 0.8581543 -0.1256104 0.8256836 -0.2434082 0.8582764 -0.2430419 0.8254395 -0.1268311 -0.4128418 0.003295898 -0.2843018 -0.2839355 -0.2841797 0.003417968 -0.413208 -0.2839355 -0.2843018 -0.2839355 -0.4128418 0.003295898 0.2617188 0.8809814 0.1907958 1.011963 0.1959229 0.8878174 0.2614746 0.9987793 0.1907958 1.011963 0.2617188 0.8809814 1.04126 0.6352539 1.304932 0.5209961 1.304321 0.6550293 1.037109 0.5234375 1.304932 0.5209961 1.04126 0.6352539 0.6882324 -0.05493164 0.7463379 0.04248046 0.7474365 -0.06762695 0.6883545 0.04248046 0.7463379 0.04248046 0.6882324 -0.05493164 -0.4128418 0.003295898 -0.2843018 -0.2839355 -0.413208 -0.2839355 -0.2841797 0.003417968 -0.2843018 -0.2839355 -0.4128418 0.003295898 0.3587646 0.9906006 0.4632568 1.014282 0.4633789 0.9882813 0.3587646 1.010864 0.4632568 1.014282 0.3587646 0.9906006 0.5474854 0.3908691 0.4855957 0.5042725 0.4863281 0.3935547 0.5511475 0.4969482 0.4855957 0.5042725 0.5474854 0.3908691 0.7463379 0.04248046 0.6890869 0.08923339 0.7419434 0.0994873 0.6883545 0.04248046 0.6890869 0.08923339 0.7463379 0.04248046 0.9285889 0.3848877 0.9309082 0.4263916 0.8874512 0.3825684 0.9443359 0.3846436 0.9309082 0.4263916 0.9285889 0.3848877 1.088989 0.3835449 0.9309082 0.4263916 0.9443359 0.3846436 1.08728 0.4719238 0.9309082 0.4263916 1.088989 0.3835449 0.9443359 0.4700928 0.9309082 0.4263916 1.08728 0.4719238 0.9289551 0.4696045 0.9309082 0.4263916 0.9443359 0.4700928 0.9309082 0.4263916 0.8875732 0.4699707 0.9246826 0.4265137 0.9289551 0.4696045 0.8875732 0.4699707 0.9309082 0.4263916 -0.08251953 0.2669678 -0.07751464 0.2364502 -0.08422851 0.2440186 -0.07263183 0.2541504 -0.07751464 0.2364502 -0.08251953 0.2669678 0.2009277 0.12854 0.1942139 -0.1318359 0.2496338 -0.08886718 0.1317139 0.1066895 0.1942139 -0.1318359 0.2009277 0.12854 0.2009277 0.12854 0.1942139 -0.1318359 0.2496338 -0.08886718 0.1385498 0.107666 0.1942139 -0.1318359 0.2009277 0.12854 0.5474854 0.3908691 0.4855957 0.5042725 0.4863281 0.3935547 0.5511475 0.4969482 0.4855957 0.5042725 0.5474854 0.3908691 0.5474854 0.3908691 0.4855957 0.5042725 0.5511475 0.4969482 0.4863281 0.3935547 0.4855957 0.5042725 0.5474854 0.3908691 0.5474854 0.3908691 0.4855957 0.5042725 0.5511475 0.4969482 0.4863281 0.3935547 0.4855957 0.5042725 0.5474854 0.3908691 0.5574951 0.05810546 0.4825439 0.0559082 0.4893799 0.2912598 0.5626221 -3.66211e-4 0.4825439 0.0559082 0.5574951 0.05810546 0.5891113 0.6989746 0.6080322 0.5625 0.6082764 0.7071533 0.5889893 0.5543213 0.6080322 0.5625 0.5891113 0.6989746 0.5574951 0.05810546 0.668457 0.009887695 0.6645508 0.1643066 0.5626221 -3.66211e-4 0.668457 0.009887695 0.5574951 0.05810546 0.9390869 0.741333 0.9813232 0.7385254 0.9813232 0.7376709 0.9388428 0.7441406 0.9813232 0.7385254 0.9390869 0.741333 0.9388428 0.7441406 0.9813232 0.739624 0.9813232 0.7385254 0.9388428 0.7617188 0.9813232 0.739624 0.9388428 0.7441406 0.4526367 0.428833 -0.1350098 0.4324951 0.4528809 0.4320068 0.4520264 0.3903809 -0.1350098 0.4324951 0.4526367 0.428833 0.4520264 0.3903809 -0.1359863 0.3421631 -0.1350098 0.4324951 0.451416 0.3459473 -0.1359863 0.3421631 0.4520264 0.3903809 0.5865479 0.5389404 0.5864258 0.4810791 0.6085205 0.5389404 0.5664063 0.5390625 0.5864258 0.4810791 0.5865479 0.5389404 0.2508545 0.08630371 0.2496338 -0.08886718 0.263916 -0.006225585 0.2009277 0.12854 0.2496338 -0.08886718 0.2508545 0.08630371 0.1241455 -0.09143066 0.1385498 0.107666 0.1079102 0.01440429 0.1942139 -0.1318359 0.1385498 0.107666 0.1241455 -0.09143066 0.2508545 0.08630371 0.2496338 -0.08886718 0.263916 -0.006225585 0.2009277 0.12854 0.2496338 -0.08886718 0.2508545 0.08630371 0.1241455 -0.09143066 0.1317139 0.1066895 0.1079102 0.01440429 0.1942139 -0.1318359 0.1317139 0.1066895 0.1241455 -0.09143066 0.2570801 0.8811035 0.1896973 1.014648 0.2001953 0.8804932 0.260498 1.116333 0.1896973 1.014648 0.2570801 0.8811035 0.8896484 0.3195801 0.7874756 0.3278809 0.8653564 0.3293457 0.9173584 0.3122559 0.7874756 0.3278809 0.8896484 0.3195801 -0.02905273 0.2993164 0.01049804 0.2849121 0.009033203 0.2993164 -0.02905273 0.2849121 0.01049804 0.2849121 -0.02905273 0.2993164 0.6716309 0.4368896 0.6827393 0.4492188 0.6690674 0.442627 0.6951904 0.4367676 0.6827393 0.4492188 0.6716309 0.4368896 0.5626221 -3.66211e-4 0.4815674 -4.88281e-4 0.4825439 0.0559082 0.5596924 -0.06127929 0.4815674 -4.88281e-4 0.5626221 -3.66211e-4 0.5864258 0.4810791 0.5865479 0.5389404 0.6085205 0.5389404 0.5664063 0.5390625 0.5865479 0.5389404 0.5864258 0.4810791 1.05835 0.9892578 1.302612 0.7641602 1.345215 0.9903564 1.035278 0.7391357 1.302612 0.7641602 1.05835 0.9892578 0.01037597 0.2706299 0.009033203 0.2706299 0.01049804 0.2561035 0.01049804 0.2849121 0.009033203 0.2706299 0.01037597 0.2706299 1.035278 0.7391357 1.304321 0.6550293 1.302612 0.7641602 1.04126 0.6352539 1.304321 0.6550293 1.035278 0.7391357 0.009033203 0.2419434 -0.02905273 0.2561035 -0.02905273 0.2419434 0.01049804 0.2561035 -0.02905273 0.2561035 0.009033203 0.2419434 -0.07751464 0.2364502 -0.08251953 0.2669678 -0.08422851 0.2440186 -0.07263183 0.2541504 -0.08251953 0.2669678 -0.07751464 0.2364502 0.01037597 0.2419434 0.01049804 0.2561035 0.01037597 0.2419434 0.01049804 0.2561035 0.01049804 0.2561035 0.01037597 0.2419434 0.01049804 0.2561035 -0.02905273 0.2561035 0.009033203 0.2706299 0.009033203 0.2419434 -0.02905273 0.2561035 0.01049804 0.2561035 0.01037597 0.2706299 0.01049804 0.2849121 0.01037597 0.2706299 0.01049804 0.2849121 0.01049804 0.2849121 0.01037597 0.2706299 0.01049804 0.2849121 0.01037597 0.2993164 0.01049804 0.2849121 0.01037597 0.2993164 0.01037597 0.2993164 0.01049804 0.2849121 0.6237793 0.7368164 0.631958 0.8070068 0.6380615 0.7783203 0.6105957 0.7365723 0.631958 0.8070068 0.6237793 0.7368164 0.623291 0.831543 0.5874023 0.8060303 0.5958252 0.831543 0.631958 0.8070068 0.5874023 0.8060303 0.623291 0.831543 0.5891113 0.6989746 0.6080322 0.5625 0.6082764 0.7071533 0.5889893 0.5543213 0.6080322 0.5625 0.5891113 0.6989746 0.451416 0.3459473 -0.1359863 0.3421631 0.4512939 0.355835 0.4520264 0.3903809 -0.1359863 0.3421631 0.451416 0.3459473 0.4520264 0.3903809 -0.1350098 0.4324951 -0.1359863 0.3421631 0.4526367 0.4135742 -0.1350098 0.4324951 0.4520264 0.3903809 0.5891113 0.6989746 0.6080322 0.5625 0.6082764 0.7071533 0.5889893 0.5543213 0.6080322 0.5625 0.5891113 0.6989746 1.739502 -0.3916016 1.545166 -0.3359375 1.545166 -0.3900146 1.739502 -0.3361816 1.545166 -0.3359375 1.739502 -0.3916016 0.5891113 0.6989746 0.6080322 0.5625 0.6082764 0.7071533 0.5889893 0.5543213 0.6080322 0.5625 0.5891113 0.6989746 0.5891113 0.6989746 0.6080322 0.5625 0.6082764 0.7071533 0.5889893 0.5543213 0.6080322 0.5625 0.5891113 0.6989746 0.5891113 0.6989746 0.6080322 0.5625 0.6082764 0.7071533 0.5889893 0.5543213 0.6080322 0.5625 0.5891113 0.6989746 0.1131592 -0.1258545 0.2683105 0.1306152 0.2683105 -0.1256104 0.1131592 0.1306152 0.2683105 0.1306152 0.1131592 -0.1258545 0.5891113 0.6989746 0.6080322 0.5625 0.6082764 0.7071533 0.5889893 0.5543213 0.6080322 0.5625 0.5891113 0.6989746 0.1131592 -0.1258545 0.2683105 0.1306152 0.2683105 -0.1256104 0.1131592 0.1306152 0.2683105 0.1306152 0.1131592 -0.1258545 -0.3912354 0.1612549 -0.338501 0.1800537 -0.3912354 0.1800537 -0.338501 0.1612549 -0.338501 0.1800537 -0.3912354 0.1612549 -0.3901367 0.1606445 -0.3370361 0.1806641 -0.3901367 0.1806641 -0.3370361 0.1606445 -0.3370361 0.1806641 -0.3901367 0.1606445 -0.3901367 0.1806641 -0.3370361 0.1606445 -0.3901367 0.1606445 -0.3370361 0.1806641 -0.3370361 0.1606445 -0.3901367 0.1806641 0.2683105 0.1306152 0.1131592 -0.1258545 0.2683105 -0.1256104 0.1131592 0.1306152 0.1131592 -0.1258545 0.2683105 0.1306152 -0.3912354 0.1800537 -0.338501 0.1612549 -0.3912354 0.1612549 -0.338501 0.1800537 -0.338501 0.1612549 -0.3912354 0.1800537 0.2683105 0.1306152 0.1131592 -0.1258545 0.2683105 -0.1256104 0.1131592 0.1306152 0.1131592 -0.1258545 0.2683105 0.1306152 -0.3835449 0.5936279 -0.3531494 0.5827637 -0.3497314 0.5949707 -0.3817139 0.5814209 -0.3531494 0.5827637 -0.3835449 0.5936279 0.007202148 0.8637695 0.3209229 0.5804443 0.3209229 0.8636475 0.006835937 0.5808105 0.3209229 0.5804443 0.007202148 0.8637695 0.7655029 0.3637695 0.7333984 0.3735352 0.7225342 0.3640137 0.7543945 0.3730469 0.7333984 0.3735352 0.7655029 0.3637695 0.6801758 0.3824463 0.6877441 0.4041748 0.6879883 0.3817139 0.6798096 0.4029541 0.6877441 0.4041748 0.6801758 0.3824463 0.8283691 0.3653564 0.7772217 0.4794922 0.7770996 0.3660889 0.8287354 0.4793701 0.7772217 0.4794922 0.8283691 0.3653564 0.815918 0.2824707 1.202393 0.2681885 1.187256 0.2810059 0.7967529 0.2678223 1.202393 0.2681885 0.815918 0.2824707 0.7772217 0.4794922 0.8283691 0.3653564 0.7770996 0.3660889 0.8284912 0.4793701 0.8283691 0.3653564 0.7772217 0.4794922 0.8013916 0.284668 0.789917 0.300415 0.7750244 0.2929688 1.198608 0.284668 0.789917 0.300415 0.8013916 0.284668 1.202393 0.2681885 1.212158 0.3029785 1.225098 0.2888184 0.7967529 0.2678223 1.212158 0.3029785 1.202393 0.2681885 -0.3417969 -0.0670166 -0.3876953 -0.04553222 -0.3876953 -0.0670166 -0.3417969 -0.04553222 -0.3876953 -0.04553222 -0.3417969 -0.0670166 -0.3417969 -0.0670166 -0.3876953 -0.04553222 -0.3876953 -0.0670166 -0.3417969 -0.04553222 -0.3876953 -0.04553222 -0.3417969 -0.0670166 0.5975342 0.4117432 0.5975342 0.4951172 0.6070557 0.4117432 0.585083 0.479126 0.5975342 0.4951172 0.5975342 0.4117432 -0.1186523 0.1348876 -0.2542725 -0.1334229 -0.2734375 0.1229248 -0.1000977 -0.1235352 -0.2542725 -0.1334229 -0.1186523 0.1348876 0.574585 0.4224854 0.574585 0.5030518 0.574585 0.5030518 0.574585 0.4224854 0.574585 0.5030518 0.574585 0.4224854 0.5740967 0.5030518 0.6083984 0.4224854 0.5740967 0.4224854 0.6083984 0.5030518 0.6083984 0.4224854 0.5740967 0.5030518 0.574585 0.4224854 0.6083984 0.5030518 0.574585 0.5030518 0.6083984 0.4224854 0.6083984 0.5030518 0.574585 0.4224854 0.1567383 0.880249 0.1552734 1.000366 0.1273193 0.942627 0.1831055 0.9423828 0.1552734 1.000366 0.1567383 0.880249 0.1273193 0.942627 0.1831055 0.9423828 0.1567383 0.880249 0.1552734 1.000366 0.1831055 0.9423828 0.1273193 0.942627 1.02771 -0.3594971 1.027344 -0.3044434 0.9090576 -0.3044434 0.9090576 -0.3044434 1.027344 -0.3044434 1.02771 -0.3594971 0.8570557 -0.3594971 0.9078369 -0.3594971 0.8587646 -0.3044434 0.8587646 -0.3012695 0.9078369 -0.3594971 0.8570557 -0.3594971 0.3292236 1.056641 0.6364746 0.8410645 0.3291016 0.9428711 0.6350098 1.157959 0.6364746 0.8410645 0.3292236 1.056641 0.1552734 1.000366 0.1567383 0.880249 0.1273193 0.942627 0.1831055 0.9423828 0.1567383 0.880249 0.1552734 1.000366 0.1831055 0.9423828 0.1273193 0.942627 0.1567383 0.880249 0.1552734 1.000366 0.1273193 0.942627 0.1831055 0.9423828 0.8095703 -0.2502441 0.8525391 -0.3044434 0.864502 -0.2502441 0.7928467 -0.3044434 0.8525391 -0.3044434 0.8095703 -0.2502441 0.7928467 -0.3044434 0.850708 -0.3594971 0.8525391 -0.3044434 0.7731934 -0.3491211 0.850708 -0.3594971 0.7928467 -0.3044434 0.850708 -0.3594971 0.7928467 -0.3012695 0.8525391 -0.3012695 0.7731934 -0.3491211 0.7928467 -0.3012695 0.850708 -0.3594971 0.9078369 0.3231201 0.8896484 0.3195801 0.8653564 0.3293457 0.9173584 0.3122559 0.8896484 0.3195801 0.9078369 0.3231201 0.8110352 0.2416992 0.7935791 0.2965088 0.8110352 0.2416992 0.7905273 0.2802734 0.7935791 0.2965088 0.8110352 0.2416992 -0.3417969 -0.0670166 -0.3876953 -0.04553222 -0.3876953 -0.0670166 -0.3417969 -0.04553222 -0.3876953 -0.04553222 -0.3417969 -0.0670166 0.7617188 0.2810059 0.7731934 -0.3491211 0.7928467 -0.3012695 0.7905273 0.2802734 0.7731934 -0.3491211 0.7617188 0.2810059 -0.3417969 -0.0670166 -0.3876953 -0.04553222 -0.3876953 -0.0670166 -0.3417969 -0.04553222 -0.3876953 -0.04553222 -0.3417969 -0.0670166 1.035278 0.01330566 1.155518 0.00427246 1.024048 0.1611328 1.024048 0.1611328 1.155518 0.00427246 1.035278 0.01330566 1.024048 0.1611328 1.155762 0.1611328 1.155518 0.00427246 1.024048 0.1611328 1.155762 0.1611328 1.024048 0.1611328 -0.2542725 -0.1334229 -0.1186523 0.1348876 -0.2734375 0.1229248 -0.1000977 -0.1235352 -0.1186523 0.1348876 -0.2542725 -0.1334229 0.895874 0.2827148 0.8963623 0.2843018 0.7799072 0.06420898 0.9481201 0.2825928 0.8963623 0.2843018 0.895874 0.2827148 0.8858643 0.3405762 0.8914795 0.3015137 0.7713623 0.3414307 0.9466553 0.3012695 0.8914795 0.3015137 0.8858643 0.3405762 0.9455567 0.2824707 0.8914795 0.3015137 0.895874 0.2827148 0.9466553 0.3012695 0.8914795 0.3015137 0.9455567 0.2824707 0.2015381 1.113892 0.2614746 0.9987793 0.2609863 1.112183 0.1907958 1.011963 0.2614746 0.9987793 0.2015381 1.113892 0.5664063 0.5390625 0.6085205 0.5389404 0.5872803 0.4810791 0.5664063 0.5390625 0.5872803 0.4810791 0.6085205 0.5389404 0.1896973 1.014648 0.260498 1.116333 0.2026367 1.114014 0.6827393 0.4492188 0.6951904 0.4367676 0.6977539 0.4431152 0.7532959 0.4682617 0.7329102 0.4686279 0.7431641 0.4138184 0.4848633 -0.2004395 0.6604004 -0.06140136 0.5944824 -0.199585 -0.09631347 0.1811523 0.0982666 0.1806641 -0.001220703 0.2113037 0.04675292 0.1921387 -0.1054688 0.2154541 -0.1057129 0.1921387 0.09436035 0.1737061 0.04675292 0.1921387 0.05090332 0.2154541 0.6604004 -0.06140136 0.668457 0.009887695 0.5626221 -3.66211e-4 0.4815674 -4.88281e-4 0.5596924 -0.06127929 0.482666 -0.06103515 0.5875244 -0.3151855 0.6403809 -0.2662354 0.6408691 -0.3303223 0.9173584 0.3122559 0.9078369 0.3231201 0.8896484 0.3195801 0.9173584 0.3122559 0.9155273 0.2969971 0.7874756 0.3278809 0.9017334 0.3323975 0.9078369 0.3231201 0.8653564 0.3293457 1.820801 0.8811035 1.820801 1.118896 1.82605 1 1.820801 1.118896 1.820801 0.8811035 1.82605 1 0.009033203 0.2419434 -0.02905273 0.2419434 -0.02905273 0.2561035 0.864502 -0.2502441 0.8525391 -0.3044434 0.8095703 -0.2502441 1.207031 0.2739258 1.193604 0.2818604 1.207031 0.2739258 0.1907958 1.011963 0.2015381 1.113892 0.2609863 1.112183 -0.4500732 0.4969482 -0.4500732 0.5238037 0.4500732 0.4969482 0.9388428 0.7617188 0.9813232 0.7539063 0.9813232 0.739624 0.6882324 -0.05493164 0.7474365 -0.06762695 0.6883545 0.04248046 1.820801 1.118896 1.82605 1 1.858643 1 1.820801 0.8811035 1.82605 1 1.858643 1 0.7346191 0.1350098 0.7445068 0.3237305 0.717041 0.3237305 0.4520264 0.3903809 -0.1350098 0.4324951 -0.1359863 0.3421631 0.3684082 0.3924561 0.3299561 0.3924561 0.3684082 0.4124756 0.3684082 0.3924561 0.3684082 0.3724365 0.4068604 0.3924561 0.01049804 0.2849121 -0.02905273 0.2849121 0.009033203 0.2706299 0.760498 0.3897705 0.7255859 0.3897705 0.7570801 0.4165039 0.7351074 0.416626 0.7333984 0.3735352 0.7543945 0.3730469 0.4520264 0.3903809 -0.1359863 0.3421631 -0.1350098 0.4324951 0.585083 0.479126 0.5722656 0.479126 0.5975342 0.4951172 0.585083 0.479126 0.5975342 0.4951172 0.5722656 0.479126 0.9090576 -0.3012695 0.9078369 -0.3594971 0.8587646 -0.3012695 1.024048 0.1611328 1.155762 0.1611328 1.155762 0.1611328 0.9466553 0.3012695 0.9455567 0.2824707 0.8914795 0.3015137</float_array>
          <technique_common>
            <accessor source="#polygon2-mesh-map-0-array" count="2646" stride="2">
              <param name="S" type="float"/>
              <param name="T" type="float"/>
            </accessor>
          </technique_common>
        </source>
        <source id="polygon2-mesh-colors-polygon2_Colors0" name="polygon2_Colors0">
          <float_array id="polygon2-mesh-colors-polygon2_Colors0-array" count="10584">0.8 0.8 0.8 1 0 0 0 1 0.5019608 0.5019608 0.5019608 1 0.8 0.8 0.8 1 0 0 0 1 0.8 0.8 0.8 1 0.8 0.8 0.8 1 0.8 0.8 0.8 1 0.8 0.8 0.8 1 0 0 0 1 0.8 0.8 0.8 1 0.8 0.8 0.8 1 0.8 0.8 0.8 1 0 0 0 1 0.8 0.8 0.8 1 0 0 0 1 0 0 0 1 0.8 0.8 0.8 1 0 0 0 1 0 0 0 1 0.8 0.8 0.8 1 0.5019608 0.5019608 0.5019608 1 0 0 0 1 0 0 0 1 0.5019608 0.5019608 0.5019608 1 0.5019608 0.5019608 0.5019608 1 0 0 0 1 0.8 0.8 0.8 1 0.5019608 0.5019608 0.5019608 1 0.5019608 0.5019608 0.5019608 1 0 0 0 1 0.8 0.8 0.8 1 0.5019608 0.5019608 0.5019608 1 0.8 0.8 0.8 1 0.8 0.8 0.8 1 0 0 0 1 0 0 0 1 0.8 0.8 0.8 1 0 0 0 1 0.8 0.8 0.8 1 0.8 0.8 0.8 1 0 0 0 1 0.8 0.8 0.8 1 0.8 0.8 0.8 1 0 0 0 1 0.8 0.8 0.8 1 0.8 0.8 0.8 1 0.8 0.8 0.8 1 0.8 0.8 0.8 1 0.8 0.8 0.8 1 0.8 0.8 0.8 1 0.5019608 0.5019608 0.5019608 1 0.8 0.8 0.8 1 0.8 0.8 0.8 1 0.5019608 0.5019608 0.5019608 1 0.5019608 0.5019608 0.5019608 1 0.8 0.8 0.8 1 0 0 0 1 0.5019608 0.5019608 0.5019608 1 0.5019608 0.5019608 0.5019608 1 0.5019608 0.5019608 0.5019608 1 0 0 0 1 0.5019608 0.5019608 0.5019608 1 0 0 0 1 0 0 0 1 0.5019608 0.5019608 0.5019608 1 0 0 0 1 0 0 0 1 0.5019608 0.5019608 0.5019608 1 0.8 0.8 0.8 1 0 0 0 1 0 0 0 1 0.2980392 0.2980392 0.2980392 1 0.2980392 0.2980392 0.2980392 1 0.2980392 0.2980392 0.2980392 1 0.2980392 0.2980392 0.2980392 1 0.2980392 0.2980392 0.2980392 1 0.2980392 0.2980392 0.2980392 1 0.2980392 0.2980392 0.2980392 1 0.2980392 0.2980392 0.2980392 1 0.2980392 0.2980392 0.2980392 1 0.2980392 0.2980392 0.2980392 1 0.2980392 0.2980392 0.2980392 1 0.2980392 0.2980392 0.2980392 1 0.6 0.6 0.6 1 0.2980392 0.2980392 0.2980392 1 0.2980392 0.2980392 0.2980392 1 0.4980392 0.4980392 0.4980392 1 0.2980392 0.2980392 0.2980392 1 0.6 0.6 0.6 1 0.8980392 0.8980392 0.8980392 1 0.4980392 0.4980392 0.4980392 1 0.6 0.6 0.6 1 0.6980392 0.6980392 0.6980392 1 0.4980392 0.4980392 0.4980392 1 0.8980392 0.8980392 0.8980392 1 0.8980392 0.8980392 0.8980392 1 0.6980392 0.6980392 0.6980392 1 0.8980392 0.8980392 0.8980392 1 0.6980392 0.6980392 0.6980392 1 0.6980392 0.6980392 0.6980392 1 0.8980392 0.8980392 0.8980392 1 0.8980392 0.8980392 0.8980392 1 0.6980392 0.6980392 0.6980392 1 0.8980392 0.8980392 0.8980392 1 0.6980392 0.6980392 0.6980392 1 0.6980392 0.6980392 0.6980392 1 0.8980392 0.8980392 0.8980392 1 0.6 0.6 0.6 1 0.6980392 0.6980392 0.6980392 1 0.8980392 0.8980392 0.8980392 1 0.4980392 0.4980392 0.4980392 1 0.6980392 0.6980392 0.6980392 1 0.6 0.6 0.6 1 0.2980392 0.2980392 0.2980392 1 0.4980392 0.4980392 0.4980392 1 0.6 0.6 0.6 1 0.2980392 0.2980392 0.2980392 1 0.4980392 0.4980392 0.4980392 1 0.2980392 0.2980392 0.2980392 1 1 1 1 1 0.8 0.8 0.8 1 0.8 0.8 0.8 1 1 1 1 1 0.8 0.8 0.8 1 1 1 1 1 0.6980392 0.6980392 0.6980392 1 1 1 1 1 1 1 1 1 0.6980392 0.6980392 0.6980392 1 1 1 1 1 0.6980392 0.6980392 0.6980392 1 0.2 0.2 0.2 1 0.6980392 0.6980392 0.6980392 1 0.6980392 0.6980392 0.6980392 1 0.2 0.2 0.2 1 0.6980392 0.6980392 0.6980392 1 0.2 0.2 0.2 1 0.2 0.2 0.2 1 0.2 0.2 0.2 1 0.2 0.2 0.2 1 0.2 0.2 0.2 1 0.2 0.2 0.2 1 0.2 0.2 0.2 1 0.2 0.2 0.2 1 0.2 0.2 0.2 1 0.2 0.2 0.2 1 0.6980392 0.6980392 0.6980392 1 0.2 0.2 0.2 1 0.2 0.2 0.2 1 0.6980392 0.6980392 0.6980392 1 0.6980392 0.6980392 0.6980392 1 0.2 0.2 0.2 1 1 1 1 1 0.6980392 0.6980392 0.6980392 1 0.6980392 0.6980392 0.6980392 1 1 1 1 1 1 1 1 1 0.6980392 0.6980392 0.6980392 1 0.8 0.8 0.8 1 1 1 1 1 1 1 1 1 1 1 1 1 0.8 0.8 0.8 1 1 1 1 1 0.8 0.8 0.8 1 0.8 0.8 0.8 1 1 1 1 1 0.2980392 0.2980392 0.2980392 1 0.2980392 0.2980392 0.2980392 1 0.2980392 0.2980392 0.2980392 1 0.2980392 0.2980392 0.2980392 1 0.2980392 0.2980392 0.2980392 1 0.2980392 0.2980392 0.2980392 1 0.2980392 0.2980392 0.2980392 1 0.2980392 0.2980392 0.2980392 1 0.2980392 0.2980392 0.2980392 1 0.2980392 0.2980392 0.2980392 1 0.2980392 0.2980392 0.2980392 1 0.2980392 0.2980392 0.2980392 1 0.6 0.6 0.6 1 0.2980392 0.2980392 0.2980392 1 0.2980392 0.2980392 0.2980392 1 0.6 0.6 0.6 1 0.2980392 0.2980392 0.2980392 1 0.6 0.6 0.6 1 0.8980392 0.8980392 0.8980392 1 0.6 0.6 0.6 1 0.6 0.6 0.6 1 0.6980392 0.6980392 0.6980392 1 0.6 0.6 0.6 1 0.8980392 0.8980392 0.8980392 1 0.8980392 0.8980392 0.8980392 1 0.6980392 0.6980392 0.6980392 1 0.8980392 0.8980392 0.8980392 1 0.6980392 0.6980392 0.6980392 1 0.6980392 0.6980392 0.6980392 1 0.8980392 0.8980392 0.8980392 1 0.8980392 0.8980392 0.8980392 1 0.6980392 0.6980392 0.6980392 1 0.8980392 0.8980392 0.8980392 1 0.6980392 0.6980392 0.6980392 1 0.6980392 0.6980392 0.6980392 1 0.8980392 0.8980392 0.8980392 1 0.6 0.6 0.6 1 0.6980392 0.6980392 0.6980392 1 0.8980392 0.8980392 0.8980392 1 0.6 0.6 0.6 1 0.6980392 0.6980392 0.6980392 1 0.6 0.6 0.6 1 0.2980392 0.2980392 0.2980392 1 0.6 0.6 0.6 1 0.6 0.6 0.6 1 0.2980392 0.2980392 0.2980392 1 0.6 0.6 0.6 1 0.2980392 0.2980392 0.2980392 1 0.2980392 0.2980392 0.2980392 1 0.2980392 0.2980392 0.2980392 1 0.2980392 0.2980392 0.2980392 1 0.6 0.6 0.6 1 0.2980392 0.2980392 0.2980392 1 0.2980392 0.2980392 0.2980392 1 0.6 0.6 0.6 1 0.6 0.6 0.6 1 0.2980392 0.2980392 0.2980392 1 0.6980392 0.6980392 0.6980392 1 0.6 0.6 0.6 1 0.6 0.6 0.6 1 0.8980392 0.8980392 0.8980392 1 0.6980392 0.6980392 0.6980392 1 0.6 0.6 0.6 1 0.6980392 0.6980392 0.6980392 1 0.6980392 0.6980392 0.6980392 1 0.8980392 0.8980392 0.8980392 1 0.8980392 0.8980392 0.8980392 1 0.6980392 0.6980392 0.6980392 1 0.8980392 0.8980392 0.8980392 1 0.6980392 0.6980392 0.6980392 1 0.6980392 0.6980392 0.6980392 1 0.8980392 0.8980392 0.8980392 1 0.8980392 0.8980392 0.8980392 1 0.6980392 0.6980392 0.6980392 1 0.8980392 0.8980392 0.8980392 1 0.6 0.6 0.6 1 0.6980392 0.6980392 0.6980392 1 0.8980392 0.8980392 0.8980392 1 0.6 0.6 0.6 1 0.6 0.6 0.6 1 0.8980392 0.8980392 0.8980392 1 0.2980392 0.2980392 0.2980392 1 0.6 0.6 0.6 1 0.6 0.6 0.6 1 0.2980392 0.2980392 0.2980392 1 0.2980392 0.2980392 0.2980392 1 0.6 0.6 0.6 1 0.2980392 0.2980392 0.2980392 1 0.2980392 0.2980392 0.2980392 1 0.2980392 0.2980392 0.2980392 1 0.2980392 0.2980392 0.2980392 1 0.2980392 0.2980392 0.2980392 1 0.2980392 0.2980392 0.2980392 1 0.2980392 0.2980392 0.2980392 1 0.2980392 0.2980392 0.2980392 1 0.2980392 0.2980392 0.2980392 1 0.2980392 0.2980392 0.2980392 1 0.2980392 0.2980392 0.2980392 1 0.2980392 0.2980392 0.2980392 1 0.4980392 0.4980392 0.4980392 1 0.2980392 0.2980392 0.2980392 1 0.2980392 0.2980392 0.2980392 1 0.6 0.6 0.6 1 0.4980392 0.4980392 0.4980392 1 0.2980392 0.2980392 0.2980392 1 0.6980392 0.6980392 0.6980392 1 0.4980392 0.4980392 0.4980392 1 0.6 0.6 0.6 1 0.8980392 0.8980392 0.8980392 1 0.6980392 0.6980392 0.6980392 1 0.6 0.6 0.6 1 0.6980392 0.6980392 0.6980392 1 0.6980392 0.6980392 0.6980392 1 0.8980392 0.8980392 0.8980392 1 0.8980392 0.8980392 0.8980392 1 0.6980392 0.6980392 0.6980392 1 0.8980392 0.8980392 0.8980392 1 0.6980392 0.6980392 0.6980392 1 0.6980392 0.6980392 0.6980392 1 0.8980392 0.8980392 0.8980392 1 0.8980392 0.8980392 0.8980392 1 0.6980392 0.6980392 0.6980392 1 0.8980392 0.8980392 0.8980392 1 0.4980392 0.4980392 0.4980392 1 0.6980392 0.6980392 0.6980392 1 0.8980392 0.8980392 0.8980392 1 0.6 0.6 0.6 1 0.4980392 0.4980392 0.4980392 1 0.8980392 0.8980392 0.8980392 1 0.2980392 0.2980392 0.2980392 1 0.4980392 0.4980392 0.4980392 1 0.6 0.6 0.6 1 0.2980392 0.2980392 0.2980392 1 0.2980392 0.2980392 0.2980392 1 0.6 0.6 0.6 1 0.2980392 0.2980392 0.2980392 1 0.2980392 0.2980392 0.2980392 1 0.2980392 0.2980392 0.2980392 1 0.2980392 0.2980392 0.2980392 1 0.2980392 0.2980392 0.2980392 1 0.2980392 0.2980392 0.2980392 1 0.2980392 0.2980392 0.2980392 1 0.2980392 0.2980392 0.2980392 1 0.2980392 0.2980392 0.2980392 1 0.2 0.2 0.2 1 0.3019608 0.3019608 0.3019608 1 0 0 0 1 1 1 1 1 0.3019608 0.3019608 0.3019608 1 0.2 0.2 0.2 1 1 1 1 1 1 1 1 1 0.2 0.2 0.2 1 0.4 0.4 0.4 1 1 1 1 1 1 1 1 1 0.9019608 0.9019608 0.9019608 1 0.4 0.4 0.4 1 1 1 1 1 0.2 0.2 0.2 1 0.4 0.4 0.4 1 0.9019608 0.9019608 0.9019608 1 0.2 0.2 0.2 1 0.2 0.2 0.2 1 0.9019608 0.9019608 0.9019608 1 0.3019608 0.3019608 0.3019608 1 0.2 0.2 0.2 1 0.2 0.2 0.2 1 0 0 0 1 0.3019608 0.3019608 0.3019608 1 0.2 0.2 0.2 1 0.9019608 0.9019608 0.9019608 1 0.3019608 0.3019608 0.3019608 1 0 0 0 1 0.7019608 0.7019608 0.7019608 1 0.9019608 0.9019608 0.9019608 1 0 0 0 1 0.3019608 0.3019608 0.3019608 1 0.9019608 0.9019608 0.9019608 1 0.7019608 0.7019608 0.7019608 1 0.8980392 0.8980392 0.8980392 1 0.6980392 0.6980392 0.6980392 1 0.8980392 0.8980392 0.8980392 1 0.6980392 0.6980392 0.6980392 1 0.6980392 0.6980392 0.6980392 1 0.8980392 0.8980392 0.8980392 1 0.8980392 0.8980392 0.8980392 1 0.6980392 0.6980392 0.6980392 1 0.8980392 0.8980392 0.8980392 1 0.8980392 0.8980392 0.8980392 1 0.6980392 0.6980392 0.6980392 1 0.8980392 0.8980392 0.8980392 1 0.8980392 0.8980392 0.8980392 1 0.8980392 0.8980392 0.8980392 1 0.8980392 0.8980392 0.8980392 1 0.8980392 0.8980392 0.8980392 1 0.8980392 0.8980392 0.8980392 1 0.8980392 0.8980392 0.8980392 1 0.8980392 0.8980392 0.8980392 1 0.8980392 0.8980392 0.8980392 1 0.8980392 0.8980392 0.8980392 1 0.8980392 0.8980392 0.8980392 1 0.8980392 0.8980392 0.8980392 1 0.8980392 0.8980392 0.8980392 1 0.8980392 0.8980392 0.8980392 1 0.8980392 0.8980392 0.8980392 1 0.8980392 0.8980392 0.8980392 1 0.8980392 0.8980392 0.8980392 1 0.8980392 0.8980392 0.8980392 1 0.8980392 0.8980392 0.8980392 1 0.8980392 0.8980392 0.8980392 1 0.8980392 0.8980392 0.8980392 1 0.8980392 0.8980392 0.8980392 1 0.2 0.2 0.2 1 0.8 0.8 0.8 1 0.2 0.2 0.2 1 0.8 0.8 0.8 1 0.8 0.8 0.8 1 0.2 0.2 0.2 1 0.2 0.2 0.2 1 0.8 0.8 0.8 1 0.2 0.2 0.2 1 0.8 0.8 0.8 1 0.8 0.8 0.8 1 0.2 0.2 0.2 1 0.8 0.8 0.8 1 0.8 0.8 0.8 1 0.2 0.2 0.2 1 0.2 0.2 0.2 1 0.8 0.8 0.8 1 0.8 0.8 0.8 1 0.2 0.2 0.2 1 0.2 0.2 0.2 1 0.8 0.8 0.8 1 0.2 0.2 0.2 1 0.2 0.2 0.2 1 0.2 0.2 0.2 1 0.2 0.2 0.2 1 0.2 0.2 0.2 1 0.2 0.2 0.2 1 0.2 0.2 0.2 1 0.2 0.2 0.2 1 0.2 0.2 0.2 1 0.2 0.2 0.2 1 0.2 0.2 0.2 1 0.2 0.2 0.2 1 0.2 0.2 0.2 1 0.2 0.2 0.2 1 0.2 0.2 0.2 1 0.2 0.2 0.2 1 0.2 0.2 0.2 1 0.2 0.2 0.2 1 0.2 0.2 0.2 1 0.2 0.2 0.2 1 0.2 0.2 0.2 1 0.2 0.2 0.2 1 0.2 0.2 0.2 1 0.2 0.2 0.2 1 0.8 0.8 0.8 1 0.2 0.2 0.2 1 0.2 0.2 0.2 1 0.8 0.8 0.8 1 0.8 0.8 0.8 1 0.2 0.2 0.2 1 0.2 0.2 0.2 1 0.8 0.8 0.8 1 0.8 0.8 0.8 1 0.8 0.8 0.8 1 0.2 0.2 0.2 1 0.8 0.8 0.8 1 0.2 0.2 0.2 1 0.2 0.2 0.2 1 0.8 0.8 0.8 1 0.8 0.8 0.8 1 0.6 0.6 0.6 1 0.4 0.4 0.4 1 0.6 0.6 0.6 1 0.6 0.6 0.6 1 0.8 0.8 0.8 1 0.8 0.8 0.8 1 0.6 0.6 0.6 1 0.8 0.8 0.8 1 0.4 0.4 0.4 1 0.6 0.6 0.6 1 0.8 0.8 0.8 1 0.6 0.6 0.6 1 0.4 0.4 0.4 1 0.8 0.8 0.8 1 0.4 0.4 0.4 1 0.4 0.4 0.4 1 0.6 0.6 0.6 1 0.6 0.6 0.6 1 0.4 0.4 0.4 1 0.6 0.6 0.6 1 0.8 0.8 0.8 1 0.4 0.4 0.4 1 0.6 0.6 0.6 1 0.8 0.8 0.8 1 0.8 0.8 0.8 1 0.6 0.6 0.6 1 0.6980392 0.6980392 0.6980392 1 0.6 0.6 0.6 1 0 0 0 1 0.8980392 0.8980392 0.8980392 1 0.6 0.6 0.6 1 0.6980392 0.6980392 0.6980392 1 0.8980392 0.8980392 0.8980392 1 0.8980392 0.8980392 0.8980392 1 0.6980392 0.6980392 0.6980392 1 0.8980392 0.8980392 0.8980392 1 0.8980392 0.8980392 0.8980392 1 0.8980392 0.8980392 0.8980392 1 0.8980392 0.8980392 0.8980392 1 0.8980392 0.8980392 0.8980392 1 0.8980392 0.8980392 0.8980392 1 0.8980392 0.8980392 0.8980392 1 0.8980392 0.8980392 0.8980392 1 0.8980392 0.8980392 0.8980392 1 0.6980392 0.6980392 0.6980392 1 0.8980392 0.8980392 0.8980392 1 0.8980392 0.8980392 0.8980392 1 0.6 0.6 0.6 1 0.8980392 0.8980392 0.8980392 1 0.6980392 0.6980392 0.6980392 1 0 0 0 1 0.6 0.6 0.6 1 0.6980392 0.6980392 0.6980392 1 0.4980392 0.4980392 0.4980392 1 0.6980392 0.6980392 0.6980392 1 0.8980392 0.8980392 0.8980392 1 0.6980392 0.6980392 0.6980392 1 0.6980392 0.6980392 0.6980392 1 0.4980392 0.4980392 0.4980392 1 0.4980392 0.4980392 0.4980392 1 0.6980392 0.6980392 0.6980392 1 0.4980392 0.4980392 0.4980392 1 0.6980392 0.6980392 0.6980392 1 0.6980392 0.6980392 0.6980392 1 0.4980392 0.4980392 0.4980392 1 0.4980392 0.4980392 0.4980392 1 0.6980392 0.6980392 0.6980392 1 0.4980392 0.4980392 0.4980392 1 0.6980392 0.6980392 0.6980392 1 0.6980392 0.6980392 0.6980392 1 0.4980392 0.4980392 0.4980392 1 0.4980392 0.4980392 0.4980392 1 0.6980392 0.6980392 0.6980392 1 0.4980392 0.4980392 0.4980392 1 0.8 0.8 0.8 1 0.6980392 0.6980392 0.6980392 1 0.4980392 0.4980392 0.4980392 1 0.8980392 0.8980392 0.8980392 1 0.8 0.8 0.8 1 0.4980392 0.4980392 0.4980392 1 0.9019608 0.9019608 0.9019608 1 0.3019608 0.3019608 0.3019608 1 0.7019608 0.7019608 0.7019608 1 0 0 0 1 0.3019608 0.3019608 0.3019608 1 0.9019608 0.9019608 0.9019608 1 1 1 1 1 0 0 0 1 0.9019608 0.9019608 0.9019608 1 0.2 0.2 0.2 1 0 0 0 1 1 1 1 1 0.2 0.2 0.2 1 0.2 0.2 0.2 1 1 1 1 1 0.3019608 0.3019608 0.3019608 1 0.2 0.2 0.2 1 0.2 0.2 0.2 1 0.3019608 0.3019608 0.3019608 1 0.3019608 0.3019608 0.3019608 1 0.2 0.2 0.2 1 0.9019608 0.9019608 0.9019608 1 0.3019608 0.3019608 0.3019608 1 0.3019608 0.3019608 0.3019608 1 1 1 1 1 0.9019608 0.9019608 0.9019608 1 0.3019608 0.3019608 0.3019608 1 0.4 0.4 0.4 1 0.6980392 0.6980392 0.6980392 1 0.6980392 0.6980392 0.6980392 1 0.4 0.4 0.4 1 0.6980392 0.6980392 0.6980392 1 0.4 0.4 0.4 1 0.4117647 0.4117647 0.4117647 1 0.4 0.4 0.4 1 0.4 0.4 0.4 1 0.4117647 0.4117647 0.4117647 1 0.4 0.4 0.4 1 0.4117647 0.4117647 0.4117647 1 0.6980392 0.6980392 0.6980392 1 0.4117647 0.4117647 0.4117647 1 0.4117647 0.4117647 0.4117647 1 0.6980392 0.6980392 0.6980392 1 0.4117647 0.4117647 0.4117647 1 0.6980392 0.6980392 0.6980392 1 0.6980392 0.6980392 0.6980392 1 0.6980392 0.6980392 0.6980392 1 0.6980392 0.6980392 0.6980392 1 0.6980392 0.6980392 0.6980392 1 0.6980392 0.6980392 0.6980392 1 0.6980392 0.6980392 0.6980392 1 0.4980392 0.4980392 0.4980392 1 1 1 1 1 1 1 1 1 0.4980392 0.4980392 0.4980392 1 1 1 1 1 0.4980392 0.4980392 0.4980392 1 0.2 0.2 0.2 1 0.4980392 0.4980392 0.4980392 1 0.4980392 0.4980392 0.4980392 1 0.2 0.2 0.2 1 0.4980392 0.4980392 0.4980392 1 0.2 0.2 0.2 1 0.8 0.8 0.8 1 0.2 0.2 0.2 1 0.2 0.2 0.2 1 0.8 0.8 0.8 1 0.2 0.2 0.2 1 0.8 0.8 0.8 1 1 1 1 1 0.8 0.8 0.8 1 0.8 0.8 0.8 1 1 1 1 1 0.8 0.8 0.8 1 1 1 1 1 1 1 1 1 0.2 0.2 0.2 1 0.4980392 0.4980392 0.4980392 1 0.8 0.8 0.8 1 0.2 0.2 0.2 1 1 1 1 1 0 0 0 1 0.8 0.8 0.8 1 1 1 1 1 0.6980392 0.6980392 0.6980392 1 0.8 0.8 0.8 1 0 0 0 1 0 0 0 1 0.6980392 0.6980392 0.6980392 1 0 0 0 1 0.4980392 0.4980392 0.4980392 1 0.6980392 0.6980392 0.6980392 1 0 0 0 1 0.4980392 0.4980392 0.4980392 1 0.4980392 0.4980392 0.4980392 1 0 0 0 1 0.2 0.2 0.2 1 0.4980392 0.4980392 0.4980392 1 0.4980392 0.4980392 0.4980392 1 0.4 0.4 0.4 1 0.6980392 0.6980392 0.6980392 1 0.6980392 0.6980392 0.6980392 1 0.4 0.4 0.4 1 0.6980392 0.6980392 0.6980392 1 0.4 0.4 0.4 1 0.4156863 0.4156863 0.4156863 1 0.4 0.4 0.4 1 0.4 0.4 0.4 1 0.4156863 0.4156863 0.4156863 1 0.4 0.4 0.4 1 0.4156863 0.4156863 0.4156863 1 0.6980392 0.6980392 0.6980392 1 0.4156863 0.4156863 0.4156863 1 0.4156863 0.4156863 0.4156863 1 0.6980392 0.6980392 0.6980392 1 0.4156863 0.4156863 0.4156863 1 0.6980392 0.6980392 0.6980392 1 0.6980392 0.6980392 0.6980392 1 0.6980392 0.6980392 0.6980392 1 0.6980392 0.6980392 0.6980392 1 0.6980392 0.6980392 0.6980392 1 0.6980392 0.6980392 0.6980392 1 0.6980392 0.6980392 0.6980392 1 0.6980392 0.6980392 0.6980392 1 0.6980392 0.6980392 0.6980392 1 0.4 0.4 0.4 1 0.6980392 0.6980392 0.6980392 1 0.6980392 0.6980392 0.6980392 1 0.6980392 0.6980392 0.6980392 1 0.6980392 0.6980392 0.6980392 1 0.6980392 0.6980392 0.6980392 1 0.6980392 0.6980392 0.6980392 1 0.4117647 0.4117647 0.4117647 1 0.6980392 0.6980392 0.6980392 1 0.6980392 0.6980392 0.6980392 1 0.4117647 0.4117647 0.4117647 1 0.4117647 0.4117647 0.4117647 1 0.6980392 0.6980392 0.6980392 1 0.4 0.4 0.4 1 0.4117647 0.4117647 0.4117647 1 0.4117647 0.4117647 0.4117647 1 0.4 0.4 0.4 1 0.4 0.4 0.4 1 0.4117647 0.4117647 0.4117647 1 0.6980392 0.6980392 0.6980392 1 0.4 0.4 0.4 1 0.4 0.4 0.4 1 1 1 1 1 1 1 1 1 0.4980392 0.4980392 0.4980392 1 0.8 0.8 0.8 1 1 1 1 1 1 1 1 1 0.8 0.8 0.8 1 0.8 0.8 0.8 1 1 1 1 1 0.2 0.2 0.2 1 0.8 0.8 0.8 1 0.8 0.8 0.8 1 0.2 0.2 0.2 1 0.2 0.2 0.2 1 0.8 0.8 0.8 1 0.4980392 0.4980392 0.4980392 1 0.2 0.2 0.2 1 0.2 0.2 0.2 1 0.4980392 0.4980392 0.4980392 1 0.4980392 0.4980392 0.4980392 1 0.2 0.2 0.2 1 1 1 1 1 0.4980392 0.4980392 0.4980392 1 0.4980392 0.4980392 0.4980392 1 0.6980392 0.6980392 0.6980392 1 0.6980392 0.6980392 0.6980392 1 0.6980392 0.6980392 0.6980392 1 0.4156863 0.4156863 0.4156863 1 0.6980392 0.6980392 0.6980392 1 0.6980392 0.6980392 0.6980392 1 0.4156863 0.4156863 0.4156863 1 0.4156863 0.4156863 0.4156863 1 0.6980392 0.6980392 0.6980392 1 0.4 0.4 0.4 1 0.4156863 0.4156863 0.4156863 1 0.4156863 0.4156863 0.4156863 1 0.4 0.4 0.4 1 0.4 0.4 0.4 1 0.4156863 0.4156863 0.4156863 1 0.6980392 0.6980392 0.6980392 1 0.4 0.4 0.4 1 0.4 0.4 0.4 1 0.6980392 0.6980392 0.6980392 1 0.6980392 0.6980392 0.6980392 1 0.4 0.4 0.4 1 0.6980392 0.6980392 0.6980392 1 0.6980392 0.6980392 0.6980392 1 0.6980392 0.6980392 0.6980392 1 0 0 0 1 0.3019608 0.3019608 0.3019608 1 0.3019608 0.3019608 0.3019608 1 0 0 0 1 0.3019608 0.3019608 0.3019608 1 0 0 0 1 0.3019608 0.3019608 0.3019608 1 0 0 0 1 0 0 0 1 0.3019608 0.3019608 0.3019608 1 0 0 0 1 0.3019608 0.3019608 0.3019608 1 0.8 0.8 0.8 1 0.3019608 0.3019608 0.3019608 1 0.3019608 0.3019608 0.3019608 1 0.8 0.8 0.8 1 0.3019608 0.3019608 0.3019608 1 0.8 0.8 0.8 1 0.3019608 0.3019608 0.3019608 1 0.8 0.8 0.8 1 0.8 0.8 0.8 1 0.3019608 0.3019608 0.3019608 1 0.8 0.8 0.8 1 0.3019608 0.3019608 0.3019608 1 0.2 0.2 0.2 1 0.2 0.2 0.2 1 0.2 0.2 0.2 1 0.2 0.2 0.2 1 0.2 0.2 0.2 1 0.2 0.2 0.2 1 0.6980392 0.6980392 0.6980392 1 0.2 0.2 0.2 1 0.2 0.2 0.2 1 0.6980392 0.6980392 0.6980392 1 0.2 0.2 0.2 1 0.6980392 0.6980392 0.6980392 1 1 1 1 1 0.6980392 0.6980392 0.6980392 1 0.6980392 0.6980392 0.6980392 1 1 1 1 1 0.6980392 0.6980392 0.6980392 1 1 1 1 1 0.8 0.8 0.8 1 1 1 1 1 1 1 1 1 0.1019608 0.1019608 0.1019608 1 0.7019608 0.7019608 0.7019608 1 0.4 0.4 0.4 1 0.6 0.6 0.6 1 0.7019608 0.7019608 0.7019608 1 0.1019608 0.1019608 0.1019608 1 0.9019608 0.9019608 0.9019608 1 0.6 0.6 0.6 1 0.1019608 0.1019608 0.1019608 1 0.6 0.6 0.6 1 0.6 0.6 0.6 1 0.9019608 0.9019608 0.9019608 1 0.9019608 0.9019608 0.9019608 1 0.6 0.6 0.6 1 0.9019608 0.9019608 0.9019608 1 0.1019608 0.1019608 0.1019608 1 0.6 0.6 0.6 1 0.9019608 0.9019608 0.9019608 1 0.7019608 0.7019608 0.7019608 1 0.1019608 0.1019608 0.1019608 1 0.9019608 0.9019608 0.9019608 1 1 1 1 1 0.8 0.8 0.8 1 0.8 0.8 0.8 1 1 1 1 1 0.8 0.8 0.8 1 1 1 1 1 0.6980392 0.6980392 0.6980392 1 1 1 1 1 1 1 1 1 0.6980392 0.6980392 0.6980392 1 1 1 1 1 0.6980392 0.6980392 0.6980392 1 0.2 0.2 0.2 1 0.6980392 0.6980392 0.6980392 1 0.6980392 0.6980392 0.6980392 1 0.6980392 0.6980392 0.6980392 1 0.6980392 0.6980392 0.6980392 1 0.2 0.2 0.2 1 0.2 0.2 0.2 1 0.6980392 0.6980392 0.6980392 1 0.2 0.2 0.2 1 1 1 1 1 1 1 1 1 1 1 1 1 1 1 1 1 1 1 1 1 1 1 1 1 1 1 1 1 1 1 1 1 1 1 1 1 1 1 1 1 1 1 1 1 1 1 1 1 1 1 1 1 1 1 1 1 1 1 1 1 1 1 1 1 1 1 1 1 1 1 1 1 1 1 1 1 1 1 1 1 1 1 1 1 1 1 1 1 0.8980392 0.8980392 0.8980392 1 0.8980392 0.8980392 0.8980392 1 1 1 1 1 0.8980392 0.8980392 0.8980392 1 1 1 1 1 0.6980392 0.6980392 0.6980392 1 1 1 1 1 1 1 1 1 0.6980392 0.6980392 0.6980392 1 1 1 1 1 0.6980392 0.6980392 0.6980392 1 0.2 0.2 0.2 1 0.6980392 0.6980392 0.6980392 1 0.6980392 0.6980392 0.6980392 1 0.2 0.2 0.2 1 0.6980392 0.6980392 0.6980392 1 0.2 0.2 0.2 1 0.4980392 0.4980392 0.4980392 1 0 0 0 1 0 0 0 1 0.4980392 0.4980392 0.4980392 1 0 0 0 1 0.4980392 0.4980392 0.4980392 1 1 1 1 1 0.4980392 0.4980392 0.4980392 1 0.4980392 0.4980392 0.4980392 1 1 1 1 1 0.4980392 0.4980392 0.4980392 1 1 1 1 1 0 0 0 1 1 1 1 1 1 1 1 1 0 0 0 1 1 1 1 1 0 0 0 1 0.7019608 0.7019608 0.7019608 1 0.9019608 0.9019608 0.9019608 1 0.1019608 0.1019608 0.1019608 1 0.7019608 0.7019608 0.7019608 1 0.9019608 0.9019608 0.9019608 1 0.7019608 0.7019608 0.7019608 1 0.7019608 0.7019608 0.7019608 1 0.7019608 0.7019608 0.7019608 1 0.7019608 0.7019608 0.7019608 1 0.7019608 0.7019608 0.7019608 1 0.7019608 0.7019608 0.7019608 1 0.7019608 0.7019608 0.7019608 1 0.7019608 0.7019608 0.7019608 1 0.7019608 0.7019608 0.7019608 1 0.7019608 0.7019608 0.7019608 1 0.7019608 0.7019608 0.7019608 1 0.7019608 0.7019608 0.7019608 1 0.7019608 0.7019608 0.7019608 1 0.4980392 0.4980392 0.4980392 1 0.8980392 0.8980392 0.8980392 1 0.6980392 0.6980392 0.6980392 1 0.8980392 0.8980392 0.8980392 1 0.8980392 0.8980392 0.8980392 1 0.4980392 0.4980392 0.4980392 1 0.4980392 0.4980392 0.4980392 1 0.8980392 0.8980392 0.8980392 1 0.4980392 0.4980392 0.4980392 1 0.8 0.8 0.8 1 0.8980392 0.8980392 0.8980392 1 0.4980392 0.4980392 0.4980392 1 0.6980392 0.6980392 0.6980392 1 0.8 0.8 0.8 1 0.4980392 0.4980392 0.4980392 1 0.8 0.8 0.8 1 0.8 0.8 0.8 1 0.6980392 0.6980392 0.6980392 1 0.9019608 0.9019608 0.9019608 1 0.8980392 0.8980392 0.8980392 1 0.4 0.4 0.4 1 0.4 0.4 0.4 1 0.8980392 0.8980392 0.8980392 1 0.9019608 0.9019608 0.9019608 1 0.4 0.4 0.4 1 0.4 0.4 0.4 1 0.9019608 0.9019608 0.9019608 1 0.4 0.4 0.4 1 0.4 0.4 0.4 1 0.4 0.4 0.4 1 0.4 0.4 0.4 1 0.4 0.4 0.4 1 0.4 0.4 0.4 1 0.9019608 0.9019608 0.9019608 1 0.4 0.4 0.4 1 0.4 0.4 0.4 1 0.5019608 0.5019608 0.5019608 1 0.1019608 0.1019608 0.1019608 1 0 0 0 1 0.3019608 0.3019608 0.3019608 1 0.1019608 0.1019608 0.1019608 1 0.5019608 0.5019608 0.5019608 1 0.8 0.8 0.8 1 0.3019608 0.3019608 0.3019608 1 0.5019608 0.5019608 0.5019608 1 1 1 1 1 0.3019608 0.3019608 0.3019608 1 0.8 0.8 0.8 1 0.8 0.8 0.8 1 1 1 1 1 0.8 0.8 0.8 1 0.3019608 0.3019608 0.3019608 1 1 1 1 1 0.8 0.8 0.8 1 0.8 0.8 0.8 1 0.8 0.8 0.8 1 0.6980392 0.6980392 0.6980392 1 0.8 0.8 0.8 1 0.8 0.8 0.8 1 0.8 0.8 0.8 1 0.8980392 0.8980392 0.8980392 1 0.8 0.8 0.8 1 0.8 0.8 0.8 1 0.6 0.6 0.6 1 0.8 0.8 0.8 1 0.8980392 0.8980392 0.8980392 1 0.8 0.8 0.8 1 0.6 0.6 0.6 1 0.8980392 0.8980392 0.8980392 1 0.8980392 0.8980392 0.8980392 1 0.6 0.6 0.6 1 0.8 0.8 0.8 1 0.8 0.8 0.8 1 0.3019608 0.3019608 0.3019608 1 0.8 0.8 0.8 1 1 1 1 1 0.3019608 0.3019608 0.3019608 1 0.8 0.8 0.8 1 0.5019608 0.5019608 0.5019608 1 1 1 1 1 0.8 0.8 0.8 1 0.3019608 0.3019608 0.3019608 1 1 1 1 1 0.5019608 0.5019608 0.5019608 1 0 0 0 1 0.3019608 0.3019608 0.3019608 1 0.5019608 0.5019608 0.5019608 1 0.1019608 0.1019608 0.1019608 1 0.3019608 0.3019608 0.3019608 1 0 0 0 1 0.3019608 0.3019608 0.3019608 1 0 0 0 1 0.8 0.8 0.8 1 0.1019608 0.1019608 0.1019608 1 0 0 0 1 0.3019608 0.3019608 0.3019608 1 0.3019608 0.3019608 0.3019608 1 0.1019608 0.1019608 0.1019608 1 0.3019608 0.3019608 0.3019608 1 0.1019608 0.1019608 0.1019608 1 0.1019608 0.1019608 0.1019608 1 0.3019608 0.3019608 0.3019608 1 0.8 0.8 0.8 1 0.1019608 0.1019608 0.1019608 1 0.3019608 0.3019608 0.3019608 1 0 0 0 1 0.1019608 0.1019608 0.1019608 1 0.8 0.8 0.8 1 0.8980392 0.8980392 0.8980392 1 0.6980392 0.6980392 0.6980392 1 0.8980392 0.8980392 0.8980392 1 0.8 0.8 0.8 1 0.6980392 0.6980392 0.6980392 1 0.8980392 0.8980392 0.8980392 1 0.8980392 0.8980392 0.8980392 1 0.8 0.8 0.8 1 0.8980392 0.8980392 0.8980392 1 0.8 0.8 0.8 1 0.8 0.8 0.8 1 0.8980392 0.8980392 0.8980392 1 0.8980392 0.8980392 0.8980392 1 0.8 0.8 0.8 1 0.8980392 0.8980392 0.8980392 1 0.6980392 0.6980392 0.6980392 1 0.8 0.8 0.8 1 0.8980392 0.8980392 0.8980392 1 0.4980392 0.4980392 0.4980392 1 0.8 0.8 0.8 1 0.6 0.6 0.6 1 0.8980392 0.8980392 0.8980392 1 0.8 0.8 0.8 1 0.4980392 0.4980392 0.4980392 1 0.4980392 0.4980392 0.4980392 1 0.8980392 0.8980392 0.8980392 1 0.4980392 0.4980392 0.4980392 1 0.8980392 0.8980392 0.8980392 1 0.8980392 0.8980392 0.8980392 1 0.4980392 0.4980392 0.4980392 1 0.6 0.6 0.6 1 0.8980392 0.8980392 0.8980392 1 0.4980392 0.4980392 0.4980392 1 0.8 0.8 0.8 1 0.8980392 0.8980392 0.8980392 1 0.6 0.6 0.6 1 0.6980392 0.6980392 0.6980392 1 0.4980392 0.4980392 0.4980392 1 0.6980392 0.6980392 0.6980392 1 0.4980392 0.4980392 0.4980392 1 0.4980392 0.4980392 0.4980392 1 0.6980392 0.6980392 0.6980392 1 0.6980392 0.6980392 0.6980392 1 0.4980392 0.4980392 0.4980392 1 0.6980392 0.6980392 0.6980392 1 0.4980392 0.4980392 0.4980392 1 0.4980392 0.4980392 0.4980392 1 0.6980392 0.6980392 0.6980392 1 0.6980392 0.6980392 0.6980392 1 0.4980392 0.4980392 0.4980392 1 0.6980392 0.6980392 0.6980392 1 0.4980392 0.4980392 0.4980392 1 0.4980392 0.4980392 0.4980392 1 0.6980392 0.6980392 0.6980392 1 0.2 0.2 0.2 1 0.2980392 0.2980392 0.2980392 1 0.2980392 0.2980392 0.2980392 1 0.2 0.2 0.2 1 0.2980392 0.2980392 0.2980392 1 0.2 0.2 0.2 1 0.6 0.6 0.6 1 0.2 0.2 0.2 1 0.2 0.2 0.2 1 0.6 0.6 0.6 1 0.2 0.2 0.2 1 0.6 0.6 0.6 1 0.8980392 0.8980392 0.8980392 1 0.6 0.6 0.6 1 0.6 0.6 0.6 1 0.8 0.8 0.8 1 0.6 0.6 0.6 1 0.8980392 0.8980392 0.8980392 1 0.6980392 0.6980392 0.6980392 1 0.2980392 0.2980392 0.2980392 1 0.2980392 0.2980392 0.2980392 1 0.6 0.6 0.6 1 0.2980392 0.2980392 0.2980392 1 0.6980392 0.6980392 0.6980392 1 0.6980392 0.6980392 0.6980392 1 0.6 0.6 0.6 1 0.6980392 0.6980392 0.6980392 1 0.6 0.6 0.6 1 0.6 0.6 0.6 1 0.6980392 0.6980392 0.6980392 1 0.2980392 0.2980392 0.2980392 1 0.6 0.6 0.6 1 0.6980392 0.6980392 0.6980392 1 0.2980392 0.2980392 0.2980392 1 0.6 0.6 0.6 1 0.2980392 0.2980392 0.2980392 1 0.6 0.6 0.6 1 0.2980392 0.2980392 0.2980392 1 0.6980392 0.6980392 0.6980392 1 0.2 0.2 0.2 1 0.2980392 0.2980392 0.2980392 1 0.6 0.6 0.6 1 0.6 0.6 0.6 1 0.2 0.2 0.2 1 0.6 0.6 0.6 1 0.6 0.6 0.6 1 0.2 0.2 0.2 1 0.6 0.6 0.6 1 0.8980392 0.8980392 0.8980392 1 0.6 0.6 0.6 1 0.6 0.6 0.6 1 0.8980392 0.8980392 0.8980392 1 0.6 0.6 0.6 1 0.8980392 0.8980392 0.8980392 1 0.8980392 0.8980392 0.8980392 1 0.8980392 0.8980392 0.8980392 1 0.8980392 0.8980392 0.8980392 1 0.8 0.8 0.8 1 0.8980392 0.8980392 0.8980392 1 0.8980392 0.8980392 0.8980392 1 0.8 0.8 0.8 1 0.8 0.8 0.8 1 0.8980392 0.8980392 0.8980392 1 0.6 0.6 0.6 1 0.8 0.8 0.8 1 0.8 0.8 0.8 1 0.6 0.6 0.6 1 0.6 0.6 0.6 1 0.8 0.8 0.8 1 0.6 0.6 0.6 1 0.6 0.6 0.6 1 0.6 0.6 0.6 1 0.6 0.6 0.6 1 0.6 0.6 0.6 1 0.6 0.6 0.6 1 0.8 0.8 0.8 1 0.6 0.6 0.6 1 0.6 0.6 0.6 1 0.8 0.8 0.8 1 0.8 0.8 0.8 1 0.6 0.6 0.6 1 0.8980392 0.8980392 0.8980392 1 0.8 0.8 0.8 1 0.8 0.8 0.8 1 0.8980392 0.8980392 0.8980392 1 0.8980392 0.8980392 0.8980392 1 0.8 0.8 0.8 1 0.8980392 0.8980392 0.8980392 1 0.8980392 0.8980392 0.8980392 1 0.8980392 0.8980392 0.8980392 1 0.8 0.8 0.8 1 0.8 0.8 0.8 1 0.8 0.8 0.8 1 0.8980392 0.8980392 0.8980392 1 0.8 0.8 0.8 1 0.8 0.8 0.8 1 0.6 0.6 0.6 1 0.8980392 0.8980392 0.8980392 1 0.8 0.8 0.8 1 0.8 0.8 0.8 1 0.8980392 0.8980392 0.8980392 1 0.6 0.6 0.6 1 0.8980392 0.8980392 0.8980392 1 0.8 0.8 0.8 1 0.6 0.6 0.6 1 0.4980392 0.4980392 0.4980392 1 0.8980392 0.8980392 0.8980392 1 0.8980392 0.8980392 0.8980392 1 0.8980392 0.8980392 0.8980392 1 0.8980392 0.8980392 0.8980392 1 0.4980392 0.4980392 0.4980392 1 0.4980392 0.4980392 0.4980392 1 0.8980392 0.8980392 0.8980392 1 0.4980392 0.4980392 0.4980392 1 0.8980392 0.8980392 0.8980392 1 0.8980392 0.8980392 0.8980392 1 0.4980392 0.4980392 0.4980392 1 0.4980392 0.4980392 0.4980392 1 0.8980392 0.8980392 0.8980392 1 0.4980392 0.4980392 0.4980392 1 0.6 0.6 0.6 1 0.6 0.6 0.6 1 0.6 0.6 0.6 1 0.2 0.2 0.2 1 0.6 0.6 0.6 1 0.6 0.6 0.6 1 0.2 0.2 0.2 1 0.2 0.2 0.2 1 0.6 0.6 0.6 1 0.2 0.2 0.2 1 0.2 0.2 0.2 1 0.2 0.2 0.2 1 0.2 0.2 0.2 1 0.2 0.2 0.2 1 0.2 0.2 0.2 1 0.2 0.2 0.2 1 0.6 0.6 0.6 1 0.2 0.2 0.2 1 0.4980392 0.4980392 0.4980392 1 0.6 0.6 0.6 1 0.2 0.2 0.2 1 0.2 0.2 0.2 1 0.4980392 0.4980392 0.4980392 1 0.2 0.2 0.2 1 0.4980392 0.4980392 0.4980392 1 0.4980392 0.4980392 0.4980392 1 0.2 0.2 0.2 1 0.4980392 0.4980392 0.4980392 1 0.4980392 0.4980392 0.4980392 1 0.2 0.2 0.2 1 0.4980392 0.4980392 0.4980392 1 0.8980392 0.8980392 0.8980392 1 0.8980392 0.8980392 0.8980392 1 0.8980392 0.8980392 0.8980392 1 0.8980392 0.8980392 0.8980392 1 0.4980392 0.4980392 0.4980392 1 0.4980392 0.4980392 0.4980392 1 0.8980392 0.8980392 0.8980392 1 0.4980392 0.4980392 0.4980392 1 0.8980392 0.8980392 0.8980392 1 0.8980392 0.8980392 0.8980392 1 0.4980392 0.4980392 0.4980392 1 0.4980392 0.4980392 0.4980392 1 0.8980392 0.8980392 0.8980392 1 0.4980392 0.4980392 0.4980392 1 0.2 0.2 0.2 1 0.4 0.4 0.4 1 0.4 0.4 0.4 1 0.2 0.2 0.2 1 0.4 0.4 0.4 1 0.2 0.2 0.2 1 0.2 0.2 0.2 1 0.2 0.2 0.2 1 0.2 0.2 0.2 1 0.2 0.2 0.2 1 0.2 0.2 0.2 1 0.2 0.2 0.2 1 1 1 1 1 0.2 0.2 0.2 1 0.2 0.2 0.2 1 0.4980392 0.4980392 0.4980392 1 0.2 0.2 0.2 1 0.2 0.2 0.2 1 0.4980392 0.4980392 0.4980392 1 0.2 0.2 0.2 1 0.4980392 0.4980392 0.4980392 1 1 1 1 1 0.4980392 0.4980392 0.4980392 1 0.4980392 0.4980392 0.4980392 1 1 1 1 1 0.4980392 0.4980392 0.4980392 1 1 1 1 1 0.8 0.8 0.8 1 1 1 1 1 1 1 1 1 0.5686275 0.5686275 0.5686275 1 0.8980392 0.8980392 0.8980392 1 0.6 0.6 0.6 1 0.8 0.8 0.8 1 0.8980392 0.8980392 0.8980392 1 0.5686275 0.5686275 0.5686275 1 0.2 0.2 0.2 1 0.8 0.8 0.8 1 0.5686275 0.5686275 0.5686275 1 0.7294118 0.7294118 0.7294118 1 0.8 0.8 0.8 1 0.2 0.2 0.2 1 0.05490195 0.05490195 0.05490195 1 0.7294118 0.7294118 0.7294118 1 0.2 0.2 0.2 1 0.8 0.8 0.8 1 0.8 0.8 0.8 1 0.8 0.8 0.8 1 0.8 0.8 0.8 1 0.8 0.8 0.8 1 0.8 0.8 0.8 1 0.8 0.8 0.8 1 0.8 0.8 0.8 1 0.8 0.8 0.8 1 0 0 0 1 0.8 0.8 0.8 1 0.8 0.8 0.8 1 0 0 0 1 0 0 0 1 0.8 0.8 0.8 1 0.2980392 0.2980392 0.2980392 1 0.6980392 0.6980392 0.6980392 1 0.6980392 0.6980392 0.6980392 1 0.2980392 0.2980392 0.2980392 1 0.6980392 0.6980392 0.6980392 1 0.2980392 0.2980392 0.2980392 1 0.2980392 0.2980392 0.2980392 1 0.2980392 0.2980392 0.2980392 1 0.2980392 0.2980392 0.2980392 1 0.2980392 0.2980392 0.2980392 1 0.2980392 0.2980392 0.2980392 1 0.2980392 0.2980392 0.2980392 1 0.8980392 0.8980392 0.8980392 1 0.8980392 0.8980392 0.8980392 1 0.8980392 0.8980392 0.8980392 1 0.8980392 0.8980392 0.8980392 1 0.8980392 0.8980392 0.8980392 1 0.8980392 0.8980392 0.8980392 1 0.8980392 0.8980392 0.8980392 1 0.8980392 0.8980392 0.8980392 1 0.8980392 0.8980392 0.8980392 1 0.8980392 0.8980392 0.8980392 1 0.8980392 0.8980392 0.8980392 1 0.8980392 0.8980392 0.8980392 1 0.6980392 0.6980392 0.6980392 1 0.4 0.4 0.4 1 0.4 0.4 0.4 1 0.6980392 0.6980392 0.6980392 1 0.4 0.4 0.4 1 0.6980392 0.6980392 0.6980392 1 0.4 0.4 0.4 1 0.6980392 0.6980392 0.6980392 1 0.6980392 0.6980392 0.6980392 1 0.4 0.4 0.4 1 0.6980392 0.6980392 0.6980392 1 0.4 0.4 0.4 1 1 1 1 1 1 1 1 1 1 1 1 1 1 1 1 1 1 1 1 1 1 1 1 1 1 1 1 1 1 1 1 1 1 1 1 1 1 1 1 1 1 1 1 1 1 1 1 1 1 1 1 1 1 1 1 1 1 1 1 1 1 1 1 1 1 1 1 1 1 1 1 1 1 1 1 1 1 1 1 1 1 1 1 1 1 1 1 1 1 1 1 1 1 1 1 1 0.6980392 0.6980392 0.6980392 1 0.8980392 0.8980392 0.8980392 1 0.8 0.8 0.8 1 0.8980392 0.8980392 0.8980392 1 0.8980392 0.8980392 0.8980392 1 0.6980392 0.6980392 0.6980392 1 0.6980392 0.6980392 0.6980392 1 0.8980392 0.8980392 0.8980392 1 0.6980392 0.6980392 0.6980392 1 0.8 0.8 0.8 1 0.8980392 0.8980392 0.8980392 1 0.6980392 0.6980392 0.6980392 1 0.4980392 0.4980392 0.4980392 1 0.8980392 0.8980392 0.8980392 1 0.8980392 0.8980392 0.8980392 1 0.4980392 0.4980392 0.4980392 1 0.8980392 0.8980392 0.8980392 1 0.4980392 0.4980392 0.4980392 1 0.8980392 0.8980392 0.8980392 1 0.4980392 0.4980392 0.4980392 1 0.4980392 0.4980392 0.4980392 1 0.8980392 0.8980392 0.8980392 1 0.4980392 0.4980392 0.4980392 1 0.8980392 0.8980392 0.8980392 1 0.8980392 0.8980392 0.8980392 1 0.6980392 0.6980392 0.6980392 1 0.8980392 0.8980392 0.8980392 1 0.6980392 0.6980392 0.6980392 1 0.6980392 0.6980392 0.6980392 1 0.8980392 0.8980392 0.8980392 1 0.8980392 0.8980392 0.8980392 1 0.6980392 0.6980392 0.6980392 1 0.8980392 0.8980392 0.8980392 1 0.6 0.6 0.6 1 0.6980392 0.6980392 0.6980392 1 0.8980392 0.8980392 0.8980392 1 0.2980392 0.2980392 0.2980392 1 0.4 0.4 0.4 1 0.2980392 0.2980392 0.2980392 1 0.4117647 0.4117647 0.4117647 1 0.4 0.4 0.4 1 0.2980392 0.2980392 0.2980392 1 0.2980392 0.2980392 0.2980392 1 0.4117647 0.4117647 0.4117647 1 0.2980392 0.2980392 0.2980392 1 0.6 0.6 0.6 1 0.4117647 0.4117647 0.4117647 1 0.2980392 0.2980392 0.2980392 1 0.4 0.4 0.4 1 0.9019608 0.9019608 0.9019608 1 0.8980392 0.8980392 0.8980392 1 0.4 0.4 0.4 1 0.9019608 0.9019608 0.9019608 1 0.4 0.4 0.4 1 0.4 0.4 0.4 1 0.4 0.4 0.4 1 0.4 0.4 0.4 1 0.4 0.4 0.4 1 0.4 0.4 0.4 1 0.4 0.4 0.4 1 0.6 0.6 0.6 1 1 1 1 1 0.3019608 0.3019608 0.3019608 1 0.6 0.6 0.6 1 1 1 1 1 0.6 0.6 0.6 1 0.1019608 0.1019608 0.1019608 1 0.6 0.6 0.6 1 0.6 0.6 0.6 1 0.3019608 0.3019608 0.3019608 1 0.6 0.6 0.6 1 0.1019608 0.1019608 0.1019608 1 0.8980392 0.8980392 0.8980392 1 0.8980392 0.8980392 0.8980392 1 0.8980392 0.8980392 0.8980392 1 0.8980392 0.8980392 0.8980392 1 0.8980392 0.8980392 0.8980392 1 0.8980392 0.8980392 0.8980392 1 0.8980392 0.8980392 0.8980392 1 0.8980392 0.8980392 0.8980392 1 0.8980392 0.8980392 0.8980392 1 0.8980392 0.8980392 0.8980392 1 0.8980392 0.8980392 0.8980392 1 0.8980392 0.8980392 0.8980392 1 0.2 0.2 0.2 1 0.2 0.2 0.2 1 0.2 0.2 0.2 1 0.6980392 0.6980392 0.6980392 1 0.2 0.2 0.2 1 0.2 0.2 0.2 1 0.6980392 0.6980392 0.6980392 1 0.6980392 0.6980392 0.6980392 1 0.2 0.2 0.2 1 1 1 1 1 0.6980392 0.6980392 0.6980392 1 0.6980392 0.6980392 0.6980392 1 0.6980392 0.6980392 0.6980392 1 0.4 0.4 0.4 1 0.4 0.4 0.4 1 0.6980392 0.6980392 0.6980392 1 0.4 0.4 0.4 1 0.6980392 0.6980392 0.6980392 1 0.4 0.4 0.4 1 0.6980392 0.6980392 0.6980392 1 0.6980392 0.6980392 0.6980392 1 0.4 0.4 0.4 1 0.6980392 0.6980392 0.6980392 1 0.4 0.4 0.4 1 0.8980392 0.8980392 0.8980392 1 0.4 0.4 0.4 1 0.6 0.6 0.6 1 0.6980392 0.6980392 0.6980392 1 0.4 0.4 0.4 1 0.8980392 0.8980392 0.8980392 1 0.6 0.6 0.6 1 0.6980392 0.6980392 0.6980392 1 0.8980392 0.8980392 0.8980392 1 0.4 0.4 0.4 1 0.6980392 0.6980392 0.6980392 1 0.6 0.6 0.6 1 0.2 0.2 0.2 1 0.8 0.8 0.8 1 0.8 0.8 0.8 1 0.2 0.2 0.2 1 0.8 0.8 0.8 1 0.2 0.2 0.2 1 0.2 0.2 0.2 1 0.2 0.2 0.2 1 0.2 0.2 0.2 1 0.2 0.2 0.2 1 0.2 0.2 0.2 1 0.2 0.2 0.2 1 0.8980392 0.8980392 0.8980392 1 0.6 0.6 0.6 1 0.6 0.6 0.6 1 0.8980392 0.8980392 0.8980392 1 0.6 0.6 0.6 1 0.8980392 0.8980392 0.8980392 1 0.6 0.6 0.6 1 0.8980392 0.8980392 0.8980392 1 0.8980392 0.8980392 0.8980392 1 0.6 0.6 0.6 1 0.8980392 0.8980392 0.8980392 1 0.6 0.6 0.6 1 0.8980392 0.8980392 0.8980392 1 0.6 0.6 0.6 1 0.6 0.6 0.6 1 0.8980392 0.8980392 0.8980392 1 0.6 0.6 0.6 1 0.8980392 0.8980392 0.8980392 1 0.6 0.6 0.6 1 0.8980392 0.8980392 0.8980392 1 0.8980392 0.8980392 0.8980392 1 0.6 0.6 0.6 1 0.8980392 0.8980392 0.8980392 1 0.6 0.6 0.6 1 0.8980392 0.8980392 0.8980392 1 0.6 0.6 0.6 1 0.6 0.6 0.6 1 0.8980392 0.8980392 0.8980392 1 0.6 0.6 0.6 1 0.8980392 0.8980392 0.8980392 1 0.6 0.6 0.6 1 0.8980392 0.8980392 0.8980392 1 0.8980392 0.8980392 0.8980392 1 0.6 0.6 0.6 1 0.8980392 0.8980392 0.8980392 1 0.6 0.6 0.6 1 0.6980392 0.6980392 0.6980392 1 0.6 0.6 0.6 1 0.4 0.4 0.4 1 0.8980392 0.8980392 0.8980392 1 0.6 0.6 0.6 1 0.6980392 0.6980392 0.6980392 1 0.4 0.4 0.4 1 0.8980392 0.8980392 0.8980392 1 0.6980392 0.6980392 0.6980392 1 0.6 0.6 0.6 1 0.8980392 0.8980392 0.8980392 1 0.4 0.4 0.4 1 0.8 0.8 0.8 1 0 0 0 1 1 1 1 1 0.6980392 0.6980392 0.6980392 1 0 0 0 1 0.8 0.8 0.8 1 1 1 1 1 0.6980392 0.6980392 0.6980392 1 0.8 0.8 0.8 1 0.4980392 0.4980392 0.4980392 1 0.6980392 0.6980392 0.6980392 1 1 1 1 1 0.2 0.2 0.2 1 0.3019608 0.3019608 0.3019608 1 0 0 0 1 0 0 0 1 0.3019608 0.3019608 0.3019608 1 0.2 0.2 0.2 1 0.9019608 0.9019608 0.9019608 1 0 0 0 1 0.2 0.2 0.2 1 0.3019608 0.3019608 0.3019608 1 0 0 0 1 0.9019608 0.9019608 0.9019608 1 0.6705883 0.6705883 0.6705883 1 0.05490195 0.05490195 0.05490195 1 0.427451 0.427451 0.427451 1 0.05490195 0.05490195 0.05490195 1 0.05490195 0.05490195 0.05490195 1 0.6705883 0.6705883 0.6705883 1 0.05490195 0.05490195 0.05490195 1 0.05490195 0.05490195 0.05490195 1 0.6705883 0.6705883 0.6705883 1 0.2 0.2 0.2 1 0.4980392 0.4980392 0.4980392 1 0.2 0.2 0.2 1 0.4980392 0.4980392 0.4980392 1 0.4980392 0.4980392 0.4980392 1 0.2 0.2 0.2 1 0.6 0.6 0.6 1 0.4980392 0.4980392 0.4980392 1 0.2 0.2 0.2 1 0 0 0 1 0.8 0.8 0.8 1 0.8 0.8 0.8 1 0.8 0.8 0.8 1 0.8 0.8 0.8 1 0 0 0 1 0.8 0.8 0.8 1 0.8 0.8 0.8 1 0 0 0 1 0.2 0.2 0.2 1 0.2 0.2 0.2 1 0.2 0.2 0.2 1 0.2 0.2 0.2 1 0.2 0.2 0.2 1 0.2 0.2 0.2 1 0.6980392 0.6980392 0.6980392 1 0.2 0.2 0.2 1 0.2 0.2 0.2 1 0.6 0.6 0.6 1 0.8980392 0.8980392 0.8980392 1 0.6 0.6 0.6 1 0.8 0.8 0.8 1 0.8980392 0.8980392 0.8980392 1 0.6 0.6 0.6 1 0.6980392 0.6980392 0.6980392 1 0.8 0.8 0.8 1 0.6 0.6 0.6 1 0.4980392 0.4980392 0.4980392 1 0.4980392 0.4980392 0.4980392 1 0.4980392 0.4980392 0.4980392 1 0.4 0.4 0.4 1 0.4980392 0.4980392 0.4980392 1 0.4980392 0.4980392 0.4980392 1 0.4980392 0.4980392 0.4980392 1 0.4 0.4 0.4 1 0.4980392 0.4980392 0.4980392 1 0.6 0.6 0.6 1 0.2980392 0.2980392 0.2980392 1 0.2 0.2 0.2 1 0.6980392 0.6980392 0.6980392 1 0.2980392 0.2980392 0.2980392 1 0.6 0.6 0.6 1 0.8 0.8 0.8 1 0.6980392 0.6980392 0.6980392 1 0.6 0.6 0.6 1 0.6980392 0.6980392 0.6980392 1 0.6980392 0.6980392 0.6980392 1 0.6980392 0.6980392 0.6980392 1 0.6980392 0.6980392 0.6980392 1 0.6980392 0.6980392 0.6980392 1 0.6980392 0.6980392 0.6980392 1 0.6980392 0.6980392 0.6980392 1 0.6980392 0.6980392 0.6980392 1 0.6980392 0.6980392 0.6980392 1 0.8980392 0.8980392 0.8980392 1 0.8980392 0.8980392 0.8980392 1 0.8980392 0.8980392 0.8980392 1 0.8980392 0.8980392 0.8980392 1 0.8980392 0.8980392 0.8980392 1 0.8980392 0.8980392 0.8980392 1 0.8980392 0.8980392 0.8980392 1 0.8980392 0.8980392 0.8980392 1 0.8980392 0.8980392 0.8980392 1 0.6980392 0.6980392 0.6980392 1 0.8980392 0.8980392 0.8980392 1 0.6980392 0.6980392 0.6980392 1 0.8980392 0.8980392 0.8980392 1 0.8980392 0.8980392 0.8980392 1 0.6980392 0.6980392 0.6980392 1 0.6 0.6 0.6 1 0.8980392 0.8980392 0.8980392 1 0.6980392 0.6980392 0.6980392 1 0.6 0.6 0.6 1 0.2980392 0.2980392 0.2980392 1 0.2980392 0.2980392 0.2980392 1 0.2980392 0.2980392 0.2980392 1 0.2980392 0.2980392 0.2980392 1 0.6 0.6 0.6 1 0.8980392 0.8980392 0.8980392 1 0.2980392 0.2980392 0.2980392 1 0.6 0.6 0.6 1 0.4 0.4 0.4 1 0.2980392 0.2980392 0.2980392 1 0.4156863 0.4156863 0.4156863 1 0.2980392 0.2980392 0.2980392 1 0.2980392 0.2980392 0.2980392 1 0.4 0.4 0.4 1 0.6 0.6 0.6 1 0.2980392 0.2980392 0.2980392 1 0.4 0.4 0.4 1 0.8980392 0.8980392 0.8980392 1 0.8980392 0.8980392 0.8980392 1 0.8980392 0.8980392 0.8980392 1 0.8980392 0.8980392 0.8980392 1 0.8980392 0.8980392 0.8980392 1 0.8980392 0.8980392 0.8980392 1 0.8980392 0.8980392 0.8980392 1 0.8980392 0.8980392 0.8980392 1 0.8980392 0.8980392 0.8980392 1 0.6980392 0.6980392 0.6980392 1 0.8980392 0.8980392 0.8980392 1 1 1 1 1 0.6980392 0.6980392 0.6980392 1 0.8980392 0.8980392 0.8980392 1 0.6980392 0.6980392 0.6980392 1 0.4980392 0.4980392 0.4980392 1 0.6980392 0.6980392 0.6980392 1 0.6980392 0.6980392 0.6980392 1 0.6980392 0.6980392 0.6980392 1 0.4980392 0.4980392 0.4980392 1 0.4980392 0.4980392 0.4980392 1 0.6 0.6 0.6 1 0.4980392 0.4980392 0.4980392 1 0.6980392 0.6980392 0.6980392 1 0.6980392 0.6980392 0.6980392 1 0.6 0.6 0.6 1 0.6980392 0.6980392 0.6980392 1 0.8980392 0.8980392 0.8980392 1 0.6980392 0.6980392 0.6980392 1 0.8980392 0.8980392 0.8980392 1 0.6980392 0.6980392 0.6980392 1 0.6980392 0.6980392 0.6980392 1 0.8980392 0.8980392 0.8980392 1 0.8980392 0.8980392 0.8980392 1 0.6980392 0.6980392 0.6980392 1 0.8980392 0.8980392 0.8980392 1 0.4980392 0.4980392 0.4980392 1 0.4980392 0.4980392 0.4980392 1 0.4980392 0.4980392 0.4980392 1 0.4980392 0.4980392 0.4980392 1 0.4980392 0.4980392 0.4980392 1 0.4980392 0.4980392 0.4980392 1 0.4 0.4 0.4 1 0.4980392 0.4980392 0.4980392 1 0.4980392 0.4980392 0.4980392 1 0.9019608 0.9019608 0.9019608 1 0.7019608 0.7019608 0.7019608 1 0.7019608 0.7019608 0.7019608 1 0.7019608 0.7019608 0.7019608 1 0.7019608 0.7019608 0.7019608 1 0.9019608 0.9019608 0.9019608 1 0.9019608 0.9019608 0.9019608 1 0.7019608 0.7019608 0.7019608 1 0.9019608 0.9019608 0.9019608 1 0.7019608 0.7019608 0.7019608 1 0.1019608 0.1019608 0.1019608 1 0.4 0.4 0.4 1 0.6 0.6 0.6 1 0.1019608 0.1019608 0.1019608 1 0.7019608 0.7019608 0.7019608 1 0.6 0.6 0.6 1 0.6 0.6 0.6 1 0.7019608 0.7019608 0.7019608 1 0.2980392 0.2980392 0.2980392 1 0.6980392 0.6980392 0.6980392 1 0.8980392 0.8980392 0.8980392 1 0.2980392 0.2980392 0.2980392 1 0.6980392 0.6980392 0.6980392 1 0.2980392 0.2980392 0.2980392 1 0.2980392 0.2980392 0.2980392 1 0.2980392 0.2980392 0.2980392 1 0.2980392 0.2980392 0.2980392 1 0.2980392 0.2980392 0.2980392 1 0.2980392 0.2980392 0.2980392 1 0.2980392 0.2980392 0.2980392 1 0.6980392 0.6980392 0.6980392 1 0.2980392 0.2980392 0.2980392 1 0.2980392 0.2980392 0.2980392 1 0.8980392 0.8980392 0.8980392 1 0.6980392 0.6980392 0.6980392 1 0.2980392 0.2980392 0.2980392 1 0.2980392 0.2980392 0.2980392 1 0.2980392 0.2980392 0.2980392 1 0.2980392 0.2980392 0.2980392 1 0.2980392 0.2980392 0.2980392 1 0.2980392 0.2980392 0.2980392 1 0.2980392 0.2980392 0.2980392 1 0.2980392 0.2980392 0.2980392 1 0.2980392 0.2980392 0.2980392 1 0.2980392 0.2980392 0.2980392 1 0.2980392 0.2980392 0.2980392 1 0.2980392 0.2980392 0.2980392 1 0.2980392 0.2980392 0.2980392 1 0.2980392 0.2980392 0.2980392 1 0.2980392 0.2980392 0.2980392 1 0.2980392 0.2980392 0.2980392 1 0.2980392 0.2980392 0.2980392 1 0.2980392 0.2980392 0.2980392 1 0.2980392 0.2980392 0.2980392 1 0.8980392 0.8980392 0.8980392 1 0.8980392 0.8980392 0.8980392 1 0.6 0.6 0.6 1 0.6 0.6 0.6 1 0.8980392 0.8980392 0.8980392 1 0.8980392 0.8980392 0.8980392 1 0.6196079 0.6196079 0.6196079 1 0.6 0.6 0.6 1 0.8980392 0.8980392 0.8980392 1 0.6 0.6 0.6 1 0.8980392 0.8980392 0.8980392 1 0.8980392 0.8980392 0.8980392 1 0.2980392 0.2980392 0.2980392 1 0.8980392 0.8980392 0.8980392 1 0.6 0.6 0.6 1 0.2980392 0.2980392 0.2980392 1 0.2980392 0.2980392 0.2980392 1 0.6 0.6 0.6 1 1 1 1 1 1 1 1 1 0.6980392 0.6980392 0.6980392 1 0.8 0.8 0.8 1 1 1 1 1 1 1 1 1 0.8 0.8 0.8 1 0.8 0.8 0.8 1 1 1 1 1 1 1 1 1 0.6980392 0.6980392 0.6980392 1 0.6980392 0.6980392 0.6980392 1 1 1 1 1 0.6980392 0.6980392 0.6980392 1 1 1 1 1 0.8 0.8 0.8 1 1 1 1 1 1 1 1 1 0.2 0.2 0.2 1 0.2 0.2 0.2 1 0.2 0.2 0.2 1 0.2 0.2 0.2 1 0.2 0.2 0.2 1 0.2 0.2 0.2 1 0.6980392 0.6980392 0.6980392 1 0.2 0.2 0.2 1 0.2 0.2 0.2 1 0.0980392 0.0980392 0.0980392 1 0.4980392 0.4980392 0.4980392 1 0.8980392 0.8980392 0.8980392 1 0.8980392 0.8980392 0.8980392 1 0.4980392 0.4980392 0.4980392 1 0.0980392 0.0980392 0.0980392 1 0.8980392 0.8980392 0.8980392 1 0.8980392 0.8980392 0.8980392 1 0.0980392 0.0980392 0.0980392 1 0.6980392 0.6980392 0.6980392 1 0.8980392 0.8980392 0.8980392 1 0.6980392 0.6980392 0.6980392 1 0.8980392 0.8980392 0.8980392 1 0.8980392 0.8980392 0.8980392 1 0.6980392 0.6980392 0.6980392 1 0.6 0.6 0.6 1 0.8980392 0.8980392 0.8980392 1 0.6980392 0.6980392 0.6980392 1 0.4 0.4 0.4 1 0.6 0.6 0.6 1 0.6980392 0.6980392 0.6980392 1 0.2980392 0.2980392 0.2980392 1 0.6 0.6 0.6 1 0.4 0.4 0.4 1 0.2980392 0.2980392 0.2980392 1 0.2980392 0.2980392 0.2980392 1 0.4 0.4 0.4 1 0.4156863 0.4156863 0.4156863 1 0.2980392 0.2980392 0.2980392 1 0.4 0.4 0.4 1 0.2980392 0.2980392 0.2980392 1 0.2980392 0.2980392 0.2980392 1 0.4156863 0.4156863 0.4156863 1 0.6 0.6 0.6 1 0.2980392 0.2980392 0.2980392 1 0.4156863 0.4156863 0.4156863 1 0.6980392 0.6980392 0.6980392 1 0.6 0.6 0.6 1 0.4156863 0.4156863 0.4156863 1 0.8980392 0.8980392 0.8980392 1 0.6 0.6 0.6 1 0.6980392 0.6980392 0.6980392 1 0.8980392 0.8980392 0.8980392 1 0.8980392 0.8980392 0.8980392 1 0.6980392 0.6980392 0.6980392 1 0.2 0.2 0.2 1 0.2 0.2 0.2 1 0.8 0.8 0.8 1 0.2 0.2 0.2 1 0.2 0.2 0.2 1 0.2 0.2 0.2 1 0.2 0.2 0.2 1 0.2 0.2 0.2 1 0.2 0.2 0.2 1 0.6980392 0.6980392 0.6980392 1 0.8980392 0.8980392 0.8980392 1 0.6980392 0.6980392 0.6980392 1 0.8980392 0.8980392 0.8980392 1 0.8980392 0.8980392 0.8980392 1 0.6980392 0.6980392 0.6980392 1 0.6 0.6 0.6 1 0.8980392 0.8980392 0.8980392 1 0.6980392 0.6980392 0.6980392 1 0.4 0.4 0.4 1 0.6 0.6 0.6 1 0.6980392 0.6980392 0.6980392 1 0.2980392 0.2980392 0.2980392 1 0.6 0.6 0.6 1 0.4 0.4 0.4 1 0.2980392 0.2980392 0.2980392 1 0.2980392 0.2980392 0.2980392 1 0.4 0.4 0.4 1 0.4117647 0.4117647 0.4117647 1 0.2980392 0.2980392 0.2980392 1 0.4 0.4 0.4 1 0.2980392 0.2980392 0.2980392 1 0.2980392 0.2980392 0.2980392 1 0.4117647 0.4117647 0.4117647 1 0.6 0.6 0.6 1 0.2980392 0.2980392 0.2980392 1 0.4117647 0.4117647 0.4117647 1 0.3019608 0.3019608 0.3019608 1 0.2 0.2 0.2 1 0.2 0.2 0.2 1 1 1 1 1 0.2 0.2 0.2 1 0.3019608 0.3019608 0.3019608 1 0.9019608 0.9019608 0.9019608 1 1 1 1 1 0.3019608 0.3019608 0.3019608 1 0.6980392 0.6980392 0.6980392 1 0.6 0.6 0.6 1 0.4117647 0.4117647 0.4117647 1 0.8980392 0.8980392 0.8980392 1 0.6 0.6 0.6 1 0.6980392 0.6980392 0.6980392 1 0.8980392 0.8980392 0.8980392 1 0.8980392 0.8980392 0.8980392 1 0.6980392 0.6980392 0.6980392 1 0.0980392 0.0980392 0.0980392 1 0.8980392 0.8980392 0.8980392 1 0.4980392 0.4980392 0.4980392 1 0.8980392 0.8980392 0.8980392 1 0.8980392 0.8980392 0.8980392 1 0.0980392 0.0980392 0.0980392 1 0.8980392 0.8980392 0.8980392 1 0.8980392 0.8980392 0.8980392 1 0.0980392 0.0980392 0.0980392 1 1 1 1 1 0.8 0.8 0.8 1 0.8 0.8 0.8 1 1 1 1 1 0.8 0.8 0.8 1 1 1 1 1 0.4980392 0.4980392 0.4980392 1 1 1 1 1 1 1 1 1 0.4 0.4 0.4 1 0.6 0.6 0.6 1 0.6 0.6 0.6 1 0.4 0.4 0.4 1 0.6 0.6 0.6 1 0.4 0.4 0.4 1 0.2980392 0.2980392 0.2980392 1 0.8980392 0.8980392 0.8980392 1 0.2980392 0.2980392 0.2980392 1 0.8980392 0.8980392 0.8980392 1 0.8980392 0.8980392 0.8980392 1 0.2980392 0.2980392 0.2980392 1 0.2980392 0.2980392 0.2980392 1 0.8980392 0.8980392 0.8980392 1 0.8980392 0.8980392 0.8980392 1 0.2980392 0.2980392 0.2980392 1 0.8980392 0.8980392 0.8980392 1 0.2980392 0.2980392 0.2980392 1 0.2980392 0.2980392 0.2980392 1 0.8980392 0.8980392 0.8980392 1 0.8980392 0.8980392 0.8980392 1 0.2980392 0.2980392 0.2980392 1 0.8980392 0.8980392 0.8980392 1 0.2980392 0.2980392 0.2980392 1 0.8980392 0.8980392 0.8980392 1 0.6980392 0.6980392 0.6980392 1 1 1 1 1 0.6980392 0.6980392 0.6980392 1 0.6980392 0.6980392 0.6980392 1 0.8980392 0.8980392 0.8980392 1 0.6980392 0.6980392 0.6980392 1 0.2 0.2 0.2 1 0.6980392 0.6980392 0.6980392 1 0.2 0.2 0.2 1 0.2 0.2 0.2 1 0.6980392 0.6980392 0.6980392 1 0.7333334 0.7333334 0.7333334 1 0.06274509 0.06274509 0.06274509 1 0.06274509 0.06274509 0.06274509 1 0.6745098 0.6745098 0.6745098 1 0.06274509 0.06274509 0.06274509 1 0.7333334 0.7333334 0.7333334 1 0.2980392 0.2980392 0.2980392 1 0.8980392 0.8980392 0.8980392 1 0.2980392 0.2980392 0.2980392 1 0.8980392 0.8980392 0.8980392 1 0.8980392 0.8980392 0.8980392 1 0.2980392 0.2980392 0.2980392 1 0.2980392 0.2980392 0.2980392 1 0.2980392 0.2980392 0.2980392 1 0.2980392 0.2980392 0.2980392 1 0.2980392 0.2980392 0.2980392 1 0.2980392 0.2980392 0.2980392 1 0.2980392 0.2980392 0.2980392 1 0.4 0.4 0.4 1 0.8 0.8 0.8 1 0.4 0.4 0.4 1 0.8 0.8 0.8 1 0.8 0.8 0.8 1 0.4 0.4 0.4 1 0.06274509 0.06274509 0.06274509 1 0.4313725 0.4313725 0.4313725 1 0.06274509 0.06274509 0.06274509 1 0.6745098 0.6745098 0.6745098 1 0.4313725 0.4313725 0.4313725 1 0.06274509 0.06274509 0.06274509 1 0.7294118 0.7294118 0.7294118 1 0.6196079 0.6196079 0.6196079 1 0.8980392 0.8980392 0.8980392 1 0.6705883 0.6705883 0.6705883 1 0.6196079 0.6196079 0.6196079 1 0.7294118 0.7294118 0.7294118 1 0.427451 0.427451 0.427451 1 0.6196079 0.6196079 0.6196079 1 0.6705883 0.6705883 0.6705883 1 0.4313725 0.4313725 0.4313725 1 0.6196079 0.6196079 0.6196079 1 0.427451 0.427451 0.427451 1 0.6745098 0.6745098 0.6745098 1 0.6196079 0.6196079 0.6196079 1 0.4313725 0.4313725 0.4313725 1 0.7333334 0.7333334 0.7333334 1 0.6196079 0.6196079 0.6196079 1 0.6745098 0.6745098 0.6745098 1 0.6196079 0.6196079 0.6196079 1 0.8980392 0.8980392 0.8980392 1 0.6 0.6 0.6 1 0.7333334 0.7333334 0.7333334 1 0.8980392 0.8980392 0.8980392 1 0.6196079 0.6196079 0.6196079 1 0.2 0.2 0.2 1 1 1 1 1 0.4980392 0.4980392 0.4980392 1 0.8 0.8 0.8 1 1 1 1 1 0.2 0.2 0.2 1 0.8 0.8 0.8 1 0.8 0.8 0.8 1 0.8980392 0.8980392 0.8980392 1 0.6 0.6 0.6 1 0.8 0.8 0.8 1 0.8 0.8 0.8 1 0.8 0.8 0.8 1 0.8 0.8 0.8 1 0.8980392 0.8980392 0.8980392 1 0.6 0.6 0.6 1 0.8 0.8 0.8 1 0.8 0.8 0.8 1 0.4 0.4 0.4 1 0.8 0.8 0.8 1 0.4 0.4 0.4 1 0.8 0.8 0.8 1 0.8 0.8 0.8 1 0.4 0.4 0.4 1 0.4 0.4 0.4 1 0.8 0.8 0.8 1 0.8 0.8 0.8 1 0.4 0.4 0.4 1 0.8 0.8 0.8 1 0.4 0.4 0.4 1 0.4 0.4 0.4 1 0.8 0.8 0.8 1 0.8 0.8 0.8 1 0.4 0.4 0.4 1 0.8 0.8 0.8 1 0.4 0.4 0.4 1 1 1 1 1 1 1 1 1 0.8 0.8 0.8 1 0.6980392 0.6980392 0.6980392 1 1 1 1 1 1 1 1 1 0.6 0.6 0.6 1 0.8 0.8 0.8 1 0.6 0.6 0.6 1 0.6 0.6 0.6 1 0.8 0.8 0.8 1 0.6 0.6 0.6 1 1 1 1 1 0.6980392 0.6980392 0.6980392 1 1 1 1 1 0.6980392 0.6980392 0.6980392 1 0.6980392 0.6980392 0.6980392 1 1 1 1 1 0.6 0.6 0.6 1 0.6 0.6 0.6 1 0.6 0.6 0.6 1 0.2 0.2 0.2 1 0.6 0.6 0.6 1 0.6 0.6 0.6 1 0.2 0.2 0.2 1 0.2 0.2 0.2 1 0.6 0.6 0.6 1 0.2 0.2 0.2 1 0.2 0.2 0.2 1 0.2 0.2 0.2 1 0.2980392 0.2980392 0.2980392 1 0.4156863 0.4156863 0.4156863 1 0.2980392 0.2980392 0.2980392 1 0.6 0.6 0.6 1 0.4156863 0.4156863 0.4156863 1 0.2980392 0.2980392 0.2980392 1 0.6 0.6 0.6 1 0.6980392 0.6980392 0.6980392 1 0.4156863 0.4156863 0.4156863 1 0.8980392 0.8980392 0.8980392 1 0.6980392 0.6980392 0.6980392 1 0.6 0.6 0.6 1 0.8980392 0.8980392 0.8980392 1 0.7019608 0.7019608 0.7019608 1 0.8980392 0.8980392 0.8980392 1 0.8980392 0.8980392 0.8980392 1 0.7019608 0.7019608 0.7019608 1 0.8980392 0.8980392 0.8980392 1 0.8980392 0.8980392 0.8980392 1 0.8980392 0.8980392 0.8980392 1 0.8980392 0.8980392 0.8980392 1 0.8 0.8 0.8 1 0.8980392 0.8980392 0.8980392 1 0.8980392 0.8980392 0.8980392 1 0.6 0.6 0.6 1 0.6 0.6 0.6 1 0.6 0.6 0.6 1 0.8 0.8 0.8 1 0.6 0.6 0.6 1 0.6 0.6 0.6 1 0.8980392 0.8980392 0.8980392 1 0.8980392 0.8980392 0.8980392 1 0.8980392 0.8980392 0.8980392 1 0.8 0.8 0.8 1 0.8980392 0.8980392 0.8980392 1 0.8980392 0.8980392 0.8980392 1 0.6 0.6 0.6 1 0.6 0.6 0.6 1 0.6 0.6 0.6 1 0.8 0.8 0.8 1 0.6 0.6 0.6 1 0.6 0.6 0.6 1 0.4980392 0.4980392 0.4980392 1 0.6980392 0.6980392 0.6980392 1 0.4980392 0.4980392 0.4980392 1 0.6 0.6 0.6 1 0.6980392 0.6980392 0.6980392 1 0.4980392 0.4980392 0.4980392 1 0.8 0.8 0.8 1 0.2 0.2 0.2 1 0.5647059 0.5647059 0.5647059 1 0.7333334 0.7333334 0.7333334 1 0.2 0.2 0.2 1 0.8 0.8 0.8 1 0.2 0.2 0.2 1 0.4980392 0.4980392 0.4980392 1 0.2 0.2 0.2 1 0.4980392 0.4980392 0.4980392 1 0.4980392 0.4980392 0.4980392 1 0.2 0.2 0.2 1 0.6 0.6 0.6 1 0.8980392 0.8980392 0.8980392 1 0.8980392 0.8980392 0.8980392 1 0.6 0.6 0.6 1 0.8980392 0.8980392 0.8980392 1 0.6 0.6 0.6 1 0.6980392 0.6980392 0.6980392 1 0.6980392 0.6980392 0.6980392 1 1 1 1 1 0.2 0.2 0.2 1 0.6980392 0.6980392 0.6980392 1 0.6980392 0.6980392 0.6980392 1 0.7019608 0.7019608 0.7019608 1 0.8980392 0.8980392 0.8980392 1 0.8980392 0.8980392 0.8980392 1 0.8980392 0.8980392 0.8980392 1 0.8980392 0.8980392 0.8980392 1 0.7019608 0.7019608 0.7019608 1 0.8980392 0.8980392 0.8980392 1 1 1 1 1 0.8980392 0.8980392 0.8980392 1 1 1 1 1 1 1 1 1 0.8980392 0.8980392 0.8980392 1 0.6980392 0.6980392 0.6980392 1 1 1 1 1 0.8 0.8 0.8 1 0.4980392 0.4980392 0.4980392 1 1 1 1 1 0.6980392 0.6980392 0.6980392 1 1 1 1 1 0.6980392 0.6980392 0.6980392 1 1 1 1 1 0.6980392 0.6980392 0.6980392 1 0.6980392 0.6980392 0.6980392 1 1 1 1 1 0.2 0.2 0.2 1 0.8 0.8 0.8 1 0.2 0.2 0.2 1 0.8 0.8 0.8 1 0.8 0.8 0.8 1 0.2 0.2 0.2 1 1 1 1 1 0.2 0.2 0.2 1 0.4980392 0.4980392 0.4980392 1 0.8 0.8 0.8 1 0.2 0.2 0.2 1 1 1 1 1 0.2 0.2 0.2 1 1 1 1 1 0.4980392 0.4980392 0.4980392 1 0.8 0.8 0.8 1 1 1 1 1 0.2 0.2 0.2 1 0.8 0.8 0.8 1 0.8 0.8 0.8 1 1 1 1 1 0.2 0.2 0.2 1 0.8 0.8 0.8 1 0.8 0.8 0.8 1 0.6980392 0.6980392 0.6980392 1 0 0 0 1 0 0 0 1 0.4980392 0.4980392 0.4980392 1 0 0 0 1 0.6980392 0.6980392 0.6980392 1 0.4980392 0.4980392 0.4980392 1 0.4980392 0.4980392 0.4980392 1 0 0 0 1 0.2 0.2 0.2 1 0.4980392 0.4980392 0.4980392 1 0.4980392 0.4980392 0.4980392 1 0.8980392 0.8980392 0.8980392 1 0.8980392 0.8980392 0.8980392 1 0.8980392 0.8980392 0.8980392 1 0.8980392 0.8980392 0.8980392 1 0.8980392 0.8980392 0.8980392 1 0.8980392 0.8980392 0.8980392 1 0.8980392 0.8980392 0.8980392 1 0.8980392 0.8980392 0.8980392 1 0.8980392 0.8980392 0.8980392 1 0.8980392 0.8980392 0.8980392 1 0.8980392 0.8980392 0.8980392 1 0.8980392 0.8980392 0.8980392 1 0.4 0.4 0.4 1 0.4 0.4 0.4 1 0.4 0.4 0.4 1 0.4 0.4 0.4 1 0.4 0.4 0.4 1 0.4 0.4 0.4 1 0.8980392 0.8980392 0.8980392 1 0.6980392 0.6980392 0.6980392 1 0.8980392 0.8980392 0.8980392 1 0.6 0.6 0.6 1 0.6980392 0.6980392 0.6980392 1 0.8980392 0.8980392 0.8980392 1 0.6 0.6 0.6 1 0.4 0.4 0.4 1 0.6980392 0.6980392 0.6980392 1 0.2980392 0.2980392 0.2980392 1 0.4 0.4 0.4 1 0.6 0.6 0.6 1 0.4 0.4 0.4 1 0.4 0.4 0.4 1 0.4 0.4 0.4 1 0.4 0.4 0.4 1 0.4 0.4 0.4 1 0.4 0.4 0.4 1 0.9019608 0.9019608 0.9019608 1 0.4 0.4 0.4 1 0.8980392 0.8980392 0.8980392 1 0.4 0.4 0.4 1 0.4 0.4 0.4 1 0.9019608 0.9019608 0.9019608 1 0.6 0.6 0.6 1 0.4 0.4 0.4 1 0.6 0.6 0.6 1 0.4 0.4 0.4 1 0.4 0.4 0.4 1 0.6 0.6 0.6 1 0.6 0.6 0.6 1 0.6 0.6 0.6 1 0.6 0.6 0.6 1 0.6 0.6 0.6 1 0.6 0.6 0.6 1 0.6 0.6 0.6 1 0.6 0.6 0.6 1 0.6 0.6 0.6 1 0.6 0.6 0.6 1 0.6 0.6 0.6 1 0.6 0.6 0.6 1 0.6 0.6 0.6 1 0.6980392 0.6980392 0.6980392 1 0.4156863 0.4156863 0.4156863 1 0.4 0.4 0.4 1 0.6980392 0.6980392 0.6980392 1 0.4156863 0.4156863 0.4156863 1 0.6980392 0.6980392 0.6980392 1 0.4 0.4 0.4 1 0.6 0.6 0.6 1 0.4 0.4 0.4 1 0.6 0.6 0.6 1 0.6 0.6 0.6 1 0.4 0.4 0.4 1 0.6980392 0.6980392 0.6980392 1 0.4117647 0.4117647 0.4117647 1 0.4 0.4 0.4 1 0.6980392 0.6980392 0.6980392 1 0.4117647 0.4117647 0.4117647 1 0.6980392 0.6980392 0.6980392 1 1 1 1 1 1 1 1 1 1 1 1 1 1 1 1 1 1 1 1 1 1 1 1 1 1 1 1 1 1 1 1 1 1 1 1 1 1 1 1 1 1 1 1 1 1 1 1 1 1 1 1 1 1 1 1 1 1 1 1 1 1 1 1 1 1 1 1 1 1 1 1 1 0.4156863 0.4156863 0.4156863 1 0.6980392 0.6980392 0.6980392 1 0.4 0.4 0.4 1 0.6980392 0.6980392 0.6980392 1 0.6980392 0.6980392 0.6980392 1 0.4156863 0.4156863 0.4156863 1 1 1 1 1 1 1 1 1 1 1 1 1 1 1 1 1 1 1 1 1 1 1 1 1 0.4117647 0.4117647 0.4117647 1 0.6980392 0.6980392 0.6980392 1 0.4 0.4 0.4 1 0.6980392 0.6980392 0.6980392 1 0.6980392 0.6980392 0.6980392 1 0.4117647 0.4117647 0.4117647 1 0.6 0.6 0.6 1 0.2980392 0.2980392 0.2980392 1 0.6 0.6 0.6 1 0.2980392 0.2980392 0.2980392 1 0.2980392 0.2980392 0.2980392 1 0.6 0.6 0.6 1 0.6980392 0.6980392 0.6980392 1 0.8980392 0.8980392 0.8980392 1 0.6980392 0.6980392 0.6980392 1 0.8980392 0.8980392 0.8980392 1 0.8980392 0.8980392 0.8980392 1 0.6980392 0.6980392 0.6980392 1 0.6980392 0.6980392 0.6980392 1 0.8980392 0.8980392 0.8980392 1 0.6980392 0.6980392 0.6980392 1 0.8980392 0.8980392 0.8980392 1 0.8980392 0.8980392 0.8980392 1 0.6980392 0.6980392 0.6980392 1 0.6980392 0.6980392 0.6980392 1 0.4980392 0.4980392 0.4980392 1 0.4980392 0.4980392 0.4980392 1 0.6980392 0.6980392 0.6980392 1 0.4980392 0.4980392 0.4980392 1 0.6980392 0.6980392 0.6980392 1 0.6980392 0.6980392 0.6980392 1 0.6980392 0.6980392 0.6980392 1 0.8980392 0.8980392 0.8980392 1 0.4980392 0.4980392 0.4980392 1 0.6980392 0.6980392 0.6980392 1 0.6980392 0.6980392 0.6980392 1 0.3019608 0.3019608 0.3019608 1 1 1 1 1 0.3019608 0.3019608 0.3019608 1 1 1 1 1 1 1 1 1 0.3019608 0.3019608 0.3019608 1 0.6980392 0.6980392 0.6980392 1 0.6980392 0.6980392 0.6980392 1 0.8980392 0.8980392 0.8980392 1 0.4980392 0.4980392 0.4980392 1 0.6980392 0.6980392 0.6980392 1 0.6980392 0.6980392 0.6980392 1 0.1019608 0.1019608 0.1019608 1 0.6 0.6 0.6 1 0.3019608 0.3019608 0.3019608 1 0.1019608 0.1019608 0.1019608 1 0.6 0.6 0.6 1 0.1019608 0.1019608 0.1019608 1 1 1 1 1 0.6 0.6 0.6 1 0.3019608 0.3019608 0.3019608 1 1 1 1 1 0.6 0.6 0.6 1 1 1 1 1 0.4 0.4 0.4 1 0.4 0.4 0.4 1 0.4 0.4 0.4 1 0.4 0.4 0.4 1 0.4 0.4 0.4 1 0.4 0.4 0.4 1 0.8 0.8 0.8 1 0.8 0.8 0.8 1 0.8 0.8 0.8 1 0.8 0.8 0.8 1 0.8 0.8 0.8 1 0.8 0.8 0.8 1 0.4980392 0.4980392 0.4980392 1 0.8980392 0.8980392 0.8980392 1 0.4980392 0.4980392 0.4980392 1 0.8980392 0.8980392 0.8980392 1 0.8980392 0.8980392 0.8980392 1 0.4980392 0.4980392 0.4980392 1 0.8980392 0.8980392 0.8980392 1 0.4980392 0.4980392 0.4980392 1 0.8980392 0.8980392 0.8980392 1 0.8980392 0.8980392 0.8980392 1 0.4980392 0.4980392 0.4980392 1 0.8980392 0.8980392 0.8980392 1 0.6980392 0.6980392 0.6980392 1 0.8980392 0.8980392 0.8980392 1 0.8980392 0.8980392 0.8980392 1 0.8 0.8 0.8 1 0.8980392 0.8980392 0.8980392 1 0.6980392 0.6980392 0.6980392 1 0.8980392 0.8980392 0.8980392 1 0.8 0.8 0.8 1 0.6980392 0.6980392 0.6980392 1 0.8980392 0.8980392 0.8980392 1 0.8 0.8 0.8 1 0.8980392 0.8980392 0.8980392 1 0.8 0.8 0.8 1 0.8980392 0.8980392 0.8980392 1 0.8980392 0.8980392 0.8980392 1 0.8 0.8 0.8 1 0.8980392 0.8980392 0.8980392 1 0.8 0.8 0.8 1 0.4980392 0.4980392 0.4980392 1 0.4980392 0.4980392 0.4980392 1 0.4980392 0.4980392 0.4980392 1 0.4980392 0.4980392 0.4980392 1 0.4980392 0.4980392 0.4980392 1 0.4980392 0.4980392 0.4980392 1 0.8 0.8 0.8 1 0.8 0.8 0.8 1 0.8980392 0.8980392 0.8980392 1 0.8980392 0.8980392 0.8980392 1 0.8 0.8 0.8 1 0.8 0.8 0.8 1 0.2 0.2 0.2 1 0.2 0.2 0.2 1 0.2 0.2 0.2 1 0.2 0.2 0.2 1 0.2 0.2 0.2 1 0.2 0.2 0.2 1 0.8 0.8 0.8 1 0.2 0.2 0.2 1 0.2 0.2 0.2 1 0.8 0.8 0.8 1 0.2 0.2 0.2 1 0.8 0.8 0.8 1 0.4980392 0.4980392 0.4980392 1 0.4980392 0.4980392 0.4980392 1 0.4980392 0.4980392 0.4980392 1 0.4980392 0.4980392 0.4980392 1 0.4980392 0.4980392 0.4980392 1 0.4980392 0.4980392 0.4980392 1 0.4980392 0.4980392 0.4980392 1 0.4980392 0.4980392 0.4980392 1 0.4980392 0.4980392 0.4980392 1 0.4980392 0.4980392 0.4980392 1 0.4980392 0.4980392 0.4980392 1 0.4980392 0.4980392 0.4980392 1 0.8 0.8 0.8 1 0.8 0.8 0.8 1 0.8980392 0.8980392 0.8980392 1 0.8980392 0.8980392 0.8980392 1 0.8 0.8 0.8 1 0.8 0.8 0.8 1 0 0 0 1 0.3019608 0.3019608 0.3019608 1 0.3019608 0.3019608 0.3019608 1 0.2 0.2 0.2 1 0.3019608 0.3019608 0.3019608 1 0 0 0 1 0.2 0.2 0.2 1 0 0 0 1 0.3019608 0.3019608 0.3019608 1 0.3019608 0.3019608 0.3019608 1 0 0 0 1 0.2 0.2 0.2 1 0 0 0 1 0.9019608 0.9019608 0.9019608 1 0.7019608 0.7019608 0.7019608 1 0.3019608 0.3019608 0.3019608 1 0.9019608 0.9019608 0.9019608 1 0 0 0 1 0.8980392 0.8980392 0.8980392 1 0.8 0.8 0.8 1 0.5333334 0.5333334 0.5333334 1 0.7333334 0.7333334 0.7333334 1 0.8 0.8 0.8 1 0.8980392 0.8980392 0.8980392 1 0.4 0.4 0.4 1 1 1 1 1 0.4 0.4 0.4 1 0.2 0.2 0.2 1 1 1 1 1 0.4 0.4 0.4 1 0.4 0.4 0.4 1 0.4 0.4 0.4 1 0.4 0.4 0.4 1 0.4 0.4 0.4 1 0.4 0.4 0.4 1 0.4 0.4 0.4 1 0.3019608 0.3019608 0.3019608 1 0.3019608 0.3019608 0.3019608 1 0.9019608 0.9019608 0.9019608 1 0.2 0.2 0.2 1 0.3019608 0.3019608 0.3019608 1 0.3019608 0.3019608 0.3019608 1 0.8 0.8 0.8 1 0.8 0.8 0.8 1 0.8 0.8 0.8 1 0.8 0.8 0.8 1 0.8 0.8 0.8 1 0.8 0.8 0.8 1 1 1 1 1 1 1 1 1 1 1 1 1 1 1 1 1 1 1 1 1 1 1 1 1 1 1 1 1 1 1 1 1 1 1 1 1 1 1 1 1 1 1 1 1 1 1 1 1 0.4980392 0.4980392 0.4980392 1 0.8980392 0.8980392 0.8980392 1 0.8980392 0.8980392 0.8980392 1 0.8980392 0.8980392 0.8980392 1 0.8980392 0.8980392 0.8980392 1 0.4980392 0.4980392 0.4980392 1 0.5019608 0.5019608 0.5019608 1 0 0 0 1 0 0 0 1 0 0 0 1 0 0 0 1 0.5019608 0.5019608 0.5019608 1 0.8 0.8 0.8 1 0.8 0.8 0.8 1 0.8 0.8 0.8 1 0.8 0.8 0.8 1 0.8 0.8 0.8 1 0.8 0.8 0.8 1 0.5019608 0.5019608 0.5019608 1 0.8 0.8 0.8 1 0.5019608 0.5019608 0.5019608 1 0.8 0.8 0.8 1 0.8 0.8 0.8 1 0.5019608 0.5019608 0.5019608 1 0.4980392 0.4980392 0.4980392 1 0.6980392 0.6980392 0.6980392 1 0.4980392 0.4980392 0.4980392 1 0.6980392 0.6980392 0.6980392 1 0.6980392 0.6980392 0.6980392 1 0.4980392 0.4980392 0.4980392 1 0.8980392 0.8980392 0.8980392 1 0.8980392 0.8980392 0.8980392 1 0.6 0.6 0.6 1 0.8980392 0.8980392 0.8980392 1 0.6 0.6 0.6 1 0.8980392 0.8980392 0.8980392 1 0.6980392 0.6980392 0.6980392 1 0.6 0.6 0.6 1 0.6980392 0.6980392 0.6980392 1 0.8980392 0.8980392 0.8980392 1 0.6 0.6 0.6 1 0.8980392 0.8980392 0.8980392 1 0.6980392 0.6980392 0.6980392 1 0.6980392 0.6980392 0.6980392 1 0 0 0 1 0.2 0.2 0.2 1 0.2 0.2 0.2 1 0.2 0.2 0.2 1 0.8980392 0.8980392 0.8980392 1 0.8980392 0.8980392 0.8980392 1 0.8980392 0.8980392 0.8980392 1 0.8980392 0.8980392 0.8980392 1 0.8980392 0.8980392 0.8980392 1 0.8980392 0.8980392 0.8980392 1 0.8980392 0.8980392 0.8980392 1 0.8980392 0.8980392 0.8980392 1 0.8980392 0.8980392 0.8980392 1 0.2 0.2 0.2 1 0.6980392 0.6980392 0.6980392 1 0.6980392 0.6980392 0.6980392 1 0.6980392 0.6980392 0.6980392 1 0.2 0.2 0.2 1 0.2 0.2 0.2 1 0.2 0.2 0.2 1 0.2 0.2 0.2 1 0.2 0.2 0.2 1 0.7294118 0.7294118 0.7294118 1 0.8980392 0.8980392 0.8980392 1 0.8 0.8 0.8 1 0.7333334 0.7333334 0.7333334 1 0.06274509 0.06274509 0.06274509 1 0.2 0.2 0.2 1 0.6 0.6 0.6 1 0.8980392 0.8980392 0.8980392 1 0.5647059 0.5647059 0.5647059 1 1 1 1 1 1 1 1 1 1 1 1 1 1 1 1 1 1 1 1 1 1 1 1 1 0.2 0.2 0.2 1 0.2 0.2 0.2 1 0.8 0.8 0.8 1 0.3019608 0.3019608 0.3019608 1 0.3019608 0.3019608 0.3019608 1 0 0 0 1 0.7019608 0.7019608 0.7019608 1 0.6 0.6 0.6 1 0.7019608 0.7019608 0.7019608 1 0.6980392 0.6980392 0.6980392 1 0.4980392 0.4980392 0.4980392 1 0.4980392 0.4980392 0.4980392 1 0.6 0.6 0.6 1 0.8 0.8 0.8 1 0.6 0.6 0.6 1 0.2 0.2 0.2 1 0.2 0.2 0.2 1 0.2 0.2 0.2 1 0.7294118 0.7294118 0.7294118 1 0.05490195 0.05490195 0.05490195 1 0.6705883 0.6705883 0.6705883 1 1 1 1 1 1 1 1 1 1 1 1 1 1 1 1 1 1 1 1 1 1 1 1 1 0.4980392 0.4980392 0.4980392 1 0.8980392 0.8980392 0.8980392 1 0.8980392 0.8980392 0.8980392 1 0.6 0.6 0.6 1 0.4 0.4 0.4 1 0.6980392 0.6980392 0.6980392 1 0.0980392 0.0980392 0.0980392 1 0.8980392 0.8980392 0.8980392 1 0.8980392 0.8980392 0.8980392 1 0.0980392 0.0980392 0.0980392 1 0.4980392 0.4980392 0.4980392 1 0.8980392 0.8980392 0.8980392 1 0.4980392 0.4980392 0.4980392 1 0.4980392 0.4980392 0.4980392 1 1 1 1 1 0.8980392 0.8980392 0.8980392 1 0.8980392 0.8980392 0.8980392 1 0.8980392 0.8980392 0.8980392 1 0.8980392 0.8980392 0.8980392 1 0.8980392 0.8980392 0.8980392 1 0.8980392 0.8980392 0.8980392 1 0.6 0.6 0.6 1 0.6980392 0.6980392 0.6980392 1 0.4117647 0.4117647 0.4117647 1 0.8980392 0.8980392 0.8980392 1 0.6 0.6 0.6 1 0.8980392 0.8980392 0.8980392 1 0.8980392 0.8980392 0.8980392 1 0.8980392 0.8980392 0.8980392 1 0.6 0.6 0.6 1 0.8 0.8 0.8 1 0.2 0.2 0.2 1 0.8 0.8 0.8 1 1 1 1 1 1 1 1 1 1 1 1 1 0.8 0.8 0.8 1 0.5019608 0.5019608 0.5019608 1 0.8 0.8 0.8 1</float_array>
          <technique_common>
            <accessor source="#polygon2-mesh-colors-polygon2_Colors0-array" count="2646" stride="4">
              <param name="R" type="float"/>
              <param name="G" type="float"/>
              <param name="B" type="float"/>
              <param name="A" type="float"/>
            </accessor>
          </technique_common>
        </source>
        <vertices id="polygon2-mesh-vertices">
          <input semantic="POSITION" source="#polygon2-mesh-positions"/>
        </vertices>
        <triangles material="mat_body-material" count="882">
          <input semantic="VERTEX" source="#polygon2-mesh-vertices" offset="0"/>
          <input semantic="NORMAL" source="#polygon2-mesh-normals" offset="1"/>
          <input semantic="TEXCOORD" source="#polygon2-mesh-map-0" offset="2" set="0"/>
          <input semantic="COLOR" source="#polygon2-mesh-colors-polygon2_Colors0" offset="3" set="0"/>
          <p>2 0 0 0 1 1 1 1 0 2 2 2 3 3 3 3 1 1 4 4 2 0 5 5 4 4 6 6 3 3 7 7 2 0 8 8 5 5 9 9 3 3 10 10 4 4 11 11 6 6 12 12 5 5 13 13 4 4 14 14 7 7 15 15 5 5 16 16 6 6 17 17 8 8 18 18 7 7 19 19 6 6 20 20 9 9 21 21 7 7 22 22 8 8 23 23 10 10 24 24 9 9 25 25 8 8 26 26 11 11 27 27 9 9 28 28 10 10 29 29 12 12 30 30 11 11 31 31 10 10 32 32 13 13 33 33 11 11 34 34 12 12 35 35 14 14 36 36 13 13 37 37 12 12 38 38 15 15 39 39 13 13 40 40 14 14 41 41 16 16 42 42 15 15 43 43 14 14 44 44 17 17 45 45 15 15 46 46 16 16 47 47 18 18 48 48 17 17 49 49 16 16 50 50 9 9 51 51 17 17 52 52 18 18 53 53 19 19 54 54 9 9 55 55 18 18 56 56 7 7 57 57 9 9 58 58 19 19 59 59 0 2 60 60 7 7 61 61 19 19 62 62 5 5 63 63 7 7 64 64 0 2 65 65 1 1 66 66 5 5 67 67 0 2 68 68 3 3 69 69 5 5 70 70 1 1 71 71 22 20 72 72 21 21 73 73 20 22 74 74 23 23 75 75 21 21 76 76 22 20 77 77 24 24 78 78 23 23 79 79 22 20 80 80 25 25 81 81 23 23 82 82 24 24 83 83 26 26 84 84 25 25 85 85 24 24 86 86 27 27 87 87 25 25 88 88 26 26 89 89 28 28 90 90 27 27 91 91 26 26 92 92 29 29 93 93 27 27 94 94 28 28 95 95 30 30 96 96 29 29 97 97 28 28 98 98 31 31 99 99 29 29 100 100 30 30 101 101 32 32 102 102 31 31 103 103 30 30 104 104 33 33 105 105 31 31 106 106 32 32 107 107 34 34 108 108 33 33 109 109 32 32 110 110 35 35 111 111 33 33 112 112 34 34 113 113 20 22 114 114 35 35 115 115 34 34 116 116 21 21 117 117 35 35 118 118 20 22 119 119 38 36 120 120 37 37 121 121 36 38 122 122 39 39 123 123 37 37 124 124 38 36 125 125 40 40 126 126 39 39 127 127 38 36 128 128 41 41 129 129 39 39 130 130 40 40 131 131 42 42 132 132 41 41 133 133 40 40 134 134 43 43 135 135 41 41 136 136 42 42 137 137 44 44 138 138 43 43 139 139 42 42 140 140 45 45 141 141 43 43 142 142 44 44 143 143 46 46 144 144 45 45 145 145 44 44 146 146 47 47 147 147 45 45 148 148 46 46 149 149 48 48 150 150 47 47 151 151 46 46 152 152 49 49 153 153 47 47 154 154 48 48 155 155 50 50 156 156 49 49 157 157 48 48 158 158 37 37 159 159 49 49 160 160 50 50 161 161 51 51 162 162 37 37 163 163 50 50 164 164 52 52 165 165 37 37 166 166 51 51 167 167 55 53 168 168 54 54 169 169 53 55 170 170 56 56 171 171 54 54 172 172 55 53 173 173 57 57 174 174 56 56 175 175 55 53 176 176 58 58 177 177 56 56 178 178 57 57 179 179 59 59 180 180 58 58 181 181 57 57 182 182 60 60 183 183 58 58 184 184 59 59 185 185 61 61 186 186 60 60 187 187 59 59 188 188 62 62 189 189 60 60 190 190 61 61 191 191 63 63 192 192 62 62 193 193 61 61 194 194 64 64 195 195 62 62 196 196 63 63 197 197 65 65 198 198 64 64 199 199 63 63 200 200 66 66 201 201 64 64 202 202 65 65 203 203 67 67 204 204 66 66 205 205 65 65 206 206 68 68 207 207 66 66 208 208 67 67 209 209 53 55 210 210 68 68 211 211 67 67 212 212 54 54 213 213 68 68 214 214 53 55 215 215 71 69 216 216 70 70 217 217 69 71 218 218 72 72 219 219 70 70 220 220 71 69 221 221 73 73 222 222 72 72 223 223 71 69 224 224 74 74 225 225 72 72 226 226 73 73 227 227 75 75 228 228 74 74 229 229 73 73 230 230 76 76 231 231 74 74 232 232 75 75 233 233 77 77 234 234 76 76 235 235 75 75 236 236 78 78 237 237 76 76 238 238 77 77 239 239 79 79 240 240 78 78 241 241 77 77 242 242 80 80 243 243 78 78 244 244 79 79 245 245 81 81 246 246 80 80 247 247 79 79 248 248 82 82 249 249 80 80 250 250 81 81 251 251 83 83 252 252 82 82 253 253 81 81 254 254 84 84 255 255 82 82 256 256 83 83 257 257 69 71 258 258 84 84 259 259 83 83 260 260 70 70 261 261 84 84 262 262 69 71 263 263 87 85 264 264 86 86 265 265 85 87 266 266 88 88 267 267 86 86 268 268 87 85 269 269 89 89 270 270 88 88 271 271 87 85 272 272 90 90 273 273 88 88 274 274 89 89 275 275 91 91 276 276 90 90 277 277 89 89 278 278 92 92 279 279 90 90 280 280 91 91 281 281 93 93 282 282 92 92 283 283 91 91 284 284 94 94 285 285 92 92 286 286 93 93 287 287 95 95 288 288 94 94 289 289 93 93 290 290 96 96 291 291 94 94 292 292 95 95 293 293 97 97 294 294 96 96 295 295 95 95 296 296 98 98 297 297 96 96 298 298 97 97 299 299 99 99 300 300 98 98 301 301 97 97 302 302 100 100 303 303 98 98 304 304 99 99 305 305 85 87 306 306 100 100 307 307 99 99 308 308 86 86 309 309 100 100 310 310 85 87 311 311 103 101 312 312 102 102 313 313 101 103 314 314 104 104 315 315 102 102 316 316 103 101 317 317 105 105 318 318 104 104 319 319 103 101 320 320 106 106 321 321 104 104 322 322 105 105 323 323 107 107 324 324 106 106 325 325 105 105 326 326 108 108 327 327 106 106 328 328 107 107 329 329 109 109 330 330 108 108 331 331 107 107 332 332 110 110 333 333 108 108 334 334 109 109 335 335 111 111 336 336 110 110 337 337 109 109 338 338 107 107 339 339 110 110 340 340 111 111 341 341 112 112 342 342 107 107 343 343 111 111 344 344 113 113 345 345 107 107 346 346 112 112 347 347 116 114 348 348 115 115 349 349 114 116 350 350 117 117 351 351 115 115 352 352 116 114 353 353 118 118 354 354 117 117 355 355 116 114 356 356 119 119 357 357 117 117 358 358 118 118 359 359 120 120 360 360 119 119 361 361 118 118 362 362 121 121 363 363 119 119 364 364 120 120 365 365 122 122 366 366 121 121 367 367 120 120 368 368 123 123 369 369 121 121 370 370 122 122 371 371 124 124 372 372 123 123 373 373 122 122 374 374 125 125 375 375 123 123 376 376 124 124 377 377 114 116 378 378 125 125 379 379 124 124 380 380 128 126 381 381 127 127 382 382 126 128 383 383 129 129 384 384 127 127 385 385 128 126 386 386 130 130 387 387 129 129 388 388 128 126 389 389 131 131 390 390 129 129 391 391 130 130 392 392 132 132 393 393 131 131 394 394 130 130 395 395 133 133 396 396 131 131 397 397 132 132 398 398 134 134 399 399 133 133 400 400 132 132 401 401 135 135 402 402 133 133 403 403 134 134 404 404 136 136 405 405 135 135 406 406 134 134 407 407 137 137 408 408 135 135 409 409 136 136 410 410 139 138 411 411 126 128 412 412 138 139 413 413 128 126 414 414 126 128 415 415 139 138 416 416 140 140 417 417 128 126 418 418 139 138 419 419 130 130 420 420 128 126 421 421 140 140 422 422 141 141 423 423 130 130 424 424 140 140 425 425 132 132 426 426 130 130 427 427 141 141 428 428 142 142 429 429 132 132 430 430 141 141 431 431 134 134 432 432 132 132 433 433 142 142 434 434 143 143 435 435 134 134 436 436 142 142 437 437 136 136 438 438 134 134 439 439 143 143 440 440 146 144 441 441 145 145 442 442 144 146 443 443 147 147 444 444 145 145 445 445 146 144 446 446 148 148 447 447 147 147 448 448 146 144 449 449 149 149 450 450 147 147 451 451 148 148 452 452 150 150 453 453 149 149 454 454 148 148 455 455 144 151 456 456 149 149 457 457 150 150 458 458 151 152 459 459 144 151 460 460 150 150 461 461 146 144 462 462 144 151 463 463 151 152 464 464 148 148 465 465 146 144 466 466 151 152 467 467 154 153 468 468 153 154 469 469 152 155 470 470 155 156 471 471 153 154 472 472 154 153 473 473 156 157 474 474 155 156 475 475 154 153 476 476 157 158 477 477 155 156 478 478 156 157 479 479 158 159 480 480 157 158 481 481 156 157 482 482 159 160 483 483 157 158 484 484 158 159 485 485 160 161 486 486 159 160 487 487 158 159 488 488 161 162 489 489 159 160 490 490 160 161 491 491 152 155 492 492 161 162 493 493 160 161 494 494 164 163 495 495 163 164 496 496 162 165 497 497 165 166 498 498 163 164 499 499 164 163 500 500 166 167 501 501 165 166 502 502 164 163 503 503 167 168 504 504 165 166 505 505 166 167 506 506 168 169 507 507 167 168 508 508 166 167 509 509 169 170 510 510 167 168 511 511 168 169 512 512 170 171 513 513 169 170 514 514 168 169 515 515 171 172 516 516 169 170 517 517 170 171 518 518 172 173 519 519 171 172 520 520 170 171 521 521 175 174 522 522 174 175 523 523 173 176 524 524 176 177 525 525 174 175 526 526 175 174 527 527 104 104 528 528 176 177 529 529 175 174 530 530 177 178 531 531 176 177 532 532 104 104 533 533 101 103 534 534 177 178 535 535 104 104 536 536 178 179 537 537 177 178 538 538 101 103 539 539 102 102 540 540 178 179 541 541 101 103 542 542 175 174 543 543 178 179 544 544 102 102 545 545 104 104 546 546 175 174 547 547 102 102 548 548 181 180 549 549 180 181 550 550 179 182 551 551 182 183 552 552 180 181 553 553 181 180 554 554 183 184 555 555 182 183 556 556 181 180 557 557 184 185 558 558 182 183 559 559 183 184 560 560 185 186 561 561 184 185 562 562 183 184 563 563 186 187 564 564 184 185 565 565 185 186 566 566 179 182 567 567 186 187 568 568 185 186 569 569 180 181 570 570 186 187 571 571 179 182 572 572 189 188 573 573 188 189 574 574 187 190 575 575 190 191 576 576 188 189 577 577 189 188 578 578 191 192 579 579 190 191 580 580 189 188 581 581 192 193 582 582 190 191 583 583 191 192 584 584 193 194 585 585 192 193 586 586 191 192 587 587 194 195 588 588 192 193 589 589 193 194 590 590 187 190 591 591 194 195 592 592 193 194 593 593 188 189 594 594 194 195 595 595 187 190 596 596 197 196 597 597 196 197 598 598 195 198 599 599 198 199 600 600 196 197 601 601 197 196 602 602 199 200 603 603 198 199 604 604 197 196 605 605 200 201 606 606 198 199 607 607 199 200 608 608 201 202 609 609 200 201 610 610 199 200 611 611 202 203 612 612 200 201 613 613 201 202 614 614 195 198 615 615 202 203 616 616 201 202 617 617 196 197 618 618 202 203 619 619 195 198 620 620 205 204 621 621 204 205 622 622 203 206 623 623 206 207 624 624 204 205 625 625 205 204 626 626 207 208 627 627 206 207 628 628 205 204 629 629 208 209 630 630 206 207 631 631 207 208 632 632 209 210 633 633 208 209 634 634 207 208 635 635 210 211 636 636 208 209 637 637 209 210 638 638 203 206 639 639 210 211 640 640 209 210 641 641 204 205 642 642 210 211 643 643 203 206 644 644 213 212 645 645 212 213 646 646 211 214 647 647 214 215 648 648 212 213 649 649 213 212 650 650 215 216 651 651 214 215 652 652 213 212 653 653 216 217 654 654 214 215 655 655 215 216 656 656 217 218 657 657 216 217 658 658 215 216 659 659 218 219 660 660 216 217 661 661 217 218 662 662 211 214 663 663 218 219 664 664 217 218 665 665 212 213 666 666 218 219 667 667 211 214 668 668 221 220 669 669 220 221 670 670 219 222 671 671 222 223 672 672 220 221 673 673 221 220 674 674 223 224 675 675 222 223 676 676 221 220 677 677 224 225 678 678 222 223 679 679 223 224 680 680 225 226 681 681 224 225 682 682 223 224 683 683 226 227 684 684 224 225 685 685 225 226 686 686 219 222 687 687 226 227 688 688 225 226 689 689 220 221 690 690 226 227 691 691 219 222 692 692 229 228 693 693 228 229 694 694 227 230 695 695 230 231 696 696 228 229 697 697 229 228 698 698 231 232 699 699 230 231 700 700 229 228 701 701 232 233 702 702 230 231 703 703 231 232 704 704 233 234 705 705 232 233 706 706 231 232 707 707 234 235 708 708 232 233 709 709 233 234 710 710 227 230 711 711 234 235 712 712 233 234 713 713 228 229 714 714 234 235 715 715 227 230 716 716 237 236 717 717 236 237 718 718 235 238 719 719 238 239 720 720 236 237 721 721 237 236 722 722 239 240 723 723 238 239 724 724 237 236 725 725 240 241 726 726 238 239 727 727 239 240 728 728 241 242 729 729 240 241 730 730 239 240 731 731 242 243 732 732 240 241 733 733 241 242 734 734 235 238 735 735 242 243 736 736 241 242 737 737 236 237 738 738 242 243 739 739 235 238 740 740 245 244 741 741 244 245 742 742 243 246 743 743 246 247 744 744 244 245 745 745 245 244 746 746 247 248 747 747 246 247 748 748 245 244 749 749 248 249 750 750 246 247 751 751 247 248 752 752 249 250 753 753 248 249 754 754 247 248 755 755 51 51 756 756 248 249 757 757 249 250 758 758 52 52 759 759 51 51 760 760 249 250 761 761 252 251 762 762 251 252 763 763 250 253 764 764 253 254 765 765 251 252 766 766 252 251 767 767 254 255 768 768 253 254 769 769 252 251 770 770 255 256 771 771 253 254 772 772 254 255 773 773 256 257 774 774 255 256 775 775 254 255 776 776 257 258 777 777 255 256 778 778 256 257 779 779 258 259 780 780 257 258 781 781 256 257 782 782 260 260 783 783 36 38 784 784 259 261 785 785 261 262 786 786 36 38 787 787 260 260 788 788 262 263 789 789 261 262 790 790 260 260 791 791 263 264 792 792 261 262 793 793 262 263 794 794 264 265 795 795 263 264 796 796 262 263 797 797 40 40 798 798 263 264 799 799 264 265 800 800 42 42 801 801 40 40 802 802 264 265 803 803 267 266 804 804 266 267 805 805 265 268 806 806 268 269 807 807 266 267 808 808 267 266 809 809 269 270 810 810 268 269 811 811 267 266 812 812 270 271 813 813 268 269 814 814 269 270 815 815 271 272 816 816 270 271 817 817 269 270 818 818 272 273 819 819 270 271 820 820 271 272 821 821 273 274 822 822 272 273 823 823 271 272 824 824 276 275 825 825 275 276 826 826 274 277 827 827 277 278 828 828 275 276 829 829 276 275 830 830 278 279 831 831 277 278 832 832 276 275 833 833 279 280 834 834 277 278 835 835 278 279 836 836 280 281 837 837 279 280 838 838 278 279 839 839 281 282 840 840 279 280 841 841 280 281 842 842 283 283 843 843 201 202 844 844 282 284 845 845 195 198 846 846 201 202 847 847 283 283 848 848 284 285 849 849 195 198 850 850 283 283 851 851 197 196 852 852 195 198 853 853 284 285 854 854 285 286 855 855 197 196 856 856 284 285 857 857 199 200 858 858 197 196 859 859 285 286 860 860 250 253 861 861 254 255 862 862 252 251 863 863 286 287 864 864 254 255 865 865 250 253 866 866 251 252 867 867 286 287 868 868 250 253 869 869 287 288 870 870 286 287 871 871 251 252 872 872 288 289 873 873 287 288 874 874 251 252 875 875 258 259 876 876 287 288 877 877 288 289 878 878 291 290 879 879 290 291 880 880 289 292 881 881 292 293 882 882 290 291 883 883 291 290 884 884 293 294 885 885 292 293 886 886 291 290 887 887 294 295 888 888 292 293 889 889 293 294 890 890 295 296 891 891 294 295 892 892 293 294 893 893 296 297 894 894 294 295 895 895 295 296 896 896 299 298 897 897 298 299 898 898 297 300 899 899 300 301 900 900 298 299 901 901 299 298 902 902 301 302 903 903 300 301 904 904 299 298 905 905 297 300 906 906 300 301 907 907 301 302 908 908 302 303 909 909 297 300 910 910 301 302 911 911 299 298 912 912 297 300 913 913 302 303 914 914 305 304 915 915 304 305 916 916 303 306 917 917 306 307 918 918 304 305 919 919 305 304 920 920 307 308 921 921 306 307 922 922 305 304 923 923 308 309 924 924 306 307 925 925 307 308 926 926 309 310 927 927 308 309 928 928 307 308 929 929 310 311 930 930 308 309 931 931 309 310 932 932 171 172 933 933 311 312 934 934 169 170 935 935 312 313 936 936 311 312 937 937 171 172 938 938 313 314 939 939 312 313 940 940 171 172 941 941 314 315 942 942 312 313 943 943 313 314 944 944 315 316 945 945 314 315 946 946 313 314 947 947 172 173 948 948 314 315 949 949 315 316 950 950 318 317 951 951 317 318 952 952 316 319 953 953 319 320 954 954 317 318 955 955 318 317 956 956 320 321 957 957 319 320 958 958 318 317 959 959 321 322 960 960 319 320 961 961 320 321 962 962 322 323 963 963 321 322 964 964 320 321 965 965 323 324 966 966 321 322 967 967 322 323 968 968 317 318 969 969 322 323 970 970 316 319 971 971 323 324 972 972 322 323 973 973 317 318 974 974 310 311 975 975 323 324 976 976 317 318 977 977 304 305 978 978 323 324 979 979 310 311 980 980 309 310 981 981 304 305 982 982 310 311 983 983 303 306 984 984 304 305 985 985 309 310 986 986 326 325 987 987 325 326 988 988 324 327 989 989 327 328 990 990 325 326 991 991 326 325 992 992 328 329 993 993 327 328 994 994 326 325 995 995 329 329 996 996 327 328 997 997 328 329 998 998 330 146 999 999 329 329 1000 1000 328 329 1001 1001 331 146 1002 1002 329 329 1003 1003 330 146 1004 1004 334 330 1005 1005 333 331 1006 1006 332 332 1007 1007 335 333 1008 1008 333 334 1009 1009 334 335 1010 1010 336 336 1011 1011 335 337 1012 1012 334 338 1013 1013 337 339 1014 1014 335 340 1015 1015 336 341 1016 1016 338 342 1017 1017 337 343 1018 1018 336 344 1019 1019 339 345 1020 1020 337 346 1021 1021 338 347 1022 1022 340 348 1023 1023 291 290 1024 1024 289 292 1025 1025 341 349 1026 1026 291 290 1027 1027 340 348 1028 1028 342 350 1029 1029 341 349 1030 1030 340 348 1031 1031 343 351 1032 1032 341 349 1033 1033 342 350 1034 1034 295 296 1035 1035 343 351 1036 1036 342 350 1037 1037 293 294 1038 1038 343 351 1039 1039 295 296 1040 1040 346 352 1041 1041 345 353 1042 1042 344 354 1043 1043 347 355 1044 1044 345 353 1045 1045 346 352 1046 1046 348 356 1047 1047 347 355 1048 1048 346 352 1049 1049 349 357 1050 1050 347 355 1051 1051 348 356 1052 1052 350 358 1053 1053 349 357 1054 1054 348 356 1055 1055 351 359 1056 1056 349 357 1057 1057 350 358 1058 1058 353 360 1059 1059 352 361 1060 1060 345 353 1061 1061 354 362 1062 1062 352 361 1063 1063 353 360 1064 1064 355 363 1065 1065 354 362 1066 1066 353 360 1067 1067 356 364 1068 1068 354 362 1069 1069 355 363 1070 1070 344 354 1071 1071 356 364 1072 1072 355 363 1073 1073 357 365 1074 1074 356 364 1075 1075 344 354 1076 1076 358 366 1077 1077 344 354 1078 1078 355 363 1079 1079 346 352 1080 1080 344 354 1081 1081 358 366 1082 1082 359 367 1083 1083 346 352 1084 1084 358 366 1085 1085 348 356 1086 1086 346 352 1087 1087 359 367 1088 1088 360 368 1089 1089 348 356 1090 1090 359 367 1091 1091 350 358 1092 1092 348 356 1093 1093 360 368 1094 1094 66 66 1095 1095 62 62 1096 1096 64 64 1097 1097 60 60 1098 1098 62 62 1099 1099 66 66 1100 1100 68 68 1101 1101 60 60 1102 1102 66 66 1103 1103 58 58 1104 1104 60 60 1105 1105 68 68 1106 1106 54 54 1107 1107 58 58 1108 1108 68 68 1109 1109 56 56 1110 1110 58 58 1111 1111 54 54 1112 1112 25 25 1113 1113 21 21 1114 1114 23 23 1115 1115 35 35 1116 1116 21 21 1117 1117 25 25 1118 1118 27 27 1119 1119 35 35 1120 1120 25 25 1121 1121 33 33 1122 1122 35 35 1123 1123 27 27 1124 1124 29 29 1125 1125 33 33 1126 1126 27 27 1127 1127 31 31 1128 1128 33 33 1129 1129 29 29 1130 1130 361 369 1131 1131 294 295 1132 1132 296 297 1133 1133 362 370 1134 1134 294 295 1135 1135 361 369 1136 1136 363 371 1137 1137 362 370 1138 1138 361 369 1139 1139 364 372 1140 1140 362 370 1141 1141 363 371 1142 1142 292 293 1143 1143 364 372 1144 1144 363 371 1145 1145 367 373 1146 1146 366 374 1147 1147 365 375 1148 1148 368 376 1149 1149 366 374 1150 1150 367 373 1151 1151 369 377 1152 1152 368 376 1153 1153 367 373 1154 1154 365 375 1155 1155 368 376 1156 1156 369 377 1157 1157 367 373 1158 1158 365 375 1159 1159 369 377 1160 1160 370 378 1161 1161 274 277 1162 1162 275 276 1163 1163 371 379 1164 1164 274 277 1165 1165 370 378 1166 1166 372 380 1167 1167 371 379 1168 1168 370 378 1169 1169 280 281 1170 1170 371 379 1171 1171 372 380 1172 1172 281 282 1173 1173 280 281 1174 1174 372 380 1175 1175 44 44 1176 1176 37 37 1177 1177 244 245 1178 1178 36 38 1179 1179 37 37 1180 1180 44 44 1181 1181 373 381 1182 1182 36 38 1183 1183 44 44 1184 1184 259 261 1185 1185 36 38 1186 1186 373 381 1187 1187 374 382 1188 1188 259 261 1189 1189 373 381 1190 1190 377 383 1191 1191 376 384 1192 1192 375 385 1193 1193 378 386 1194 1194 376 384 1195 1195 377 383 1196 1196 379 387 1197 1197 378 386 1198 1198 377 383 1199 1199 375 385 1200 1200 378 386 1201 1201 379 387 1202 1202 377 383 1203 1203 375 385 1204 1204 379 387 1205 1205 108 108 1206 1206 380 388 1207 1207 106 106 1208 1208 101 103 1209 1209 380 388 1210 1210 108 108 1211 1211 381 389 1212 1212 101 103 1213 1213 108 108 1214 1214 103 101 1215 1215 101 103 1216 1216 381 389 1217 1217 105 105 1218 1218 103 101 1219 1219 381 389 1220 1220 383 390 1221 1221 192 193 1222 1222 382 391 1223 1223 190 191 1224 1224 192 193 1225 1225 383 390 1226 1226 384 392 1227 1227 190 191 1228 1228 383 390 1229 1229 188 189 1230 1230 190 191 1231 1231 384 392 1232 1232 194 195 1233 1233 188 189 1234 1234 384 392 1235 1235 387 393 1236 1236 386 394 1237 1237 385 395 1238 1238 388 396 1239 1239 386 394 1240 1240 387 393 1241 1241 389 397 1242 1242 388 396 1243 1243 387 393 1244 1244 390 398 1245 1245 388 396 1246 1246 389 397 1247 1247 391 399 1248 1248 390 398 1249 1249 389 397 1250 1250 18 18 1251 1251 4 4 1252 1252 2 0 1253 1253 6 6 1254 1254 4 4 1255 1255 18 18 1256 1256 16 16 1257 1257 6 6 1258 1258 18 18 1259 1259 8 8 1260 1260 6 6 1261 1261 16 16 1262 1262 14 14 1263 1263 8 8 1264 1264 16 16 1265 1265 394 400 1266 1266 393 401 1267 1267 392 402 1268 1268 395 403 1269 1269 393 401 1270 1270 394 400 1271 1271 396 404 1272 1272 395 403 1273 1273 394 400 1274 1274 397 405 1275 1275 395 403 1276 1276 396 404 1277 1277 398 406 1278 1278 376 384 1279 1279 378 386 1280 1280 368 376 1281 1281 376 384 1282 1282 398 406 1283 1283 399 407 1284 1284 368 376 1285 1285 398 406 1286 1286 366 374 1287 1287 368 376 1288 1288 399 407 1289 1289 402 408 1290 1290 401 409 1291 1291 400 410 1292 1292 403 411 1293 1293 401 409 1294 1294 402 408 1295 1295 404 412 1296 1296 403 411 1297 1297 402 408 1298 1298 405 413 1299 1299 403 411 1300 1300 404 412 1301 1301 268 269 1302 1302 406 414 1303 1303 266 267 1304 1304 407 415 1305 1305 406 414 1306 1306 268 269 1307 1307 273 274 1308 1308 407 415 1309 1309 268 269 1310 1310 408 416 1311 1311 407 415 1312 1312 273 274 1313 1313 273 274 1314 1314 409 417 1315 1315 272 273 1316 1316 410 418 1317 1317 409 417 1318 1318 273 274 1319 1319 268 269 1320 1320 410 418 1321 1321 273 274 1322 1322 270 271 1323 1323 410 418 1324 1324 268 269 1325 1325 355 363 1326 1326 360 368 1327 1327 411 419 1328 1328 350 358 1329 1329 360 368 1330 1330 355 363 1331 1331 353 360 1332 1332 350 358 1333 1333 355 363 1334 1334 351 359 1335 1335 350 358 1336 1336 353 360 1337 1337 413 420 1338 1338 412 421 1339 1339 399 407 1340 1340 414 422 1341 1341 412 421 1342 1342 413 420 1343 1343 399 407 1344 1344 414 422 1345 1345 413 420 1346 1346 398 406 1347 1347 414 422 1348 1348 399 407 1349 1349 30 30 1350 1350 209 210 1351 1351 32 32 1352 1352 203 206 1353 1353 209 210 1354 1354 30 30 1355 1355 28 28 1356 1356 203 206 1357 1357 30 30 1358 1358 26 26 1359 1359 203 206 1360 1360 28 28 1361 1361 55 53 1362 1362 181 180 1363 1363 57 57 1364 1364 183 184 1365 1365 181 180 1366 1366 55 53 1367 1367 53 55 1368 1368 183 184 1369 1369 55 53 1370 1370 67 67 1371 1371 183 184 1372 1372 53 55 1373 1373 417 423 1374 1374 416 424 1375 1375 415 425 1376 1376 418 426 1377 1377 416 424 1378 1378 417 423 1379 1379 419 427 1380 1380 418 426 1381 1381 417 423 1382 1382 420 428 1383 1383 418 426 1384 1384 419 427 1385 1385 421 429 1386 1386 319 320 1387 1387 321 322 1388 1388 422 430 1389 1389 319 320 1390 1390 421 429 1391 1391 304 305 1392 1392 422 430 1393 1393 421 429 1394 1394 306 307 1395 1395 422 430 1396 1396 304 305 1397 1397 425 431 1398 1398 424 432 1399 1399 423 433 1400 1400 426 434 1401 1401 424 432 1402 1402 425 431 1403 1403 427 435 1404 1404 426 434 1405 1405 425 431 1406 1406 428 436 1407 1407 426 434 1408 1408 427 435 1409 1409 246 247 1410 1410 429 437 1411 1411 244 245 1412 1412 430 438 1413 1413 429 437 1414 1414 246 247 1415 1415 248 249 1416 1416 430 438 1417 1417 246 247 1418 1418 51 51 1419 1419 430 438 1420 1420 248 249 1421 1421 432 439 1422 1422 400 410 1423 1423 431 440 1424 1424 402 408 1425 1425 400 410 1426 1426 432 439 1427 1427 433 441 1428 1428 402 408 1429 1429 432 439 1430 1430 404 412 1431 1431 402 408 1432 1432 433 441 1433 1433 435 442 1434 1434 431 440 1435 1435 434 443 1436 1436 432 439 1437 1437 431 440 1438 1438 435 442 1439 1439 436 444 1440 1440 432 439 1441 1441 435 442 1442 1442 433 441 1443 1443 432 439 1444 1444 436 444 1445 1445 133 133 1446 1446 129 129 1447 1447 131 131 1448 1448 437 445 1449 1449 129 129 1450 1450 133 133 1451 1451 139 138 1452 1452 437 445 1453 1453 133 133 1454 1454 138 139 1455 1455 437 445 1456 1456 139 138 1457 1457 439 446 1458 1458 434 443 1459 1459 438 447 1460 1460 435 442 1461 1461 434 443 1462 1462 439 446 1463 1463 440 448 1464 1464 435 442 1465 1465 439 446 1466 1466 436 444 1467 1467 435 442 1468 1468 440 448 1469 1469 442 449 1470 1470 438 447 1471 1471 441 450 1472 1472 439 446 1473 1473 438 447 1474 1474 442 449 1475 1475 443 451 1476 1476 439 446 1477 1477 442 449 1478 1478 440 448 1479 1479 439 446 1480 1480 443 451 1481 1481 445 452 1482 1482 441 450 1483 1483 444 453 1484 1484 442 449 1485 1485 441 450 1486 1486 445 452 1487 1487 446 454 1488 1488 442 449 1489 1489 445 452 1490 1490 443 451 1491 1491 442 449 1492 1492 446 454 1493 1493 403 411 1494 1494 444 453 1495 1495 401 409 1496 1496 445 452 1497 1497 444 453 1498 1498 403 411 1499 1499 405 413 1500 1500 445 452 1501 1501 403 411 1502 1502 446 454 1503 1503 445 452 1504 1504 405 413 1505 1505 447 455 1506 1506 285 286 1507 1507 284 285 1508 1508 448 456 1509 1509 285 286 1510 1510 447 455 1511 1511 384 392 1512 1512 448 456 1513 1513 447 455 1514 1514 383 390 1515 1515 448 456 1516 1516 384 392 1517 1517 109 109 1518 1518 449 457 1519 1519 111 111 1520 1520 450 458 1521 1521 449 457 1522 1522 109 109 1523 1523 107 107 1524 1524 450 458 1525 1525 109 109 1526 1526 113 113 1527 1527 450 458 1528 1528 107 107 1529 1529 453 459 1530 1530 452 460 1531 1531 451 461 1532 1532 454 462 1533 1533 452 460 1534 1534 453 459 1535 1535 391 399 1536 1536 454 462 1537 1537 453 459 1538 1538 244 245 1539 1539 455 463 1540 1540 243 246 1541 1541 52 52 1542 1542 455 463 1543 1543 244 245 1544 1544 37 37 1545 1545 52 52 1546 1546 244 245 1547 1547 458 464 1548 1548 457 465 1549 1549 456 466 1550 1550 459 467 1551 1551 457 465 1552 1552 458 464 1553 1553 456 466 1554 1554 459 467 1555 1555 458 464 1556 1556 429 437 1557 1557 44 44 1558 1558 244 245 1559 1559 46 46 1560 1560 44 44 1561 1561 429 437 1562 1562 48 48 1563 1563 46 46 1564 1564 429 437 1565 1565 358 366 1566 1566 360 368 1567 1567 359 367 1568 1568 411 419 1569 1569 360 368 1570 1570 358 366 1571 1571 355 363 1572 1572 411 419 1573 1573 358 366 1574 1574 262 263 1575 1575 374 382 1576 1576 460 468 1577 1577 259 261 1578 1578 374 382 1579 1579 262 263 1580 1580 260 260 1581 1581 259 261 1582 1582 262 263 1583 1583 349 357 1584 1584 345 353 1585 1585 347 355 1586 1586 353 360 1587 1587 345 353 1588 1588 349 357 1589 1589 351 359 1590 1590 353 360 1591 1591 349 357 1592 1592 463 469 1593 1593 462 469 1594 1594 461 469 1595 1595 464 470 1596 1596 462 470 1597 1597 463 470 1598 1598 465 471 1599 1599 464 471 1600 1600 463 471 1601 1601 124 124 1602 1602 116 114 1603 1603 114 116 1604 1604 120 120 1605 1605 116 114 1606 1606 124 124 1607 1607 122 122 1608 1608 120 120 1609 1609 124 124 1610 1610 185 186 1611 1611 63 63 1612 1612 179 182 1613 1613 65 65 1614 1614 63 63 1615 1615 185 186 1616 1616 67 67 1617 1617 65 65 1618 1618 185 186 1619 1619 468 472 1620 1620 467 473 1621 1621 466 474 1622 1622 469 475 1623 1623 467 473 1624 1624 468 472 1625 1625 428 436 1626 1626 469 475 1627 1627 468 472 1628 1628 205 204 1629 1629 22 20 1630 1630 207 208 1631 1631 24 24 1632 1632 22 20 1633 1633 205 204 1634 1634 26 26 1635 1635 24 24 1636 1636 205 204 1637 1637 375 476 1638 1638 365 477 1639 1639 412 478 1640 1640 368 376 1641 1641 365 375 1642 1642 375 385 1643 1643 376 384 1644 1644 368 376 1645 1645 375 385 1646 1646 279 280 1647 1647 275 276 1648 1648 277 278 1649 1649 370 378 1650 1650 275 276 1651 1651 279 280 1652 1652 372 380 1653 1653 370 378 1654 1654 279 280 1655 1655 278 279 1656 1656 371 379 1657 1657 280 281 1658 1658 274 277 1659 1659 371 379 1660 1660 278 279 1661 1661 276 275 1662 1662 274 277 1663 1663 278 279 1664 1664 425 431 1665 1665 393 401 1666 1666 470 479 1667 1667 392 402 1668 1668 393 401 1669 1669 425 431 1670 1670 423 433 1671 1671 392 402 1672 1672 425 431 1673 1673 243 246 1674 1674 247 248 1675 1675 245 244 1676 1676 471 480 1677 1677 247 248 1678 1678 243 246 1679 1679 455 463 1680 1680 471 480 1681 1681 243 246 1682 1682 256 257 1683 1683 287 288 1684 1684 258 259 1685 1685 286 287 1686 1686 287 288 1687 1687 256 257 1688 1688 254 255 1689 1689 286 287 1690 1690 256 257 1691 1691 288 289 1692 1692 257 258 1693 1693 258 259 1694 1694 255 256 1695 1695 257 258 1696 1696 288 289 1697 1697 253 254 1698 1698 255 256 1699 1699 288 289 1700 1700 472 481 1701 1701 392 402 1702 1702 423 433 1703 1703 394 400 1704 1704 392 402 1705 1705 472 481 1706 1706 396 404 1707 1707 394 400 1708 1708 472 481 1709 1709 473 482 1710 1710 395 403 1711 1711 397 405 1712 1712 393 401 1713 1713 395 403 1714 1714 473 482 1715 1715 470 479 1716 1716 393 401 1717 1717 473 482 1718 1718 474 483 1719 1719 396 404 1720 1720 472 481 1721 1721 466 474 1722 1722 396 404 1723 1723 474 483 1724 1724 475 484 1725 1725 466 474 1726 1726 474 483 1727 1727 476 485 1728 1728 467 473 1729 1729 469 475 1730 1730 397 405 1731 1731 467 473 1732 1732 476 485 1733 1733 473 482 1734 1734 397 405 1735 1735 476 485 1736 1736 386 394 1737 1737 477 486 1738 1738 385 395 1739 1739 478 487 1740 1740 477 486 1741 1741 386 394 1742 1742 479 488 1743 1743 478 487 1744 1744 386 394 1745 1745 468 472 1746 1746 480 489 1747 1747 428 436 1748 1748 475 484 1749 1749 480 489 1750 1750 468 472 1751 1751 466 474 1752 1752 475 484 1753 1753 468 472 1754 1754 471 480 1755 1755 249 250 1756 1756 247 248 1757 1757 52 52 1758 1758 249 250 1759 1759 471 480 1760 1760 455 463 1761 1761 52 52 1762 1762 471 480 1763 1763 38 36 1764 1764 263 264 1765 1765 40 40 1766 1766 261 262 1767 1767 263 264 1768 1768 38 36 1769 1769 36 38 1770 1770 261 262 1771 1771 38 36 1772 1772 264 265 1773 1773 373 381 1774 1774 42 42 1775 1775 460 468 1776 1776 373 381 1777 1777 264 265 1778 1778 262 263 1779 1779 460 468 1780 1780 264 265 1781 1781 483 490 1782 1782 482 491 1783 1783 481 492 1784 1784 484 493 1785 1785 482 491 1786 1786 483 490 1787 1787 485 494 1788 1788 484 493 1789 1789 483 490 1790 1790 227 230 1791 1791 93 93 1792 1792 229 228 1793 1793 95 95 1794 1794 93 93 1795 1795 227 230 1796 1796 97 97 1797 1797 95 95 1798 1798 227 230 1799 1799 233 234 1800 1800 97 97 1801 1801 227 230 1802 1802 99 99 1803 1803 97 97 1804 1804 233 234 1805 1805 85 87 1806 1806 99 99 1807 1807 233 234 1808 1808 231 232 1809 1809 85 87 1810 1810 233 234 1811 1811 87 85 1812 1812 85 87 1813 1813 231 232 1814 1814 89 89 1815 1815 87 85 1816 1816 231 232 1817 1817 229 228 1818 1818 89 89 1819 1819 231 232 1820 1820 91 91 1821 1821 89 89 1822 1822 229 228 1823 1823 93 93 1824 1824 91 91 1825 1825 229 228 1826 1826 141 141 1827 1827 137 137 1828 1828 142 142 1829 1829 135 135 1830 1830 137 137 1831 1831 141 141 1832 1832 140 140 1833 1833 135 135 1834 1834 141 141 1835 1835 213 212 1836 1836 77 77 1837 1837 215 216 1838 1838 79 79 1839 1839 77 77 1840 1840 213 212 1841 1841 81 81 1842 1842 79 79 1843 1843 213 212 1844 1844 211 214 1845 1845 81 81 1846 1846 213 212 1847 1847 83 83 1848 1848 81 81 1849 1849 211 214 1850 1850 69 71 1851 1851 83 83 1852 1852 211 214 1853 1853 217 218 1854 1854 69 71 1855 1855 211 214 1856 1856 71 69 1857 1857 69 71 1858 1858 217 218 1859 1859 73 73 1860 1860 71 69 1861 1861 217 218 1862 1862 486 495 1863 1863 381 389 1864 1864 108 108 1865 1865 105 105 1866 1866 381 389 1867 1867 486 495 1868 1868 107 107 1869 1869 105 105 1870 1870 486 495 1871 1871 215 216 1872 1872 73 73 1873 1873 217 218 1874 1874 75 75 1875 1875 73 73 1876 1876 215 216 1877 1877 77 77 1878 1878 75 75 1879 1879 215 216 1880 1880 489 496 1881 1881 488 497 1882 1882 487 498 1883 1883 490 499 1884 1884 488 497 1885 1885 489 496 1886 1886 491 500 1887 1887 490 499 1888 1888 489 496 1889 1889 492 501 1890 1890 222 223 1891 1891 198 199 1892 1892 220 221 1893 1893 222 223 1894 1894 492 501 1895 1895 226 227 1896 1896 220 221 1897 1897 492 501 1898 1898 149 149 1899 1899 145 145 1900 1900 147 147 1901 1901 144 151 1902 1902 145 145 1903 1903 149 149 1904 1904 476 485 1905 1905 470 479 1906 1906 473 482 1907 1907 427 435 1908 1908 470 479 1909 1909 476 485 1910 1910 474 483 1911 1911 423 433 1912 1912 424 432 1913 1913 472 481 1914 1914 423 433 1915 1915 474 483 1916 1916 476 485 1917 1917 428 436 1918 1918 427 435 1919 1919 469 475 1920 1920 428 436 1921 1921 476 485 1922 1922 495 502 1923 1923 494 503 1924 1924 493 504 1925 1925 496 505 1926 1926 494 503 1927 1927 495 502 1928 1928 494 503 1929 1929 498 506 1930 1930 497 507 1931 1931 499 508 1932 1932 498 506 1933 1933 494 503 1934 1934 502 509 1935 1935 501 510 1936 1936 500 511 1937 1937 503 512 1938 1938 501 510 1939 1939 502 509 1940 1940 474 483 1941 1941 480 489 1942 1942 475 484 1943 1943 424 432 1944 1944 480 489 1945 1945 474 483 1946 1946 397 405 1947 1947 466 474 1948 1948 467 473 1949 1949 396 404 1950 1950 466 474 1951 1951 397 405 1952 1952 506 146 1953 1953 505 146 1954 1954 504 146 1955 1955 507 513 1956 1956 505 513 1957 1957 506 513 1958 1958 501 510 1959 1959 509 514 1960 1960 508 515 1961 1961 503 512 1962 1962 509 514 1963 1963 501 510 1964 1964 390 398 1965 1965 479 488 1966 1966 386 394 1967 1967 453 459 1968 1968 479 488 1969 1969 390 398 1970 1970 451 461 1971 1971 479 488 1972 1972 453 459 1973 1973 509 514 1974 1974 479 488 1975 1975 451 461 1976 1976 503 512 1977 1977 479 488 1978 1978 509 514 1979 1979 502 509 1980 1980 479 488 1981 1981 503 512 1982 1982 479 488 1983 1983 477 486 1984 1984 478 487 1985 1985 502 509 1986 1986 477 486 1987 1987 479 488 1988 1988 225 226 1989 1989 221 220 1990 1990 219 222 1991 1991 223 224 1992 1992 221 220 1993 1993 225 226 1994 1994 80 80 1995 1995 72 72 1996 1996 74 74 1997 1997 82 82 1998 1998 72 72 1999 1999 80 80 2000 2000 96 96 2001 2001 88 88 2002 2002 90 90 2003 2003 98 98 2004 2004 88 88 2005 2005 96 96 2006 2006 512 516 2007 2007 511 516 2008 2008 510 516 2009 2009 513 517 2010 2010 511 517 2011 2011 512 517 2012 2012 516 518 2013 2013 515 518 2014 2014 514 518 2015 2015 517 519 2016 2016 515 519 2017 2017 516 519 2018 2018 520 518 2019 2019 519 518 2020 2020 518 518 2021 2021 521 518 2022 2022 519 518 2023 2023 520 518 2024 2024 39 39 2025 2025 49 49 2026 2026 37 37 2027 2027 41 41 2028 2028 49 49 2029 2029 39 39 2030 2030 444 453 2031 2031 443 451 2032 2032 446 454 2033 2033 441 450 2034 2034 443 451 2035 2035 444 453 2036 2036 50 50 2037 2037 430 438 2038 2038 51 51 2039 2039 48 48 2040 2040 430 438 2041 2041 50 50 2042 2042 522 520 2043 2043 496 505 2044 2044 495 502 2045 2045 523 521 2046 2046 496 505 2047 2047 522 520 2048 2048 523 521 2049 2049 524 522 2050 2050 496 505 2051 2051 498 506 2052 2052 524 522 2053 2053 523 521 2054 2054 20 22 2055 2055 207 208 2056 2056 22 20 2057 2057 34 34 2058 2058 207 208 2059 2059 20 22 2060 2060 34 34 2061 2061 209 210 2062 2062 207 208 2063 2063 32 32 2064 2064 209 210 2065 2065 34 34 2066 2066 527 523 2067 2067 526 524 2068 2068 525 525 2069 2069 528 526 2070 2070 526 524 2071 2071 527 523 2072 2072 78 78 2073 2073 74 74 2074 2074 76 76 2075 2075 80 80 2076 2076 74 74 2077 2077 78 78 2078 2078 86 86 2079 2079 98 98 2080 2080 100 100 2081 2081 88 88 2082 2082 98 98 2083 2083 86 86 2084 2084 94 94 2085 2085 90 90 2086 2086 92 92 2087 2087 96 96 2088 2088 90 90 2089 2089 94 94 2090 2090 70 70 2091 2091 82 82 2092 2092 84 84 2093 2093 72 72 2094 2094 82 82 2095 2095 70 70 2096 2096 523 521 2097 2097 497 507 2098 2098 498 506 2099 2099 522 520 2100 2100 497 507 2101 2101 523 521 2102 2102 529 527 2103 2103 389 397 2104 2104 387 393 2105 2105 502 509 2106 2106 389 397 2107 2107 529 527 2108 2108 224 225 2109 2109 202 203 2110 2110 196 197 2111 2111 226 227 2112 2112 202 203 2113 2113 224 225 2114 2114 161 162 2115 2115 157 158 2116 2116 159 160 2117 2117 153 154 2118 2118 157 158 2119 2119 161 162 2120 2120 41 41 2121 2121 47 47 2122 2122 49 49 2123 2123 43 43 2124 2124 47 47 2125 2125 41 41 2126 2126 532 528 2127 2127 531 529 2128 2128 530 530 2129 2129 533 531 2130 2130 531 529 2131 2131 532 528 2132 2132 495 502 2133 2133 534 532 2134 2134 522 520 2135 2135 493 504 2136 2136 534 532 2137 2137 495 502 2138 2138 200 201 2139 2139 492 501 2140 2140 198 199 2141 2141 202 203 2142 2142 492 501 2143 2143 200 201 2144 2144 493 504 2145 2145 497 507 2146 2146 534 532 2147 2147 494 503 2148 2148 497 507 2149 2149 493 504 2150 2150 196 197 2151 2151 222 223 2152 2152 224 225 2153 2153 198 199 2154 2154 222 223 2155 2155 196 197 2156 2156 187 190 2157 2157 191 192 2158 2158 189 188 2159 2159 193 194 2160 2160 191 192 2161 2161 187 190 2162 2162 382 391 2163 2163 284 285 2164 2164 283 283 2165 2165 447 455 2166 2166 284 285 2167 2167 382 391 2168 2168 447 455 2169 2169 194 195 2170 2170 384 392 2171 2171 382 391 2172 2172 194 195 2173 2173 447 455 2174 2174 448 456 2175 2175 282 284 2176 2176 285 286 2177 2177 383 390 2178 2178 282 284 2179 2179 448 456 2180 2180 383 390 2181 2181 283 283 2182 2182 282 284 2183 2183 382 391 2184 2184 283 283 2185 2185 383 390 2186 2186 378 386 2187 2187 412 421 2188 2188 398 406 2189 2189 375 385 2190 2190 412 421 2191 2191 378 386 2192 2192 399 407 2193 2193 365 375 2194 2194 366 374 2195 2195 412 421 2196 2196 365 375 2197 2197 399 407 2198 2198 400 410 2199 2199 405 413 2200 2200 404 412 2201 2201 401 409 2202 2202 405 413 2203 2203 400 410 2204 2204 61 61 2205 2205 179 182 2206 2206 63 63 2207 2207 59 59 2208 2208 179 182 2209 2209 61 61 2210 2210 59 59 2211 2211 181 180 2212 2212 179 182 2213 2213 57 57 2214 2214 181 180 2215 2215 59 59 2216 2216 431 440 2217 2217 404 412 2218 2218 433 441 2219 2219 400 410 2220 2220 404 412 2221 2221 431 440 2222 2222 416 424 2223 2223 419 427 2224 2224 415 425 2225 2225 420 428 2226 2226 419 427 2227 2227 416 424 2228 2228 434 443 2229 2229 433 441 2230 2230 436 444 2231 2231 431 440 2232 2232 433 441 2233 2233 434 443 2234 2234 438 447 2235 2235 436 444 2236 2236 440 448 2237 2237 434 443 2238 2238 436 444 2239 2239 438 447 2240 2240 441 450 2241 2241 440 448 2242 2242 443 451 2243 2243 438 447 2244 2244 440 448 2245 2245 441 450 2246 2246 234 235 2247 2247 230 231 2248 2248 232 233 2249 2249 228 229 2250 2250 230 231 2251 2251 234 235 2252 2252 401 409 2253 2253 446 454 2254 2254 405 413 2255 2255 444 453 2256 2256 446 454 2257 2257 401 409 2258 2258 212 213 2259 2259 216 217 2260 2260 218 219 2261 2261 214 215 2262 2262 216 217 2263 2263 212 213 2264 2264 515 533 2265 2265 510 534 2266 2266 511 535 2267 2267 517 536 2268 2268 510 537 2269 2269 515 538 2270 2270 519 539 2271 2271 504 539 2272 2272 505 539 2273 2273 521 540 2274 2274 504 540 2275 2275 519 540 2276 2276 507 541 2277 2277 520 542 2278 2278 518 543 2279 2279 506 544 2280 2280 520 545 2281 2281 507 546 2282 2282 208 209 2283 2283 204 205 2284 2284 206 207 2285 2285 210 211 2286 2286 204 205 2287 2287 208 209 2288 2288 513 547 2289 2289 516 548 2290 2290 514 549 2291 2291 512 550 2292 2292 516 551 2293 2293 513 552 2294 2294 184 185 2295 2295 180 181 2296 2296 182 183 2297 2297 186 187 2298 2298 180 181 2299 2299 184 185 2300 2300 356 364 2301 2301 352 361 2302 2302 354 362 2303 2303 357 365 2304 2304 352 361 2305 2305 356 364 2306 2306 114 116 2307 2307 156 157 2308 2308 119 119 2309 2309 158 159 2310 2310 156 157 2311 2311 114 116 2312 2312 119 119 2313 2313 125 125 2314 2314 114 116 2315 2315 121 121 2316 2316 125 125 2317 2317 119 119 2318 2318 154 153 2319 2319 115 115 2320 2320 117 117 2321 2321 160 161 2322 2322 115 115 2323 2323 154 153 2324 2324 154 153 2325 2325 119 119 2326 2326 156 157 2327 2327 117 117 2328 2328 119 119 2329 2329 154 153 2330 2330 317 318 2331 2331 308 309 2332 2332 310 311 2333 2333 319 320 2334 2334 308 309 2335 2335 317 318 2336 2336 114 116 2337 2337 160 161 2338 2338 158 159 2339 2339 115 115 2340 2340 160 161 2341 2341 114 116 2342 2342 323 324 2343 2343 421 429 2344 2344 321 322 2345 2345 304 305 2346 2346 421 429 2347 2347 323 324 2348 2348 308 309 2349 2349 422 430 2350 2350 306 307 2351 2351 319 320 2352 2352 422 430 2353 2353 308 309 2354 2354 516 553 2355 2355 510 554 2356 2356 517 555 2357 2357 512 556 2358 2358 510 557 2359 2359 516 558 2360 2360 515 559 2361 2361 513 560 2362 2362 514 561 2363 2363 511 562 2364 2364 513 563 2365 2365 515 564 2366 2366 164 163 2367 2367 172 173 2368 2368 170 171 2369 2369 162 165 2370 2370 172 173 2371 2371 164 163 2372 2372 490 499 2373 2373 487 498 2374 2374 488 497 2375 2375 491 500 2376 2376 487 498 2377 2377 490 499 2378 2378 537 565 2379 2379 536 566 2380 2380 535 567 2381 2381 538 568 2382 2382 536 566 2383 2383 537 565 2384 2384 541 518 2385 2385 540 569 2386 2386 539 518 2387 2387 542 569 2388 2388 540 569 2389 2389 541 518 2390 2390 538 568 2391 2391 542 569 2392 2392 536 566 2393 2393 540 569 2394 2394 542 569 2395 2395 538 568 2396 2396 168 169 2397 2397 164 163 2398 2398 170 171 2399 2399 166 167 2400 2400 164 163 2401 2401 168 169 2402 2402 171 172 2403 2403 315 316 2404 2404 313 314 2405 2405 172 173 2406 2406 315 316 2407 2407 171 172 2408 2408 133 133 2409 2409 140 140 2410 2410 139 138 2411 2411 135 135 2412 2412 140 140 2413 2413 133 133 2414 2414 543 570 2415 2415 437 445 2416 2416 138 139 2417 2417 127 127 2418 2418 437 445 2419 2419 543 570 2420 2420 546 571 2421 2421 545 571 2422 2422 544 571 2423 2423 547 572 2424 2424 545 572 2425 2425 546 572 2426 2426 291 290 2427 2427 343 351 2428 2428 293 294 2429 2429 341 349 2430 2430 343 351 2431 2431 291 290 2432 2432 364 372 2433 2433 294 295 2434 2434 362 370 2435 2435 292 293 2436 2436 294 295 2437 2437 364 372 2438 2438 176 177 2439 2439 548 573 2440 2440 174 175 2441 2441 177 178 2442 2442 548 573 2443 2443 176 177 2444 2444 177 178 2445 2445 549 574 2446 2446 548 573 2447 2447 178 179 2448 2448 549 574 2449 2449 177 178 2450 2450 549 574 2451 2451 175 174 2452 2452 173 176 2453 2453 178 179 2454 2454 175 174 2455 2455 549 574 2456 2456 477 486 2457 2457 529 527 2458 2458 387 393 2459 2459 502 509 2460 2460 529 527 2461 2461 477 486 2462 2462 380 388 2463 2463 104 104 2464 2464 106 106 2465 2465 101 103 2466 2466 104 104 2467 2467 380 388 2468 2468 520 575 2469 2469 504 576 2470 2470 521 577 2471 2471 506 578 2472 2472 504 579 2473 2473 520 580 2474 2474 486 495 2475 2475 110 110 2476 2476 107 107 2477 2477 108 108 2478 2478 110 110 2479 2479 486 495 2480 2480 519 581 2481 2481 507 581 2482 2482 518 581 2483 2483 505 582 2484 2484 507 582 2485 2485 519 582 2486 2486 550 583 2487 2487 273 274 2488 2488 271 272 2489 2489 551 584 2490 2490 273 274 2491 2491 550 583 2492 2492 551 584 2493 2493 408 416 2494 2494 273 274 2495 2495 265 268 2496 2496 408 416 2497 2497 551 584 2498 2498 482 491 2499 2499 485 494 2500 2500 481 492 2501 2501 484 493 2502 2502 485 494 2503 2503 482 491 2504 2504 10 10 2505 2505 14 14 2506 2506 12 12 2507 2507 8 8 2508 2508 14 14 2509 2509 10 10 2510 2510 15 15 2511 2511 11 11 2512 2512 13 13 2513 2513 17 17 2514 2514 11 11 2515 2515 15 15 2516 2516 19 19 2517 2517 2 0 2518 2518 0 2 2519 2519 18 18 2520 2520 2 0 2521 2521 19 19 2522 2522 499 508 2523 2523 496 505 2524 2524 524 522 2525 2525 494 503 2526 2526 496 505 2527 2527 499 508 2528 2528 528 526 2529 2529 525 585 2530 2530 526 524 2531 2531 533 531 2532 2532 532 528 2533 2533 530 586 2534 2534 497 507 2535 2535 522 520 2536 2536 534 532 2537 2537 157 158 2538 2538 153 154 2539 2539 155 156 2540 2540 160 161 2541 2541 154 153 2542 2542 152 155 2543 2543 44 44 2544 2544 42 42 2545 2545 373 381 2546 2546 428 436 2547 2547 480 489 2548 2548 426 434 2549 2549 427 435 2550 2550 425 431 2551 2551 470 479 2552 2552 480 489 2553 2553 424 432 2554 2554 426 434 2555 2555 429 437 2556 2556 430 438 2557 2557 48 48 2558 2558 47 47 2559 2559 43 43 2560 2560 45 45 2561 2561 373 381 2562 2562 460 468 2563 2563 374 382 2564 2564 390 398 2565 2565 386 394 2566 2566 388 396 2567 2567 502 509 2568 2568 500 511 2569 2569 389 397 2570 2570 385 395 2571 2571 477 486 2572 2572 387 393 2573 2573 408 416 2574 2574 266 267 2575 2575 406 414 2576 2576 270 271 2577 2577 272 273 2578 2578 409 417 2579 2579 382 391 2580 2580 192 193 2581 2581 194 195 2582 2582 113 113 2583 2583 449 457 2584 2584 450 458 2585 2585 251 252 2586 2586 253 254 2587 2587 288 289 2588 2588 279 280 2589 2589 281 282 2590 2590 372 380 2591 2591 150 150 2592 2592 148 148 2593 2593 151 152 2594 2594 498 506 2595 2595 499 508 2596 2596 524 522 2597 2597 390 398 2598 2598 391 399 2599 2599 453 459 2600 2600 408 416 2601 2601 406 414 2602 2602 407 415 2603 2603 270 271 2604 2604 409 417 2605 2605 410 418 2606 2606 414 422 2607 2607 398 406 2608 2608 412 421 2609 2609 26 26 2610 2610 205 204 2611 2611 203 206 2612 2612 483 490 2613 2613 481 492 2614 2614 485 494 2615 2615 489 496 2616 2616 487 498 2617 2617 491 500 2618 2618 202 203 2619 2619 226 227 2620 2620 492 501 2621 2621 118 118 2622 2622 116 114 2623 2623 120 120 2624 2624 123 123 2625 2625 125 125 2626 2626 121 121 2627 2627 67 67 2628 2628 185 186 2629 2629 183 184 2630 2630 162 165 2631 2631 314 315 2632 2632 172 173 2633 2633 290 291 2634 2634 292 293 2635 2635 363 371 2636 2636 129 129 2637 2637 437 445 2638 2638 127 127 2639 2639 265 268 2640 2640 266 267 2641 2641 408 416 2642 2642 17 17 2643 2643 9 9 2644 2644 11 11 2645 2645</p>
        </triangles>
      </mesh>
    </geometry>
    <geometry id="polygon1-mesh" name="polygon1">
      <mesh>
        <source id="polygon1-mesh-positions">
          <float_array id="polygon1-mesh-positions-array" count="576">-71.99701 53.86555 -43.00005 -44.95865 53.86556 -43.00003 -71.99701 50.25042 -29.50814 -44.95865 50.25042 -29.50813 -71.99702 40.37368 -19.63144 -44.95865 40.37368 -19.63142 -71.99702 26.88177 -16.01626 -44.95865 26.88178 -16.01624 -71.99702 13.38989 -19.63144 -44.95865 13.38989 -19.63141 -71.99701 3.513142 -29.50813 -44.95866 3.51314 -29.50813 -71.99702 -0.102006 -43.00003 -44.95866 -0.102006 -43.00002 -71.99701 3.513142 -56.49191 -44.95866 3.513142 -56.49191 -71.99701 13.38988 -66.36864 -44.95866 13.38988 -66.36864 -71.99701 26.88177 -69.98381 -44.95866 26.88177 -69.9838 -71.99701 40.37366 -66.36864 -44.95866 40.37367 -66.36864 -71.99701 50.25042 -56.49192 -44.95865 50.25042 -56.49192 -58.8504 41.82601 54.99996 -37.89043 41.82602 54.99998 -58.8504 39.02358 65.4588 -37.89043 39.02358 65.45882 -58.8504 31.3672 73.11517 -37.89043 31.3672 73.11518 -58.8504 20.90835 75.91763 -37.89043 20.90836 75.91765 -58.85041 10.44953 73.11517 -37.89043 10.44953 73.11519 -58.8504 2.793133 65.45882 -37.89043 2.793132 65.45882 -58.8504 -0.009311974 54.99998 -37.89044 -0.009306967 54.99998 -58.8504 2.793133 44.54116 -37.89044 2.793133 44.54116 -58.8504 10.44952 36.88477 -37.89044 10.44952 36.88477 -58.8504 20.90835 34.08231 -37.89043 20.90835 34.08233 -58.8504 31.36718 36.88477 -37.89043 31.36719 36.88477 -58.8504 39.02358 44.54115 -37.89043 39.02358 44.54115 75.70531 9.710052 -36.03129 75.70531 7.995768 -43.00003 71.99701 -0.1020089 -43.00003 75.70531 9.710056 -49.96878 71.99701 3.513142 -56.49191 75.70531 13.78726 -56.09454 71.99701 13.38988 -66.36864 75.70531 19.91301 -60.17173 71.99701 26.88177 -69.98381 75.70531 26.88176 -61.78703 75.70531 33.85052 -60.17173 -61.72505 26.31048 41.68858 -61.72505 20.90834 40.43642 -61.72505 15.50621 41.68858 -61.72505 10.75757 44.8492 -61.72505 7.596943 49.59785 -61.72505 6.268038 54.99998 -61.72505 7.596939 60.4021 -41.48712 26.86709 -59.17096 -41.57369 38.60269 -54.71016 -41.52489 43.4332 -42.96986 -75.70531 26.88177 -24.21306 -75.70531 33.85053 -25.82834 -75.70531 39.97628 -29.90553 -75.70531 44.0535 -36.03129 -75.70531 45.76778 -43.00005 -75.70531 44.0535 -49.96878 -75.70531 39.97628 -56.09454 -75.70531 33.85052 -60.17172 -75.70531 26.88176 -61.78703 -75.70531 19.91301 -60.17172 58.8504 -0.009308993 54.99998 61.72504 7.596942 49.59785 58.8504 2.793133 44.54116 61.72504 10.75757 44.8492 58.8504 10.44952 36.88477 61.72504 15.50621 41.68858 58.8504 20.90835 34.08232 61.72504 20.90834 40.43642 61.72504 26.31048 41.68858 44.95866 3.513142 -56.49191 44.95866 -0.102003 -43.00002 41.60041 9.728354 -42.96983 44.95866 3.513142 -29.50813 41.59358 15.0179 -31.12645 44.95865 13.38989 -19.63141 41.5405 26.86418 -26.37311 44.95865 26.88178 -16.01624 44.95865 40.37368 -19.63141 -61.72505 20.90835 69.56351 -61.72505 26.31049 68.31137 -61.72504 31.05913 65.15075 -61.72504 34.21977 60.4021 -61.72504 35.54866 54.99996 -61.72504 34.21977 49.59785 -35.19931 20.89697 42.46437 -35.26643 29.99434 45.92236 -35.2286 33.73892 55.02337 37.89044 2.793133 44.54116 37.89044 -0.009305 54.99998 35.28714 7.611128 55.02339 37.89043 2.793133 65.45882 35.28185 11.71155 64.2043 37.89043 10.44953 73.11519 35.2407 20.89471 67.88906 37.89043 20.90836 75.91765 37.89043 31.3672 73.11518 61.72504 26.31049 68.31137 58.8504 31.36719 73.11516 61.72504 31.05913 65.15075 58.8504 39.02358 65.4588 61.72504 34.21977 60.4021 58.8504 41.82601 54.99996 61.72504 35.54866 54.99996 61.72504 34.21977 49.59785 75.70531 45.76778 -43.00005 71.99701 53.86555 -43.00005 75.70531 44.0535 -49.96878 71.99701 50.25042 -56.49192 75.70531 39.97628 -56.09454 71.99701 40.37366 -66.36864 -75.70531 9.710052 -36.03129 -75.70531 13.78726 -29.90553 -75.70531 19.91302 -25.82834 -41.55576 38.51066 -31.32253 -41.5405 26.86418 -26.37311 -41.59358 15.0179 -31.12645 -41.60041 9.728354 -42.96983 58.85041 10.44953 73.11516 61.72504 10.75757 65.15075 58.8504 2.793133 65.45882 61.72504 7.59694 60.4021 61.72504 6.268038 54.99998 58.8504 31.36718 36.88477 61.72504 31.05913 44.8492 58.8504 39.02357 44.54115 41.55576 38.51066 -31.32253 44.95865 50.25042 -29.50813 41.52489 43.4332 -42.96986 44.95865 53.86556 -43.00003 44.95865 50.25042 -56.49192 -61.72505 10.75756 65.15075 -61.72505 15.50622 68.31137 -61.72504 31.05913 44.8492 -35.25253 29.92299 64.05231 -35.2407 20.89471 67.88906 -35.28185 11.71155 64.2043 -35.28714 7.611128 55.02339 35.25253 29.92299 64.05231 37.89043 39.02358 65.45881 35.2286 33.73892 55.02337 37.89043 41.82602 54.99998 37.89043 39.02358 44.54115 44.95866 26.88177 -69.9838 41.48712 26.86709 -59.17096 44.95866 40.37367 -66.36864 41.57369 38.60269 -54.71016 37.89043 20.90835 34.08233 35.19931 20.89697 42.46437 37.89043 31.36719 36.88477 35.26643 29.99434 45.92236 -75.70531 13.78726 -56.09454 58.8504 20.90835 75.91763 61.72504 20.90835 69.56351 61.72504 15.50622 68.31137 75.70531 19.91302 -25.82834 71.99702 13.38989 -19.63144 75.70531 26.88177 -24.21306 71.99702 26.88177 -16.01626 71.99702 40.37368 -19.63144 37.89044 10.44952 36.88477 -75.70531 7.995768 -43.00003 -75.70531 9.710057 -49.96878 -41.57124 15.13488 -54.69744 71.99701 50.25042 -29.50814 71.99701 3.513142 -29.50813 75.70531 13.78726 -29.90553 75.70531 33.85053 -25.82834 75.70531 39.97628 -29.90553 75.70531 44.0535 -36.03129 44.95866 13.38988 -66.36864 41.57124 15.13488 -54.69744 -35.26453 11.80223 45.93222 35.26453 11.80223 45.93222</float_array>
          <technique_common>
            <accessor source="#polygon1-mesh-positions-array" count="192" stride="3">
              <param name="X" type="float"/>
              <param name="Y" type="float"/>
              <param name="Z" type="float"/>
            </accessor>
          </technique_common>
        </source>
        <source id="polygon1-mesh-normals">
          <float_array id="polygon1-mesh-normals-array" count="720">-0.6514242 0.653882 0.3848181 -2.46671e-7 1 -2.25883e-7 -0.7079759 0.7062366 -6.72787e-6 -2.67402e-7 0.866025 0.5000008 -0.7110093 0.3344888 0.618533 -6.60286e-7 0.5000004 0.8660253 -0.5498598 3.54089e-6 0.835257 -9.56947e-7 3.04452e-7 1 -0.711031 -0.3344684 0.618519 -6.83435e-7 -0.5 0.8660256 -0.6514291 -0.6538717 0.3848274 0 -0.8660249 0.5000008 -0.7079757 -0.7062368 6.79493e-6 0 -1 0 -0.651424 -0.653882 -0.3848183 0 -0.8660253 -0.5000003 -0.6514294 -0.3848268 -0.6538717 2.33045e-7 -0.5000005 -0.8660252 -0.709231 2.47508e-5 -0.7049762 3.19681e-7 0 -1 -0.6514244 0.3848178 -0.6538819 -2.40658e-7 0.4999997 -0.8660256 -0.6514292 0.6538717 -0.384827 0 0.8660251 -0.5000008 -0.6514248 0.6538816 0.3848177 -3.09184e-7 1 -1.57136e-7 -0.7079762 0.7062363 -6.83218e-6 -4.57418e-7 0.8660252 0.5000005 -0.7110095 0.3344887 0.6185329 -1.1137e-6 0.5000007 0.866025 -0.5498596 3.52413e-6 0.8352572 -1.23473e-6 3.04452e-7 1 -0.7109875 -0.3344939 0.6185553 -1.00431e-6 -0.4999999 0.8660255 -0.6514293 -0.6538714 0.3848274 0 -0.8660249 0.500001 -0.7079758 -0.7062368 6.76513e-6 0 -1 -3.14273e-7 -0.6514243 -0.6538819 -0.3848181 0 -0.8660254 -0.5000002 -0.6514294 -0.3848271 -0.6538714 3.8781e-7 -0.5000005 -0.8660252 -0.7092311 2.47732e-5 -0.7049761 6.28933e-7 2.65167e-7 -1 -0.6514247 0.3848182 -0.6538814 -2.01481e-7 0.4999998 -0.8660255 -0.6514298 0.6538715 -0.3848265 0 0.8660253 -0.5000004 0.7079754 -0.7062372 -2.9272e-7 0.9092003 -0.416359 -1.46466e-7 0.9107715 -0.3870822 0.1437451 0.9107716 -0.387082 -0.1437453 0.6514242 -0.6538825 -0.3848171 0.9154223 -0.2846068 -0.2846069 0.6514291 -0.3848348 -0.6538674 0.9116724 -0.1414962 -0.385788 0.7092309 2.46018e-5 -0.7049763 0.9110985 -1.6838e-7 -0.4121887 0.9116724 0.141496 -0.385788 -0.9110988 -2.18894e-7 -0.4121882 -0.9116724 0.1414963 -0.3857877 -0.9116723 -0.1414961 -0.3857883 -0.9154221 -0.2846071 -0.2846071 -0.9107716 -0.3870818 -0.1437456 -0.9092004 -0.4163588 0 -0.9107714 -0.3870822 0.1437456 -0.9985327 1.10529e-4 0.05415356 -0.9521315 -5.28626e-5 0.3056889 -0.9525246 0.1425195 0.269045 -0.9526224 -0.1423814 0.2687715 -0.999929 -0.009890496 0.006656944 -0.9517042 -0.2708765 0.1445168 -0.9982699 -0.0587942 8.01444e-4 -0.9498701 -0.3126448 1.15285e-4 -0.9518251 -0.2703747 -0.1446599 -0.9117956 0.1583323 0.3788928 -0.9062038 0 0.4228414 -0.9154026 0.2846385 0.2846387 -0.9107714 0.3870821 0.1437455 -0.9092005 0.4163587 -2.469e-7 -0.9107716 0.3870818 -0.1437453 -0.9154022 0.284639 -0.2846391 -0.9116725 0.1414961 -0.3857878 -0.9110984 -1.72589e-7 -0.4121889 -0.9116725 -0.141496 -0.3857878 0.6514249 -0.6538822 -0.3848167 0.9107715 -0.387082 -0.1437461 0.7079762 -0.7062363 6.40377e-6 0.9154028 -0.2846381 -0.2846384 0.6514295 -0.3848351 -0.6538666 0.9116724 -0.1414961 -0.385788 0.7092316 2.40505e-5 -0.7049756 0.9110992 -1.02291e-6 -0.4121873 0.9116721 0.1414955 -0.3857887 0.9974905 0.07079243 -0.001148939 0.9463047 0.3232765 1.26184e-4 0.9502238 0.2742891 0.1477847 0.9494729 0.2764247 -0.1486297 0.9998216 0.01568037 -0.01053464 0.9507878 0.145538 -0.2735346 0.9980999 0.002076089 -0.06158173 0.9496202 2.56114e-4 -0.3134031 0.9517516 -0.1445363 -0.2706997 -0.9117955 0.158333 0.3788929 -0.9062033 0 0.4228422 -0.915403 0.2846378 0.2846378 -0.9107717 0.3870816 0.1437454 -0.9092013 0.4163571 -3.97552e-7 -0.9107715 0.387082 -0.1437458 -0.9985327 1.10596e-4 0.05415344 -0.9521313 -5.25656e-5 0.3056894 -0.9525245 0.1425201 0.269045 -0.952623 -0.1423402 0.268791 -0.999929 -0.00989139 0.00665605 -0.9517043 -0.2708763 0.1445162 -0.9982698 -0.05879443 8.01481e-4 -0.9498859 -0.3125971 -2.04889e-4 -0.9518252 -0.2703746 -0.14466 0.9974904 0.07079267 -0.001148641 0.9463044 0.323277 1.26651e-4 0.9502239 0.274289 0.1477844 0.9494729 0.2764245 -0.1486297 0.9998216 0.01567983 -0.0105347 0.9507871 0.1454979 -0.2735586 0.9980999 0.00207591 -0.0615819 0.9496202 2.5609e-4 -0.3134031 0.9517517 -0.1445359 -0.2706993 0.9154227 0.2846059 0.2846061 0.71101 0.334494 0.6185294 0.9117953 0.1583333 0.378893 0.6514249 0.6538803 0.3848198 0.9107717 0.3870816 0.1437454 0.7079762 0.7062363 -7.11158e-6 0.9092013 0.4163571 -3.97552e-7 0.9107714 0.387082 -0.143746 0.9107717 0.3870818 -0.1437453 0.7079758 0.7062368 -5.783e-7 0.9092005 0.4163587 -2.469e-7 0.651429 0.653869 -0.3848318 0.9154223 0.2846069 -0.2846069 0.6514242 0.3848198 -0.6538809 -0.9107716 -0.3870822 0.1437452 -0.9154223 -0.2846068 0.2846069 -0.9117954 -0.1583328 0.3788929 -0.9999438 -0.006886303 -0.008067369 -0.9517517 -0.144536 -0.2706993 -0.9981 0.002076268 -0.06158173 -0.9496183 -6.78016e-5 -0.3134089 -0.9507871 0.1454983 -0.2735584 -0.9998216 0.01568031 -0.01053458 -0.9494729 0.2764245 -0.1486297 -0.9974905 0.07079243 -0.001148939 -0.9463046 0.3232766 1.26184e-4 -0.9502214 0.2743173 0.1477479 0.6514298 -0.6538664 0.3848352 0.9154229 -0.2846058 0.2846058 0.7109881 -0.3344945 0.6185542 0.9107718 -0.3870813 0.1437458 0.9092009 -0.4163577 0 0.651425 0.3848164 -0.6538822 0.915403 0.2846378 -0.2846378 0.6514297 0.6538668 -0.3848347 0.9999438 -0.006886303 -0.00806719 0.9518252 -0.2703747 -0.1446598 0.9982698 -0.05879426 8.01459e-4 0.9498702 -0.3126447 1.15285e-4 0.9517043 -0.2708765 0.1445168 -0.9154022 -0.2846389 0.2846391 -0.9117954 -0.1583333 0.378893 -0.9154027 0.2846382 -0.2846384 -0.9999438 -0.006886482 -0.008067488 -0.9517517 -0.1445359 -0.2706993 -0.9980999 0.00207585 -0.06158185 -0.9496183 -6.80221e-5 -0.3134087 -0.9507871 0.1454978 -0.2735585 -0.9998216 0.01567995 -0.01053464 -0.9494729 0.2764245 -0.1486297 -0.9974905 0.07079279 -0.001148641 -0.9463043 0.3232771 1.26699e-4 -0.9502215 0.2743172 0.1477476 0.9999438 -0.00688672 -0.008067488 0.951825 -0.2703749 -0.14466 0.9982698 -0.05879449 8.01481e-4 0.9498859 -0.3125972 -2.04952e-4 0.9517045 -0.2708762 0.1445162 0.9526224 -0.1423814 0.2687716 0.9985327 1.10582e-4 0.0541535 0.9521315 -5.28626e-5 0.3056889 0.999929 -0.009890556 0.006657004 0.9526231 -0.1423402 0.268791 0.9985327 1.10656e-4 0.05415344 0.9521313 -5.25656e-5 0.3056894 0.999929 -0.009891331 0.00665605 -0.9154024 -0.2846388 -0.2846388 0.9062039 -1.29221e-7 0.4228413 0.5498603 -4.72134e-6 0.8352566 0.9117952 -0.1583334 0.3788933 0.9062038 0 0.4228414 0.7109882 -0.3345069 0.6185474 0.9117954 -0.1583328 0.3788929 0.5498599 -4.91086e-6 0.8352571 0.7110075 0.3344617 0.6185497 -2.90857e-7 -0.5000004 -0.8660252 -4.47461e-7 1.66957e-7 -1 0 -0.8660254 -0.5000001 -0.9092008 -0.4163581 -2.17607e-7 -0.9107716 -0.387082 -0.1437454 -0.9998751 0.01489228 0.005317449 0 0.8660251 -0.5000008 2.43496e-7 1 -2.25883e-7 0.6514236 0.6538735 0.3848335 3.83924e-7 0.866025 0.5000007 8.58218e-7 0.5000003 0.8660253 8.73162e-7 0 1 7.12565e-7 -0.4999999 0.8660256 0.6514294 -0.6538766 0.3848184 0 -0.866025 0.5000008 0 -1 0 0.9154223 -0.2846067 0.2846069 0 -0.8660253 -0.5000002 0.9117956 0.1583324 0.378893 0.9154226 0.2846063 0.2846066 0.9107714 0.3870823 0.1437455 2.18101e-7 0.4999997 -0.8660256 0.9525246 0.1425195 0.269045 0.9998751 0.01489228 0.00531733 -3.19681e-7 0 -1 -2.33045e-7 -0.5000005 -0.866025 2.6599e-7 1 0 2.78425e-7 0.8660252 0.5000005 1.00431e-6 0.500001 0.8660249 1.3076e-6 1.66957e-7 1 1.00431e-6 -0.5 0.8660255 0 -0.866025 0.5000009 -0.9998751 0.01489263 0.005317449 -1.39212e-7 -1 -2.45525e-7 0.9525245 0.1425201 0.269045 0.9998751 0.01489269 0.005317389 4.59895e-7 0.8660252 -0.5000005 3.33117e-7 0.4999998 -0.8660256</float_array>
          <technique_common>
            <accessor source="#polygon1-mesh-normals-array" count="240" stride="3">
              <param name="X" type="float"/>
              <param name="Y" type="float"/>
              <param name="Z" type="float"/>
            </accessor>
          </technique_common>
        </source>
        <source id="polygon1-mesh-map-0">
          <float_array id="polygon1-mesh-map-0-array" count="1728">-0.1740723 -0.532959 -0.6777344 -1.011963 -0.6777344 -0.532959 -0.1740723 -1.011963 -0.6777344 -1.011963 -0.1740723 -0.532959 0.3200684 -0.532959 -0.1740723 -1.011963 -0.1740723 -0.532959 0.3198242 -1.011963 -0.1740723 -1.011963 0.3200684 -0.532959 0.8146973 -0.532959 0.3198242 -1.011963 0.3200684 -0.532959 0.8146973 -1.011963 0.3198242 -1.011963 0.8146973 -0.532959 1.310059 -0.532959 0.8146973 -1.011963 0.8146973 -0.532959 1.309814 -1.011963 0.8146973 -1.011963 1.310059 -0.532959 1.805908 -0.532959 1.309814 -1.011963 1.310059 -0.532959 1.805908 -1.011963 1.309814 -1.011963 1.805908 -0.532959 2.303223 -0.532959 1.805908 -1.011963 1.805908 -0.532959 2.302979 -1.011963 1.805908 -1.011963 2.303223 -0.532959 2.801514 -0.532959 2.302979 -1.011963 2.303223 -0.532959 2.801514 -1.011963 2.302979 -1.011963 2.801514 -0.532959 3.302002 -0.532959 2.801514 -1.011963 2.801514 -0.532959 3.302002 -1.011963 2.801514 -1.011963 3.302002 -0.532959 3.804688 -0.532959 3.302002 -1.011963 3.302002 -0.532959 3.804688 -1.011963 3.302002 -1.011963 3.804688 -0.532959 4.307373 -0.532959 3.804688 -1.011963 3.804688 -0.532959 4.307373 -1.011963 3.804688 -1.011963 4.307373 -0.532959 4.809814 -0.532959 4.307373 -1.011963 4.307373 -0.532959 4.809814 -1.011963 4.307373 -1.011963 4.809814 -0.532959 5.312256 -0.532959 4.809814 -1.011963 4.809814 -0.532959 5.312256 -1.011963 4.809814 -1.011963 5.312256 -0.532959 -0.1740723 -0.532959 -0.6777344 -1.011963 -0.6777344 -0.532959 -0.1740723 -1.011963 -0.6777344 -1.011963 -0.1740723 -0.532959 0.3200684 -0.532959 -0.1740723 -1.011963 -0.1740723 -0.532959 0.3198242 -1.011963 -0.1740723 -1.011963 0.3200684 -0.532959 0.8146973 -0.532959 0.3198242 -1.011963 0.3200684 -0.532959 0.8146973 -1.011963 0.3198242 -1.011963 0.8146973 -0.532959 1.310059 -0.532959 0.8146973 -1.011963 0.8146973 -0.532959 1.309814 -1.011963 0.8146973 -1.011963 1.310059 -0.532959 1.805908 -0.532959 1.309814 -1.011963 1.310059 -0.532959 1.805908 -1.011963 1.309814 -1.011963 1.805908 -0.532959 2.303223 -0.532959 1.805908 -1.011963 1.805908 -0.532959 2.302979 -1.011963 1.805908 -1.011963 2.303223 -0.532959 2.801514 -0.532959 2.302979 -1.011963 2.303223 -0.532959 2.801514 -1.011963 2.302979 -1.011963 2.801514 -0.532959 3.302002 -0.532959 2.801514 -1.011963 2.801514 -0.532959 3.302002 -1.011963 2.801514 -1.011963 3.302002 -0.532959 3.804688 -0.532959 3.302002 -1.011963 3.302002 -0.532959 3.804688 -1.011963 3.302002 -1.011963 3.804688 -0.532959 4.307373 -0.532959 3.804688 -1.011963 3.804688 -0.532959 4.307373 -1.011963 3.804688 -1.011963 4.307373 -0.532959 4.809814 -0.532959 4.307373 -1.011963 4.307373 -0.532959 4.809814 -1.011963 4.307373 -1.011963 4.809814 -0.532959 5.312256 -0.532959 4.809814 -1.011963 4.809814 -0.532959 5.312256 -1.011963 4.809814 -1.011963 5.312256 -0.532959 0.4926758 0.5197754 0.4926758 0.5827637 0.3630371 0.598877 0.6220703 0.598877 0.4926758 0.5827637 0.4926758 0.5197754 0.7299805 0.552002 0.6220703 0.598877 0.4926758 0.5197754 0.7358398 0.637207 0.6220703 0.598877 0.7299805 0.552002 0.9038086 0.6401367 0.7358398 0.637207 0.7299805 0.552002 0.8117676 0.6950684 0.7358398 0.637207 0.9038086 0.6401367 0.9675293 0.7607422 0.8117676 0.6950684 0.9038086 0.6401367 0.848877 0.7607422 0.8117676 0.6950684 0.9675293 0.7607422 0.8117676 0.826416 0.848877 0.7607422 0.9675293 0.7607422 0.9675293 0.7607422 0.848877 0.7607422 0.8117676 0.826416 0.8117676 0.6950684 0.848877 0.7607422 0.9675293 0.7607422 0.9038086 0.6401367 0.8117676 0.6950684 0.9675293 0.7607422 0.7358398 0.637207 0.8117676 0.6950684 0.9038086 0.6401367 0.7299805 0.552002 0.7358398 0.637207 0.9038086 0.6401367 0.6220703 0.598877 0.7358398 0.637207 0.7299805 0.552002 0.4926758 0.5197754 0.6220703 0.598877 0.7299805 0.552002 0.4926758 0.5827637 0.6220703 0.598877 0.4926758 0.5197754 0.3630371 0.598877 0.4926758 0.5827637 0.4926758 0.5197754 0.7797852 0.7612305 0.9641113 0.7597656 0.9016113 0.6396484 0.9016113 0.880127 0.9641113 0.7597656 0.7797852 0.7612305 0.6977539 0.8647461 0.9016113 0.880127 0.7797852 0.7612305 0.730957 0.9680176 0.9016113 0.880127 0.6977539 0.8647461 0.4970703 0.9074707 0.730957 0.9680176 0.6977539 0.8647461 0.4975586 1.000244 0.730957 0.9680176 0.4970703 0.9074707 0.2644043 0.9680176 0.4975586 1.000244 0.4970703 0.9074707 0.08129882 0.8813477 0.173584 0.826416 0.1362305 0.7607422 0.2492676 0.8842773 0.173584 0.826416 0.08129882 0.8813477 0.255127 0.9694824 0.2492676 0.8842773 0.08129882 0.8813477 0.3630371 0.9228516 0.2492676 0.8842773 0.255127 0.9694824 0.4926758 1.001953 0.3630371 0.9228516 0.255127 0.9694824 0.4926758 0.9389648 0.3630371 0.9228516 0.4926758 1.001953 0.6220703 0.9228516 0.4926758 0.9389648 0.4926758 1.001953 0.7299805 0.9694824 0.6220703 0.9228516 0.4926758 1.001953 0.7358398 0.8842773 0.6220703 0.9228516 0.7299805 0.9694824 0.9038086 0.8813477 0.7358398 0.8842773 0.7299805 0.9694824 0.8117676 0.826416 0.7358398 0.8842773 0.9038086 0.8813477 0.9675293 0.7607422 0.8117676 0.826416 0.9038086 0.8813477 0.848877 0.7607422 0.8117676 0.826416 0.9675293 0.7607422 0.8117676 0.6950684 0.848877 0.7607422 0.9675293 0.7607422 0.7299805 0.552002 0.6220703 0.598877 0.4926758 0.5197754 0.7358398 0.637207 0.6220703 0.598877 0.7299805 0.552002 0.9038086 0.6401367 0.7358398 0.637207 0.7299805 0.552002 0.8117676 0.6950684 0.7358398 0.637207 0.9038086 0.6401367 0.9675293 0.7607422 0.8117676 0.6950684 0.9038086 0.6401367 0.848877 0.7607422 0.8117676 0.6950684 0.9675293 0.7607422 0.8117676 0.826416 0.848877 0.7607422 0.9675293 0.7607422 0.4973145 0.6149902 0.4975586 0.5195313 0.730957 0.5517578 0.2644043 0.5517578 0.4975586 0.5195313 0.4973145 0.6149902 0.2944336 0.6601563 0.2644043 0.5517578 0.4973145 0.6149902 0.09375 0.6396484 0.2644043 0.5517578 0.2944336 0.6601563 0.2104492 0.7612305 0.09375 0.6396484 0.2944336 0.6601563 0.03125 0.7597656 0.09375 0.6396484 0.2104492 0.7612305 0.09375 0.880127 0.03125 0.7597656 0.2104492 0.7612305 0.08129882 0.8813477 0.173584 0.826416 0.1362305 0.7607422 0.2492676 0.8842773 0.173584 0.826416 0.08129882 0.8813477 0.255127 0.9694824 0.2492676 0.8842773 0.08129882 0.8813477 0.3630371 0.9228516 0.2492676 0.8842773 0.255127 0.9694824 0.4926758 1.001953 0.3630371 0.9228516 0.255127 0.9694824 0.4926758 0.9389648 0.3630371 0.9228516 0.4926758 1.001953 0.6220703 0.9228516 0.4926758 0.9389648 0.4926758 1.001953 0.7797852 0.7612305 0.9641113 0.7597656 0.9016113 0.6396484 0.9016113 0.880127 0.9641113 0.7597656 0.7797852 0.7612305 0.6977539 0.8647461 0.9016113 0.880127 0.7797852 0.7612305 0.730957 0.9680176 0.9016113 0.880127 0.6977539 0.8647461 0.4970703 0.9074707 0.730957 0.9680176 0.6977539 0.8647461 0.4975586 1.000244 0.730957 0.9680176 0.4970703 0.9074707 0.2644043 0.9680176 0.4975586 1.000244 0.4970703 0.9074707 0.4973145 0.6149902 0.4975586 0.5195313 0.730957 0.5517578 0.2644043 0.5517578 0.4975586 0.5195313 0.4973145 0.6149902 0.2944336 0.6601563 0.2644043 0.5517578 0.4973145 0.6149902 0.09375 0.6396484 0.2644043 0.5517578 0.2944336 0.6601563 0.2104492 0.7612305 0.09375 0.6396484 0.2944336 0.6601563 0.03125 0.7597656 0.09375 0.6396484 0.2104492 0.7612305 0.09375 0.880127 0.03125 0.7597656 0.2104492 0.7612305 0.2492676 0.8842773 0.08129882 0.8813477 0.173584 0.826416 0.255127 0.9694824 0.08129882 0.8813477 0.2492676 0.8842773 0.3630371 0.9228516 0.255127 0.9694824 0.2492676 0.8842773 0.4926758 1.001953 0.255127 0.9694824 0.3630371 0.9228516 0.4926758 0.9389648 0.4926758 1.001953 0.3630371 0.9228516 0.6220703 0.9228516 0.4926758 1.001953 0.4926758 0.9389648 0.6220703 0.9228516 0.4926758 1.001953 0.4926758 0.9389648 0.7299805 0.9694824 0.4926758 1.001953 0.6220703 0.9228516 0.7358398 0.8842773 0.7299805 0.9694824 0.6220703 0.9228516 0.9038086 0.8813477 0.7299805 0.9694824 0.7358398 0.8842773 0.8117676 0.826416 0.9038086 0.8813477 0.7358398 0.8842773 0.9675293 0.7607422 0.9038086 0.8813477 0.8117676 0.826416 0.255127 0.552002 0.3630371 0.598877 0.4926758 0.5197754 0.2492676 0.637207 0.3630371 0.598877 0.255127 0.552002 0.08129882 0.6401367 0.2492676 0.637207 0.255127 0.552002 0.173584 0.6950684 0.2492676 0.637207 0.08129882 0.6401367 0.1362305 0.7607422 0.173584 0.6950684 0.08129882 0.6401367 0.2976074 0.8640137 0.2644043 0.9680176 0.4970703 0.9074707 0.09375 0.880127 0.2644043 0.9680176 0.2976074 0.8640137 0.2104492 0.7612305 0.09375 0.880127 0.2976074 0.8640137 0.03125 0.7597656 0.09375 0.880127 0.2104492 0.7612305 0.09375 0.6396484 0.03125 0.7597656 0.2104492 0.7612305 0.2944336 0.6601563 0.09375 0.6396484 0.2104492 0.7612305 0.2644043 0.5517578 0.09375 0.6396484 0.2944336 0.6601563 0.4973145 0.6149902 0.2644043 0.5517578 0.2944336 0.6601563 0.4975586 0.5195313 0.2644043 0.5517578 0.4973145 0.6149902 0.730957 0.5517578 0.4975586 0.5195313 0.4973145 0.6149902 0.255127 0.552002 0.2492676 0.637207 0.08129882 0.6401367 0.3630371 0.598877 0.2492676 0.637207 0.255127 0.552002 0.4926758 0.5197754 0.3630371 0.598877 0.255127 0.552002 0.4926758 0.5827637 0.3630371 0.598877 0.4926758 0.5197754 0.6220703 0.598877 0.4926758 0.5827637 0.4926758 0.5197754 0.9038086 0.8813477 0.8117676 0.826416 0.9675293 0.7607422 0.7358398 0.8842773 0.8117676 0.826416 0.9038086 0.8813477 0.7299805 0.9694824 0.7358398 0.8842773 0.9038086 0.8813477 0.6220703 0.9228516 0.7358398 0.8842773 0.7299805 0.9694824 0.4926758 1.001953 0.6220703 0.9228516 0.7299805 0.9694824 0.2976074 0.8640137 0.09375 0.880127 0.2104492 0.7612305 0.2644043 0.9680176 0.09375 0.880127 0.2976074 0.8640137 0.4970703 0.9074707 0.2644043 0.9680176 0.2976074 0.8640137 0.4975586 1.000244 0.2644043 0.9680176 0.4970703 0.9074707 0.730957 0.9680176 0.4975586 1.000244 0.4970703 0.9074707 0.255127 0.552002 0.3630371 0.598877 0.4926758 0.5197754 0.2492676 0.637207 0.3630371 0.598877 0.255127 0.552002 0.08129882 0.6401367 0.2492676 0.637207 0.255127 0.552002 0.173584 0.6950684 0.2492676 0.637207 0.08129882 0.6401367 0.1362305 0.7607422 0.173584 0.6950684 0.08129882 0.6401367 0.7299805 0.9694824 0.6220703 0.9228516 0.4926758 1.001953 0.7358398 0.8842773 0.6220703 0.9228516 0.7299805 0.9694824 0.9038086 0.8813477 0.7358398 0.8842773 0.7299805 0.9694824 0.8117676 0.826416 0.7358398 0.8842773 0.9038086 0.8813477 0.9675293 0.7607422 0.8117676 0.826416 0.9038086 0.8813477 0.2976074 0.8640137 0.2644043 0.9680176 0.4970703 0.9074707 0.09375 0.880127 0.2644043 0.9680176 0.2976074 0.8640137 0.2104492 0.7612305 0.09375 0.880127 0.2976074 0.8640137 0.03125 0.7597656 0.09375 0.880127 0.2104492 0.7612305 0.09375 0.6396484 0.03125 0.7597656 0.2104492 0.7612305 0.2944336 0.6601563 0.09375 0.6396484 0.2104492 0.7612305 0.2644043 0.5517578 0.09375 0.6396484 0.2944336 0.6601563 0.4973145 0.6149902 0.2644043 0.5517578 0.2944336 0.6601563 0.4975586 0.5195313 0.2644043 0.5517578 0.4973145 0.6149902 0.730957 0.5517578 0.4975586 0.5195313 0.4973145 0.6149902 0.2976074 0.8640137 0.09375 0.880127 0.2104492 0.7612305 0.2644043 0.9680176 0.09375 0.880127 0.2976074 0.8640137 0.4970703 0.9074707 0.2644043 0.9680176 0.2976074 0.8640137 0.4975586 1.000244 0.2644043 0.9680176 0.4970703 0.9074707 0.730957 0.9680176 0.4975586 1.000244 0.4970703 0.9074707 0.9016113 0.880127 0.7797852 0.7612305 0.9641113 0.7597656 0.6977539 0.8647461 0.7797852 0.7612305 0.9016113 0.880127 0.730957 0.9680176 0.6977539 0.8647461 0.9016113 0.880127 0.4970703 0.9074707 0.6977539 0.8647461 0.730957 0.9680176 0.9016113 0.880127 0.7797852 0.7612305 0.9641113 0.7597656 0.6977539 0.8647461 0.7797852 0.7612305 0.9016113 0.880127 0.730957 0.9680176 0.6977539 0.8647461 0.9016113 0.880127 0.4970703 0.9074707 0.6977539 0.8647461 0.730957 0.9680176 0.9038086 0.6401367 0.8117676 0.6950684 0.9675293 0.7607422 0.7358398 0.637207 0.8117676 0.6950684 0.9038086 0.6401367 0.7299805 0.552002 0.7358398 0.637207 0.9038086 0.6401367 0.08129882 0.6401367 0.1362305 0.7607422 0.01757812 0.7607422 0.173584 0.6950684 0.1362305 0.7607422 0.08129882 0.6401367 0.2492676 0.637207 0.173584 0.6950684 0.08129882 0.6401367 0.1362305 0.7607422 0.08129882 0.6401367 0.173584 0.6950684 0.01757812 0.7607422 0.08129882 0.6401367 0.1362305 0.7607422 0.08129882 0.8813477 0.01757812 0.7607422 0.1362305 0.7607422 3.804688 -0.532959 3.302002 -1.011963 3.804688 -1.011963 3.302002 -0.532959 3.302002 -1.011963 3.804688 -0.532959 3.302002 -0.532959 2.801514 -1.011963 3.302002 -1.011963 2.801514 -0.532959 2.801514 -1.011963 3.302002 -0.532959 0.4926758 0.5827637 0.4926758 0.5197754 0.3630371 0.598877 0.6220703 0.598877 0.4926758 0.5197754 0.4926758 0.5827637 0.01757812 0.7607422 0.1362305 0.7607422 0.08129882 0.6401367 0.08129882 0.8813477 0.1362305 0.7607422 0.01757812 0.7607422 0.9016113 0.6396484 0.6975098 0.661377 0.7797852 0.7612305 0.730957 0.5517578 0.6975098 0.661377 0.9016113 0.6396484 5.312256 -0.532959 4.809814 -1.011963 5.312256 -1.011963 4.809814 -0.532959 4.809814 -1.011963 5.312256 -0.532959 -0.6777344 -1.011963 -0.1740723 -0.532959 -0.6777344 -0.532959 -0.1740723 -1.011963 -0.1740723 -0.532959 -0.6777344 -1.011963 -0.1740723 -1.011963 0.3200684 -0.532959 -0.1740723 -0.532959 0.3198242 -1.011963 0.3200684 -0.532959 -0.1740723 -1.011963 0.08129882 0.8813477 0.1362305 0.7607422 0.173584 0.826416 0.01757812 0.7607422 0.1362305 0.7607422 0.08129882 0.8813477 0.3198242 -1.011963 0.8146973 -0.532959 0.3200684 -0.532959 0.8146973 -1.011963 0.8146973 -0.532959 0.3198242 -1.011963 0.8146973 -1.011963 1.310059 -0.532959 0.8146973 -0.532959 1.309814 -1.011963 1.310059 -0.532959 0.8146973 -1.011963 1.309814 -1.011963 1.805908 -0.532959 1.310059 -0.532959 1.805908 -1.011963 1.805908 -0.532959 1.309814 -1.011963 1.805908 -1.011963 2.303223 -0.532959 1.805908 -0.532959 2.302979 -1.011963 2.303223 -0.532959 1.805908 -1.011963 0.6220703 0.598877 0.7299805 0.552002 0.4926758 0.5197754 0.7358398 0.637207 0.7299805 0.552002 0.6220703 0.598877 0.3630371 0.598877 0.255127 0.552002 0.4926758 0.5197754 0.2492676 0.637207 0.255127 0.552002 0.3630371 0.598877 0.2492676 0.637207 0.08129882 0.6401367 0.255127 0.552002 0.173584 0.6950684 0.08129882 0.6401367 0.2492676 0.637207 2.302979 -1.011963 2.801514 -0.532959 2.303223 -0.532959 2.801514 -1.011963 2.801514 -0.532959 2.302979 -1.011963 0.173584 0.826416 0.08129882 0.8813477 0.1362305 0.7607422 0.2492676 0.8842773 0.08129882 0.8813477 0.173584 0.826416 0.2492676 0.8842773 0.255127 0.9694824 0.08129882 0.8813477 0.3630371 0.9228516 0.255127 0.9694824 0.2492676 0.8842773 0.3630371 0.9228516 0.4926758 1.001953 0.255127 0.9694824 0.4926758 0.9389648 0.4926758 1.001953 0.3630371 0.9228516 4.809814 -0.532959 4.307373 -1.011963 4.809814 -1.011963 4.307373 -0.532959 4.307373 -1.011963 4.809814 -0.532959 0.7797852 0.7612305 0.9016113 0.6396484 0.9641113 0.7597656 0.6975098 0.661377 0.9016113 0.6396484 0.7797852 0.7612305 0.6975098 0.661377 0.730957 0.5517578 0.9016113 0.6396484 0.4973145 0.6149902 0.730957 0.5517578 0.6975098 0.661377 4.307373 -0.532959 3.804688 -1.011963 4.307373 -1.011963 3.804688 -0.532959 3.804688 -1.011963 4.307373 -0.532959 3.804688 -0.532959 3.302002 -1.011963 3.804688 -1.011963 3.302002 -0.532959 3.302002 -1.011963 3.804688 -0.532959 3.302002 -0.532959 2.801514 -1.011963 3.302002 -1.011963 2.801514 -0.532959 2.801514 -1.011963 3.302002 -0.532959 -0.6777344 -1.011963 -0.1740723 -0.532959 -0.6777344 -0.532959 -0.1740723 -1.011963 -0.1740723 -0.532959 -0.6777344 -1.011963 -0.1740723 -1.011963 0.3200684 -0.532959 -0.1740723 -0.532959 0.3198242 -1.011963 0.3200684 -0.532959 -0.1740723 -1.011963 0.01757812 0.7607422 0.1362305 0.7607422 0.08129882 0.6401367 0.08129882 0.8813477 0.1362305 0.7607422 0.01757812 0.7607422 0.3198242 -1.011963 0.8146973 -0.532959 0.3200684 -0.532959 0.8146973 -1.011963 0.8146973 -0.532959 0.3198242 -1.011963 0.8146973 -1.011963 1.310059 -0.532959 0.8146973 -0.532959 1.309814 -1.011963 1.310059 -0.532959 0.8146973 -1.011963 1.309814 -1.011963 1.805908 -0.532959 1.310059 -0.532959 1.805908 -1.011963 1.805908 -0.532959 1.309814 -1.011963 0.9016113 0.6396484 0.6975098 0.661377 0.7797852 0.7612305 0.730957 0.5517578 0.6975098 0.661377 0.9016113 0.6396484 1.805908 -1.011963 2.303223 -0.532959 1.805908 -0.532959 2.302979 -1.011963 2.303223 -0.532959 1.805908 -1.011963 2.302979 -1.011963 2.801514 -0.532959 2.303223 -0.532959 2.801514 -1.011963 2.801514 -0.532959 2.302979 -1.011963 0.7797852 0.7612305 0.9016113 0.6396484 0.9641113 0.7597656 0.6975098 0.661377 0.9016113 0.6396484 0.7797852 0.7612305 0.6975098 0.661377 0.730957 0.5517578 0.9016113 0.6396484 0.4973145 0.6149902 0.730957 0.5517578 0.6975098 0.661377 5.312256 -0.532959 4.809814 -1.011963 5.312256 -1.011963 4.809814 -0.532959 4.809814 -1.011963 5.312256 -0.532959 4.809814 -0.532959 4.307373 -1.011963 4.809814 -1.011963 4.307373 -0.532959 4.307373 -1.011963 4.809814 -0.532959 4.307373 -0.532959 3.804688 -1.011963 4.307373 -1.011963 3.804688 -0.532959 3.804688 -1.011963 4.307373 -0.532959 0.730957 0.5517578 0.4973145 0.6149902 0.6975098 0.661377 0.730957 0.5517578 0.4973145 0.6149902 0.6975098 0.661377</float_array>
          <technique_common>
            <accessor source="#polygon1-mesh-map-0-array" count="864" stride="2">
              <param name="S" type="float"/>
              <param name="T" type="float"/>
            </accessor>
          </technique_common>
        </source>
        <source id="polygon1-mesh-colors-polygon1_Colors0" name="polygon1_Colors0">
          <float_array id="polygon1-mesh-colors-polygon1_Colors0-array" count="3456">0.6980392 0.6980392 0.6980392 1 0.6980392 0.6980392 0.6980392 1 0.6980392 0.6980392 0.6980392 1 0.6980392 0.6980392 0.6980392 1 0.6980392 0.6980392 0.6980392 1 0.6980392 0.6980392 0.6980392 1 0.6980392 0.6980392 0.6980392 1 0.6980392 0.6980392 0.6980392 1 0.6980392 0.6980392 0.6980392 1 0.6980392 0.6980392 0.6980392 1 0.6980392 0.6980392 0.6980392 1 0.6980392 0.6980392 0.6980392 1 0.6980392 0.6980392 0.6980392 1 0.6980392 0.6980392 0.6980392 1 0.6980392 0.6980392 0.6980392 1 0.6980392 0.6980392 0.6980392 1 0.6980392 0.6980392 0.6980392 1 0.6980392 0.6980392 0.6980392 1 0.6980392 0.6980392 0.6980392 1 0.6980392 0.6980392 0.6980392 1 0.6980392 0.6980392 0.6980392 1 0.6980392 0.6980392 0.6980392 1 0.6980392 0.6980392 0.6980392 1 0.6980392 0.6980392 0.6980392 1 0.6980392 0.6980392 0.6980392 1 0.6980392 0.6980392 0.6980392 1 0.6980392 0.6980392 0.6980392 1 0.6980392 0.6980392 0.6980392 1 0.6980392 0.6980392 0.6980392 1 0.6980392 0.6980392 0.6980392 1 0.6980392 0.6980392 0.6980392 1 0.6980392 0.6980392 0.6980392 1 0.6980392 0.6980392 0.6980392 1 0.6980392 0.6980392 0.6980392 1 0.6980392 0.6980392 0.6980392 1 0.6980392 0.6980392 0.6980392 1 0.6980392 0.6980392 0.6980392 1 0.6980392 0.6980392 0.6980392 1 0.6980392 0.6980392 0.6980392 1 0.6980392 0.6980392 0.6980392 1 0.6980392 0.6980392 0.6980392 1 0.6980392 0.6980392 0.6980392 1 0.6980392 0.6980392 0.6980392 1 0.6980392 0.6980392 0.6980392 1 0.6980392 0.6980392 0.6980392 1 0.6980392 0.6980392 0.6980392 1 0.6980392 0.6980392 0.6980392 1 0.6980392 0.6980392 0.6980392 1 0.6980392 0.6980392 0.6980392 1 0.6980392 0.6980392 0.6980392 1 0.6980392 0.6980392 0.6980392 1 0.6980392 0.6980392 0.6980392 1 0.6980392 0.6980392 0.6980392 1 0.6980392 0.6980392 0.6980392 1 0.6980392 0.6980392 0.6980392 1 0.6980392 0.6980392 0.6980392 1 0.6980392 0.6980392 0.6980392 1 0.6980392 0.6980392 0.6980392 1 0.6980392 0.6980392 0.6980392 1 0.6980392 0.6980392 0.6980392 1 0.6980392 0.6980392 0.6980392 1 0.6980392 0.6980392 0.6980392 1 0.6980392 0.6980392 0.6980392 1 0.6980392 0.6980392 0.6980392 1 0.6980392 0.6980392 0.6980392 1 0.6980392 0.6980392 0.6980392 1 0.6980392 0.6980392 0.6980392 1 0.6980392 0.6980392 0.6980392 1 0.6980392 0.6980392 0.6980392 1 0.6980392 0.6980392 0.6980392 1 0.6980392 0.6980392 0.6980392 1 0.6980392 0.6980392 0.6980392 1 0.6980392 0.6980392 0.6980392 1 0.6980392 0.6980392 0.6980392 1 0.6980392 0.6980392 0.6980392 1 0.6980392 0.6980392 0.6980392 1 0.6980392 0.6980392 0.6980392 1 0.6980392 0.6980392 0.6980392 1 0.6980392 0.6980392 0.6980392 1 0.6980392 0.6980392 0.6980392 1 0.6980392 0.6980392 0.6980392 1 0.6980392 0.6980392 0.6980392 1 0.6980392 0.6980392 0.6980392 1 0.6980392 0.6980392 0.6980392 1 0.6980392 0.6980392 0.6980392 1 0.6980392 0.6980392 0.6980392 1 0.6980392 0.6980392 0.6980392 1 0.6980392 0.6980392 0.6980392 1 0.6980392 0.6980392 0.6980392 1 0.6980392 0.6980392 0.6980392 1 0.6980392 0.6980392 0.6980392 1 0.6980392 0.6980392 0.6980392 1 0.6980392 0.6980392 0.6980392 1 0.6980392 0.6980392 0.6980392 1 0.6980392 0.6980392 0.6980392 1 0.6980392 0.6980392 0.6980392 1 0.6980392 0.6980392 0.6980392 1 0.6980392 0.6980392 0.6980392 1 0.6980392 0.6980392 0.6980392 1 0.6980392 0.6980392 0.6980392 1 0.6980392 0.6980392 0.6980392 1 0.6980392 0.6980392 0.6980392 1 0.6980392 0.6980392 0.6980392 1 0.6980392 0.6980392 0.6980392 1 0.6980392 0.6980392 0.6980392 1 0.6980392 0.6980392 0.6980392 1 0.6980392 0.6980392 0.6980392 1 0.6980392 0.6980392 0.6980392 1 0.6980392 0.6980392 0.6980392 1 0.6980392 0.6980392 0.6980392 1 0.6980392 0.6980392 0.6980392 1 0.6980392 0.6980392 0.6980392 1 0.6980392 0.6980392 0.6980392 1 0.6980392 0.6980392 0.6980392 1 0.6980392 0.6980392 0.6980392 1 0.6980392 0.6980392 0.6980392 1 0.6980392 0.6980392 0.6980392 1 0.6980392 0.6980392 0.6980392 1 0.6980392 0.6980392 0.6980392 1 0.6980392 0.6980392 0.6980392 1 0.6980392 0.6980392 0.6980392 1 0.6980392 0.6980392 0.6980392 1 0.6980392 0.6980392 0.6980392 1 0.6980392 0.6980392 0.6980392 1 0.6980392 0.6980392 0.6980392 1 0.6980392 0.6980392 0.6980392 1 0.6980392 0.6980392 0.6980392 1 0.6980392 0.6980392 0.6980392 1 0.6980392 0.6980392 0.6980392 1 0.6980392 0.6980392 0.6980392 1 0.6980392 0.6980392 0.6980392 1 0.6980392 0.6980392 0.6980392 1 0.6980392 0.6980392 0.6980392 1 0.6980392 0.6980392 0.6980392 1 0.6980392 0.6980392 0.6980392 1 0.6980392 0.6980392 0.6980392 1 0.6980392 0.6980392 0.6980392 1 0.6980392 0.6980392 0.6980392 1 0.6980392 0.6980392 0.6980392 1 0.6980392 0.6980392 0.6980392 1 0.6980392 0.6980392 0.6980392 1 0.6980392 0.6980392 0.6980392 1 0.6980392 0.6980392 0.6980392 1 0.6980392 0.6980392 0.6980392 1 0.6980392 0.6980392 0.6980392 1 0.6980392 0.6980392 0.6980392 1 0.6980392 0.6980392 0.6980392 1 0.6980392 0.6980392 0.6980392 1 0.6980392 0.6980392 0.6980392 1 0.6980392 0.6980392 0.6980392 1 0.6980392 0.6980392 0.6980392 1 0.6980392 0.6980392 0.6980392 1 0.6980392 0.6980392 0.6980392 1 0.6980392 0.6980392 0.6980392 1 0.6980392 0.6980392 0.6980392 1 0.6980392 0.6980392 0.6980392 1 0.6980392 0.6980392 0.6980392 1 0.6980392 0.6980392 0.6980392 1 0.6980392 0.6980392 0.6980392 1 0.6980392 0.6980392 0.6980392 1 0.6980392 0.6980392 0.6980392 1 0.6980392 0.6980392 0.6980392 1 0.6980392 0.6980392 0.6980392 1 0.6980392 0.6980392 0.6980392 1 0.6980392 0.6980392 0.6980392 1 0.6980392 0.6980392 0.6980392 1 0.6980392 0.6980392 0.6980392 1 0.6980392 0.6980392 0.6980392 1 0.6980392 0.6980392 0.6980392 1 0.6980392 0.6980392 0.6980392 1 0.6980392 0.6980392 0.6980392 1 0.6980392 0.6980392 0.6980392 1 0.6980392 0.6980392 0.6980392 1 0.6980392 0.6980392 0.6980392 1 0.6980392 0.6980392 0.6980392 1 0.6980392 0.6980392 0.6980392 1 0.6980392 0.6980392 0.6980392 1 0.6980392 0.6980392 0.6980392 1 0.6980392 0.6980392 0.6980392 1 0.6980392 0.6980392 0.6980392 1 0.6980392 0.6980392 0.6980392 1 0.6980392 0.6980392 0.6980392 1 0.6980392 0.6980392 0.6980392 1 0.6980392 0.6980392 0.6980392 1 0.6980392 0.6980392 0.6980392 1 0.6980392 0.6980392 0.6980392 1 0.6980392 0.6980392 0.6980392 1 0.6980392 0.6980392 0.6980392 1 0.6980392 0.6980392 0.6980392 1 0.6980392 0.6980392 0.6980392 1 0.6980392 0.6980392 0.6980392 1 0.6980392 0.6980392 0.6980392 1 0.6980392 0.6980392 0.6980392 1 0.6980392 0.6980392 0.6980392 1 0.6980392 0.6980392 0.6980392 1 0.6980392 0.6980392 0.6980392 1 0.6980392 0.6980392 0.6980392 1 0.6980392 0.6980392 0.6980392 1 0.4980392 0.4980392 0.4980392 1 0.6980392 0.6980392 0.6980392 1 0.6980392 0.6980392 0.6980392 1 0.6980392 0.6980392 0.6980392 1 0.6980392 0.6980392 0.6980392 1 0.4980392 0.4980392 0.4980392 1 0.4980392 0.4980392 0.4980392 1 0.6980392 0.6980392 0.6980392 1 0.4980392 0.4980392 0.4980392 1 0.6980392 0.6980392 0.6980392 1 0.6980392 0.6980392 0.6980392 1 0.4980392 0.4980392 0.4980392 1 0.4980392 0.4980392 0.4980392 1 0.6980392 0.6980392 0.6980392 1 0.4980392 0.4980392 0.4980392 1 0.6980392 0.6980392 0.6980392 1 0.6980392 0.6980392 0.6980392 1 0.4980392 0.4980392 0.4980392 1 0.6980392 0.6980392 0.6980392 1 0.6980392 0.6980392 0.6980392 1 0.4980392 0.4980392 0.4980392 1 0.6980392 0.6980392 0.6980392 1 0.6980392 0.6980392 0.6980392 1 0.6980392 0.6980392 0.6980392 1 0.6980392 0.6980392 0.6980392 1 0.6980392 0.6980392 0.6980392 1 0.6980392 0.6980392 0.6980392 1 0.6980392 0.6980392 0.6980392 1 0.6980392 0.6980392 0.6980392 1 0.6980392 0.6980392 0.6980392 1 0.6980392 0.6980392 0.6980392 1 0.6980392 0.6980392 0.6980392 1 0.6980392 0.6980392 0.6980392 1 0.6980392 0.6980392 0.6980392 1 0.6980392 0.6980392 0.6980392 1 0.6980392 0.6980392 0.6980392 1 0.6980392 0.6980392 0.6980392 1 0.6980392 0.6980392 0.6980392 1 0.6980392 0.6980392 0.6980392 1 0.6980392 0.6980392 0.6980392 1 0.6980392 0.6980392 0.6980392 1 0.6980392 0.6980392 0.6980392 1 0.6980392 0.6980392 0.6980392 1 0.6980392 0.6980392 0.6980392 1 0.6980392 0.6980392 0.6980392 1 0.6980392 0.6980392 0.6980392 1 0.6980392 0.6980392 0.6980392 1 0.6980392 0.6980392 0.6980392 1 0.6980392 0.6980392 0.6980392 1 0.6980392 0.6980392 0.6980392 1 0.6980392 0.6980392 0.6980392 1 0.6980392 0.6980392 0.6980392 1 0.6980392 0.6980392 0.6980392 1 0.6980392 0.6980392 0.6980392 1 0.6980392 0.6980392 0.6980392 1 0.6980392 0.6980392 0.6980392 1 0.6980392 0.6980392 0.6980392 1 0.6980392 0.6980392 0.6980392 1 0.6980392 0.6980392 0.6980392 1 0.6980392 0.6980392 0.6980392 1 0.6980392 0.6980392 0.6980392 1 0.6980392 0.6980392 0.6980392 1 0.6980392 0.6980392 0.6980392 1 0.6980392 0.6980392 0.6980392 1 0.6980392 0.6980392 0.6980392 1 0.6980392 0.6980392 0.6980392 1 0.6980392 0.6980392 0.6980392 1 0.6980392 0.6980392 0.6980392 1 0.6980392 0.6980392 0.6980392 1 0.6980392 0.6980392 0.6980392 1 0.6980392 0.6980392 0.6980392 1 0.6980392 0.6980392 0.6980392 1 0.6980392 0.6980392 0.6980392 1 0.6980392 0.6980392 0.6980392 1 0.6980392 0.6980392 0.6980392 1 0.6980392 0.6980392 0.6980392 1 0.6980392 0.6980392 0.6980392 1 0.6980392 0.6980392 0.6980392 1 0.6980392 0.6980392 0.6980392 1 0.6980392 0.6980392 0.6980392 1 0.6980392 0.6980392 0.6980392 1 0.6980392 0.6980392 0.6980392 1 0.6980392 0.6980392 0.6980392 1 0.6980392 0.6980392 0.6980392 1 0.4980392 0.4980392 0.4980392 1 0.6980392 0.6980392 0.6980392 1 0.6980392 0.6980392 0.6980392 1 0.6980392 0.6980392 0.6980392 1 0.6980392 0.6980392 0.6980392 1 0.4980392 0.4980392 0.4980392 1 0.4980392 0.4980392 0.4980392 1 0.6980392 0.6980392 0.6980392 1 0.4980392 0.4980392 0.4980392 1 0.6980392 0.6980392 0.6980392 1 0.6980392 0.6980392 0.6980392 1 0.4980392 0.4980392 0.4980392 1 0.4980392 0.4980392 0.4980392 1 0.6980392 0.6980392 0.6980392 1 0.4980392 0.4980392 0.4980392 1 0.6980392 0.6980392 0.6980392 1 0.6980392 0.6980392 0.6980392 1 0.4980392 0.4980392 0.4980392 1 0.6980392 0.6980392 0.6980392 1 0.6980392 0.6980392 0.6980392 1 0.4980392 0.4980392 0.4980392 1 0.6980392 0.6980392 0.6980392 1 0.6980392 0.6980392 0.6980392 1 0.6980392 0.6980392 0.6980392 1 0.6980392 0.6980392 0.6980392 1 0.6980392 0.6980392 0.6980392 1 0.6980392 0.6980392 0.6980392 1 0.6980392 0.6980392 0.6980392 1 0.6980392 0.6980392 0.6980392 1 0.6980392 0.6980392 0.6980392 1 0.6980392 0.6980392 0.6980392 1 0.6980392 0.6980392 0.6980392 1 0.6980392 0.6980392 0.6980392 1 0.6980392 0.6980392 0.6980392 1 0.6980392 0.6980392 0.6980392 1 0.6980392 0.6980392 0.6980392 1 0.6980392 0.6980392 0.6980392 1 0.6980392 0.6980392 0.6980392 1 0.6980392 0.6980392 0.6980392 1 0.6980392 0.6980392 0.6980392 1 0.6980392 0.6980392 0.6980392 1 0.6980392 0.6980392 0.6980392 1 0.4980392 0.4980392 0.4980392 1 0.6980392 0.6980392 0.6980392 1 0.6980392 0.6980392 0.6980392 1 0.6980392 0.6980392 0.6980392 1 0.6980392 0.6980392 0.6980392 1 0.4980392 0.4980392 0.4980392 1 0.4980392 0.4980392 0.4980392 1 0.6980392 0.6980392 0.6980392 1 0.4980392 0.4980392 0.4980392 1 0.6980392 0.6980392 0.6980392 1 0.6980392 0.6980392 0.6980392 1 0.4980392 0.4980392 0.4980392 1 0.4980392 0.4980392 0.4980392 1 0.6980392 0.6980392 0.6980392 1 0.4980392 0.4980392 0.4980392 1 0.6980392 0.6980392 0.6980392 1 0.6980392 0.6980392 0.6980392 1 0.4980392 0.4980392 0.4980392 1 0.6980392 0.6980392 0.6980392 1 0.6980392 0.6980392 0.6980392 1 0.4980392 0.4980392 0.4980392 1 0.4980392 0.4980392 0.4980392 1 0.6980392 0.6980392 0.6980392 1 0.6980392 0.6980392 0.6980392 1 0.6980392 0.6980392 0.6980392 1 0.6980392 0.6980392 0.6980392 1 0.4980392 0.4980392 0.4980392 1 0.4980392 0.4980392 0.4980392 1 0.6980392 0.6980392 0.6980392 1 0.4980392 0.4980392 0.4980392 1 0.6980392 0.6980392 0.6980392 1 0.6980392 0.6980392 0.6980392 1 0.4980392 0.4980392 0.4980392 1 0.4980392 0.4980392 0.4980392 1 0.6980392 0.6980392 0.6980392 1 0.4980392 0.4980392 0.4980392 1 0.6980392 0.6980392 0.6980392 1 0.6980392 0.6980392 0.6980392 1 0.4980392 0.4980392 0.4980392 1 0.6980392 0.6980392 0.6980392 1 0.6980392 0.6980392 0.6980392 1 0.4980392 0.4980392 0.4980392 1 0.6980392 0.6980392 0.6980392 1 0.6980392 0.6980392 0.6980392 1 0.6980392 0.6980392 0.6980392 1 0.6980392 0.6980392 0.6980392 1 0.6980392 0.6980392 0.6980392 1 0.6980392 0.6980392 0.6980392 1 0.6980392 0.6980392 0.6980392 1 0.6980392 0.6980392 0.6980392 1 0.6980392 0.6980392 0.6980392 1 0.6980392 0.6980392 0.6980392 1 0.6980392 0.6980392 0.6980392 1 0.6980392 0.6980392 0.6980392 1 0.6980392 0.6980392 0.6980392 1 0.6980392 0.6980392 0.6980392 1 0.6980392 0.6980392 0.6980392 1 0.6980392 0.6980392 0.6980392 1 0.6980392 0.6980392 0.6980392 1 0.6980392 0.6980392 0.6980392 1 0.6980392 0.6980392 0.6980392 1 0.6980392 0.6980392 0.6980392 1 0.6980392 0.6980392 0.6980392 1 0.6980392 0.6980392 0.6980392 1 0.6980392 0.6980392 0.6980392 1 0.6980392 0.6980392 0.6980392 1 0.6980392 0.6980392 0.6980392 1 0.6980392 0.6980392 0.6980392 1 0.6980392 0.6980392 0.6980392 1 0.6980392 0.6980392 0.6980392 1 0.6980392 0.6980392 0.6980392 1 0.6980392 0.6980392 0.6980392 1 0.6980392 0.6980392 0.6980392 1 0.6980392 0.6980392 0.6980392 1 0.6980392 0.6980392 0.6980392 1 0.6980392 0.6980392 0.6980392 1 0.6980392 0.6980392 0.6980392 1 0.6980392 0.6980392 0.6980392 1 0.6980392 0.6980392 0.6980392 1 0.6980392 0.6980392 0.6980392 1 0.6980392 0.6980392 0.6980392 1 0.6980392 0.6980392 0.6980392 1 0.6980392 0.6980392 0.6980392 1 0.6980392 0.6980392 0.6980392 1 0.6980392 0.6980392 0.6980392 1 0.6980392 0.6980392 0.6980392 1 0.6980392 0.6980392 0.6980392 1 0.6980392 0.6980392 0.6980392 1 0.6980392 0.6980392 0.6980392 1 0.6980392 0.6980392 0.6980392 1 0.6980392 0.6980392 0.6980392 1 0.6980392 0.6980392 0.6980392 1 0.6980392 0.6980392 0.6980392 1 0.4980392 0.4980392 0.4980392 1 0.6980392 0.6980392 0.6980392 1 0.4980392 0.4980392 0.4980392 1 0.6980392 0.6980392 0.6980392 1 0.6980392 0.6980392 0.6980392 1 0.4980392 0.4980392 0.4980392 1 0.4980392 0.4980392 0.4980392 1 0.6980392 0.6980392 0.6980392 1 0.4980392 0.4980392 0.4980392 1 0.6980392 0.6980392 0.6980392 1 0.6980392 0.6980392 0.6980392 1 0.4980392 0.4980392 0.4980392 1 0.6980392 0.6980392 0.6980392 1 0.6980392 0.6980392 0.6980392 1 0.4980392 0.4980392 0.4980392 1 0.4980392 0.4980392 0.4980392 1 0.6980392 0.6980392 0.6980392 1 0.4980392 0.4980392 0.4980392 1 0.6980392 0.6980392 0.6980392 1 0.6980392 0.6980392 0.6980392 1 0.4980392 0.4980392 0.4980392 1 0.4980392 0.4980392 0.4980392 1 0.6980392 0.6980392 0.6980392 1 0.4980392 0.4980392 0.4980392 1 0.6980392 0.6980392 0.6980392 1 0.6980392 0.6980392 0.6980392 1 0.4980392 0.4980392 0.4980392 1 0.6980392 0.6980392 0.6980392 1 0.6980392 0.6980392 0.6980392 1 0.4980392 0.4980392 0.4980392 1 0.6980392 0.6980392 0.6980392 1 0.6980392 0.6980392 0.6980392 1 0.6980392 0.6980392 0.6980392 1 0.6980392 0.6980392 0.6980392 1 0.6980392 0.6980392 0.6980392 1 0.6980392 0.6980392 0.6980392 1 0.6980392 0.6980392 0.6980392 1 0.6980392 0.6980392 0.6980392 1 0.6980392 0.6980392 0.6980392 1 0.6980392 0.6980392 0.6980392 1 0.6980392 0.6980392 0.6980392 1 0.6980392 0.6980392 0.6980392 1 0.6980392 0.6980392 0.6980392 1 0.6980392 0.6980392 0.6980392 1 0.6980392 0.6980392 0.6980392 1 0.6980392 0.6980392 0.6980392 1 0.6980392 0.6980392 0.6980392 1 0.6980392 0.6980392 0.6980392 1 0.6980392 0.6980392 0.6980392 1 0.6980392 0.6980392 0.6980392 1 0.6980392 0.6980392 0.6980392 1 0.6980392 0.6980392 0.6980392 1 0.6980392 0.6980392 0.6980392 1 0.6980392 0.6980392 0.6980392 1 0.6980392 0.6980392 0.6980392 1 0.6980392 0.6980392 0.6980392 1 0.6980392 0.6980392 0.6980392 1 0.6980392 0.6980392 0.6980392 1 0.6980392 0.6980392 0.6980392 1 0.6980392 0.6980392 0.6980392 1 0.4980392 0.4980392 0.4980392 1 0.6980392 0.6980392 0.6980392 1 0.4980392 0.4980392 0.4980392 1 0.6980392 0.6980392 0.6980392 1 0.6980392 0.6980392 0.6980392 1 0.4980392 0.4980392 0.4980392 1 0.4980392 0.4980392 0.4980392 1 0.6980392 0.6980392 0.6980392 1 0.4980392 0.4980392 0.4980392 1 0.6980392 0.6980392 0.6980392 1 0.6980392 0.6980392 0.6980392 1 0.4980392 0.4980392 0.4980392 1 0.6980392 0.6980392 0.6980392 1 0.6980392 0.6980392 0.6980392 1 0.4980392 0.4980392 0.4980392 1 0.6980392 0.6980392 0.6980392 1 0.6980392 0.6980392 0.6980392 1 0.6980392 0.6980392 0.6980392 1 0.6980392 0.6980392 0.6980392 1 0.6980392 0.6980392 0.6980392 1 0.6980392 0.6980392 0.6980392 1 0.6980392 0.6980392 0.6980392 1 0.6980392 0.6980392 0.6980392 1 0.6980392 0.6980392 0.6980392 1 0.6980392 0.6980392 0.6980392 1 0.6980392 0.6980392 0.6980392 1 0.6980392 0.6980392 0.6980392 1 0.6980392 0.6980392 0.6980392 1 0.6980392 0.6980392 0.6980392 1 0.6980392 0.6980392 0.6980392 1 0.6980392 0.6980392 0.6980392 1 0.6980392 0.6980392 0.6980392 1 0.6980392 0.6980392 0.6980392 1 0.6980392 0.6980392 0.6980392 1 0.6980392 0.6980392 0.6980392 1 0.6980392 0.6980392 0.6980392 1 0.6980392 0.6980392 0.6980392 1 0.6980392 0.6980392 0.6980392 1 0.6980392 0.6980392 0.6980392 1 0.6980392 0.6980392 0.6980392 1 0.6980392 0.6980392 0.6980392 1 0.6980392 0.6980392 0.6980392 1 0.6980392 0.6980392 0.6980392 1 0.6980392 0.6980392 0.6980392 1 0.6980392 0.6980392 0.6980392 1 0.4980392 0.4980392 0.4980392 1 0.6980392 0.6980392 0.6980392 1 0.4980392 0.4980392 0.4980392 1 0.6980392 0.6980392 0.6980392 1 0.6980392 0.6980392 0.6980392 1 0.4980392 0.4980392 0.4980392 1 0.4980392 0.4980392 0.4980392 1 0.6980392 0.6980392 0.6980392 1 0.4980392 0.4980392 0.4980392 1 0.6980392 0.6980392 0.6980392 1 0.6980392 0.6980392 0.6980392 1 0.4980392 0.4980392 0.4980392 1 0.6980392 0.6980392 0.6980392 1 0.6980392 0.6980392 0.6980392 1 0.4980392 0.4980392 0.4980392 1 0.4980392 0.4980392 0.4980392 1 0.6980392 0.6980392 0.6980392 1 0.4980392 0.4980392 0.4980392 1 0.6980392 0.6980392 0.6980392 1 0.6980392 0.6980392 0.6980392 1 0.4980392 0.4980392 0.4980392 1 0.4980392 0.4980392 0.4980392 1 0.6980392 0.6980392 0.6980392 1 0.4980392 0.4980392 0.4980392 1 0.6980392 0.6980392 0.6980392 1 0.6980392 0.6980392 0.6980392 1 0.4980392 0.4980392 0.4980392 1 0.6980392 0.6980392 0.6980392 1 0.6980392 0.6980392 0.6980392 1 0.4980392 0.4980392 0.4980392 1 0.4980392 0.4980392 0.4980392 1 0.6980392 0.6980392 0.6980392 1 0.4980392 0.4980392 0.4980392 1 0.6980392 0.6980392 0.6980392 1 0.6980392 0.6980392 0.6980392 1 0.4980392 0.4980392 0.4980392 1 0.4980392 0.4980392 0.4980392 1 0.6980392 0.6980392 0.6980392 1 0.4980392 0.4980392 0.4980392 1 0.6980392 0.6980392 0.6980392 1 0.6980392 0.6980392 0.6980392 1 0.4980392 0.4980392 0.4980392 1 0.6980392 0.6980392 0.6980392 1 0.6980392 0.6980392 0.6980392 1 0.4980392 0.4980392 0.4980392 1 0.6980392 0.6980392 0.6980392 1 0.4980392 0.4980392 0.4980392 1 0.6980392 0.6980392 0.6980392 1 0.4980392 0.4980392 0.4980392 1 0.4980392 0.4980392 0.4980392 1 0.6980392 0.6980392 0.6980392 1 0.6980392 0.6980392 0.6980392 1 0.4980392 0.4980392 0.4980392 1 0.6980392 0.6980392 0.6980392 1 0.4980392 0.4980392 0.4980392 1 0.4980392 0.4980392 0.4980392 1 0.6980392 0.6980392 0.6980392 1 0.6980392 0.6980392 0.6980392 1 0.4980392 0.4980392 0.4980392 1 0.6980392 0.6980392 0.6980392 1 0.4980392 0.4980392 0.4980392 1 0.4980392 0.4980392 0.4980392 1 0.6980392 0.6980392 0.6980392 1 0.6980392 0.6980392 0.6980392 1 0.4980392 0.4980392 0.4980392 1 0.6980392 0.6980392 0.6980392 1 0.4980392 0.4980392 0.4980392 1 0.4980392 0.4980392 0.4980392 1 0.6980392 0.6980392 0.6980392 1 0.6980392 0.6980392 0.6980392 1 0.6980392 0.6980392 0.6980392 1 0.6980392 0.6980392 0.6980392 1 0.6980392 0.6980392 0.6980392 1 0.6980392 0.6980392 0.6980392 1 0.6980392 0.6980392 0.6980392 1 0.6980392 0.6980392 0.6980392 1 0.6980392 0.6980392 0.6980392 1 0.6980392 0.6980392 0.6980392 1 0.6980392 0.6980392 0.6980392 1 0.6980392 0.6980392 0.6980392 1 0.6980392 0.6980392 0.6980392 1 0.6980392 0.6980392 0.6980392 1 0.6980392 0.6980392 0.6980392 1 0.6980392 0.6980392 0.6980392 1 0.6980392 0.6980392 0.6980392 1 0.6980392 0.6980392 0.6980392 1 0.6980392 0.6980392 0.6980392 1 0.6980392 0.6980392 0.6980392 1 0.6980392 0.6980392 0.6980392 1 0.6980392 0.6980392 0.6980392 1 0.6980392 0.6980392 0.6980392 1 0.6980392 0.6980392 0.6980392 1 0.6980392 0.6980392 0.6980392 1 0.6980392 0.6980392 0.6980392 1 0.6980392 0.6980392 0.6980392 1 0.6980392 0.6980392 0.6980392 1 0.6980392 0.6980392 0.6980392 1 0.6980392 0.6980392 0.6980392 1 0.6980392 0.6980392 0.6980392 1 0.6980392 0.6980392 0.6980392 1 0.6980392 0.6980392 0.6980392 1 0.6980392 0.6980392 0.6980392 1 0.6980392 0.6980392 0.6980392 1 0.6980392 0.6980392 0.6980392 1 0.6980392 0.6980392 0.6980392 1 0.6980392 0.6980392 0.6980392 1 0.6980392 0.6980392 0.6980392 1 0.6980392 0.6980392 0.6980392 1 0.6980392 0.6980392 0.6980392 1 0.6980392 0.6980392 0.6980392 1 0.6980392 0.6980392 0.6980392 1 0.6980392 0.6980392 0.6980392 1 0.6980392 0.6980392 0.6980392 1 0.6980392 0.6980392 0.6980392 1 0.6980392 0.6980392 0.6980392 1 0.6980392 0.6980392 0.6980392 1 0.6980392 0.6980392 0.6980392 1 0.6980392 0.6980392 0.6980392 1 0.6980392 0.6980392 0.6980392 1 0.6980392 0.6980392 0.6980392 1 0.6980392 0.6980392 0.6980392 1 0.4980392 0.4980392 0.4980392 1 0.4980392 0.4980392 0.4980392 1 0.6980392 0.6980392 0.6980392 1 0.4980392 0.4980392 0.4980392 1 0.6980392 0.6980392 0.6980392 1 0.6980392 0.6980392 0.6980392 1 0.6980392 0.6980392 0.6980392 1 0.6980392 0.6980392 0.6980392 1 0.6980392 0.6980392 0.6980392 1 0.6980392 0.6980392 0.6980392 1 0.6980392 0.6980392 0.6980392 1 0.6980392 0.6980392 0.6980392 1 0.6980392 0.6980392 0.6980392 1 0.6980392 0.6980392 0.6980392 1 0.6980392 0.6980392 0.6980392 1 0.6980392 0.6980392 0.6980392 1 0.6980392 0.6980392 0.6980392 1 0.6980392 0.6980392 0.6980392 1 0.6980392 0.6980392 0.6980392 1 0.6980392 0.6980392 0.6980392 1 0.6980392 0.6980392 0.6980392 1 0.6980392 0.6980392 0.6980392 1 0.6980392 0.6980392 0.6980392 1 0.6980392 0.6980392 0.6980392 1 0.6980392 0.6980392 0.6980392 1 0.6980392 0.6980392 0.6980392 1 0.6980392 0.6980392 0.6980392 1 0.6980392 0.6980392 0.6980392 1 0.6980392 0.6980392 0.6980392 1 0.6980392 0.6980392 0.6980392 1 0.6980392 0.6980392 0.6980392 1 0.6980392 0.6980392 0.6980392 1 0.6980392 0.6980392 0.6980392 1 0.6980392 0.6980392 0.6980392 1 0.6980392 0.6980392 0.6980392 1 0.6980392 0.6980392 0.6980392 1 0.6980392 0.6980392 0.6980392 1 0.6980392 0.6980392 0.6980392 1 0.6980392 0.6980392 0.6980392 1 0.6980392 0.6980392 0.6980392 1 0.6980392 0.6980392 0.6980392 1 0.6980392 0.6980392 0.6980392 1 0.6980392 0.6980392 0.6980392 1 0.6980392 0.6980392 0.6980392 1 0.6980392 0.6980392 0.6980392 1 0.6980392 0.6980392 0.6980392 1 0.6980392 0.6980392 0.6980392 1 0.6980392 0.6980392 0.6980392 1 0.6980392 0.6980392 0.6980392 1 0.6980392 0.6980392 0.6980392 1 0.6980392 0.6980392 0.6980392 1 0.6980392 0.6980392 0.6980392 1 0.6980392 0.6980392 0.6980392 1 0.6980392 0.6980392 0.6980392 1 0.6980392 0.6980392 0.6980392 1 0.6980392 0.6980392 0.6980392 1 0.6980392 0.6980392 0.6980392 1 0.6980392 0.6980392 0.6980392 1 0.6980392 0.6980392 0.6980392 1 0.6980392 0.6980392 0.6980392 1 0.6980392 0.6980392 0.6980392 1 0.6980392 0.6980392 0.6980392 1 0.6980392 0.6980392 0.6980392 1 0.6980392 0.6980392 0.6980392 1 0.6980392 0.6980392 0.6980392 1 0.6980392 0.6980392 0.6980392 1 0.6980392 0.6980392 0.6980392 1 0.6980392 0.6980392 0.6980392 1 0.6980392 0.6980392 0.6980392 1 0.6980392 0.6980392 0.6980392 1 0.6980392 0.6980392 0.6980392 1 0.6980392 0.6980392 0.6980392 1 0.6980392 0.6980392 0.6980392 1 0.6980392 0.6980392 0.6980392 1 0.6980392 0.6980392 0.6980392 1 0.6980392 0.6980392 0.6980392 1 0.6980392 0.6980392 0.6980392 1 0.6980392 0.6980392 0.6980392 1 0.6980392 0.6980392 0.6980392 1 0.6980392 0.6980392 0.6980392 1 0.6980392 0.6980392 0.6980392 1 0.6980392 0.6980392 0.6980392 1 0.6980392 0.6980392 0.6980392 1 0.6980392 0.6980392 0.6980392 1 0.6980392 0.6980392 0.6980392 1 0.6980392 0.6980392 0.6980392 1 0.6980392 0.6980392 0.6980392 1 0.6980392 0.6980392 0.6980392 1 0.6980392 0.6980392 0.6980392 1 0.6980392 0.6980392 0.6980392 1 0.6980392 0.6980392 0.6980392 1 0.6980392 0.6980392 0.6980392 1 0.6980392 0.6980392 0.6980392 1 0.6980392 0.6980392 0.6980392 1 0.6980392 0.6980392 0.6980392 1 0.6980392 0.6980392 0.6980392 1 0.6980392 0.6980392 0.6980392 1 0.6980392 0.6980392 0.6980392 1 0.6980392 0.6980392 0.6980392 1 0.6980392 0.6980392 0.6980392 1 0.6980392 0.6980392 0.6980392 1 0.4980392 0.4980392 0.4980392 1 0.6980392 0.6980392 0.6980392 1 0.6980392 0.6980392 0.6980392 1 0.4980392 0.4980392 0.4980392 1 0.6980392 0.6980392 0.6980392 1 0.4980392 0.4980392 0.4980392 1 0.4980392 0.4980392 0.4980392 1 0.6980392 0.6980392 0.6980392 1 0.6980392 0.6980392 0.6980392 1 0.4980392 0.4980392 0.4980392 1 0.6980392 0.6980392 0.6980392 1 0.4980392 0.4980392 0.4980392 1 0.6980392 0.6980392 0.6980392 1 0.6980392 0.6980392 0.6980392 1 0.6980392 0.6980392 0.6980392 1 0.6980392 0.6980392 0.6980392 1 0.6980392 0.6980392 0.6980392 1 0.6980392 0.6980392 0.6980392 1 0.6980392 0.6980392 0.6980392 1 0.6980392 0.6980392 0.6980392 1 0.6980392 0.6980392 0.6980392 1 0.6980392 0.6980392 0.6980392 1 0.6980392 0.6980392 0.6980392 1 0.6980392 0.6980392 0.6980392 1 0.6980392 0.6980392 0.6980392 1 0.6980392 0.6980392 0.6980392 1 0.6980392 0.6980392 0.6980392 1 0.6980392 0.6980392 0.6980392 1 0.6980392 0.6980392 0.6980392 1 0.6980392 0.6980392 0.6980392 1 0.6980392 0.6980392 0.6980392 1 0.6980392 0.6980392 0.6980392 1 0.6980392 0.6980392 0.6980392 1 0.6980392 0.6980392 0.6980392 1 0.6980392 0.6980392 0.6980392 1 0.6980392 0.6980392 0.6980392 1 0.6980392 0.6980392 0.6980392 1 0.6980392 0.6980392 0.6980392 1 0.6980392 0.6980392 0.6980392 1 0.6980392 0.6980392 0.6980392 1 0.6980392 0.6980392 0.6980392 1 0.6980392 0.6980392 0.6980392 1 0.6980392 0.6980392 0.6980392 1 0.6980392 0.6980392 0.6980392 1 0.6980392 0.6980392 0.6980392 1 0.6980392 0.6980392 0.6980392 1 0.6980392 0.6980392 0.6980392 1 0.6980392 0.6980392 0.6980392 1 0.6980392 0.6980392 0.6980392 1 0.6980392 0.6980392 0.6980392 1 0.6980392 0.6980392 0.6980392 1 0.6980392 0.6980392 0.6980392 1 0.6980392 0.6980392 0.6980392 1 0.6980392 0.6980392 0.6980392 1 0.6980392 0.6980392 0.6980392 1 0.6980392 0.6980392 0.6980392 1 0.6980392 0.6980392 0.6980392 1 0.6980392 0.6980392 0.6980392 1 0.6980392 0.6980392 0.6980392 1 0.6980392 0.6980392 0.6980392 1 0.6980392 0.6980392 0.6980392 1 0.6980392 0.6980392 0.6980392 1 0.6980392 0.6980392 0.6980392 1 0.6980392 0.6980392 0.6980392 1 0.6980392 0.6980392 0.6980392 1 0.6980392 0.6980392 0.6980392 1 0.6980392 0.6980392 0.6980392 1 0.4980392 0.4980392 0.4980392 1 0.4980392 0.4980392 0.4980392 1 0.6980392 0.6980392 0.6980392 1 0.4980392 0.4980392 0.4980392 1 0.6980392 0.6980392 0.6980392 1 0.6980392 0.6980392 0.6980392 1 0.6980392 0.6980392 0.6980392 1 0.6980392 0.6980392 0.6980392 1 0.6980392 0.6980392 0.6980392 1 0.6980392 0.6980392 0.6980392 1 0.6980392 0.6980392 0.6980392 1 0.6980392 0.6980392 0.6980392 1 0.6980392 0.6980392 0.6980392 1 0.6980392 0.6980392 0.6980392 1 0.6980392 0.6980392 0.6980392 1 0.6980392 0.6980392 0.6980392 1 0.6980392 0.6980392 0.6980392 1 0.4980392 0.4980392 0.4980392 1 0.6980392 0.6980392 0.6980392 1 0.6980392 0.6980392 0.6980392 1 0.4980392 0.4980392 0.4980392 1 0.6980392 0.6980392 0.6980392 1 0.4980392 0.4980392 0.4980392 1 0.4980392 0.4980392 0.4980392 1 0.6980392 0.6980392 0.6980392 1 0.6980392 0.6980392 0.6980392 1 0.4980392 0.4980392 0.4980392 1 0.6980392 0.6980392 0.6980392 1 0.4980392 0.4980392 0.4980392 1 0.6980392 0.6980392 0.6980392 1 0.6980392 0.6980392 0.6980392 1 0.6980392 0.6980392 0.6980392 1 0.6980392 0.6980392 0.6980392 1 0.6980392 0.6980392 0.6980392 1 0.6980392 0.6980392 0.6980392 1 0.6980392 0.6980392 0.6980392 1 0.6980392 0.6980392 0.6980392 1 0.6980392 0.6980392 0.6980392 1 0.6980392 0.6980392 0.6980392 1 0.6980392 0.6980392 0.6980392 1 0.6980392 0.6980392 0.6980392 1 0.6980392 0.6980392 0.6980392 1 0.6980392 0.6980392 0.6980392 1 0.6980392 0.6980392 0.6980392 1 0.6980392 0.6980392 0.6980392 1 0.6980392 0.6980392 0.6980392 1 0.6980392 0.6980392 0.6980392 1 0.6980392 0.6980392 0.6980392 1 0.4980392 0.4980392 0.4980392 1 0.4980392 0.4980392 0.4980392 1 0.6980392 0.6980392 0.6980392 1 0.4980392 0.4980392 0.4980392 1 0.4980392 0.4980392 0.4980392 1</float_array>
          <technique_common>
            <accessor source="#polygon1-mesh-colors-polygon1_Colors0-array" count="864" stride="4">
              <param name="R" type="float"/>
              <param name="G" type="float"/>
              <param name="B" type="float"/>
              <param name="A" type="float"/>
            </accessor>
          </technique_common>
        </source>
        <vertices id="polygon1-mesh-vertices">
          <input semantic="POSITION" source="#polygon1-mesh-positions"/>
        </vertices>
        <triangles material="mat_tire-material" count="288">
          <input semantic="VERTEX" source="#polygon1-mesh-vertices" offset="0"/>
          <input semantic="NORMAL" source="#polygon1-mesh-normals" offset="1"/>
          <input semantic="TEXCOORD" source="#polygon1-mesh-map-0" offset="2" set="0"/>
          <input semantic="COLOR" source="#polygon1-mesh-colors-polygon1_Colors0" offset="3" set="0"/>
          <p>2 0 0 0 1 1 1 1 0 2 2 2 3 3 3 3 1 1 4 4 2 0 5 5 4 4 6 6 3 3 7 7 2 0 8 8 5 5 9 9 3 3 10 10 4 4 11 11 6 6 12 12 5 5 13 13 4 4 14 14 7 7 15 15 5 5 16 16 6 6 17 17 8 8 18 18 7 7 19 19 6 6 20 20 9 9 21 21 7 7 22 22 8 8 23 23 10 10 24 24 9 9 25 25 8 8 26 26 11 11 27 27 9 9 28 28 10 10 29 29 12 12 30 30 11 11 31 31 10 10 32 32 13 13 33 33 11 11 34 34 12 12 35 35 14 14 36 36 13 13 37 37 12 12 38 38 15 15 39 39 13 13 40 40 14 14 41 41 16 16 42 42 15 15 43 43 14 14 44 44 17 17 45 45 15 15 46 46 16 16 47 47 18 18 48 48 17 17 49 49 16 16 50 50 19 19 51 51 17 17 52 52 18 18 53 53 20 20 54 54 19 19 55 55 18 18 56 56 21 21 57 57 19 19 58 58 20 20 59 59 22 22 60 60 21 21 61 61 20 20 62 62 23 23 63 63 21 21 64 64 22 22 65 65 0 2 66 66 23 23 67 67 22 22 68 68 1 1 69 69 23 23 70 70 0 2 71 71 26 24 72 72 25 25 73 73 24 26 74 74 27 27 75 75 25 25 76 76 26 24 77 77 28 28 78 78 27 27 79 79 26 24 80 80 29 29 81 81 27 27 82 82 28 28 83 83 30 30 84 84 29 29 85 85 28 28 86 86 31 31 87 87 29 29 88 88 30 30 89 89 32 32 90 90 31 31 91 91 30 30 92 92 33 33 93 93 31 31 94 94 32 32 95 95 34 34 96 96 33 33 97 97 32 32 98 98 35 35 99 99 33 33 100 100 34 34 101 101 36 36 102 102 35 35 103 103 34 34 104 104 37 37 105 105 35 35 106 106 36 36 107 107 38 38 108 108 37 37 109 109 36 36 110 110 39 39 111 111 37 37 112 112 38 38 113 113 40 40 114 114 39 39 115 115 38 38 116 116 41 41 117 117 39 39 118 118 40 40 119 119 42 42 120 120 41 41 121 121 40 40 122 122 43 43 123 123 41 41 124 124 42 42 125 125 44 44 126 126 43 43 127 127 42 42 128 128 45 45 129 129 43 43 130 130 44 44 131 131 46 46 132 132 45 45 133 133 44 44 134 134 47 47 135 135 45 45 136 136 46 46 137 137 24 26 138 138 47 47 139 139 46 46 140 140 25 25 141 141 47 47 142 142 24 26 143 143 50 48 144 144 49 49 145 145 48 50 146 146 51 51 147 147 49 49 148 148 50 48 149 149 52 52 150 150 51 51 151 151 50 48 152 152 53 53 153 153 51 51 154 154 52 52 155 155 54 54 156 156 53 53 157 157 52 52 158 158 55 55 159 159 53 53 160 160 54 54 161 161 56 56 162 162 55 55 163 163 54 54 164 164 57 57 165 165 55 55 166 166 56 56 167 167 58 58 168 168 57 57 169 169 56 56 170 170 42 42 171 171 60 59 172 172 59 60 173 173 61 61 174 174 60 59 175 175 42 42 176 176 40 40 177 177 61 61 178 178 42 42 179 179 62 62 180 180 61 61 181 181 40 40 182 182 38 38 183 183 62 62 184 184 40 40 185 185 63 63 186 186 62 62 187 187 38 38 188 188 36 36 189 189 63 63 190 190 38 38 191 191 64 64 192 192 63 63 193 193 36 36 194 194 65 65 195 195 64 64 196 196 36 36 197 197 66 66 198 198 19 67 199 199 17 68 200 200 21 69 201 201 19 67 202 202 66 66 203 203 67 70 204 204 21 69 205 205 66 66 206 206 23 71 207 207 21 69 208 208 67 70 209 209 68 72 210 210 23 71 211 211 67 70 212 212 1 73 213 213 23 71 214 214 68 72 215 215 3 74 216 216 1 73 217 217 68 72 218 218 4 4 219 219 70 75 220 220 69 76 221 221 71 77 222 222 70 75 223 223 4 4 224 224 2 0 225 225 71 77 226 226 4 4 227 227 72 78 228 228 71 77 229 229 2 0 230 230 0 2 231 231 72 78 232 232 2 0 233 233 73 79 234 234 72 78 235 235 0 2 236 236 74 80 237 237 73 79 238 238 0 2 239 239 22 22 240 240 74 80 241 241 0 2 242 242 75 81 243 243 74 80 244 244 22 22 245 245 20 20 246 246 75 81 247 247 22 22 248 248 76 82 249 249 75 81 250 250 20 20 251 251 18 18 252 252 76 82 253 253 20 20 254 254 77 83 255 255 76 82 256 256 18 18 257 257 78 84 258 258 77 83 259 259 18 18 260 260 81 85 261 261 80 86 262 262 79 87 263 263 82 88 264 264 80 86 265 265 81 85 266 266 83 89 267 267 82 88 268 268 81 85 269 269 84 90 270 270 82 88 271 271 83 89 272 272 85 91 273 273 84 90 274 274 83 89 275 275 86 92 276 276 84 90 277 277 85 91 278 278 87 93 279 279 86 92 280 280 85 91 281 281 90 94 282 282 89 95 283 283 88 96 284 284 91 97 285 285 89 95 286 286 90 94 287 287 92 98 288 288 91 97 289 289 90 94 290 290 93 99 291 291 91 97 292 292 92 98 293 293 94 100 294 294 93 99 295 295 92 98 296 296 95 101 297 297 93 99 298 298 94 100 299 299 96 102 300 300 95 101 301 301 94 100 302 302 28 28 303 303 98 103 304 304 97 104 305 305 99 105 306 306 98 103 307 307 28 28 308 308 26 24 309 309 99 105 310 310 28 28 311 311 100 106 312 312 99 105 313 313 26 24 314 314 24 26 315 315 100 106 316 316 26 24 317 317 101 107 318 318 100 106 319 319 24 26 320 320 102 108 321 321 101 107 322 322 24 26 323 323 103 109 324 324 43 110 325 325 41 111 326 326 45 112 327 327 43 110 328 328 103 109 329 329 104 113 330 330 45 112 331 331 103 109 332 332 47 114 333 333 45 112 334 334 104 113 335 335 105 115 336 336 47 114 337 337 104 113 338 338 25 116 339 339 47 114 340 340 105 115 341 341 27 117 342 342 25 116 343 343 105 115 344 344 108 118 345 345 107 119 346 346 106 120 347 347 109 121 348 348 107 119 349 349 108 118 350 350 110 122 351 351 109 121 352 352 108 118 353 353 111 123 354 354 109 121 355 355 110 122 356 356 112 124 357 357 111 123 358 358 110 122 359 359 113 125 360 360 111 123 361 361 112 124 362 362 114 126 363 363 113 125 364 364 112 124 365 365 117 127 366 366 116 128 367 367 115 129 368 368 118 130 369 369 116 128 370 370 117 127 371 371 119 131 372 372 118 130 373 373 117 127 374 374 120 132 375 375 118 130 376 376 119 131 377 377 121 133 378 378 120 132 379 379 119 131 380 380 122 134 381 381 120 132 382 382 121 133 383 383 125 135 384 384 124 136 385 385 123 137 386 386 126 138 387 387 124 136 388 388 125 135 389 389 127 139 390 390 126 138 391 391 125 135 392 392 128 140 393 393 126 138 394 394 127 139 395 395 58 58 396 396 128 140 397 397 127 139 398 398 56 56 399 399 128 140 400 400 58 58 401 401 10 10 402 402 129 141 403 403 12 12 404 404 130 142 405 405 129 141 406 406 10 10 407 407 8 8 408 408 130 142 409 409 10 10 410 410 131 143 411 411 130 142 412 412 8 8 413 413 69 76 414 414 131 143 415 415 8 8 416 416 132 144 417 417 3 74 418 418 68 72 419 419 5 145 420 420 3 74 421 421 132 144 422 422 133 146 423 423 5 145 424 424 132 144 425 425 7 147 426 426 5 145 427 427 133 146 428 428 9 148 429 429 7 147 430 430 133 146 431 431 134 149 432 432 9 148 433 433 133 146 434 434 11 150 435 435 9 148 436 436 134 149 437 437 135 151 438 438 11 150 439 439 134 149 440 440 13 152 441 441 11 150 442 442 135 151 443 443 15 153 444 444 13 152 445 445 135 151 446 446 138 154 447 447 137 155 448 448 136 156 449 449 139 157 450 450 137 155 451 451 138 154 452 452 79 87 453 453 139 157 454 454 138 154 455 455 140 158 456 456 139 157 457 457 79 87 458 458 80 86 459 459 140 158 460 460 79 87 461 461 141 159 462 462 87 93 463 463 85 91 464 464 142 160 465 465 87 93 466 466 141 159 467 467 143 161 468 468 142 160 469 469 141 159 470 470 122 134 471 471 142 160 472 472 143 161 473 473 120 132 474 474 122 134 475 475 143 161 476 476 144 162 477 477 96 102 478 478 94 100 479 479 145 163 480 480 96 102 481 481 144 162 482 482 146 164 483 483 145 163 484 484 144 162 485 485 147 165 486 486 145 163 487 487 146 164 488 488 148 166 489 489 147 165 490 490 146 164 491 491 34 34 492 492 65 65 493 493 36 36 494 494 149 167 495 495 65 65 496 496 34 34 497 497 32 32 498 498 149 167 499 499 34 34 500 500 150 168 501 501 149 167 502 502 32 32 503 503 97 104 504 504 150 168 505 505 32 32 506 506 46 46 507 507 102 108 508 508 24 26 509 509 151 169 510 510 102 108 511 511 46 46 512 512 44 44 513 513 151 169 514 514 46 46 515 515 59 60 516 516 151 169 517 517 44 44 518 518 42 42 519 519 59 60 520 520 44 44 521 521 152 170 522 522 27 117 523 523 105 115 524 524 29 171 525 525 27 117 526 526 152 170 527 527 153 172 528 528 29 171 529 529 152 170 530 530 31 173 531 531 29 171 532 532 153 172 533 533 33 174 534 534 31 173 535 535 153 172 536 536 154 175 537 537 33 174 538 538 153 172 539 539 35 176 540 540 33 174 541 541 154 175 542 542 155 177 543 543 35 176 544 544 154 175 545 545 37 178 546 546 35 176 547 547 155 177 548 548 39 179 549 549 37 178 550 550 155 177 551 551 156 180 552 552 114 126 553 553 112 124 554 554 157 181 555 555 114 126 556 556 156 180 557 557 158 182 558 558 157 181 559 559 156 180 560 560 159 183 561 561 157 181 562 562 158 182 563 563 160 184 564 564 159 183 565 565 158 182 566 566 163 185 567 567 162 186 568 568 161 187 569 569 164 188 570 570 162 186 571 571 163 185 572 572 148 166 573 573 164 188 574 574 163 185 575 575 146 164 576 576 164 188 577 577 148 166 578 578 167 189 579 579 166 190 580 580 165 191 581 581 168 192 582 582 166 190 583 583 167 189 584 584 160 184 585 585 168 192 586 586 167 189 587 587 158 182 588 588 168 192 589 589 160 184 590 590 16 16 591 591 78 84 592 592 18 18 593 593 169 193 594 594 78 84 595 595 16 16 596 596 14 14 597 597 169 193 598 598 16 16 599 599 136 156 600 600 171 194 601 601 170 195 602 602 172 196 603 603 171 194 604 604 136 156 605 605 137 155 606 606 172 196 607 607 136 156 608 608 175 197 609 609 174 198 610 610 173 199 611 611 176 200 612 612 174 198 613 613 175 197 614 614 177 201 615 615 176 200 616 616 175 197 617 617 85 91 618 618 178 202 619 619 165 203 620 620 83 89 621 621 178 202 622 622 85 91 623 623 83 89 624 624 106 204 625 625 178 202 626 626 81 85 627 627 106 204 628 628 83 89 629 629 179 205 630 630 12 12 631 631 129 141 632 632 180 206 633 633 12 12 634 634 179 205 635 635 6 6 636 636 69 76 637 637 8 8 638 638 4 4 639 639 69 76 640 640 6 6 641 641 17 68 642 642 181 207 643 643 66 66 644 644 15 153 645 645 181 207 646 646 17 68 647 647 124 136 648 648 148 208 649 649 147 209 650 650 126 138 651 651 148 208 652 652 124 136 653 653 147 209 654 654 182 210 655 655 124 136 656 656 145 211 657 657 182 210 658 658 147 209 659 659 145 211 660 660 177 201 661 661 182 210 662 662 96 212 663 663 177 201 664 664 145 211 665 665 116 128 666 666 171 194 667 667 115 129 668 668 170 195 669 669 171 194 670 670 116 128 671 671 96 212 672 672 176 200 673 673 177 201 674 674 95 213 675 675 176 200 676 676 96 212 677 677 95 213 678 678 174 198 679 679 176 200 680 680 93 214 681 681 174 198 682 682 95 213 683 683 93 214 684 684 183 215 685 685 174 198 686 686 91 216 687 687 183 215 688 688 93 214 689 689 91 216 690 690 50 48 691 691 183 215 692 692 89 217 693 693 50 48 694 694 91 216 695 695 180 206 696 696 14 14 697 697 12 12 698 698 169 193 699 699 14 14 700 700 180 206 701 701 48 50 702 702 183 215 703 703 50 48 704 704 184 218 705 705 183 215 706 706 48 50 707 707 184 218 708 708 174 198 709 709 183 215 710 710 173 199 711 711 174 198 712 712 184 218 713 713 89 217 714 714 52 52 715 715 50 48 716 716 88 219 717 717 52 52 718 718 89 217 719 719 185 220 720 720 177 201 721 721 175 197 722 722 186 221 723 723 177 201 724 724 185 220 725 725 186 221 726 726 182 210 727 727 177 201 728 728 187 222 729 729 182 210 730 730 186 221 731 731 187 222 732 732 124 136 733 733 182 210 734 734 123 137 735 735 124 136 736 736 187 222 737 737 126 138 738 738 163 223 739 739 148 208 740 740 128 140 741 741 163 223 742 742 126 138 743 743 162 186 744 744 188 224 745 745 161 187 746 746 189 225 747 747 188 224 748 748 162 186 749 749 189 225 750 750 88 96 751 751 188 224 752 752 90 94 753 753 88 96 754 754 189 225 755 755 128 140 756 756 161 226 757 757 163 223 758 758 56 56 759 759 161 226 760 760 128 140 761 761 56 56 762 762 188 227 763 763 161 226 764 764 54 54 765 765 188 227 766 766 56 56 767 767 54 54 768 768 88 219 769 769 188 227 770 770 52 52 771 771 88 219 772 772 54 54 773 773 159 228 774 774 118 130 775 775 120 132 776 776 157 229 777 777 118 130 778 778 159 228 779 779 157 229 780 780 116 128 781 781 118 130 782 782 114 230 783 783 116 128 784 784 157 229 785 785 30 30 786 786 97 104 787 787 32 32 788 788 28 28 789 789 97 104 790 790 30 30 791 791 114 230 792 792 170 195 793 793 116 128 794 794 113 231 795 795 170 195 796 796 114 230 797 797 113 231 798 798 136 156 799 799 170 195 800 800 111 232 801 801 136 156 802 802 113 231 803 803 111 232 804 804 138 154 805 805 136 156 806 806 109 233 807 807 138 154 808 808 111 232 809 809 41 111 810 810 190 234 811 811 103 109 812 812 39 179 813 813 190 234 814 814 41 111 815 815 109 233 816 816 79 87 817 817 138 154 818 818 107 235 819 819 79 87 820 820 109 233 821 821 107 235 822 822 81 85 823 823 79 87 824 824 106 204 825 825 81 85 826 826 107 235 827 827 166 190 828 828 178 236 829 829 165 191 830 830 191 237 831 831 178 236 832 832 166 190 833 833 191 237 834 834 106 120 835 835 178 236 836 836 108 118 837 837 106 120 838 838 191 237 839 839 120 132 840 840 160 238 841 841 159 228 842 842 143 161 843 843 160 238 844 844 120 132 845 845 143 161 846 846 167 239 847 847 160 238 848 848 141 159 849 849 167 239 850 850 143 161 851 851 141 159 852 852 165 203 853 853 167 239 854 854 85 91 855 855 165 203 856 856 141 159 857 857 15 153 858 858 135 151 859 859 181 207 860 860 39 179 861 861 155 177 862 862 190 234 863 863</p>
        </triangles>
      </mesh>
    </geometry>
    <geometry id="polygon0-mesh" name="polygon0">
      <mesh>
        <source id="polygon0-mesh-positions">
          <float_array id="polygon0-mesh-positions-array" count="612">-76.27795 12.27393 -48.89117 -76.25616 15.66418 -54.18204 -49.09267 27.04679 -43.00001 -76.3055 21.00966 -57.44315 -76.37215 26.88933 -58.46222 -41.52489 43.4332 -42.96986 -41.55576 38.51066 -31.32253 -48.96355 27.04679 -43.00001 -41.5405 26.86418 -26.37311 -41.59358 15.0179 -31.12645 -41.60041 9.728354 -42.96983 -41.57124 15.13488 -54.69744 -41.48712 26.86709 -59.17096 -76.32007 42.73948 -42.96131 -76.27415 41.51534 -37.02415 -76.27752 38.02968 -31.81736 -76.33079 32.71653 -28.59867 -76.29854 26.88655 -27.08185 -76.26202 20.9248 -28.27435 -76.22537 15.55225 -31.62976 -76.22537 12.02398 -36.93077 -76.04471 10.52957 -42.96983 -76.33335 32.71171 -57.31182 -76.25278 38.03271 -54.10918 -76.31908 41.3052 -48.81245 41.55576 38.51066 -31.32253 41.52489 43.4332 -42.96986 48.96355 27.04679 -43.00001 41.57369 38.60269 -54.71016 41.48712 26.86709 -59.17096 35.25253 29.92299 64.05231 35.2286 33.73892 55.02337 40.995 21.03627 55 35.26643 29.99434 45.92236 35.19931 20.89697 42.46437 62.16602 32.2522 59.63244 62.20161 33.20115 55.02999 41.09509 21.03627 55 62.20083 32.0893 50.49422 62.14945 29.55249 46.38823 71.00781 16.25876 -31.97315 71.00781 27.18785 -26.30371 75.87528 27.18785 -42.90224 71.00781 38.11695 -31.97315 71.00781 43.78642 -42.90224 -71.00781 27.18785 -26.30371 -71.00781 16.25876 -31.97316 -75.87528 27.18785 -42.90224 -71.00781 10.58931 -42.90222 -71.00781 16.25876 -53.83131 -71.00781 27.18785 -59.50076 -71.00781 38.11695 -53.83131 -71.00781 43.78642 -42.90224 76.27415 41.51534 -37.02415 76.32007 42.73948 -42.96131 49.09267 27.04679 -43.00001 76.31908 41.3052 -48.81245 76.25278 38.03271 -54.10918 58.08358 12.67346 63.54794 58.08358 21.14562 67.94286 61.85681 21.14562 55.07578 58.08358 29.61779 63.54794 58.08358 34.01273 55.07578 -35.2286 33.73892 55.02337 -35.25253 29.92299 64.05231 -40.995 21.03627 55 -35.2407 20.89471 67.88906 -35.28185 11.71155 64.2043 -35.28714 7.611128 55.02339 -35.26453 11.80223 45.93222 -35.19931 20.89697 42.46437 -62.20161 33.20115 55.02999 -62.16602 32.2522 59.63244 -41.09509 21.03627 55 -62.16862 29.55014 63.66871 -62.20992 25.43142 66.16383 -62.18491 20.91205 67.33965 -62.1566 16.29054 66.41524 -62.1282 12.12577 63.81414 -62.1282 9.39068 59.70483 -61.98814 8.232226 55.02339 -62.16896 9.584439 50.4332 -62.15207 12.21254 46.33175 -62.19031 16.35633 43.80376 -62.24197 20.91421 43.01378 -62.2119 25.42768 43.90556 -62.14945 29.55249 46.38823 -62.20084 32.08931 50.49422 -58.08358 21.14562 67.94286 -58.08358 12.67346 63.54794 -61.85681 21.14562 55.07578 -58.08358 8.278532 55.0758 -58.08358 12.67346 46.60363 -58.08358 21.14562 42.20871 -58.08358 29.61779 46.60363 -58.08358 34.01273 55.07578 75.70531 44.0535 -49.96878 75.70531 45.76778 -43.00005 75.70531 7.995768 -43.00003 76.04471 10.52957 -42.96983 75.70531 9.710056 -49.96878 76.27795 12.27393 -48.89117 75.70531 13.78726 -29.90553 76.22537 15.55225 -31.62976 75.70531 9.710052 -36.03129 76.22537 12.02398 -36.93077 75.70531 26.88177 -24.21306 76.29854 26.88655 -27.08185 75.70531 19.91302 -25.82834 76.26202 20.9248 -28.27435 75.70531 39.97628 -29.90553 76.27752 38.02968 -31.81736 75.70531 33.85053 -25.82834 76.33079 32.71653 -28.59867 75.70531 44.0535 -36.03129 75.70531 39.97628 -56.09454 75.70531 33.85052 -60.17173 76.33335 32.71171 -57.31182 75.70531 13.78726 -56.09454 76.25616 15.66418 -54.18204 75.70531 19.91301 -60.17173 76.3055 21.00966 -57.44315 -61.72505 6.268038 54.99998 -61.72505 7.596943 49.59785 -61.72505 10.75756 65.15075 -61.72505 7.596939 60.4021 -61.72505 20.90835 69.56351 -61.72505 15.50622 68.31137 -61.72504 31.05913 65.15075 -61.72505 26.31049 68.31137 -61.72504 35.54866 54.99996 -61.72504 34.21977 60.4021 -61.72504 31.05913 44.8492 -61.72504 34.21977 49.59785 -61.72505 26.31048 41.68858 -61.72505 10.75757 44.8492 -61.72505 15.50621 41.68858 61.72504 15.50621 41.68858 62.19031 16.35633 43.80376 61.72504 20.90834 40.43642 62.24197 20.91421 43.01378 61.72504 7.596942 49.59785 62.16895 9.584441 50.4332 61.72504 10.75757 44.8492 62.15207 12.21254 46.33175 61.72504 15.50622 68.31137 62.1566 16.29054 66.41524 61.72504 10.75757 65.15075 62.1282 12.12577 63.81414 61.72504 26.31049 68.31137 62.20992 25.43141 66.16383 61.72504 20.90835 69.56351 62.18491 20.91205 67.33965 61.72504 34.21977 60.4021 61.72504 31.05913 65.15075 62.16862 29.55014 63.66871 61.72504 26.31048 41.68858 62.2119 25.42768 43.90556 61.72504 34.21977 49.59785 61.72504 35.54866 54.99996 61.72504 6.268038 54.99998 61.98814 8.232226 55.02339 61.72504 7.59694 60.4021 62.1282 9.39068 59.70483 61.72504 31.05913 44.8492 -61.72505 20.90834 40.43642 -75.70531 9.710057 -49.96878 -75.70531 13.78726 -56.09454 -75.70531 9.710052 -36.03129 -75.70531 7.995768 -43.00003 -41.57369 38.60269 -54.71016 -75.70531 19.91302 -25.82834 -75.70531 13.78726 -29.90553 -75.70531 33.85053 -25.82834 -75.70531 26.88177 -24.21306 -75.70531 44.0535 -36.03129 -75.70531 39.97628 -29.90553 -75.70531 26.88176 -61.78703 -75.70531 33.85052 -60.17172 -75.70531 44.0535 -49.96878 -75.70531 45.76778 -43.00005 41.5405 26.86418 -26.37311 41.59358 15.0179 -31.12645 41.60041 9.728354 -42.96983 41.57124 15.13488 -54.69744 35.2407 20.89471 67.88906 35.28185 11.71155 64.2043 35.28714 7.611128 55.02339 35.26453 11.80223 45.93222 -71.00781 38.11695 -31.97316 -75.70531 39.97628 -56.09454 76.37215 26.88933 -58.46222 58.08358 8.278533 55.0758 58.08358 12.67346 46.60363 58.08358 21.14562 42.20871 58.08358 29.61779 46.60363 71.00781 10.58931 -42.90222 71.00781 16.25876 -53.83131 71.00781 27.18785 -59.50076 71.00781 38.11695 -53.83131 -75.70531 19.91301 -60.17172 -35.26643 29.99434 45.92236 75.70531 26.88176 -61.78703 -58.08358 29.6178 63.54794</float_array>
          <technique_common>
            <accessor source="#polygon0-mesh-positions-array" count="204" stride="3">
              <param name="X" type="float"/>
              <param name="Y" type="float"/>
              <param name="Z" type="float"/>
            </accessor>
          </technique_common>
        </source>
        <source id="polygon0-mesh-normals">
          <float_array id="polygon0-mesh-normals-array" count="804">-0.9998188 -0.01668244 0.009168922 -0.5063962 0.6021251 0.6172587 -0.5043247 0.7818914 0.3664732 -0.4983015 0.3006021 0.8132244 -0.4930398 -0.01143014 0.8699317 -1 2.36556e-7 5.28991e-7 -1 -2.20537e-6 -2.00719e-5 -0.9982694 -0.05880129 7.81089e-4 -0.9980995 0.002059698 -0.06158953 -0.9998212 0.01568156 -0.01056963 -0.9974913 0.07078087 -0.001147031 -0.999875 0.01489144 0.005327641 -0.9985323 1.04964e-4 0.05416029 -0.4990823 -0.7999953 -0.3330535 -0.4992617 -0.8662623 0.01809453 -0.499447 -0.5971165 -0.6276978 -0.4939483 -0.3375089 -0.8013133 -0.5046964 -0.02782654 -0.8628484 -0.5061374 0.3156089 -0.8026307 -0.5117895 0.5974474 -0.6173559 -0.5124053 0.7829003 -0.3528569 -0.5224078 0.8524346 0.02110475 -0.4918701 -0.3091204 0.8139463 -0.498682 -0.6090802 0.6167153 -0.4922506 -0.8037327 0.3342204 1 0 2.62167e-7 0.9982725 -0.05875027 7.81298e-4 1 -2.16067e-6 -2.00868e-5 1 5.0664e-6 -2.11597e-6 0.9985323 1.04994e-4 0.05416041 1 1.22429e-7 3.90457e-7 0.9982725 -0.05875074 7.81298e-4 1 -2.22027e-6 -1.99974e-5 1 4.58956e-6 -2.45869e-6 0.9985323 1.05456e-4 0.05416011 0.9998188 -0.01668334 0.009169578 0.4992617 -0.8662615 0.01813787 0.4990821 -0.7999956 -0.3330531 0.4922536 -0.8038173 0.3340122 0.4986331 -0.6088549 0.6169771 1 -2.09258e-7 -1.96179e-7 0.9595915 -2.02932e-7 0.2813972 0.9538196 -0.2124008 0.2124006 0.9538197 0.2124008 0.2124006 0.9595915 0.2813969 0 -1 -1.88332e-7 0 -0.9538196 -0.2124012 0.2124007 -0.9595913 0 0.2813974 -0.9595913 -0.2813974 2.36754e-7 -0.9538196 -0.2124009 -0.2124007 -0.9595913 0 -0.2813975 -0.9538196 0.2124006 -0.2124007 -0.9595916 0.2813968 0 0.9998188 -0.01668226 0.00916922 0.4992617 -0.8662623 0.01809453 0.4990823 -0.7999952 -0.3330534 0.4922524 -0.8037838 0.3340948 0.4986819 -0.6090803 0.6167153 1 -4.17207e-7 0 0.9595915 -2.84105e-7 0.281397 0.9538199 -0.2124 0.2124005 0.95382 0.2123993 0.2124004 0.9595918 0.2813959 0 -1 2.06754e-7 6.6869e-7 -1 -2.17557e-6 -2.00421e-5 -0.9982724 -0.05875074 7.81313e-4 -0.9980995 0.002060115 -0.06158924 -0.9998212 0.01568138 -0.01056969 -0.9974913 0.07078045 -0.00114721 -0.9998749 0.01489228 0.00532788 -0.9985323 1.05366e-4 0.05416011 -0.9998185 -0.01669555 0.009178996 -0.4990821 -0.7999956 -0.3330531 -0.4992618 -0.8662642 0.01800537 -0.499447 -0.5971171 -0.6276973 -0.4939495 -0.3376333 -0.80126 -0.5046957 -0.0278716 -0.8628473 -0.5061668 0.3152701 -0.8027454 -0.511792 0.5975105 -0.6172928 -0.5124047 0.7829003 -0.3528578 -0.5224078 0.8524346 0.02110445 -0.5043244 0.7818527 0.3665564 -0.5063962 0.6021246 0.6172592 -0.4983015 0.3006026 0.8132244 -0.4930398 -0.01142901 0.8699318 -0.4919035 -0.3086541 0.814103 -0.4986821 -0.6090801 0.6167153 -0.4922536 -0.8038175 0.3340119 -1 -4.36825e-7 -1.37325e-7 -0.9538199 -0.2123999 0.2124005 -0.9595915 -3.99099e-7 0.2813969 -0.9595915 -0.2813967 2.57047e-7 -0.9538198 -0.2124004 -0.2124004 -0.9595915 -3.17927e-7 -0.2813971 -0.9538199 0.2123997 -0.2124005 -0.9595918 0.281396 -1.96168e-7 0.9799801 0.1990954 -2.27603e-6 0.9798491 0.1825883 -0.08097797 0.9798525 0.1825821 -0.08094978 0.9799899 0.1990475 -4.43587e-5 0.9827573 -0.1707847 -0.07085752 0.9854446 -0.1699967 1.9366e-4 0.9854483 -0.1699755 1.82321e-4 0.9827615 -0.170759 -0.0708611 0.9824048 -0.1722216 0.07225453 0.9785428 -0.1454908 0.1458994 0.9785282 -0.1458231 0.1456651 0.9824005 -0.1722404 0.07226669 0.9785887 -0.08159804 0.1889607 0.9792652 1.83099e-4 0.2025822 0.9792371 1.78317e-4 0.2027185 0.9785632 -0.08117812 0.1892731 0.9787804 0.08113718 0.1881642 0.9787629 0.1447547 0.145152 0.978705 0.1452778 0.1450206 0.9788336 0.08122777 0.1878482 0.9789196 0.1869064 0.08235573 0.9788684 0.1869898 0.08277332 0.9802901 0.1397659 -0.1396312 0.9802919 0.139758 -0.1396268 0.9802099 0.07904058 -0.1814972 0.9802092 0.07904142 -0.1815012 0.9797948 -0.07934284 -0.183595 0.9795363 -0.1423906 -0.1422451 0.9796049 -0.1421936 -0.1419693 0.9797993 -0.07921189 -0.1836273 -0.9854458 -0.1699903 1.89034e-4 -0.9827565 -0.1707894 -0.07085615 -0.9854496 -0.1699681 1.78254e-4 -0.9827604 -0.1707656 -0.07086068 -0.9785491 -0.145533 0.1458142 -0.9824039 -0.1722252 0.07225644 -0.9785282 -0.1458216 0.145666 -0.9824001 -0.1722426 0.07226842 -0.9792653 1.83082e-4 0.2025821 -0.9786176 -0.08111405 0.189019 -0.9792096 2.30535e-4 0.2028511 -0.9785839 -0.08144003 0.1890532 -0.9787674 0.1448073 0.1450697 -0.9787805 0.08113628 0.1881642 -0.978776 0.1447983 0.1450209 -0.9788337 0.08122628 0.1878483 -0.9799892 0.1990505 -4.44913e-5 -0.9789178 0.1869534 0.08226919 -0.9799586 0.1992011 2.19169e-4 -0.9788668 0.1869978 0.08277583 -0.9802888 0.1397679 -0.1396386 -0.9798513 0.1825874 -0.08095329 -0.9802999 0.1397375 -0.1395912 -0.9798566 0.1825633 -0.08094263 -0.9802101 0.07904064 -0.1814962 -0.9802095 0.07904171 -0.1814991 -0.9795363 -0.1423889 -0.1422469 -0.9797984 -0.07942283 -0.1835409 -0.9795272 -0.1422486 -0.1424501 -0.979793 -0.07939958 -0.1835796 0.9804514 5.17272e-5 -0.1967619 0.9797962 -0.07930558 -0.1836037 0.9797946 -0.07934141 -0.183596 0.9804623 5.64686e-4 -0.1967064 0.979526 -0.1422535 -0.1424529 0.9827612 -0.1707613 -0.0708605 0.9827644 -0.1707403 -0.07086521 0.9795352 -0.1423937 -0.1422498 0.9785268 -0.1458273 0.1456704 0.9785629 -0.08117735 0.1892747 0.9785971 -0.0814529 0.1889798 0.978549 -0.1455327 0.145816 0.9792368 1.8107e-4 0.2027201 0.9788329 0.08122628 0.1878528 0.9787802 0.08113682 0.1881654 0.9792663 8.34489e-5 0.2025775 0.9787761 0.1447979 0.1450209 0.9788666 0.1869986 0.08277577 0.9789178 0.1869537 0.08226889 0.9787673 0.1448067 0.1450706 0.9802088 0.07904094 -0.1815034 0.9802179 0.0790441 -0.1814523 0.9799673 0.1991589 1.29736e-4 0.9798489 0.1825888 -0.08097863 0.9798618 0.1825439 -0.08092451 0.9799893 0.1990503 -4.59415e-5 0.9854449 -0.1699957 1.92259e-4 0.9854481 -0.1699767 1.81457e-4 0.9824028 -0.1722302 0.07226043 0.9823989 -0.1722471 0.07227182 0.9802973 0.1397554 -0.1395916 0.9802905 0.1397618 -0.1396332 -0.9804632 5.66617e-4 -0.1967022 -0.9804522 5.33046e-5 -0.1967574 -0.9827615 -0.1707589 -0.07086122 -0.9795275 -0.1422476 -0.1424482 -0.9827573 -0.1707844 -0.07085764 -0.9795364 -0.1423897 -0.1422454 -0.9824006 -0.1722401 0.07226669 -0.9854484 -0.1699751 1.82294e-4 -0.9824048 -0.1722212 0.07225453 -0.9854447 -0.1699965 1.93649e-4 -1 5.34952e-6 -2.11596e-6 -0.9785837 -0.08143991 0.1890547 -0.9785282 -0.1458231 0.1456651 -0.9785971 -0.08145344 0.1889795 -0.9785427 -0.1454908 0.1458994 -0.9788336 0.08122777 0.1878482 -0.9792371 1.78508e-4 0.2027183 -0.9787804 0.081137 0.1881642 -0.9792652 1.82814e-4 0.2025822 -0.9789133 0.1868995 0.08244723 -0.9787767 0.1447939 0.145021 -0.9789196 0.1869061 0.08235603 -0.9787675 0.1448069 0.1450698 -0.9804271 1.11744e-4 -0.1968826 -0.9802008 0.07903355 -0.1815488 -0.9804519 5.27609e-5 -0.1967594 -0.9802184 0.0790444 -0.1814495 -0.9798576 0.1825603 -0.08093851 -0.9799802 0.1990953 -2.39267e-6 -0.9798622 0.182542 -0.08092319 -0.9799899 0.1990473 -4.43598e-5 0.9980995 0.002059757 -0.06158941 0.9998213 0.01568162 -0.01056963 0.9974912 0.07078087 -0.001146912 0.999875 0.01489144 0.005327761 0.9980995 0.002060174 -0.06158924 0.9998212 0.0156815 -0.01056963 0.9974913 0.07078045 -0.00114715 0.9998749 0.01489222 0.00532788 0.4994529 -0.5968592 -0.6279379 0.4939495 -0.3376332 -0.8012601 0.5046958 -0.02787178 -0.8628473 0.5061668 0.3152701 -0.8027454 0.5117919 0.5975105 -0.6172927 0.5123892 0.7827607 -0.35319 0.5224084 0.8524311 0.02123308 0.5043244 0.7818527 0.3665563 0.5063942 0.6020624 0.6173216 0.4983015 0.3006026 0.8132244 -0.9538196 0.2124009 0.2124006 -0.98029 0.1397661 -0.1396313 -0.9802918 0.1397584 -0.139627 0.499447 -0.5971165 -0.6276978 0.4939484 -0.3375089 -0.8013132 0.5046965 -0.0278266 -0.8628483 0.5061374 0.3156089 -0.8026307 0.5117895 0.5974473 -0.6173558 0.5124053 0.7829003 -0.3528569 0.5224078 0.8524346 0.02110475 0.5043246 0.7818913 0.3664732 0.5063961 0.6021252 0.6172587 0.4983015 0.3006021 0.8132244 0.4930397 -0.01143014 0.8699318 0.4918754 -0.3091197 0.8139433 0.9595915 -0.2813967 2.50283e-7 0.9538198 -0.2124003 -0.2124004 0.9595915 -3.17927e-7 -0.2813971 0.95382 0.2123997 -0.2124005 0.493041 -0.01156342 0.8699293 0.4918752 -0.3091207 0.813943 0.9595914 -0.2813973 1.96168e-7 0.9538195 -0.212401 -0.2124006 0.9595913 0 -0.2813975 0.9538196 0.2124005 -0.2124007 -0.9797947 -0.07934218 -0.1835952 -0.9797962 -0.07930612 -0.1836033 -1 4.55976e-6 -2.5332e-6 0.980452 5.23174e-5 -0.1967592 0.9804379 2.47632e-4 -0.196829 -0.9538201 0.2123992 0.2124002</float_array>
          <technique_common>
            <accessor source="#polygon0-mesh-normals-array" count="268" stride="3">
              <param name="X" type="float"/>
              <param name="Y" type="float"/>
              <param name="Z" type="float"/>
            </accessor>
          </technique_common>
        </source>
        <source id="polygon0-mesh-map-0">
          <float_array id="polygon0-mesh-map-0-array" count="1536">0.8895264 0.5163574 0.9521484 0.4891357 0.920166 0.4816895 0.9748535 0.5015869 0.9521484 0.4891357 0.8895264 0.5163574 0.9787598 0.5161133 0.9748535 0.5015869 0.8895264 0.5163574 -0.5068359 0.769165 -0.6992188 0.8704834 -0.5080566 0.9088135 -0.7731934 0.7744141 -0.6992188 0.8704834 -0.5068359 0.769165 -0.7175293 0.6660156 -0.7731934 0.7744141 -0.5068359 0.769165 -0.5068359 0.769165 -0.5065918 0.614502 -0.7175293 0.6660156 -0.3024902 0.6594238 -0.5065918 0.614502 -0.5068359 0.769165 -0.2330322 0.7679443 -0.3024902 0.6594238 -0.5068359 0.769165 0.8895264 0.5163574 0.8555908 0.5472412 0.8883057 0.5494385 0.8278809 0.5410156 0.8555908 0.5472412 0.8895264 0.5163574 0.8100586 0.5310059 0.8278809 0.5410156 0.8895264 0.5163574 0.8895264 0.5163574 0.7973633 0.5175781 0.8100586 0.5310059 0.8043213 0.5026855 0.7973633 0.5175781 0.8895264 0.5163574 0.8221436 0.4910889 0.8043213 0.5026855 0.8895264 0.5163574 0.8895264 0.5163574 0.8520508 0.482666 0.8221436 0.4910889 0.8879395 0.4796143 0.8520508 0.482666 0.8895264 0.5163574 0.920166 0.4816895 0.8879395 0.4796143 0.8895264 0.5163574 0.8895264 0.5163574 0.9683838 0.529541 0.9787598 0.5161133 0.9476318 0.5404053 0.9683838 0.529541 0.8895264 0.5163574 0.9197998 0.5472412 0.9476318 0.5404053 0.8895264 0.5163574 -0.5068359 0.769165 -0.5080566 0.9088135 -0.6992188 0.8704834 -0.3155518 0.8673096 -0.5080566 0.9088135 -0.5068359 0.769165 -0.2330322 0.7679443 -0.3155518 0.8673096 -0.5068359 0.769165 -0.5068359 0.769165 -0.5080566 0.9088135 -0.6992188 0.8704834 -0.3155518 0.8673096 -0.5080566 0.9088135 -0.5068359 0.769165 -0.2330322 0.7679443 -0.3155518 0.8673096 -0.5068359 0.769165 0.8895264 0.5163574 0.8883057 0.5494385 0.8555908 0.5472412 0.9197998 0.5472412 0.8883057 0.5494385 0.8895264 0.5163574 0.9476318 0.5404053 0.9197998 0.5472412 0.8895264 0.5163574 -1.504639 0.7624512 -1.504883 0.9279785 -1.719116 0.873291 -1.28833 0.8752441 -1.504883 0.9279785 -1.504639 0.7624512 -1.174072 0.762207 -1.28833 0.8752441 -1.504639 0.7624512 -1.504639 0.7624512 -1.719116 0.873291 -1.504883 0.9279785 -1.829346 0.7574463 -1.719116 0.873291 -1.504639 0.7624512 -1.710449 0.6489258 -1.829346 0.7574463 -1.504639 0.7624512 -1.504639 0.7624512 -1.505859 0.5928955 -1.710449 0.6489258 -1.286133 0.6557617 -1.505859 0.5928955 -1.504639 0.7624512 -1.174072 0.762207 -1.286133 0.6557617 -1.504639 0.7624512 0.8895264 0.5163574 0.8883057 0.5494385 0.8555908 0.5472412 0.9197998 0.5472412 0.8883057 0.5494385 0.8895264 0.5163574 0.9476318 0.5404053 0.9197998 0.5472412 0.8895264 0.5163574 -1.504639 0.7624512 -1.504883 0.9279785 -1.719116 0.873291 -1.28833 0.8752441 -1.504883 0.9279785 -1.504639 0.7624512 -1.174072 0.762207 -1.28833 0.8752441 -1.504639 0.7624512 -0.5068359 0.769165 -0.6992188 0.8704834 -0.5080566 0.9088135 -0.7731934 0.7744141 -0.6992188 0.8704834 -0.5068359 0.769165 -0.7175293 0.6660156 -0.7731934 0.7744141 -0.5068359 0.769165 -0.5068359 0.769165 -0.5065918 0.614502 -0.7175293 0.6660156 -0.3024902 0.6594238 -0.5065918 0.614502 -0.5068359 0.769165 -0.2330322 0.7679443 -0.3024902 0.6594238 -0.5068359 0.769165 0.8895264 0.5163574 0.8555908 0.5472412 0.8883057 0.5494385 0.8278809 0.5410156 0.8555908 0.5472412 0.8895264 0.5163574 0.8100586 0.5310059 0.8278809 0.5410156 0.8895264 0.5163574 0.8895264 0.5163574 0.7973633 0.5175781 0.8100586 0.5310059 0.8043213 0.5026855 0.7973633 0.5175781 0.8895264 0.5163574 0.8221436 0.4910889 0.8043213 0.5026855 0.8895264 0.5163574 0.8895264 0.5163574 0.8520508 0.482666 0.8221436 0.4910889 0.8879395 0.4796143 0.8520508 0.482666 0.8895264 0.5163574 0.920166 0.4816895 0.8879395 0.4796143 0.8895264 0.5163574 0.8895264 0.5163574 0.9521484 0.4891357 0.920166 0.4816895 0.9748535 0.5015869 0.9521484 0.4891357 0.8895264 0.5163574 0.9787598 0.5161133 0.9748535 0.5015869 0.8895264 0.5163574 0.8895264 0.5163574 0.9683838 0.529541 0.9787598 0.5161133 0.9476318 0.5404053 0.9683838 0.529541 0.8895264 0.5163574 0.9197998 0.5472412 0.9476318 0.5404053 0.8895264 0.5163574 -1.504639 0.7624512 -1.719116 0.873291 -1.504883 0.9279785 -1.829346 0.7574463 -1.719116 0.873291 -1.504639 0.7624512 -1.710449 0.6489258 -1.829346 0.7574463 -1.504639 0.7624512 -1.504639 0.7624512 -1.505859 0.5928955 -1.710449 0.6489258 -1.286133 0.6557617 -1.505859 0.5928955 -1.504639 0.7624512 -1.174072 0.762207 -1.286133 0.6557617 -1.504639 0.7624512 0.01794433 0.479126 0.09313964 0.552124 0.09313964 0.479126 0.01794433 0.552124 0.09313964 0.552124 0.01794433 0.479126 0.01794433 0.479126 0.09313964 0.552124 0.09313964 0.479126 0.01794433 0.552124 0.09313964 0.552124 0.01794433 0.479126 0.01794433 0.479126 0.09313964 0.552124 0.09313964 0.479126 0.01794433 0.552124 0.09313964 0.552124 0.01794433 0.479126 0.01794433 0.479126 0.09313964 0.552124 0.09313964 0.479126 0.01794433 0.552124 0.09313964 0.552124 0.01794433 0.479126 0.01794433 0.479126 0.09313964 0.552124 0.09313964 0.479126 0.01794433 0.552124 0.09313964 0.552124 0.01794433 0.479126 0.01794433 0.479126 0.09313964 0.552124 0.09313964 0.479126 0.01794433 0.552124 0.09313964 0.552124 0.01794433 0.479126 0.01794433 0.479126 0.09313964 0.552124 0.09313964 0.479126 0.01794433 0.552124 0.09313964 0.552124 0.01794433 0.479126 0.01794433 0.479126 0.09313964 0.552124 0.09313964 0.479126 0.01794433 0.552124 0.09313964 0.552124 0.01794433 0.479126 0.01794433 0.479126 0.09313964 0.552124 0.09313964 0.479126 0.01794433 0.552124 0.09313964 0.552124 0.01794433 0.479126 0.09313964 0.552124 0.01794433 0.479126 0.09313964 0.479126 0.01794433 0.552124 0.01794433 0.479126 0.09313964 0.552124 0.09313964 0.552124 0.01794433 0.479126 0.09313964 0.479126 0.01794433 0.552124 0.01794433 0.479126 0.09313964 0.552124 0.09313964 0.552124 0.01794433 0.479126 0.09313964 0.479126 0.01794433 0.552124 0.01794433 0.479126 0.09313964 0.552124 0.09313964 0.552124 0.01794433 0.479126 0.09313964 0.479126 0.01794433 0.552124 0.01794433 0.479126 0.09313964 0.552124 0.09313964 0.552124 0.01794433 0.479126 0.09313964 0.479126 0.01794433 0.552124 0.01794433 0.479126 0.09313964 0.552124 0.09313964 0.552124 0.01794433 0.479126 0.09313964 0.479126 0.01794433 0.552124 0.01794433 0.479126 0.09313964 0.552124 0.09313964 0.552124 0.01794433 0.479126 0.09313964 0.479126 0.01794433 0.552124 0.01794433 0.479126 0.09313964 0.552124 0.09313964 0.552124 0.01794433 0.479126 0.09313964 0.479126 0.01794433 0.552124 0.01794433 0.479126 0.09313964 0.552124 0.01794433 0.479126 0.09313964 0.552124 0.09313964 0.479126 0.01794433 0.552124 0.09313964 0.552124 0.01794433 0.479126 0.01794433 0.479126 0.09313964 0.552124 0.09313964 0.479126 0.01794433 0.552124 0.09313964 0.552124 0.01794433 0.479126 0.01794433 0.479126 0.09313964 0.552124 0.09313964 0.479126 0.01794433 0.552124 0.09313964 0.552124 0.01794433 0.479126 0.01794433 0.479126 0.09313964 0.552124 0.09313964 0.479126 0.01794433 0.552124 0.09313964 0.552124 0.01794433 0.479126 0.01794433 0.479126 0.09313964 0.552124 0.09313964 0.479126 0.01794433 0.552124 0.09313964 0.552124 0.01794433 0.479126 0.01794433 0.479126 0.09313964 0.552124 0.09313964 0.479126 0.01794433 0.552124 0.09313964 0.552124 0.01794433 0.479126 0.01794433 0.479126 0.09313964 0.552124 0.09313964 0.479126 0.01794433 0.552124 0.09313964 0.552124 0.01794433 0.479126 0.01794433 0.479126 0.09313964 0.552124 0.09313964 0.479126 0.01794433 0.552124 0.09313964 0.552124 0.01794433 0.479126 0.01794433 0.479126 0.09313964 0.552124 0.09313964 0.479126 0.01794433 0.552124 0.09313964 0.552124 0.01794433 0.479126 0.01794433 0.479126 0.09313964 0.552124 0.09313964 0.479126 0.01794433 0.552124 0.09313964 0.552124 0.01794433 0.479126 0.01794433 0.479126 0.09313964 0.552124 0.09313964 0.479126 0.01794433 0.552124 0.09313964 0.552124 0.01794433 0.479126 0.01794433 0.479126 0.09313964 0.552124 0.09313964 0.479126 0.01794433 0.552124 0.09313964 0.552124 0.01794433 0.479126 0.01794433 0.479126 0.09313964 0.552124 0.09313964 0.479126 0.01794433 0.552124 0.09313964 0.552124 0.01794433 0.479126 0.01794433 0.479126 0.09313964 0.552124 0.09313964 0.479126 0.01794433 0.552124 0.09313964 0.552124 0.01794433 0.479126 0.01794433 0.479126 0.09313964 0.552124 0.09313964 0.479126 0.01794433 0.552124 0.09313964 0.552124 0.01794433 0.479126 0.01794433 0.479126 0.09313964 0.552124 0.09313964 0.479126 0.01794433 0.552124 0.09313964 0.552124 0.01794433 0.479126 0.09313964 0.552124 0.01794433 0.479126 0.09313964 0.479126 0.01794433 0.552124 0.01794433 0.479126 0.09313964 0.552124 0.09313964 0.552124 0.01794433 0.479126 0.09313964 0.479126 0.01794433 0.552124 0.01794433 0.479126 0.09313964 0.552124 0.09313964 0.552124 0.01794433 0.479126 0.09313964 0.479126 0.01794433 0.552124 0.01794433 0.479126 0.09313964 0.552124 0.09313964 0.552124 0.01794433 0.479126 0.09313964 0.479126 0.01794433 0.552124 0.01794433 0.479126 0.09313964 0.552124 0.09313964 0.552124 0.01794433 0.479126 0.09313964 0.479126 0.01794433 0.552124 0.01794433 0.479126 0.09313964 0.552124 0.09313964 0.552124 0.01794433 0.479126 0.09313964 0.479126 0.01794433 0.552124 0.01794433 0.479126 0.09313964 0.552124 0.09313964 0.552124 0.01794433 0.479126 0.09313964 0.479126 0.01794433 0.552124 0.01794433 0.479126 0.09313964 0.552124 0.09313964 0.552124 0.01794433 0.479126 0.09313964 0.479126 0.01794433 0.552124 0.01794433 0.479126 0.09313964 0.552124 0.09313964 0.552124 0.01794433 0.479126 0.09313964 0.479126 0.01794433 0.552124 0.01794433 0.479126 0.09313964 0.552124 -0.5068359 0.769165 -0.3155518 0.8673096 -0.2330322 0.7679443 -0.5080566 0.9088135 -0.3155518 0.8673096 -0.5068359 0.769165 0.09313964 0.552124 0.01794433 0.479126 0.09313964 0.479126 0.01794433 0.552124 0.01794433 0.479126 0.09313964 0.552124 0.09313964 0.552124 0.01794433 0.479126 0.09313964 0.479126 0.01794433 0.552124 0.01794433 0.479126 0.09313964 0.552124 0.09313964 0.552124 0.01794433 0.479126 0.09313964 0.479126 0.01794433 0.552124 0.01794433 0.479126 0.09313964 0.552124 0.09313964 0.552124 0.01794433 0.479126 0.09313964 0.479126 0.01794433 0.552124 0.01794433 0.479126 0.09313964 0.552124 0.09313964 0.552124 0.01794433 0.479126 0.09313964 0.479126 0.01794433 0.552124 0.01794433 0.479126 0.09313964 0.552124 0.09313964 0.552124 0.01794433 0.479126 0.09313964 0.479126 0.01794433 0.552124 0.01794433 0.479126 0.09313964 0.552124 -0.7731934 0.7744141 -0.5068359 0.769165 -0.6992188 0.8704834 -0.7175293 0.6660156 -0.5068359 0.769165 -0.7731934 0.7744141 -0.5065918 0.614502 -0.5068359 0.769165 -0.7175293 0.6660156 -0.3024902 0.6594238 -0.5068359 0.769165 -0.5065918 0.614502 0.09313964 0.552124 0.01794433 0.479126 0.09313964 0.479126 0.01794433 0.552124 0.01794433 0.479126 0.09313964 0.552124 -0.7731934 0.7744141 -0.5068359 0.769165 -0.6992188 0.8704834 -0.7175293 0.6660156 -0.5068359 0.769165 -0.7731934 0.7744141 -0.5065918 0.614502 -0.5068359 0.769165 -0.7175293 0.6660156 -0.3024902 0.6594238 -0.5068359 0.769165 -0.5065918 0.614502 0.09313964 0.552124 0.01794433 0.479126 0.09313964 0.479126 0.01794433 0.552124 0.01794433 0.479126 0.09313964 0.552124 0.8278809 0.5410156 0.8895264 0.5163574 0.8555908 0.5472412 0.8100586 0.5310059 0.8895264 0.5163574 0.8278809 0.5410156 0.7973633 0.5175781 0.8895264 0.5163574 0.8100586 0.5310059 0.8043213 0.5026855 0.8895264 0.5163574 0.7973633 0.5175781 0.8221436 0.4910889 0.8895264 0.5163574 0.8043213 0.5026855 0.8520508 0.482666 0.8895264 0.5163574 0.8221436 0.4910889 0.8879395 0.4796143 0.8895264 0.5163574 0.8520508 0.482666 0.920166 0.4816895 0.8895264 0.5163574 0.8879395 0.4796143 0.9521484 0.4891357 0.8895264 0.5163574 0.920166 0.4816895 0.9748535 0.5015869 0.8895264 0.5163574 0.9521484 0.4891357 0.09313964 0.552124 0.01794433 0.479126 0.09313964 0.479126 0.01794433 0.552124 0.01794433 0.479126 0.09313964 0.552124 0.09313964 0.552124 0.01794433 0.479126 0.09313964 0.479126 0.01794433 0.552124 0.01794433 0.479126 0.09313964 0.552124 0.09313964 0.552124 0.01794433 0.479126 0.09313964 0.479126 0.01794433 0.552124 0.01794433 0.479126 0.09313964 0.552124 -1.504639 0.7624512 -1.28833 0.8752441 -1.174072 0.762207 -1.504883 0.9279785 -1.28833 0.8752441 -1.504639 0.7624512 0.09313964 0.552124 0.01794433 0.479126 0.09313964 0.479126 0.01794433 0.552124 0.01794433 0.479126 0.09313964 0.552124 0.8278809 0.5410156 0.8895264 0.5163574 0.8555908 0.5472412 0.8100586 0.5310059 0.8895264 0.5163574 0.8278809 0.5410156 0.7973633 0.5175781 0.8895264 0.5163574 0.8100586 0.5310059 0.8043213 0.5026855 0.8895264 0.5163574 0.7973633 0.5175781 0.8221436 0.4910889 0.8895264 0.5163574 0.8043213 0.5026855 0.8520508 0.482666 0.8895264 0.5163574 0.8221436 0.4910889 0.8879395 0.4796143 0.8895264 0.5163574 0.8520508 0.482666 0.920166 0.4816895 0.8895264 0.5163574 0.8879395 0.4796143 0.9521484 0.4891357 0.8895264 0.5163574 0.920166 0.4816895 0.9748535 0.5015869 0.8895264 0.5163574 0.9521484 0.4891357 0.9787598 0.5161133 0.8895264 0.5163574 0.9748535 0.5015869 0.9683838 0.529541 0.8895264 0.5163574 0.9787598 0.5161133 0.09313964 0.552124 0.01794433 0.479126 0.09313964 0.479126 0.01794433 0.552124 0.01794433 0.479126 0.09313964 0.552124 -1.829346 0.7574463 -1.504639 0.7624512 -1.719116 0.873291 -1.710449 0.6489258 -1.504639 0.7624512 -1.829346 0.7574463 -1.505859 0.5928955 -1.504639 0.7624512 -1.710449 0.6489258 -1.286133 0.6557617 -1.504639 0.7624512 -1.505859 0.5928955 0.9787598 0.5161133 0.8895264 0.5163574 0.9748535 0.5015869 0.9683838 0.529541 0.8895264 0.5163574 0.9787598 0.5161133 -1.829346 0.7574463 -1.504639 0.7624512 -1.719116 0.873291 -1.710449 0.6489258 -1.504639 0.7624512 -1.829346 0.7574463 -1.505859 0.5928955 -1.504639 0.7624512 -1.710449 0.6489258 -1.286133 0.6557617 -1.504639 0.7624512 -1.505859 0.5928955 0.09313964 0.552124 0.01794433 0.479126 0.09313964 0.479126 0.01794433 0.552124 0.01794433 0.479126 0.09313964 0.552124 0.09313964 0.552124 0.01794433 0.479126 0.09313964 0.479126 0.01794433 0.552124 0.01794433 0.479126 0.09313964 0.552124 -0.5068359 0.769165 -0.3155518 0.8673096 -0.2330322 0.7679443 -0.5080566 0.9088135 -0.3155518 0.8673096 -0.5068359 0.769165 0.01794433 0.479126 0.09313964 0.552124 0.09313964 0.479126 0.01794433 0.552124 0.09313964 0.552124 0.01794433 0.479126 0.01794433 0.479126 0.09313964 0.552124 0.09313964 0.479126 0.01794433 0.552124 0.09313964 0.552124 0.01794433 0.479126 0.01794433 0.479126 0.09313964 0.552124 0.09313964 0.479126 0.01794433 0.552124 0.09313964 0.552124 0.01794433 0.479126 0.01794433 0.479126 0.09313964 0.552124 0.09313964 0.479126 0.01794433 0.552124 0.09313964 0.552124 0.01794433 0.479126 0.01794433 0.479126 0.09313964 0.552124 0.09313964 0.479126 0.01794433 0.552124 0.09313964 0.552124 0.01794433 0.479126 0.01794433 0.479126 0.09313964 0.552124 0.09313964 0.479126 0.01794433 0.552124 0.09313964 0.552124 0.01794433 0.479126 0.01794433 0.479126 0.09313964 0.552124 0.09313964 0.479126 0.01794433 0.552124 0.09313964 0.552124 0.01794433 0.479126 -1.504639 0.7624512 -1.28833 0.8752441 -1.174072 0.762207 -1.504883 0.9279785 -1.28833 0.8752441 -1.504639 0.7624512 0.9197998 0.5472412 0.8895264 0.5163574 0.8883057 0.5494385 -0.3024902 0.6594238 -0.2330322 0.7679443 -0.5068359 0.769165 -0.3024902 0.6594238 -0.2330322 0.7679443 -0.5068359 0.769165 0.9683838 0.529541 0.9476318 0.5404053 0.8895264 0.5163574 0.9683838 0.529541 0.9476318 0.5404053 0.8895264 0.5163574 -1.286133 0.6557617 -1.174072 0.762207 -1.504639 0.7624512 -1.286133 0.6557617 -1.174072 0.762207 -1.504639 0.7624512 0.9197998 0.5472412 0.8895264 0.5163574 0.8883057 0.5494385</float_array>
          <technique_common>
            <accessor source="#polygon0-mesh-map-0-array" count="768" stride="2">
              <param name="S" type="float"/>
              <param name="T" type="float"/>
            </accessor>
          </technique_common>
        </source>
        <source id="polygon0-mesh-colors-polygon0_Colors0" name="polygon0_Colors0">
          <float_array id="polygon0-mesh-colors-polygon0_Colors0-array" count="3072">1 1 1 1 0.6980392 0.6980392 0.6980392 1 0.6980392 0.6980392 0.6980392 1 0.6980392 0.6980392 0.6980392 1 0.6980392 0.6980392 0.6980392 1 1 1 1 1 0.6980392 0.6980392 0.6980392 1 0.6980392 0.6980392 0.6980392 1 1 1 1 1 0.2 0.2 0.2 1 0.4980392 0.4980392 0.4980392 1 0.4980392 0.4980392 0.4980392 1 0.4980392 0.4980392 0.4980392 1 0.4980392 0.4980392 0.4980392 1 0.2 0.2 0.2 1 0.4980392 0.4980392 0.4980392 1 0.4980392 0.4980392 0.4980392 1 0.2 0.2 0.2 1 0.2 0.2 0.2 1 0.4980392 0.4980392 0.4980392 1 0.4980392 0.4980392 0.4980392 1 0.4980392 0.4980392 0.4980392 1 0.4980392 0.4980392 0.4980392 1 0.2 0.2 0.2 1 0.4980392 0.4980392 0.4980392 1 0.4980392 0.4980392 0.4980392 1 0.2 0.2 0.2 1 1 1 1 1 0.6980392 0.6980392 0.6980392 1 0.6980392 0.6980392 0.6980392 1 0.6980392 0.6980392 0.6980392 1 0.6980392 0.6980392 0.6980392 1 1 1 1 1 0.6980392 0.6980392 0.6980392 1 0.6980392 0.6980392 0.6980392 1 1 1 1 1 1 1 1 1 0.6980392 0.6980392 0.6980392 1 0.6980392 0.6980392 0.6980392 1 0.6980392 0.6980392 0.6980392 1 0.6980392 0.6980392 0.6980392 1 1 1 1 1 0.6980392 0.6980392 0.6980392 1 0.6980392 0.6980392 0.6980392 1 1 1 1 1 1 1 1 1 0.6980392 0.6980392 0.6980392 1 0.6980392 0.6980392 0.6980392 1 0.6980392 0.6980392 0.6980392 1 0.6980392 0.6980392 0.6980392 1 1 1 1 1 0.6980392 0.6980392 0.6980392 1 0.6980392 0.6980392 0.6980392 1 1 1 1 1 1 1 1 1 0.6980392 0.6980392 0.6980392 1 0.6980392 0.6980392 0.6980392 1 0.6980392 0.6980392 0.6980392 1 0.6980392 0.6980392 0.6980392 1 1 1 1 1 0.6980392 0.6980392 0.6980392 1 0.6980392 0.6980392 0.6980392 1 1 1 1 1 0.2 0.2 0.2 1 0.4980392 0.4980392 0.4980392 1 0.4980392 0.4980392 0.4980392 1 0.4980392 0.4980392 0.4980392 1 0.4980392 0.4980392 0.4980392 1 0.2 0.2 0.2 1 0.4980392 0.4980392 0.4980392 1 0.4980392 0.4980392 0.4980392 1 0.2 0.2 0.2 1 0.2 0.2 0.2 1 0.4980392 0.4980392 0.4980392 1 0.4980392 0.4980392 0.4980392 1 0.4980392 0.4980392 0.4980392 1 0.4980392 0.4980392 0.4980392 1 0.2 0.2 0.2 1 0.4980392 0.4980392 0.4980392 1 0.4980392 0.4980392 0.4980392 1 0.2 0.2 0.2 1 1 1 1 1 0.6980392 0.6980392 0.6980392 1 0.6980392 0.6980392 0.6980392 1 0.6980392 0.6980392 0.6980392 1 0.6980392 0.6980392 0.6980392 1 1 1 1 1 0.6980392 0.6980392 0.6980392 1 0.6980392 0.6980392 0.6980392 1 1 1 1 1 0.9843137 0.9843137 0.9843137 1 0.6980392 0.6980392 0.6980392 1 0.6980392 0.6980392 0.6980392 1 0.6980392 0.6980392 0.6980392 1 0.6980392 0.6980392 0.6980392 1 0.9843137 0.9843137 0.9843137 1 0.6980392 0.6980392 0.6980392 1 0.6980392 0.6980392 0.6980392 1 0.9843137 0.9843137 0.9843137 1 0.9843137 0.9843137 0.9843137 1 0.6980392 0.6980392 0.6980392 1 0.6980392 0.6980392 0.6980392 1 0.6980392 0.6980392 0.6980392 1 0.6980392 0.6980392 0.6980392 1 0.9843137 0.9843137 0.9843137 1 0.6980392 0.6980392 0.6980392 1 0.6980392 0.6980392 0.6980392 1 0.9843137 0.9843137 0.9843137 1 0.9843137 0.9843137 0.9843137 1 0.6980392 0.6980392 0.6980392 1 0.6980392 0.6980392 0.6980392 1 0.6980392 0.6980392 0.6980392 1 0.6980392 0.6980392 0.6980392 1 0.9843137 0.9843137 0.9843137 1 0.6980392 0.6980392 0.6980392 1 0.6980392 0.6980392 0.6980392 1 0.9843137 0.9843137 0.9843137 1 1 1 1 1 0.6980392 0.6980392 0.6980392 1 0.6980392 0.6980392 0.6980392 1 0.6980392 0.6980392 0.6980392 1 0.6980392 0.6980392 0.6980392 1 1 1 1 1 0.6980392 0.6980392 0.6980392 1 0.6980392 0.6980392 0.6980392 1 1 1 1 1 0.9843137 0.9843137 0.9843137 1 0.6980392 0.6980392 0.6980392 1 0.6980392 0.6980392 0.6980392 1 0.6980392 0.6980392 0.6980392 1 0.6980392 0.6980392 0.6980392 1 0.9843137 0.9843137 0.9843137 1 0.6980392 0.6980392 0.6980392 1 0.6980392 0.6980392 0.6980392 1 0.9843137 0.9843137 0.9843137 1 0.2 0.2 0.2 1 0.4980392 0.4980392 0.4980392 1 0.4980392 0.4980392 0.4980392 1 0.4980392 0.4980392 0.4980392 1 0.4980392 0.4980392 0.4980392 1 0.2 0.2 0.2 1 0.4980392 0.4980392 0.4980392 1 0.4980392 0.4980392 0.4980392 1 0.2 0.2 0.2 1 0.2 0.2 0.2 1 0.4980392 0.4980392 0.4980392 1 0.4980392 0.4980392 0.4980392 1 0.4980392 0.4980392 0.4980392 1 0.4980392 0.4980392 0.4980392 1 0.2 0.2 0.2 1 0.4980392 0.4980392 0.4980392 1 0.4980392 0.4980392 0.4980392 1 0.2 0.2 0.2 1 1 1 1 1 0.6980392 0.6980392 0.6980392 1 0.6980392 0.6980392 0.6980392 1 0.6980392 0.6980392 0.6980392 1 0.6980392 0.6980392 0.6980392 1 1 1 1 1 0.6980392 0.6980392 0.6980392 1 0.6980392 0.6980392 0.6980392 1 1 1 1 1 1 1 1 1 0.6980392 0.6980392 0.6980392 1 0.6980392 0.6980392 0.6980392 1 0.6980392 0.6980392 0.6980392 1 0.6980392 0.6980392 0.6980392 1 1 1 1 1 0.6980392 0.6980392 0.6980392 1 0.6980392 0.6980392 0.6980392 1 1 1 1 1 1 1 1 1 0.6980392 0.6980392 0.6980392 1 0.6980392 0.6980392 0.6980392 1 0.6980392 0.6980392 0.6980392 1 0.6980392 0.6980392 0.6980392 1 1 1 1 1 0.6980392 0.6980392 0.6980392 1 0.6980392 0.6980392 0.6980392 1 1 1 1 1 1 1 1 1 0.6980392 0.6980392 0.6980392 1 0.6980392 0.6980392 0.6980392 1 0.6980392 0.6980392 0.6980392 1 0.6980392 0.6980392 0.6980392 1 1 1 1 1 0.6980392 0.6980392 0.6980392 1 0.6980392 0.6980392 0.6980392 1 1 1 1 1 1 1 1 1 0.6980392 0.6980392 0.6980392 1 0.6980392 0.6980392 0.6980392 1 0.6980392 0.6980392 0.6980392 1 0.6980392 0.6980392 0.6980392 1 1 1 1 1 0.6980392 0.6980392 0.6980392 1 0.6980392 0.6980392 0.6980392 1 1 1 1 1 0.9843137 0.9843137 0.9843137 1 0.6980392 0.6980392 0.6980392 1 0.6980392 0.6980392 0.6980392 1 0.6980392 0.6980392 0.6980392 1 0.6980392 0.6980392 0.6980392 1 0.9843137 0.9843137 0.9843137 1 0.6980392 0.6980392 0.6980392 1 0.6980392 0.6980392 0.6980392 1 0.9843137 0.9843137 0.9843137 1 0.9843137 0.9843137 0.9843137 1 0.6980392 0.6980392 0.6980392 1 0.6980392 0.6980392 0.6980392 1 0.6980392 0.6980392 0.6980392 1 0.6980392 0.6980392 0.6980392 1 0.9843137 0.9843137 0.9843137 1 0.6980392 0.6980392 0.6980392 1 0.6980392 0.6980392 0.6980392 1 0.9843137 0.9843137 0.9843137 1 1 1 1 1 0.6980392 0.6980392 0.6980392 1 1 1 1 1 0.6980392 0.6980392 0.6980392 1 0.6980392 0.6980392 0.6980392 1 1 1 1 1 1 1 1 1 0.6980392 0.6980392 0.6980392 1 1 1 1 1 0.6980392 0.6980392 0.6980392 1 0.6980392 0.6980392 0.6980392 1 1 1 1 1 1 1 1 1 0.6980392 0.6980392 0.6980392 1 1 1 1 1 0.6980392 0.6980392 0.6980392 1 0.6980392 0.6980392 0.6980392 1 1 1 1 1 1 1 1 1 0.6980392 0.6980392 0.6980392 1 1 1 1 1 0.6980392 0.6980392 0.6980392 1 0.6980392 0.6980392 0.6980392 1 1 1 1 1 1 1 1 1 0.6980392 0.6980392 0.6980392 1 1 1 1 1 0.6980392 0.6980392 0.6980392 1 0.6980392 0.6980392 0.6980392 1 1 1 1 1 1 1 1 1 0.6980392 0.6980392 0.6980392 1 1 1 1 1 0.6980392 0.6980392 0.6980392 1 0.6980392 0.6980392 0.6980392 1 1 1 1 1 1 1 1 1 0.6980392 0.6980392 0.6980392 1 1 1 1 1 0.6980392 0.6980392 0.6980392 1 0.6980392 0.6980392 0.6980392 1 1 1 1 1 1 1 1 1 0.6980392 0.6980392 0.6980392 1 1 1 1 1 0.6980392 0.6980392 0.6980392 1 0.6980392 0.6980392 0.6980392 1 1 1 1 1 1 1 1 1 0.6980392 0.6980392 0.6980392 1 1 1 1 1 0.6980392 0.6980392 0.6980392 1 0.6980392 0.6980392 0.6980392 1 1 1 1 1 0.6980392 0.6980392 0.6980392 1 1 1 1 1 1 1 1 1 0.6980392 0.6980392 0.6980392 1 1 1 1 1 0.6980392 0.6980392 0.6980392 1 0.6980392 0.6980392 0.6980392 1 1 1 1 1 1 1 1 1 0.6980392 0.6980392 0.6980392 1 1 1 1 1 0.6980392 0.6980392 0.6980392 1 0.6980392 0.6980392 0.6980392 1 1 1 1 1 1 1 1 1 0.6980392 0.6980392 0.6980392 1 1 1 1 1 0.6980392 0.6980392 0.6980392 1 0.6980392 0.6980392 0.6980392 1 1 1 1 1 1 1 1 1 0.6980392 0.6980392 0.6980392 1 1 1 1 1 0.6980392 0.6980392 0.6980392 1 0.6980392 0.6980392 0.6980392 1 1 1 1 1 1 1 1 1 0.6980392 0.6980392 0.6980392 1 1 1 1 1 0.6980392 0.6980392 0.6980392 1 0.6980392 0.6980392 0.6980392 1 1 1 1 1 1 1 1 1 0.6980392 0.6980392 0.6980392 1 1 1 1 1 0.6980392 0.6980392 0.6980392 1 0.6980392 0.6980392 0.6980392 1 1 1 1 1 1 1 1 1 0.6980392 0.6980392 0.6980392 1 1 1 1 1 0.6980392 0.6980392 0.6980392 1 0.6980392 0.6980392 0.6980392 1 1 1 1 1 1 1 1 1 0.6980392 0.6980392 0.6980392 1 1 1 1 1 0.6980392 0.6980392 0.6980392 1 1 1 1 1 0.6980392 0.6980392 0.6980392 1 1 1 1 1 0.6980392 0.6980392 0.6980392 1 0.6980392 0.6980392 0.6980392 1 1 1 1 1 1 1 1 1 0.6980392 0.6980392 0.6980392 1 1 1 1 1 0.6980392 0.6980392 0.6980392 1 0.6980392 0.6980392 0.6980392 1 1 1 1 1 1 1 1 1 0.6980392 0.6980392 0.6980392 1 1 1 1 1 0.6980392 0.6980392 0.6980392 1 0.6980392 0.6980392 0.6980392 1 1 1 1 1 1 1 1 1 0.6980392 0.6980392 0.6980392 1 1 1 1 1 0.6980392 0.6980392 0.6980392 1 0.6980392 0.6980392 0.6980392 1 1 1 1 1 1 1 1 1 0.6980392 0.6980392 0.6980392 1 1 1 1 1 0.6980392 0.6980392 0.6980392 1 0.6980392 0.6980392 0.6980392 1 1 1 1 1 1 1 1 1 0.6980392 0.6980392 0.6980392 1 1 1 1 1 0.6980392 0.6980392 0.6980392 1 0.6980392 0.6980392 0.6980392 1 1 1 1 1 1 1 1 1 0.6980392 0.6980392 0.6980392 1 1 1 1 1 0.6980392 0.6980392 0.6980392 1 0.6980392 0.6980392 0.6980392 1 1 1 1 1 1 1 1 1 0.6980392 0.6980392 0.6980392 1 1 1 1 1 0.6980392 0.6980392 0.6980392 1 0.6980392 0.6980392 0.6980392 1 1 1 1 1 1 1 1 1 0.6980392 0.6980392 0.6980392 1 1 1 1 1 0.6980392 0.6980392 0.6980392 1 0.6980392 0.6980392 0.6980392 1 1 1 1 1 1 1 1 1 0.6980392 0.6980392 0.6980392 1 1 1 1 1 0.6980392 0.6980392 0.6980392 1 0.6980392 0.6980392 0.6980392 1 1 1 1 1 1 1 1 1 0.6980392 0.6980392 0.6980392 1 1 1 1 1 0.6980392 0.6980392 0.6980392 1 0.6980392 0.6980392 0.6980392 1 1 1 1 1 1 1 1 1 0.6980392 0.6980392 0.6980392 1 1 1 1 1 0.6980392 0.6980392 0.6980392 1 0.6980392 0.6980392 0.6980392 1 1 1 1 1 1 1 1 1 0.6980392 0.6980392 0.6980392 1 1 1 1 1 0.6980392 0.6980392 0.6980392 1 0.6980392 0.6980392 0.6980392 1 1 1 1 1 1 1 1 1 0.6980392 0.6980392 0.6980392 1 1 1 1 1 0.6980392 0.6980392 0.6980392 1 0.6980392 0.6980392 0.6980392 1 1 1 1 1 1 1 1 1 0.6980392 0.6980392 0.6980392 1 1 1 1 1 0.6980392 0.6980392 0.6980392 1 0.6980392 0.6980392 0.6980392 1 1 1 1 1 1 1 1 1 0.6980392 0.6980392 0.6980392 1 1 1 1 1 0.6980392 0.6980392 0.6980392 1 0.6980392 0.6980392 0.6980392 1 1 1 1 1 0.6980392 0.6980392 0.6980392 1 1 1 1 1 1 1 1 1 0.6980392 0.6980392 0.6980392 1 1 1 1 1 0.6980392 0.6980392 0.6980392 1 0.6980392 0.6980392 0.6980392 1 1 1 1 1 1 1 1 1 0.6980392 0.6980392 0.6980392 1 1 1 1 1 0.6980392 0.6980392 0.6980392 1 0.6980392 0.6980392 0.6980392 1 1 1 1 1 1 1 1 1 0.6980392 0.6980392 0.6980392 1 1 1 1 1 0.6980392 0.6980392 0.6980392 1 0.6980392 0.6980392 0.6980392 1 1 1 1 1 1 1 1 1 0.6980392 0.6980392 0.6980392 1 1 1 1 1 0.6980392 0.6980392 0.6980392 1 0.6980392 0.6980392 0.6980392 1 1 1 1 1 1 1 1 1 0.6980392 0.6980392 0.6980392 1 1 1 1 1 0.6980392 0.6980392 0.6980392 1 0.6980392 0.6980392 0.6980392 1 1 1 1 1 1 1 1 1 0.6980392 0.6980392 0.6980392 1 1 1 1 1 0.6980392 0.6980392 0.6980392 1 0.6980392 0.6980392 0.6980392 1 1 1 1 1 1 1 1 1 0.6980392 0.6980392 0.6980392 1 1 1 1 1 0.6980392 0.6980392 0.6980392 1 0.6980392 0.6980392 0.6980392 1 1 1 1 1 1 1 1 1 0.6980392 0.6980392 0.6980392 1 1 1 1 1 0.6980392 0.6980392 0.6980392 1 0.6980392 0.6980392 0.6980392 1 1 1 1 1 1 1 1 1 0.6980392 0.6980392 0.6980392 1 1 1 1 1 0.6980392 0.6980392 0.6980392 1 0.2 0.2 0.2 1 0.4980392 0.4980392 0.4980392 1 0.4980392 0.4980392 0.4980392 1 0.4980392 0.4980392 0.4980392 1 0.4980392 0.4980392 0.4980392 1 0.2 0.2 0.2 1 0.6980392 0.6980392 0.6980392 1 1 1 1 1 1 1 1 1 0.6980392 0.6980392 0.6980392 1 1 1 1 1 0.6980392 0.6980392 0.6980392 1 0.6980392 0.6980392 0.6980392 1 1 1 1 1 1 1 1 1 0.6980392 0.6980392 0.6980392 1 1 1 1 1 0.6980392 0.6980392 0.6980392 1 0.6980392 0.6980392 0.6980392 1 1 1 1 1 1 1 1 1 0.6980392 0.6980392 0.6980392 1 1 1 1 1 0.6980392 0.6980392 0.6980392 1 0.6980392 0.6980392 0.6980392 1 1 1 1 1 1 1 1 1 0.6980392 0.6980392 0.6980392 1 1 1 1 1 0.6980392 0.6980392 0.6980392 1 0.6980392 0.6980392 0.6980392 1 1 1 1 1 1 1 1 1 0.6980392 0.6980392 0.6980392 1 1 1 1 1 0.6980392 0.6980392 0.6980392 1 0.6980392 0.6980392 0.6980392 1 1 1 1 1 1 1 1 1 0.6980392 0.6980392 0.6980392 1 1 1 1 1 0.6980392 0.6980392 0.6980392 1 0.4980392 0.4980392 0.4980392 1 0.2 0.2 0.2 1 0.4980392 0.4980392 0.4980392 1 0.4980392 0.4980392 0.4980392 1 0.2 0.2 0.2 1 0.4980392 0.4980392 0.4980392 1 0.4980392 0.4980392 0.4980392 1 0.2 0.2 0.2 1 0.4980392 0.4980392 0.4980392 1 0.4980392 0.4980392 0.4980392 1 0.2 0.2 0.2 1 0.4980392 0.4980392 0.4980392 1 0.6980392 0.6980392 0.6980392 1 1 1 1 1 1 1 1 1 0.6980392 0.6980392 0.6980392 1 1 1 1 1 0.6980392 0.6980392 0.6980392 1 0.4980392 0.4980392 0.4980392 1 0.2 0.2 0.2 1 0.4980392 0.4980392 0.4980392 1 0.4980392 0.4980392 0.4980392 1 0.2 0.2 0.2 1 0.4980392 0.4980392 0.4980392 1 0.4980392 0.4980392 0.4980392 1 0.2 0.2 0.2 1 0.4980392 0.4980392 0.4980392 1 0.4980392 0.4980392 0.4980392 1 0.2 0.2 0.2 1 0.4980392 0.4980392 0.4980392 1 0.6980392 0.6980392 0.6980392 1 1 1 1 1 1 1 1 1 0.6980392 0.6980392 0.6980392 1 1 1 1 1 0.6980392 0.6980392 0.6980392 1 0.6980392 0.6980392 0.6980392 1 1 1 1 1 0.6980392 0.6980392 0.6980392 1 0.6980392 0.6980392 0.6980392 1 1 1 1 1 0.6980392 0.6980392 0.6980392 1 0.6980392 0.6980392 0.6980392 1 1 1 1 1 0.6980392 0.6980392 0.6980392 1 0.6980392 0.6980392 0.6980392 1 1 1 1 1 0.6980392 0.6980392 0.6980392 1 0.6980392 0.6980392 0.6980392 1 1 1 1 1 0.6980392 0.6980392 0.6980392 1 0.6980392 0.6980392 0.6980392 1 1 1 1 1 0.6980392 0.6980392 0.6980392 1 0.6980392 0.6980392 0.6980392 1 1 1 1 1 0.6980392 0.6980392 0.6980392 1 0.6980392 0.6980392 0.6980392 1 1 1 1 1 0.6980392 0.6980392 0.6980392 1 0.6980392 0.6980392 0.6980392 1 1 1 1 1 0.6980392 0.6980392 0.6980392 1 0.6980392 0.6980392 0.6980392 1 1 1 1 1 0.6980392 0.6980392 0.6980392 1 0.6980392 0.6980392 0.6980392 1 1 1 1 1 1 1 1 1 0.6980392 0.6980392 0.6980392 1 1 1 1 1 0.6980392 0.6980392 0.6980392 1 0.6980392 0.6980392 0.6980392 1 1 1 1 1 1 1 1 1 0.6980392 0.6980392 0.6980392 1 1 1 1 1 0.6980392 0.6980392 0.6980392 1 0.6980392 0.6980392 0.6980392 1 1 1 1 1 1 1 1 1 0.6980392 0.6980392 0.6980392 1 1 1 1 1 0.6980392 0.6980392 0.6980392 1 0.9843137 0.9843137 0.9843137 1 0.6980392 0.6980392 0.6980392 1 0.6980392 0.6980392 0.6980392 1 0.6980392 0.6980392 0.6980392 1 0.6980392 0.6980392 0.6980392 1 0.9843137 0.9843137 0.9843137 1 0.6980392 0.6980392 0.6980392 1 1 1 1 1 1 1 1 1 0.6980392 0.6980392 0.6980392 1 1 1 1 1 0.6980392 0.6980392 0.6980392 1 0.6980392 0.6980392 0.6980392 1 1 1 1 1 0.6980392 0.6980392 0.6980392 1 0.6980392 0.6980392 0.6980392 1 1 1 1 1 0.6980392 0.6980392 0.6980392 1 0.6980392 0.6980392 0.6980392 1 1 1 1 1 0.6980392 0.6980392 0.6980392 1 0.6980392 0.6980392 0.6980392 1 1 1 1 1 0.6980392 0.6980392 0.6980392 1 0.6980392 0.6980392 0.6980392 1 1 1 1 1 0.6980392 0.6980392 0.6980392 1 0.6980392 0.6980392 0.6980392 1 1 1 1 1 0.6980392 0.6980392 0.6980392 1 0.6980392 0.6980392 0.6980392 1 1 1 1 1 0.6980392 0.6980392 0.6980392 1 0.6980392 0.6980392 0.6980392 1 1 1 1 1 0.6980392 0.6980392 0.6980392 1 0.6980392 0.6980392 0.6980392 1 1 1 1 1 0.6980392 0.6980392 0.6980392 1 0.6980392 0.6980392 0.6980392 1 1 1 1 1 0.6980392 0.6980392 0.6980392 1 0.6980392 0.6980392 0.6980392 1 1 1 1 1 0.6980392 0.6980392 0.6980392 1 0.6980392 0.6980392 0.6980392 1 1 1 1 1 0.6980392 0.6980392 0.6980392 1 0.6980392 0.6980392 0.6980392 1 1 1 1 1 1 1 1 1 0.6980392 0.6980392 0.6980392 1 1 1 1 1 0.6980392 0.6980392 0.6980392 1 0.6980392 0.6980392 0.6980392 1 0.9843137 0.9843137 0.9843137 1 0.6980392 0.6980392 0.6980392 1 0.6980392 0.6980392 0.6980392 1 0.9843137 0.9843137 0.9843137 1 0.6980392 0.6980392 0.6980392 1 0.6980392 0.6980392 0.6980392 1 0.9843137 0.9843137 0.9843137 1 0.6980392 0.6980392 0.6980392 1 0.6980392 0.6980392 0.6980392 1 0.9843137 0.9843137 0.9843137 1 0.6980392 0.6980392 0.6980392 1 0.6980392 0.6980392 0.6980392 1 1 1 1 1 0.6980392 0.6980392 0.6980392 1 0.6980392 0.6980392 0.6980392 1 1 1 1 1 0.6980392 0.6980392 0.6980392 1 0.6980392 0.6980392 0.6980392 1 0.9843137 0.9843137 0.9843137 1 0.6980392 0.6980392 0.6980392 1 0.6980392 0.6980392 0.6980392 1 0.9843137 0.9843137 0.9843137 1 0.6980392 0.6980392 0.6980392 1 0.6980392 0.6980392 0.6980392 1 0.9843137 0.9843137 0.9843137 1 0.6980392 0.6980392 0.6980392 1 0.6980392 0.6980392 0.6980392 1 0.9843137 0.9843137 0.9843137 1 0.6980392 0.6980392 0.6980392 1 0.6980392 0.6980392 0.6980392 1 1 1 1 1 1 1 1 1 0.6980392 0.6980392 0.6980392 1 1 1 1 1 0.6980392 0.6980392 0.6980392 1 0.6980392 0.6980392 0.6980392 1 1 1 1 1 1 1 1 1 0.6980392 0.6980392 0.6980392 1 1 1 1 1 0.6980392 0.6980392 0.6980392 1 0.2 0.2 0.2 1 0.4980392 0.4980392 0.4980392 1 0.4980392 0.4980392 0.4980392 1 0.4980392 0.4980392 0.4980392 1 0.4980392 0.4980392 0.4980392 1 0.2 0.2 0.2 1 1 1 1 1 0.6980392 0.6980392 0.6980392 1 1 1 1 1 0.6980392 0.6980392 0.6980392 1 0.6980392 0.6980392 0.6980392 1 1 1 1 1 1 1 1 1 0.6980392 0.6980392 0.6980392 1 1 1 1 1 0.6980392 0.6980392 0.6980392 1 0.6980392 0.6980392 0.6980392 1 1 1 1 1 1 1 1 1 0.6980392 0.6980392 0.6980392 1 1 1 1 1 0.6980392 0.6980392 0.6980392 1 0.6980392 0.6980392 0.6980392 1 1 1 1 1 1 1 1 1 0.6980392 0.6980392 0.6980392 1 1 1 1 1 0.6980392 0.6980392 0.6980392 1 0.6980392 0.6980392 0.6980392 1 1 1 1 1 1 1 1 1 0.6980392 0.6980392 0.6980392 1 1 1 1 1 0.6980392 0.6980392 0.6980392 1 0.6980392 0.6980392 0.6980392 1 1 1 1 1 1 1 1 1 0.6980392 0.6980392 0.6980392 1 1 1 1 1 0.6980392 0.6980392 0.6980392 1 0.6980392 0.6980392 0.6980392 1 1 1 1 1 1 1 1 1 0.6980392 0.6980392 0.6980392 1 1 1 1 1 0.6980392 0.6980392 0.6980392 1 0.6980392 0.6980392 0.6980392 1 1 1 1 1 0.9843137 0.9843137 0.9843137 1 0.6980392 0.6980392 0.6980392 1 0.6980392 0.6980392 0.6980392 1 0.6980392 0.6980392 0.6980392 1 0.6980392 0.6980392 0.6980392 1 0.9843137 0.9843137 0.9843137 1 0.6980392 0.6980392 0.6980392 1 1 1 1 1 0.6980392 0.6980392 0.6980392 1 0.4980392 0.4980392 0.4980392 1 0.4980392 0.4980392 0.4980392 1 0.2 0.2 0.2 1 0.4980392 0.4980392 0.4980392 1 0.4980392 0.4980392 0.4980392 1 0.2 0.2 0.2 1 0.6980392 0.6980392 0.6980392 1 0.6980392 0.6980392 0.6980392 1 1 1 1 1 0.6980392 0.6980392 0.6980392 1 0.6980392 0.6980392 0.6980392 1 1 1 1 1 0.6980392 0.6980392 0.6980392 1 0.6980392 0.6980392 0.6980392 1 0.9843137 0.9843137 0.9843137 1 0.6980392 0.6980392 0.6980392 1 0.6980392 0.6980392 0.6980392 1 0.9843137 0.9843137 0.9843137 1 0.6980392 0.6980392 0.6980392 1 1 1 1 1 0.6980392 0.6980392 0.6980392 1</float_array>
          <technique_common>
            <accessor source="#polygon0-mesh-colors-polygon0_Colors0-array" count="768" stride="4">
              <param name="R" type="float"/>
              <param name="G" type="float"/>
              <param name="B" type="float"/>
              <param name="A" type="float"/>
            </accessor>
          </technique_common>
        </source>
        <vertices id="polygon0-mesh-vertices">
          <input semantic="POSITION" source="#polygon0-mesh-positions"/>
        </vertices>
        <triangles material="mat_tire_rim-material" count="256">
          <input semantic="VERTEX" source="#polygon0-mesh-vertices" offset="0"/>
          <input semantic="NORMAL" source="#polygon0-mesh-normals" offset="1"/>
          <input semantic="TEXCOORD" source="#polygon0-mesh-map-0" offset="2" set="0"/>
          <input semantic="COLOR" source="#polygon0-mesh-colors-polygon0_Colors0" offset="3" set="0"/>
          <p>2 0 0 0 1 1 1 1 0 2 2 2 3 3 3 3 1 1 4 4 2 0 5 5 4 4 6 6 3 3 7 7 2 0 8 8 7 5 9 9 6 6 10 10 5 7 11 11 8 8 12 12 6 6 13 13 7 5 14 14 9 9 15 15 8 8 16 16 7 5 17 17 7 5 18 18 10 10 19 19 9 9 20 20 11 11 21 21 10 10 22 22 7 5 23 23 12 12 24 24 11 11 25 25 7 5 26 26 2 0 27 27 14 13 28 28 13 14 29 29 15 15 30 30 14 13 31 31 2 0 32 32 16 16 33 33 15 15 34 34 2 0 35 35 2 0 36 36 17 17 37 37 16 16 38 38 18 18 39 39 17 17 40 40 2 0 41 41 19 19 42 42 18 18 43 43 2 0 44 44 2 0 45 45 20 20 46 46 19 19 47 47 21 21 48 48 20 20 49 49 2 0 50 50 0 2 51 51 21 21 52 52 2 0 53 53 2 0 54 54 22 22 55 55 4 4 56 56 23 23 57 57 22 22 58 58 2 0 59 59 24 24 60 60 23 23 61 61 2 0 62 62 27 25 63 63 26 26 64 64 25 27 65 65 28 28 66 66 26 26 67 67 27 25 68 68 29 29 69 69 28 28 70 70 27 25 71 71 32 30 72 72 31 31 73 73 30 32 74 74 33 33 75 75 31 31 76 76 32 30 77 77 34 34 78 78 33 33 79 79 32 30 80 80 37 35 81 81 36 36 82 82 35 37 83 83 38 38 84 84 36 36 85 85 37 35 86 86 39 39 87 87 38 38 88 88 37 35 89 89 42 40 90 90 41 41 91 91 40 42 92 92 43 43 93 93 41 41 94 94 42 40 95 95 44 44 96 96 43 43 97 97 42 40 98 98 47 45 99 99 46 46 100 100 45 47 101 101 48 48 102 102 46 46 103 103 47 45 104 104 49 49 105 105 48 48 106 106 47 45 107 107 47 45 108 108 50 50 109 109 49 49 110 110 51 51 111 111 50 50 112 112 47 45 113 113 52 52 114 114 51 51 115 115 47 45 116 116 55 53 117 117 54 54 118 118 53 55 119 119 56 56 120 120 54 54 121 121 55 53 122 122 57 57 123 123 56 56 124 124 55 53 125 125 60 58 126 126 59 59 127 127 58 60 128 128 61 61 129 129 59 59 130 130 60 58 131 131 62 62 132 132 61 61 133 133 60 58 134 134 65 63 135 135 64 64 136 136 63 65 137 137 66 66 138 138 64 64 139 139 65 63 140 140 67 67 141 141 66 66 142 142 65 63 143 143 65 63 144 144 68 68 145 145 67 67 146 146 69 69 147 147 68 68 148 148 65 63 149 149 70 70 150 150 69 69 151 151 65 63 152 152 73 71 153 153 72 72 154 154 71 73 155 155 74 74 156 156 72 72 157 157 73 71 158 158 75 75 159 159 74 74 160 160 73 71 161 161 73 71 162 162 76 76 163 163 75 75 164 164 77 77 165 165 76 76 166 166 73 71 167 167 78 78 168 168 77 77 169 169 73 71 170 170 73 71 171 171 79 79 172 172 78 78 173 173 80 80 174 174 79 79 175 175 73 71 176 176 81 81 177 177 80 80 178 178 73 71 179 179 73 71 180 180 82 82 181 181 81 81 182 182 83 83 183 183 82 82 184 184 73 71 185 185 84 84 186 186 83 83 187 187 73 71 188 188 73 71 189 189 85 85 190 190 84 84 191 191 86 86 192 192 85 85 193 193 73 71 194 194 87 87 195 195 86 86 196 196 73 71 197 197 90 88 198 198 89 89 199 199 88 90 200 200 91 91 201 201 89 89 202 202 90 88 203 203 92 92 204 204 91 91 205 205 90 88 206 206 90 88 207 207 93 93 208 208 92 92 209 209 94 94 210 210 93 93 211 211 90 88 212 212 95 95 213 213 94 94 214 214 90 88 215 215 97 96 216 216 56 97 217 217 96 98 218 218 54 99 219 219 56 97 220 220 97 96 221 221 100 100 222 222 99 101 223 223 98 102 224 224 101 103 225 225 99 101 226 226 100 100 227 227 104 104 228 228 103 105 229 229 102 106 230 230 105 107 231 231 103 105 232 232 104 104 233 233 108 108 234 234 107 109 235 235 106 110 236 236 109 111 237 237 107 109 238 238 108 108 239 239 112 112 240 240 111 113 241 241 110 114 242 242 113 115 243 243 111 113 244 244 112 112 245 245 114 116 246 246 54 99 247 247 97 96 248 248 53 117 249 249 54 99 250 250 114 116 251 251 96 98 252 252 57 118 253 253 115 119 254 254 56 97 255 255 57 118 256 256 96 98 257 257 115 119 258 258 117 120 259 259 116 121 260 260 57 118 261 261 117 120 262 262 115 119 263 263 120 122 264 264 119 123 265 265 118 124 266 266 121 125 267 267 119 123 268 268 120 122 269 269 80 126 270 270 123 127 271 271 122 128 272 272 81 129 273 273 123 127 274 274 80 126 275 275 78 130 276 276 125 131 277 277 124 132 278 278 79 133 279 279 125 131 280 280 78 130 281 281 76 134 282 282 127 135 283 283 126 136 284 284 77 137 285 285 127 135 286 286 76 134 287 287 74 138 288 288 129 139 289 289 128 140 290 290 75 141 291 291 129 139 292 292 74 138 293 293 71 142 294 294 131 143 295 295 130 144 296 296 72 145 297 297 131 143 298 298 71 142 299 299 86 146 300 300 133 147 301 301 132 148 302 302 87 149 303 303 133 147 304 304 86 146 305 305 85 150 306 306 132 148 307 307 134 151 308 308 86 146 309 309 132 148 310 310 85 150 311 311 82 152 312 312 136 153 313 313 135 154 314 314 83 155 315 315 136 153 316 316 82 152 317 317 139 156 318 318 138 157 319 319 137 158 320 320 140 159 321 321 138 157 322 322 139 156 323 323 143 160 324 324 142 161 325 325 141 162 326 326 144 163 327 327 142 161 328 328 143 160 329 329 147 164 330 330 146 165 331 331 145 166 332 332 148 167 333 333 146 165 334 334 147 164 335 335 151 168 336 336 150 169 337 337 149 170 338 338 152 171 339 339 150 169 340 340 151 168 341 341 154 172 342 342 35 173 343 343 153 174 344 344 155 175 345 345 35 173 346 346 154 172 347 347 156 176 348 348 140 159 349 349 139 156 350 350 157 177 351 351 140 159 352 352 156 176 353 353 159 178 354 354 38 179 355 355 158 180 356 356 36 181 357 357 38 179 358 358 159 178 359 359 141 162 360 360 161 182 361 361 160 183 362 362 142 161 363 363 161 182 364 364 141 162 365 365 162 184 366 366 148 167 367 367 147 164 368 368 163 185 369 369 148 167 370 370 162 184 371 371 145 166 372 372 152 171 373 373 151 168 374 374 146 165 375 375 152 171 376 376 145 166 377 377 149 170 378 378 155 175 379 379 154 172 380 380 150 169 381 381 155 175 382 382 149 170 383 383 153 174 384 384 36 181 385 385 159 178 386 386 35 173 387 387 36 181 388 388 153 174 389 389 158 180 390 390 39 186 391 391 164 187 392 392 38 179 393 393 39 186 394 394 158 180 395 395 164 187 396 396 157 177 397 397 156 176 398 398 39 186 399 399 157 177 400 400 164 187 401 401 137 158 402 402 144 163 403 403 143 160 404 404 138 157 405 405 144 163 406 406 137 158 407 407 160 183 408 408 163 185 409 409 162 184 410 410 161 182 411 411 163 185 412 412 160 183 413 413 81 129 414 414 135 154 415 415 123 127 416 416 82 152 417 417 135 154 418 418 81 129 419 419 79 133 420 420 122 128 421 421 125 131 422 422 80 126 423 423 122 128 424 424 79 133 425 425 77 137 426 426 124 132 427 427 127 135 428 428 78 130 429 429 124 132 430 430 77 137 431 431 75 141 432 432 126 136 433 433 129 139 434 434 76 134 435 435 126 136 436 436 75 141 437 437 72 145 438 438 128 140 439 439 131 143 440 440 74 138 441 441 128 140 442 442 72 145 443 443 84 188 444 444 134 151 445 445 165 189 446 446 85 150 447 447 134 151 448 448 84 188 449 449 87 149 450 450 130 144 451 451 133 147 452 452 71 142 453 453 130 144 454 454 87 149 455 455 0 190 456 456 167 191 457 457 166 192 458 458 1 193 459 459 167 191 460 460 0 190 461 461 20 194 462 462 169 195 463 463 168 196 464 464 21 197 465 465 169 195 466 466 20 194 467 467 7 5 468 468 170 198 469 469 12 12 470 470 5 7 471 471 170 198 472 472 7 5 473 473 18 199 474 474 172 200 475 475 171 201 476 476 19 202 477 477 172 200 478 478 18 199 479 479 16 203 480 480 174 204 481 481 173 205 482 482 17 206 483 483 174 204 484 484 16 203 485 485 14 207 486 486 176 208 487 487 175 209 488 488 15 210 489 489 176 208 490 490 14 207 491 491 83 155 492 492 165 189 493 493 136 153 494 494 84 188 495 495 165 189 496 496 83 155 497 497 4 211 498 498 178 212 499 499 177 213 500 500 22 214 501 501 178 212 502 502 4 211 503 503 24 215 504 504 180 216 505 505 179 217 506 506 13 218 507 507 180 216 508 508 24 215 509 509 181 219 510 510 27 25 511 511 25 27 512 512 182 220 513 513 27 25 514 514 181 219 515 515 183 221 516 516 27 25 517 517 182 220 518 518 184 222 519 519 27 25 520 520 183 221 521 521 21 197 522 522 166 192 523 523 169 195 524 524 0 190 525 525 166 192 526 526 21 197 527 527 185 223 528 528 32 30 529 529 30 32 530 530 186 224 531 531 32 30 532 532 185 223 533 533 187 225 534 534 32 30 535 535 186 224 536 536 188 226 537 537 32 30 538 538 187 225 539 539 19 202 540 540 168 196 541 541 172 200 542 542 20 194 543 543 168 196 544 544 19 202 545 545 155 227 546 546 37 35 547 547 35 37 548 548 150 228 549 549 37 35 550 550 155 227 551 551 152 229 552 552 37 35 553 553 150 228 554 554 146 230 555 555 37 35 556 556 152 229 557 557 148 231 558 558 37 35 559 559 146 230 560 560 163 232 561 561 37 35 562 562 148 231 563 563 161 233 564 564 37 35 565 565 163 232 566 566 142 234 567 567 37 35 568 568 161 233 569 569 144 235 570 570 37 35 571 571 142 234 572 572 138 236 573 573 37 35 574 574 144 235 575 575 17 206 576 576 171 201 577 577 174 204 578 578 18 199 579 579 171 201 580 580 17 206 581 581 15 210 582 582 173 205 583 583 176 208 584 584 16 203 585 585 173 205 586 586 15 210 587 587 13 218 588 588 175 209 589 589 180 216 590 590 14 207 591 591 175 209 592 592 13 218 593 593 47 45 594 594 189 237 595 595 52 52 596 596 45 47 597 597 189 237 598 598 47 45 599 599 23 238 600 600 179 217 601 601 190 239 602 602 24 215 603 603 179 217 604 604 23 238 605 605 111 240 606 606 55 53 607 607 53 55 608 608 113 241 609 609 55 53 610 610 111 240 611 611 107 242 612 612 55 53 613 613 113 241 614 614 109 243 615 615 55 53 616 616 107 242 617 617 103 244 618 618 55 53 619 619 109 243 620 620 105 245 621 621 55 53 622 622 103 244 623 623 99 246 624 624 55 53 625 625 105 245 626 626 101 247 627 627 55 53 628 628 99 246 629 629 119 248 630 630 55 53 631 631 101 247 632 632 121 249 633 633 55 53 634 634 119 248 635 635 191 250 636 636 55 53 637 637 121 249 638 638 117 251 639 639 55 53 640 640 191 250 641 641 22 214 642 642 190 239 643 643 178 212 644 644 23 238 645 645 190 239 646 646 22 214 647 647 192 252 648 648 60 58 649 649 58 60 650 650 193 253 651 651 60 58 652 652 192 252 653 653 194 254 654 654 60 58 655 655 193 253 656 656 195 255 657 657 60 58 658 658 194 254 659 659 140 256 660 660 37 35 661 661 138 236 662 662 157 257 663 663 37 35 664 664 140 256 665 665 196 258 666 666 42 40 667 667 40 42 668 668 197 259 669 669 42 40 670 670 196 258 671 671 198 260 672 672 42 40 673 673 197 259 674 674 199 261 675 675 42 40 676 676 198 260 677 677 1 193 678 678 200 262 679 679 167 191 680 680 3 263 681 681 200 262 682 682 1 193 683 683 3 263 684 684 177 213 685 685 200 262 686 686 4 211 687 687 177 213 688 688 3 263 689 689 65 63 690 690 201 264 691 691 70 70 692 692 63 65 693 693 201 264 694 694 65 63 695 695 202 265 696 696 121 125 697 697 120 122 698 698 191 266 699 699 121 125 700 700 202 265 701 701 118 124 702 702 101 103 703 703 100 100 704 704 119 123 705 705 101 103 706 706 118 124 707 707 98 102 708 708 105 107 709 709 104 104 710 710 99 101 711 711 105 107 712 712 98 102 713 713 102 106 714 714 109 111 715 715 108 108 716 716 103 105 717 717 109 111 718 718 102 106 719 719 106 110 720 720 113 115 721 721 112 112 722 722 107 109 723 723 113 115 724 724 106 110 725 725 110 114 726 726 53 117 727 727 114 116 728 728 111 113 729 729 53 117 730 730 110 114 731 731 116 121 732 732 191 266 733 733 202 265 734 734 117 120 735 735 191 266 736 736 116 121 737 737 90 88 738 738 203 267 739 739 95 95 740 740 88 90 741 741 203 267 742 742 90 88 743 743 24 24 744 744 2 0 745 745 13 14 746 746 184 222 747 747 29 29 748 748 27 25 749 749 188 226 750 750 34 34 751 751 32 30 752 752 157 257 753 753 39 39 754 754 37 35 755 755 117 251 756 756 57 57 757 757 55 53 758 758 195 255 759 759 62 62 760 760 60 58 761 761 199 261 762 762 44 44 763 763 42 40 764 764 87 87 765 765 73 71 766 766 71 73 767 767</p>
        </triangles>
      </mesh>
    </geometry>
  </library_geometries>
  <library_controllers>
    <controller id="Armature_polygon2-skin" name="Armature">
      <skin source="#polygon2-mesh">
        <bind_shape_matrix>1 0 0 0 0 1 -1.42109e-14 0 0 1.42109e-14 1 0 0 0 0 1</bind_shape_matrix>
        <source id="Armature_polygon2-skin-joints">
          <Name_array id="Armature_polygon2-skin-joints-array" count="1">mdf_kart_all</Name_array>
          <technique_common>
            <accessor source="#Armature_polygon2-skin-joints-array" count="1" stride="1">
              <param name="JOINT" type="name"/>
            </accessor>
          </technique_common>
        </source>
        <source id="Armature_polygon2-skin-bind_poses">
          <float_array id="Armature_polygon2-skin-bind_poses-array" count="16">100 0 0 0 0 -1.62921e-5 100 0 0 -100 -1.62921e-5 0 0 0 0 1</float_array>
          <technique_common>
            <accessor source="#Armature_polygon2-skin-bind_poses-array" count="1" stride="16">
              <param name="TRANSFORM" type="float4x4"/>
            </accessor>
          </technique_common>
        </source>
        <source id="Armature_polygon2-skin-weights">
          <float_array id="Armature_polygon2-skin-weights-array" count="552">1 1 1 1 1 1 1 1 1 1 1 1 1 1 1 1 1 1 1 1 1 1 1 1 1 1 1 1 1 1 1 1 1 1 1 1 1 1 1 1 1 1 1 1 1 1 1 1 1 1 1 1 1 1 1 1 1 1 1 1 1 1 1 1 1 1 1 1 1 1 1 1 1 1 1 1 1 1 1 1 1 1 1 1 1 1 1 1 1 1 1 1 1 1 1 1 1 1 1 1 1 1 1 1 1 1 1 1 1 1 1 1 1 1 1 1 1 1 1 1 1 1 1 1 1 1 1 1 1 1 1 1 1 1 1 1 1 1 1 1 1 1 1 1 1 1 1 1 1 1 1 1 1 1 1 1 1 1 1 1 1 1 1 1 1 1 1 1 1 1 1 1 1 1 1 1 1 1 1 1 1 1 1 1 1 1 1 1 1 1 1 1 1 1 1 1 1 1 1 1 1 1 1 1 1 1 1 1 1 1 1 1 1 1 1 1 1 1 1 1 1 1 1 1 1 1 1 1 1 1 1 1 1 1 1 1 1 1 1 1 1 1 1 1 1 1 1 1 1 1 1 1 1 1 1 1 1 1 1 1 1 1 1 1 1 1 1 1 1 1 1 1 1 1 1 1 1 1 1 1 1 1 1 1 1 1 1 1 1 1 1 1 1 1 1 1 1 1 1 1 1 1 1 1 1 1 1 1 1 1 1 1 1 1 1 1 1 1 1 1 1 1 1 1 1 1 1 1 1 1 1 1 1 1 1 1 1 1 1 1 1 1 1 1 1 1 1 1 1 1 1 1 1 1 1 1 1 1 1 1 1 1 1 1 1 1 1 1 1 1 1 1 1 1 1 1 1 1 1 1 1 1 1 1 1 1 1 1 1 1 1 1 1 1 1 1 1 1 1 1 1 1 1 1 1 1 1 1 1 1 1 1 1 1 1 1 1 1 1 1 1 1 1 1 1 1 1 1 1 1 1 1 1 1 1 1 1 1 1 1 1 1 1 1 1 1 1 1 1 1 1 1 1 1 1 1 1 1 1 1 1 1 1 1 1 1 1 1 1 1 1 1 1 1 1 1 1 1 1 1 1 1 1 1 1 1 1 1 1 1 1 1 1 1 1 1 1 1 1 1 1 1 1 1 1 1 1 1 1 1 1 1 1 1 1 1 1 1 1 1 1 1 1 1 1 1 1 1 1 1 1 1 1 1 1 1 1 1 1 1 1 1 1 1 1 1 1 1 1 1 1 1</float_array>
          <technique_common>
            <accessor source="#Armature_polygon2-skin-weights-array" count="552" stride="1">
              <param name="WEIGHT" type="float"/>
            </accessor>
          </technique_common>
        </source>
        <joints>
          <input semantic="JOINT" source="#Armature_polygon2-skin-joints"/>
          <input semantic="INV_BIND_MATRIX" source="#Armature_polygon2-skin-bind_poses"/>
        </joints>
        <vertex_weights count="552">
          <input semantic="JOINT" source="#Armature_polygon2-skin-joints" offset="0"/>
          <input semantic="WEIGHT" source="#Armature_polygon2-skin-weights" offset="1"/>
          <vcount>1 1 1 1 1 1 1 1 1 1 1 1 1 1 1 1 1 1 1 1 1 1 1 1 1 1 1 1 1 1 1 1 1 1 1 1 1 1 1 1 1 1 1 1 1 1 1 1 1 1 1 1 1 1 1 1 1 1 1 1 1 1 1 1 1 1 1 1 1 1 1 1 1 1 1 1 1 1 1 1 1 1 1 1 1 1 1 1 1 1 1 1 1 1 1 1 1 1 1 1 1 1 1 1 1 1 1 1 1 1 1 1 1 1 1 1 1 1 1 1 1 1 1 1 1 1 1 1 1 1 1 1 1 1 1 1 1 1 1 1 1 1 1 1 1 1 1 1 1 1 1 1 1 1 1 1 1 1 1 1 1 1 1 1 1 1 1 1 1 1 1 1 1 1 1 1 1 1 1 1 1 1 1 1 1 1 1 1 1 1 1 1 1 1 1 1 1 1 1 1 1 1 1 1 1 1 1 1 1 1 1 1 1 1 1 1 1 1 1 1 1 1 1 1 1 1 1 1 1 1 1 1 1 1 1 1 1 1 1 1 1 1 1 1 1 1 1 1 1 1 1 1 1 1 1 1 1 1 1 1 1 1 1 1 1 1 1 1 1 1 1 1 1 1 1 1 1 1 1 1 1 1 1 1 1 1 1 1 1 1 1 1 1 1 1 1 1 1 1 1 1 1 1 1 1 1 1 1 1 1 1 1 1 1 1 1 1 1 1 1 1 1 1 1 1 1 1 1 1 1 1 1 1 1 1 1 1 1 1 1 1 1 1 1 1 1 1 1 1 1 1 1 1 1 1 1 1 1 1 1 1 1 1 1 1 1 1 1 1 1 1 1 1 1 1 1 1 1 1 1 1 1 1 1 1 1 1 1 1 1 1 1 1 1 1 1 1 1 1 1 1 1 1 1 1 1 1 1 1 1 1 1 1 1 1 1 1 1 1 1 1 1 1 1 1 1 1 1 1 1 1 1 1 1 1 1 1 1 1 1 1 1 1 1 1 1 1 1 1 1 1 1 1 1 1 1 1 1 1 1 1 1 1 1 1 1 1 1 1 1 1 1 1 1 1 1 1 1 1 1 1 1 1 1 1 1 1 1 1 1 1 1 1 1 1 1 1 1 1 1 1 1 1 1 1 1 1 1 1 1 1 1 1 1 1 1 1 1 1 1 1 1 1 1 1 1 1 1 1 1 1 1 1 1 1 1 1 1 1 1 1 1 1 1 1 1 1 1 1 1 1 1 </vcount>
          <v>0 0 0 1 0 2 0 3 0 4 0 5 0 6 0 7 0 8 0 9 0 10 0 11 0 12 0 13 0 14 0 15 0 16 0 17 0 18 0 19 0 20 0 21 0 22 0 23 0 24 0 25 0 26 0 27 0 28 0 29 0 30 0 31 0 32 0 33 0 34 0 35 0 36 0 37 0 38 0 39 0 40 0 41 0 42 0 43 0 44 0 45 0 46 0 47 0 48 0 49 0 50 0 51 0 52 0 53 0 54 0 55 0 56 0 57 0 58 0 59 0 60 0 61 0 62 0 63 0 64 0 65 0 66 0 67 0 68 0 69 0 70 0 71 0 72 0 73 0 74 0 75 0 76 0 77 0 78 0 79 0 80 0 81 0 82 0 83 0 84 0 85 0 86 0 87 0 88 0 89 0 90 0 91 0 92 0 93 0 94 0 95 0 96 0 97 0 98 0 99 0 100 0 101 0 102 0 103 0 104 0 105 0 106 0 107 0 108 0 109 0 110 0 111 0 112 0 113 0 114 0 115 0 116 0 117 0 118 0 119 0 120 0 121 0 122 0 123 0 124 0 125 0 126 0 127 0 128 0 129 0 130 0 131 0 132 0 133 0 134 0 135 0 136 0 137 0 138 0 139 0 140 0 141 0 142 0 143 0 144 0 145 0 146 0 147 0 148 0 149 0 150 0 151 0 152 0 153 0 154 0 155 0 156 0 157 0 158 0 159 0 160 0 161 0 162 0 163 0 164 0 165 0 166 0 167 0 168 0 169 0 170 0 171 0 172 0 173 0 174 0 175 0 176 0 177 0 178 0 179 0 180 0 181 0 182 0 183 0 184 0 185 0 186 0 187 0 188 0 189 0 190 0 191 0 192 0 193 0 194 0 195 0 196 0 197 0 198 0 199 0 200 0 201 0 202 0 203 0 204 0 205 0 206 0 207 0 208 0 209 0 210 0 211 0 212 0 213 0 214 0 215 0 216 0 217 0 218 0 219 0 220 0 221 0 222 0 223 0 224 0 225 0 226 0 227 0 228 0 229 0 230 0 231 0 232 0 233 0 234 0 235 0 236 0 237 0 238 0 239 0 240 0 241 0 242 0 243 0 244 0 245 0 246 0 247 0 248 0 249 0 250 0 251 0 252 0 253 0 254 0 255 0 256 0 257 0 258 0 259 0 260 0 261 0 262 0 263 0 264 0 265 0 266 0 267 0 268 0 269 0 270 0 271 0 272 0 273 0 274 0 275 0 276 0 277 0 278 0 279 0 280 0 281 0 282 0 283 0 284 0 285 0 286 0 287 0 288 0 289 0 290 0 291 0 292 0 293 0 294 0 295 0 296 0 297 0 298 0 299 0 300 0 301 0 302 0 303 0 304 0 305 0 306 0 307 0 308 0 309 0 310 0 311 0 312 0 313 0 314 0 315 0 316 0 317 0 318 0 319 0 320 0 321 0 322 0 323 0 324 0 325 0 326 0 327 0 328 0 329 0 330 0 331 0 332 0 333 0 334 0 335 0 336 0 337 0 338 0 339 0 340 0 341 0 342 0 343 0 344 0 345 0 346 0 347 0 348 0 349 0 350 0 351 0 352 0 353 0 354 0 355 0 356 0 357 0 358 0 359 0 360 0 361 0 362 0 363 0 364 0 365 0 366 0 367 0 368 0 369 0 370 0 371 0 372 0 373 0 374 0 375 0 376 0 377 0 378 0 379 0 380 0 381 0 382 0 383 0 384 0 385 0 386 0 387 0 388 0 389 0 390 0 391 0 392 0 393 0 394 0 395 0 396 0 397 0 398 0 399 0 400 0 401 0 402 0 403 0 404 0 405 0 406 0 407 0 408 0 409 0 410 0 411 0 412 0 413 0 414 0 415 0 416 0 417 0 418 0 419 0 420 0 421 0 422 0 423 0 424 0 425 0 426 0 427 0 428 0 429 0 430 0 431 0 432 0 433 0 434 0 435 0 436 0 437 0 438 0 439 0 440 0 441 0 442 0 443 0 444 0 445 0 446 0 447 0 448 0 449 0 450 0 451 0 452 0 453 0 454 0 455 0 456 0 457 0 458 0 459 0 460 0 461 0 462 0 463 0 464 0 465 0 466 0 467 0 468 0 469 0 470 0 471 0 472 0 473 0 474 0 475 0 476 0 477 0 478 0 479 0 480 0 481 0 482 0 483 0 484 0 485 0 486 0 487 0 488 0 489 0 490 0 491 0 492 0 493 0 494 0 495 0 496 0 497 0 498 0 499 0 500 0 501 0 502 0 503 0 504 0 505 0 506 0 507 0 508 0 509 0 510 0 511 0 512 0 513 0 514 0 515 0 516 0 517 0 518 0 519 0 520 0 521 0 522 0 523 0 524 0 525 0 526 0 527 0 528 0 529 0 530 0 531 0 532 0 533 0 534 0 535 0 536 0 537 0 538 0 539 0 540 0 541 0 542 0 543 0 544 0 545 0 546 0 547 0 548 0 549 0 550 0 551</v>
        </vertex_weights>
      </skin>
    </controller>
    <controller id="Armature_polygon1-skin" name="Armature">
      <skin source="#polygon1-mesh">
        <bind_shape_matrix>1 0 0 0 0 1 -1.42109e-14 0 0 1.42109e-14 1 0 0 0 0 1</bind_shape_matrix>
        <source id="Armature_polygon1-skin-joints">
          <Name_array id="Armature_polygon1-skin-joints-array" count="1">mdf_kart_all</Name_array>
          <technique_common>
            <accessor source="#Armature_polygon1-skin-joints-array" count="1" stride="1">
              <param name="JOINT" type="name"/>
            </accessor>
          </technique_common>
        </source>
        <source id="Armature_polygon1-skin-bind_poses">
          <float_array id="Armature_polygon1-skin-bind_poses-array" count="16">100 0 0 0 0 -1.62921e-5 100 0 0 -100 -1.62921e-5 0 0 0 0 1</float_array>
          <technique_common>
            <accessor source="#Armature_polygon1-skin-bind_poses-array" count="1" stride="16">
              <param name="TRANSFORM" type="float4x4"/>
            </accessor>
          </technique_common>
        </source>
        <source id="Armature_polygon1-skin-weights">
          <float_array id="Armature_polygon1-skin-weights-array" count="192">1 1 1 1 1 1 1 1 1 1 1 1 1 1 1 1 1 1 1 1 1 1 1 1 1 1 1 1 1 1 1 1 1 1 1 1 1 1 1 1 1 1 1 1 1 1 1 1 1 1 1 1 1 1 1 1 1 1 1 1 1 1 1 1 1 1 1 1 1 1 1 1 1 1 1 1 1 1 1 1 1 1 1 1 1 1 1 1 1 1 1 1 1 1 1 1 1 1 1 1 1 1 1 1 1 1 1 1 1 1 1 1 1 1 1 1 1 1 1 1 1 1 1 1 1 1 1 1 1 1 1 1 1 1 1 1 1 1 1 1 1 1 1 1 1 1 1 1 1 1 1 1 1 1 1 1 1 1 1 1 1 1 1 1 1 1 1 1 1 1 1 1 1 1 1 1 1 1 1 1 1 1 1 1 1 1 1 1 1 1 1 1</float_array>
          <technique_common>
            <accessor source="#Armature_polygon1-skin-weights-array" count="192" stride="1">
              <param name="WEIGHT" type="float"/>
            </accessor>
          </technique_common>
        </source>
        <joints>
          <input semantic="JOINT" source="#Armature_polygon1-skin-joints"/>
          <input semantic="INV_BIND_MATRIX" source="#Armature_polygon1-skin-bind_poses"/>
        </joints>
        <vertex_weights count="192">
          <input semantic="JOINT" source="#Armature_polygon1-skin-joints" offset="0"/>
          <input semantic="WEIGHT" source="#Armature_polygon1-skin-weights" offset="1"/>
          <vcount>1 1 1 1 1 1 1 1 1 1 1 1 1 1 1 1 1 1 1 1 1 1 1 1 1 1 1 1 1 1 1 1 1 1 1 1 1 1 1 1 1 1 1 1 1 1 1 1 1 1 1 1 1 1 1 1 1 1 1 1 1 1 1 1 1 1 1 1 1 1 1 1 1 1 1 1 1 1 1 1 1 1 1 1 1 1 1 1 1 1 1 1 1 1 1 1 1 1 1 1 1 1 1 1 1 1 1 1 1 1 1 1 1 1 1 1 1 1 1 1 1 1 1 1 1 1 1 1 1 1 1 1 1 1 1 1 1 1 1 1 1 1 1 1 1 1 1 1 1 1 1 1 1 1 1 1 1 1 1 1 1 1 1 1 1 1 1 1 1 1 1 1 1 1 1 1 1 1 1 1 1 1 1 1 1 1 1 1 1 1 1 1 </vcount>
          <v>0 0 0 1 0 2 0 3 0 4 0 5 0 6 0 7 0 8 0 9 0 10 0 11 0 12 0 13 0 14 0 15 0 16 0 17 0 18 0 19 0 20 0 21 0 22 0 23 0 24 0 25 0 26 0 27 0 28 0 29 0 30 0 31 0 32 0 33 0 34 0 35 0 36 0 37 0 38 0 39 0 40 0 41 0 42 0 43 0 44 0 45 0 46 0 47 0 48 0 49 0 50 0 51 0 52 0 53 0 54 0 55 0 56 0 57 0 58 0 59 0 60 0 61 0 62 0 63 0 64 0 65 0 66 0 67 0 68 0 69 0 70 0 71 0 72 0 73 0 74 0 75 0 76 0 77 0 78 0 79 0 80 0 81 0 82 0 83 0 84 0 85 0 86 0 87 0 88 0 89 0 90 0 91 0 92 0 93 0 94 0 95 0 96 0 97 0 98 0 99 0 100 0 101 0 102 0 103 0 104 0 105 0 106 0 107 0 108 0 109 0 110 0 111 0 112 0 113 0 114 0 115 0 116 0 117 0 118 0 119 0 120 0 121 0 122 0 123 0 124 0 125 0 126 0 127 0 128 0 129 0 130 0 131 0 132 0 133 0 134 0 135 0 136 0 137 0 138 0 139 0 140 0 141 0 142 0 143 0 144 0 145 0 146 0 147 0 148 0 149 0 150 0 151 0 152 0 153 0 154 0 155 0 156 0 157 0 158 0 159 0 160 0 161 0 162 0 163 0 164 0 165 0 166 0 167 0 168 0 169 0 170 0 171 0 172 0 173 0 174 0 175 0 176 0 177 0 178 0 179 0 180 0 181 0 182 0 183 0 184 0 185 0 186 0 187 0 188 0 189 0 190 0 191</v>
        </vertex_weights>
      </skin>
    </controller>
    <controller id="Armature_polygon0-skin" name="Armature">
      <skin source="#polygon0-mesh">
        <bind_shape_matrix>1 0 0 0 0 1 -1.42109e-14 0 0 1.42109e-14 1 0 0 0 0 1</bind_shape_matrix>
        <source id="Armature_polygon0-skin-joints">
          <Name_array id="Armature_polygon0-skin-joints-array" count="1">mdf_kart_all</Name_array>
          <technique_common>
            <accessor source="#Armature_polygon0-skin-joints-array" count="1" stride="1">
              <param name="JOINT" type="name"/>
            </accessor>
          </technique_common>
        </source>
        <source id="Armature_polygon0-skin-bind_poses">
          <float_array id="Armature_polygon0-skin-bind_poses-array" count="16">100 0 0 0 0 -1.62921e-5 100 0 0 -100 -1.62921e-5 0 0 0 0 1</float_array>
          <technique_common>
            <accessor source="#Armature_polygon0-skin-bind_poses-array" count="1" stride="16">
              <param name="TRANSFORM" type="float4x4"/>
            </accessor>
          </technique_common>
        </source>
        <source id="Armature_polygon0-skin-weights">
          <float_array id="Armature_polygon0-skin-weights-array" count="204">1 1 1 1 1 1 1 1 1 1 1 1 1 1 1 1 1 1 1 1 1 1 1 1 1 1 1 1 1 1 1 1 1 1 1 1 1 1 1 1 1 1 1 1 1 1 1 1 1 1 1 1 1 1 1 1 1 1 1 1 1 1 1 1 1 1 1 1 1 1 1 1 1 1 1 1 1 1 1 1 1 1 1 1 1 1 1 1 1 1 1 1 1 1 1 1 1 1 1 1 1 1 1 1 1 1 1 1 1 1 1 1 1 1 1 1 1 1 1 1 1 1 1 1 1 1 1 1 1 1 1 1 1 1 1 1 1 1 1 1 1 1 1 1 1 1 1 1 1 1 1 1 1 1 1 1 1 1 1 1 1 1 1 1 1 1 1 1 1 1 1 1 1 1 1 1 1 1 1 1 1 1 1 1 1 1 1 1 1 1 1 1 1 1 1 1 1 1 1 1 1 1 1 1</float_array>
          <technique_common>
            <accessor source="#Armature_polygon0-skin-weights-array" count="204" stride="1">
              <param name="WEIGHT" type="float"/>
            </accessor>
          </technique_common>
        </source>
        <joints>
          <input semantic="JOINT" source="#Armature_polygon0-skin-joints"/>
          <input semantic="INV_BIND_MATRIX" source="#Armature_polygon0-skin-bind_poses"/>
        </joints>
        <vertex_weights count="204">
          <input semantic="JOINT" source="#Armature_polygon0-skin-joints" offset="0"/>
          <input semantic="WEIGHT" source="#Armature_polygon0-skin-weights" offset="1"/>
          <vcount>1 1 1 1 1 1 1 1 1 1 1 1 1 1 1 1 1 1 1 1 1 1 1 1 1 1 1 1 1 1 1 1 1 1 1 1 1 1 1 1 1 1 1 1 1 1 1 1 1 1 1 1 1 1 1 1 1 1 1 1 1 1 1 1 1 1 1 1 1 1 1 1 1 1 1 1 1 1 1 1 1 1 1 1 1 1 1 1 1 1 1 1 1 1 1 1 1 1 1 1 1 1 1 1 1 1 1 1 1 1 1 1 1 1 1 1 1 1 1 1 1 1 1 1 1 1 1 1 1 1 1 1 1 1 1 1 1 1 1 1 1 1 1 1 1 1 1 1 1 1 1 1 1 1 1 1 1 1 1 1 1 1 1 1 1 1 1 1 1 1 1 1 1 1 1 1 1 1 1 1 1 1 1 1 1 1 1 1 1 1 1 1 1 1 1 1 1 1 1 1 1 1 1 1 </vcount>
          <v>0 0 0 1 0 2 0 3 0 4 0 5 0 6 0 7 0 8 0 9 0 10 0 11 0 12 0 13 0 14 0 15 0 16 0 17 0 18 0 19 0 20 0 21 0 22 0 23 0 24 0 25 0 26 0 27 0 28 0 29 0 30 0 31 0 32 0 33 0 34 0 35 0 36 0 37 0 38 0 39 0 40 0 41 0 42 0 43 0 44 0 45 0 46 0 47 0 48 0 49 0 50 0 51 0 52 0 53 0 54 0 55 0 56 0 57 0 58 0 59 0 60 0 61 0 62 0 63 0 64 0 65 0 66 0 67 0 68 0 69 0 70 0 71 0 72 0 73 0 74 0 75 0 76 0 77 0 78 0 79 0 80 0 81 0 82 0 83 0 84 0 85 0 86 0 87 0 88 0 89 0 90 0 91 0 92 0 93 0 94 0 95 0 96 0 97 0 98 0 99 0 100 0 101 0 102 0 103 0 104 0 105 0 106 0 107 0 108 0 109 0 110 0 111 0 112 0 113 0 114 0 115 0 116 0 117 0 118 0 119 0 120 0 121 0 122 0 123 0 124 0 125 0 126 0 127 0 128 0 129 0 130 0 131 0 132 0 133 0 134 0 135 0 136 0 137 0 138 0 139 0 140 0 141 0 142 0 143 0 144 0 145 0 146 0 147 0 148 0 149 0 150 0 151 0 152 0 153 0 154 0 155 0 156 0 157 0 158 0 159 0 160 0 161 0 162 0 163 0 164 0 165 0 166 0 167 0 168 0 169 0 170 0 171 0 172 0 173 0 174 0 175 0 176 0 177 0 178 0 179 0 180 0 181 0 182 0 183 0 184 0 185 0 186 0 187 0 188 0 189 0 190 0 191 0 192 0 193 0 194 0 195 0 196 0 197 0 198 0 199 0 200 0 201 0 202 0 203</v>
        </vertex_weights>
      </skin>
    </controller>
  </library_controllers>
  <library_visual_scenes>
    <visual_scene id="Scene" name="Scene">
      <node id="Armature" name="Armature" type="NODE">
        <matrix sid="transform">0.01 0 0 0 0 -1.62921e-9 -0.01 0 0 0.01 -1.62921e-9 0 0 0 0 1</matrix>
        <node id="Armature_mdf_kart_all" name="mdf_kart_all" sid="mdf_kart_all" type="JOINT">
          <matrix sid="transform">1 0 0 0 0 1 0 0 0 0 1 0 0 0 0 1</matrix>
          <extra>
            <technique profile="blender">
              <layer sid="layer" type="string">0</layer>
              <tip_x sid="tip_x" type="float">0</tip_x>
              <tip_y sid="tip_y" type="float">1</tip_y>
              <tip_z sid="tip_z" type="float">0</tip_z>
            </technique>
          </extra>
        </node>
        <node id="polygon0" name="polygon0" type="NODE">
          <matrix sid="transform">1 0 0 0 0 1 0 0 0 0 1 0 0 0 0 1</matrix>
          <instance_controller url="#Armature_polygon0-skin">
            <skeleton>#Armature_mdf_kart_all</skeleton>
            <bind_material>
              <technique_common>
                <instance_material symbol="mat_tire_rim-material" target="#mat_tire_rim-material">
                  <bind_vertex_input semantic="polygon0_UVs0" input_semantic="TEXCOORD" input_set="0"/>
                </instance_material>
              </technique_common>
            </bind_material>
          </instance_controller>
        </node>
        <node id="polygon1" name="polygon1" type="NODE">
          <matrix sid="transform">1 0 0 0 0 1 0 0 0 0 1 0 0 0 0 1</matrix>
          <instance_controller url="#Armature_polygon1-skin">
            <skeleton>#Armature_mdf_kart_all</skeleton>
            <bind_material>
              <technique_common>
                <instance_material symbol="mat_tire-material" target="#mat_tire-material">
                  <bind_vertex_input semantic="polygon1_UVs0" input_semantic="TEXCOORD" input_set="0"/>
                </instance_material>
              </technique_common>
            </bind_material>
          </instance_controller>
        </node>
        <node id="polygon2" name="polygon2" type="NODE">
          <matrix sid="transform">1 0 0 0 0 1 0 0 0 0 1 0 0 0 0 1</matrix>
          <instance_controller url="#Armature_polygon2-skin">
            <skeleton>#Armature_mdf_kart_all</skeleton>
            <bind_material>
              <technique_common>
                <instance_material symbol="mat_body-material" target="#mat_body-material">
                  <bind_vertex_input semantic="polygon2_UVs0" input_semantic="TEXCOORD" input_set="0"/>
                </instance_material>
              </technique_common>
            </bind_material>
          </instance_controller>
        </node>
      </node>
    </visual_scene>
  </library_visual_scenes>
  <scene>
    <instance_visual_scene url="#Scene"/>
  </scene>
</COLLADA>