<?xml version="1.0" encoding="utf-8"?>
<COLLADA xmlns="http://www.collada.org/2005/11/COLLADASchema" version="1.4.1" xmlns:xsi="http://www.w3.org/2001/XMLSchema-instance">
  <asset>
    <contributor>
      <author>Blender User</author>
      <authoring_tool>Blender 3.4.1 commit date:2022-12-19, commit time:17:00, hash:55485cb379f7</authoring_tool>
    </contributor>
    <created>2023-03-04T00:38:20</created>
    <modified>2023-03-04T00:38:20</modified>
    <unit name="meter" meter="1"/>
    <up_axis>Z_UP</up_axis>
  </asset>
  <library_effects>
    <effect id="mat_body-effect">
      <profile_COMMON>
        <newparam sid="body_mr_png-surface">
          <surface type="2D">
            <init_from>body_mr_png</init_from>
          </surface>
        </newparam>
        <newparam sid="body_mr_png-sampler">
          <sampler2D>
            <source>body_mr_png-surface</source>
          </sampler2D>
        </newparam>
        <technique sid="common">
          <lambert>
            <emission>
              <color sid="emission">0 0 0 1</color>
            </emission>
            <diffuse>
              <texture texture="body_mr_png-sampler" texcoord="polygon2_UVs0"/>
            </diffuse>
            <index_of_refraction>
              <float sid="ior">1.45</float>
            </index_of_refraction>
          </lambert>
        </technique>
      </profile_COMMON>
    </effect>
    <effect id="mat_tire-effect">
      <profile_COMMON>
        <newparam sid="tire_png-surface">
          <surface type="2D">
            <init_from>tire_png</init_from>
          </surface>
        </newparam>
        <newparam sid="tire_png-sampler">
          <sampler2D>
            <source>tire_png-surface</source>
          </sampler2D>
        </newparam>
        <technique sid="common">
          <lambert>
            <emission>
              <color sid="emission">0 0 0 1</color>
            </emission>
            <diffuse>
              <texture texture="tire_png-sampler" texcoord="polygon1_UVs0"/>
            </diffuse>
            <index_of_refraction>
              <float sid="ior">1.45</float>
            </index_of_refraction>
          </lambert>
        </technique>
      </profile_COMMON>
    </effect>
    <effect id="mat_tire_rim-effect">
      <profile_COMMON>
        <newparam sid="tire_png-surface">
          <surface type="2D">
            <init_from>tire_png</init_from>
          </surface>
        </newparam>
        <newparam sid="tire_png-sampler">
          <sampler2D>
            <source>tire_png-surface</source>
          </sampler2D>
        </newparam>
        <technique sid="common">
          <lambert>
            <emission>
              <color sid="emission">0 0 0 1</color>
            </emission>
            <diffuse>
              <texture texture="tire_png-sampler" texcoord="polygon0_UVs0"/>
            </diffuse>
            <index_of_refraction>
              <float sid="ior">1.45</float>
            </index_of_refraction>
          </lambert>
        </technique>
      </profile_COMMON>
    </effect>
  </library_effects>
  <library_images>
    <image id="body_mr_png" name="body_mr_png">
      <init_from>body_mr.png</init_from>
    </image>
    <image id="tire_png" name="tire_png">
      <init_from>tire.png</init_from>
    </image>
  </library_images>
  <library_materials>
    <material id="mat_body-material" name="mat_body">
      <instance_effect url="#mat_body-effect"/>
    </material>
    <material id="mat_tire-material" name="mat_tire">
      <instance_effect url="#mat_tire-effect"/>
    </material>
    <material id="mat_tire_rim-material" name="mat_tire_rim">
      <instance_effect url="#mat_tire_rim-effect"/>
    </material>
  </library_materials>
  <library_geometries>
    <geometry id="polygon2-mesh" name="polygon2">
      <mesh>
        <source id="polygon2-mesh-positions">
          <float_array id="polygon2-mesh-positions-array" count="1656">26.79949 10.4865 -60.33069 35.00834 28.13146 -108.1193 27.9988 12.42979 -56.31464 32.04295 8.845163 -58.74887 28.44191 8.60523 -54.04665 28.28579 6.419716 -58.10027 19.50401 16.02292 -50.36218 17.55332 13.75391 -53.95839 -17.55332 13.75391 -53.95839 -18.16677 17.40967 -56.89752 -26.79949 10.4865 -60.33069 -27.9988 12.42979 -56.31464 -35.00834 28.13144 -108.1193 -32.04295 8.845149 -58.74887 -28.28579 6.41972 -58.10027 -28.44191 8.605234 -54.04665 -19.50401 16.02292 -50.36218 -19.38746 20.17016 -53.38299 19.38746 20.17016 -53.38299 18.16677 17.40967 -56.89752 22.85658 32.60001 -92.39743 15.51632 39.33298 -94.57771 13.88419 34.99411 -91.03963 12.32562 45.49578 -91.32736 10.0013 41.85347 -87.7816 14.3468 52.04227 -87.73537 12.46096 50.63939 -83.14309 20.70541 55.13394 -85.90417 20.66693 54.27155 -80.72253 28.01815 52.96375 -86.90833 29.09815 51.87514 -82.07355 31.33236 46.80042 -90.15837 33.13132 43.60307 -86.26991 29.23448 40.25425 -93.75053 30.57835 36.22956 -89.96992 22.42557 37.15996 -95.58054 -26.02975 18.90537 -114.2347 -28.296 23.02172 -117.5108 -35.44843 15.07132 -115.2361 -35.84572 19.94846 -118.3134 -44.72095 18.90538 -113.3032 -43.27828 23.02173 -116.7641 -48.41553 28.16164 -109.5686 -46.23975 30.44126 -113.7706 -44.36795 37.41788 -106.2197 -42.99533 37.86077 -111.0862 -34.94926 41.25195 -105.2184 -35.44559 40.93405 -110.2836 -25.67674 37.41786 -107.1511 -28.01303 37.86076 -111.8328 -21.98215 28.16163 -110.8859 -25.05156 30.44125 -114.8264 -13.88419 34.99411 -91.03963 -15.51632 39.33298 -94.57771 -22.85658 32.60001 -92.39743 -22.42557 37.15996 -95.58054 -30.57835 36.22956 -89.96992 -29.23448 40.25425 -93.75053 -33.13132 43.60307 -86.26991 -31.33236 46.80042 -90.15837 -29.09815 51.87514 -82.07355 -28.01815 52.96375 -86.90833 -20.66693 54.27155 -80.72253 -20.70541 55.13394 -85.90417 -12.46096 50.63939 -83.14309 -14.3468 52.04227 -87.73537 -10.0013 41.85347 -87.7816 -12.32562 45.49578 -91.32736 35.44843 15.07132 -115.2361 28.296 23.02172 -117.5108 26.02975 18.90537 -114.2347 25.05156 30.44125 -114.8264 21.98215 28.16163 -110.8859 28.01303 37.86076 -111.8328 25.67674 37.41786 -107.1511 35.44559 40.93405 -110.2836 34.94926 41.25195 -105.2184 42.99533 37.86077 -111.0862 44.36795 37.41788 -106.2197 46.23975 30.44126 -113.7706 48.41553 28.16164 -109.5686 43.27828 23.02173 -116.7641 44.72095 18.90538 -113.3032 35.84572 19.94846 -118.3134 -20.99572 12.49205 94.33118 -8e-6 12.88943 100.667 -33.68061 6.286376 113.3409 -14.03228 1.430566 126.9479 -35.67387 -2.149916 114.8168 -15.18663 -4.567091 128.6379 -33.14417 -12.80973 113.4097 -14.22147 -11.8668 126.1071 -2e-6 -13.30678 98.8723 0 -11.47877 129.6667 14.5898 -11.8668 126.1304 0 -5.886841 133.2471 15.18663 -4.567091 128.6379 -3e-6 -0.05880695 130.428 14.03228 1.430569 126.9479 33.99208 -9.70265 -26.58891 38.35403 -4.905272 -27.92104 34.0283 -4.861301 -31.4889 33.99208 -0.828221 -27.85518 -33.99208 -0.828224 -27.8552 -30.36166 -4.78133 -24.10491 -20.51261 -0.751388 43.94937 -33.99208 -9.702647 -26.58891 -21.34171 -11.16782 44.25571 -24.97406 -4.950308 42.22658 -33.07119 -5.863197 62.64246 -29.33617 -3.953117 64.96959 -30.07253 -5.579236 70.71642 -11.14878 50.37471 57.68599 -14.51787 39.84801 49.36599 -13.16495 45.67056 48.65358 14.44497 39.81071 49.35912 13.08953 45.67955 48.65251 11.07183 50.3747 57.68598 10.15299 53.22876 54.00836 3.89588 54.01401 59.89059 3.158351 56.20803 57.39722 -3.095451 56.19057 57.39571 -10.23092 53.17318 54.00349 -3.983407 54.014 59.89058 33.68396 -10.57829 57.42242 30.58449 -5.839549 56.05806 19.27209 -10.82423 87.43887 17.04277 -4.781326 83.58944 0 -11.29478 91.01696 0 -2.885883 88.30276 -17.04277 -4.781332 83.58942 -19.27208 -1.094968 87.16086 -33.70292 -3.571705 57.46013 -21.02847 -5.851238 90.79346 -37.15271 -5.885349 56.18482 -33.68396 -10.5783 57.42242 33.70293 -3.571701 57.46015 19.27208 -1.094962 87.16087 0 -0.487145 91.76161 0 -5.906765 98.17896 -19.27209 -10.82424 87.43887 -30.5845 -5.839553 56.05806 -0.008540987 -9.04979 102.4222 1.610648 8.102304 101.1442 14.09361 28.72558 63.28956 3.113018 28.1707 75.23845 11.2141 38.63755 71.9733 0.006970942 30.26964 75.6221 -11.28213 38.63754 71.97327 -2.775346 28.17197 75.25171 -14.16109 28.72559 63.28954 -1.677212 8.102295 101.1442 35.43595 1.690021 58.02406 35.40992 -3.168386 58.03223 33.1326 -7.808869 59.92793 38.55601 -3.172914 55.4501 38.52805 -7.849517 55.45889 34.16655 -3.156379 50.28164 34.13859 -7.83298 50.29042 31.02058 -3.133678 52.86374 28.74314 -7.792332 54.75946 28.80972 4.492893 54.73855 33.19917 4.476357 59.90702 24.76448 -0.1113409 -42.66211 24.76448 5.645607 -36.4624 24.76448 11.40256 -42.66211 -24.83771 5.645607 -36.4624 -24.83771 11.40256 -42.66211 -24.83771 -0.1113409 -42.66211 -24.83771 5.645607 -48.86181 24.76448 5.645607 -48.86181 29.33618 -3.953115 64.96961 30.07253 -5.579233 70.71642 20.51261 -0.751384 43.94939 16.57961 -4.813714 44.23399 21.34171 -11.16782 44.25571 24.97406 -4.95031 42.22658 8.424592 14.75808 57.06536 18.9164 14.33432 58.45479 8.412244 12.30761 58.88581 18.60431 11.49108 59.39257 8.422115 10.50941 56.69979 18.74044 10.26751 55.40409 8.478493 12.66593 55.09689 19.11024 14.16153 55.55609 -21.79281 -0.731641 49.59726 -21.22074 9.152322 55.10262 -23.27944 -1.143049 46.81078 -22.97441 12.15165 54.32051 -25.22403 -4.205709 47.2204 -25.13482 11.06018 55.87021 -23.99508 -3.995731 50.09189 -23.04231 10.03853 57.72341 -8.33682 12.30761 58.88581 -18.84096 14.33433 58.4548 -8.349167 14.75808 57.06536 -19.03481 14.16154 55.5561 -8.403069 12.66593 55.09689 -18.66502 10.26752 55.40411 -8.346691 10.50941 56.69979 -18.52888 11.49108 59.39258 41.89528 -4.940946 7.104406 -41.89528 -4.940946 7.104412 41.89528 -7.522969 10.40314 -41.89528 -7.522969 10.40314 41.89528 -4.936777 13.9359 -41.89528 -4.936776 13.96566 41.89529 -2.125955 10.50777 -41.89529 -2.12595 10.50777 -34.56366 17.47788 -65.37353 -33.42878 14.97509 -62.28423 -34.56366 8.373661 -69.29338 -33.42878 7.794929 -65.37568 -25.20644 8.373661 -69.29338 -26.04908 7.794929 -65.37568 -25.20644 17.47788 -65.37352 -26.04908 14.97509 -62.28421 -23.64461 29.66451 -51.97158 -22.07171 25.81447 -48.90057 -24.44809 20.15814 -56.43663 -22.63998 19.61735 -51.85855 -15.6624 19.41107 -56.88532 -16.42616 19.20166 -52.22176 -14.85892 28.97957 -52.54499 -15.85788 25.39878 -49.26379 34.56366 8.373676 -69.29338 33.42878 14.97509 -62.28423 34.56366 17.47788 -65.37353 26.04908 14.97509 -62.28421 25.20644 17.47788 -65.37352 26.04908 7.794929 -65.37568 25.20644 8.373676 -69.29338 33.42878 7.794929 -65.37568 23.64461 29.66451 -51.97158 15.85788 25.39878 -49.26379 14.85892 28.97957 -52.54499 16.42616 19.20166 -52.22176 15.6624 19.41107 -56.88532 22.63998 19.61735 -51.85855 24.44809 20.15814 -56.43663 22.07171 25.81447 -48.90057 -10.53683 9.043489 -32.81853 -14.2401 25.63248 -30.96735 0 12.26641 -32.81853 0 28.21109 -30.96735 10.53683 9.043489 -32.81853 14.2401 25.63248 -30.96735 10.53683 9.043489 -59.07269 14.2401 25.63247 -60.92386 0 28.21108 -60.92386 -28.94279 16.81059 76.70452 -51.75232 14.36913 77.54326 -44.25076 10.42069 96.00776 -53.76156 0.621111 77.85043 -47.5792 -0.5283 95.41965 -45.85849 -13.28174 94.84048 28.94278 -13.28354 77.08781 21.08842 -13.30678 90.79063 50.88024 -13.29643 77.89758 45.85849 -13.28173 94.84048 53.76157 0.621111 77.85043 47.57919 -0.528302 95.41965 44.25076 10.42069 96.00776 33.68061 6.286376 113.3409 20.99571 12.49205 94.33118 -20.9547 16.6647 -39.6362 -18.40778 13.6684 -40.96928 -21.33087 43.94602 -88.38291 -17.06928 18.14988 -42.59963 -18.38406 19.53613 -38.70793 17.06928 18.14988 -42.59963 18.38406 19.53613 -38.70793 21.33087 43.94602 -88.38291 20.9547 16.6647 -39.6362 -35.40992 -3.168386 58.03223 -35.43595 1.690021 58.02406 -33.1326 -7.808869 59.92793 -33.19917 4.476357 59.90702 -28.74314 -7.792332 54.75946 -28.80972 4.492893 54.73855 -31.02058 -3.133678 52.86374 -31.0465 1.706557 52.8556 31.0465 1.706557 52.8556 34.19246 1.682901 50.2735 34.20517 4.452248 50.26951 38.58192 1.666365 55.44197 38.59463 4.435711 55.43797 -23.7201 -7.919903 -27.89335 -31.49425 -8.000235 -69.55968 -26.96019 -4.518595 -28.0117 -34.13591 -3.961973 -68.84737 -23.72012 -0.8980001 -27.84467 -31.49425 -1.471344 -69.55965 -20.88199 -3.440416 -27.95876 -27.84253 -3.610134 -66.52383 21.08257 -3.447604 -27.93933 23.72712 -7.875514 -27.91278 27.68107 -3.610131 -66.52382 31.33279 -8.00023 -69.55968 23.91261 -5.066442 -7.090189 17.67382 -5.159636 23.52229 26.98177 4.203556 -5.796936 19.39258 6.217325 26.22708 -27.27574 4.203556 -5.796945 -19.5249 6.217325 26.22708 -23.52273 -5.066442 -7.090199 -17.9678 -5.15964 23.52229 -14.78514 3.719685 -47.14928 -14.78515 10.51766 -42.92959 -49.26767 8.265729 -42.85439 -14.78514 3.748112 -38.47898 -49.26768 5.068312 -40.89082 -49.26768 5.034695 -44.76233 -15.78204 -2.807119 -25.43701 15.48805 -2.807119 -25.437 15.48805 9.338717 -28.79594 25.52516 8.180714 -20.61099 10.83518 34.34412 -29.79875 26.99329 23.61379 -17.52973 -18.40028 15.33991 -36.49038 18.40028 15.33991 -36.49038 18.40778 13.6684 -40.96928 -25.81915 8.180719 -20.611 -15.78204 9.338717 -28.79594 -11.12915 34.34413 -29.79876 23.72712 -0.942391 -27.84863 31.33278 -1.471343 -69.55965 26.90231 -4.510791 -28.01049 33.97445 -3.961972 -68.84738 -41.62934 28.43531 -14.20212 -39.5833 20.00945 32.53604 -68.01714 26.8796 -15.37496 -60.94051 17.96316 32.34864 -70.85627 5.090542 -13.50071 -63.67946 1.537094 31.4876 -67.75324 -13.48022 -13.8008 -59.2715 -13.45373 31.17851 -35.29642 1.748102 57.99203 -35.29642 -3.182756 57.99203 -36.12635 1.748102 52.19028 -36.12635 -3.182757 52.19028 -31.59305 1.748102 52.19028 -31.59305 -3.182757 52.19028 -31.59305 1.748102 57.99203 -31.59305 -3.182756 57.99203 10.68485 -7.956892 -71.6805 10.68485 2.35492 -71.6805 6.981269 -12.86006 -71.6805 7.066037 7.107513 -71.6805 -6.926631 -12.86006 -71.6805 -6.926631 7.107513 -71.6805 -10.68485 -8.093188 -71.6805 -10.68485 2.35492 -71.6805 24.0705 -3.995726 50.09185 21.86824 -0.731651 49.59721 23.35486 -1.143062 46.81073 25.29946 -4.205704 47.22035 -38.55601 -3.172914 55.4501 -38.52805 -7.849517 55.45889 -34.16655 -3.156379 50.28164 -34.13859 -7.83298 50.29042 2e-6 33.44732 32.0291 -2.452762 32.31355 33.92042 -2.088552 24.80973 27.84096 2.452766 32.31355 33.9204 2.088555 24.80973 27.84095 30.36166 -4.781328 -24.10491 -34.0283 -4.861306 -31.4889 -40.54096 1.891415 31.26724 -43.58639 -14.25701 -12.69393 -41.73803 -13.41916 30.97881 0.02364796 36.46041 64.74155 4.856515 25.80411 57.05409 0.02364796 12.27116 91.02357 6.463819 8.667515 67.21019 0.01576495 -8.909927 93.18076 6.593812 2.417834 52.83923 4.856515 -5.551221 54.45093 -3.975041 40.15951 34.04259 -2.650028 41.83271 36.59444 -10.73218 46.5163 34.26474 -5.300057 37.35793 35.25214 -12.33187 43.8151 33.45444 -34.19246 1.682901 50.2735 -34.20517 4.452248 50.26951 -38.58192 1.666365 55.44197 -38.59463 4.435711 55.43797 21.29617 9.152318 55.10262 23.11774 10.03853 57.7234 22.39148 13.33448 57.83999 -21.08841 -13.30678 90.79063 -28.9428 -13.28353 77.08781 -15.35994 11.67336 -31.69424 -15.63282 11.67336 -49.58559 0 14.69695 -31.67551 0 14.56635 -61.19904 15.78023 11.67336 -49.58559 13.29367 11.67335 -64.82537 13.95731 41.95837 31.49652 11.19289 31.25007 28.10828 17.35233 42.12586 33.6832 13.91549 27.64561 29.43072 13.95731 40.78245 35.41664 11.1929 29.20527 31.96389 -31.09653 -8.081139 67.51207 -16.57961 -4.813719 44.23399 14.78515 10.51767 -42.92961 49.48027 8.252445 -42.85439 14.78515 3.748116 -38.479 49.48028 5.081596 -40.90639 14.78514 3.861258 -47.08495 49.48029 5.047972 -44.74676 13.22806 29.33596 -45.94561 3.757872 31.12881 -45.94561 -13.22806 29.33596 -45.94561 -3.757872 31.12881 -45.94561 -14.2401 25.63247 -60.92386 -14.87348 6.881952 -24.02904 15.02088 6.881948 -24.02904 -14.87348 -12.68326 -24.31395 15.02087 -12.68326 -24.31395 -14.45895 -14.00237 -31.66649 14.39936 -14.00237 -31.66649 33.88084 -12.80973 113.4562 35.67386 -2.149915 114.8168 2.650028 41.83271 36.59444 3.975041 40.1595 34.04258 10.81699 46.6049 34.23467 12.41568 43.90539 33.42488 5.300055 37.35793 35.25213 21.02847 -5.851231 90.79346 -11.19289 31.25007 28.10829 -13.95731 41.95838 31.49653 -13.91549 27.64561 29.43072 -17.35233 42.12585 33.6832 -11.19289 29.20527 31.96389 -13.95731 40.78245 35.41664 -6.211586 51.28684 34.24067 -7.722512 53.75761 37.11827 -6.211589 50.1109 38.16079 6.211586 51.28683 34.24067 7.722511 53.75761 37.11826 6.211586 50.11091 38.16079 23.04983 12.15165 54.3205 25.21025 11.06018 55.87021 -27.28726 23.61378 -17.52974 31.36624 -3.955789 -71.41567 -31.5277 -3.955789 -71.41566 0 25.21906 26.56021 -10e-7 21.11246 27.47095 0 24.04312 30.48033 -13.00124 -13.21975 -64.84634 13.14875 -13.21975 -64.84634 0.146219 -0.773208 -68.31301 18.65204 -3.944796 -64.84634 -38.66408 -0.393387 60.14703 -38.66407 -7.38435 53.64647 -52.44728 -0.393387 53.64647 -38.66407 -0.393388 47.1459 -38.66408 6.597579 53.64647 -21.56965 -3.873318 -31.67832 23.83215 -3.666943 -49.58558 21.7173 -3.873318 -31.67833 -23.68471 -3.666943 -49.58559 -18.50455 -3.944796 -64.84635 38.66408 -7.38435 53.64647 38.66408 -0.393387 60.14703 52.44728 -0.393387 53.64647 38.66408 6.597579 53.64647 38.66408 -0.393388 47.1459 -22.31605 13.33448 57.83999 15.50736 11.67336 -31.69424 0 34.57394 32.99158 -2.828697 39.3504 34.42438 0 10.09126 91.97733 2.828698 39.3504 34.42438 51.75232 14.36913 77.54324 28.94278 16.81058 76.70451 -38.35403 -4.905275 -27.92104 -30.12646 -6.343832 -24.25225 -11.33795 -7.14407 89.10043 -0.002020955 -6.343832 -24.11486 11.33976 -7.144072 89.10041 30.13479 -6.343839 -24.25233 -50.88025 -13.29643 77.89756 -4.80922 25.80411 57.05409 0.02364796 15.14952 53.97203 0.02364796 4.949214 51.64625 6.593812 3.41761 -33.11239 4.856515 -5.551224 -39.07272 6.593812 2.652223 44.37241 4.856515 -5.551221 44.56436 -13.14623 11.67336 -64.82538 16.32648 14.87286 -35.17711 16.32648 20.725 -38.10813 16.32648 13.03801 -41.03041 16.32648 18.12243 -43.84818 15.22831 16.00137 -48.92636 15.22831 21.13451 -53.16983 15.22831 12.98505 -54.42969 15.22831 17.55258 -57.97276 -15.22831 17.55258 -57.97276 -15.22831 21.13451 -53.16983 -15.22831 12.98505 -54.42969 -15.22831 16.00137 -48.92636 -16.32648 18.12243 -43.84818 -16.32648 20.725 -38.10813 -16.32648 13.03801 -41.03041 -16.32648 14.87286 -35.17711 39.5833 20.00945 32.53604 40.54096 1.891415 31.26724 41.62934 28.43531 -14.20212 43.58639 -14.25701 -12.69543 41.73803 -13.41916 30.97881 67.75324 -13.48022 -13.8008 33.27675 -1.218415 52.26425 45.46119 1.060674 53.5933 31.656 2.028136 53.61988 33.34602 -1.218414 54.99611 -33.27675 -1.218415 52.26425 -31.656 2.028136 53.61988 -45.46119 1.054571 53.59686 -33.34602 -1.218414 54.99611 70.85627 5.090542 -13.50071 36.12635 1.748102 52.19028 31.59305 1.748102 52.19028 36.12635 -3.182757 52.19028 31.59305 -3.182757 52.19028 31.59305 -3.182756 57.99203 31.59305 1.748102 57.99203 59.2715 -13.45373 31.17851 63.67946 1.537094 31.48759 35.35806 1.748102 57.99203 35.35806 -3.182756 57.99203 60.94051 17.96316 32.34864 -4.80922 -5.551219 54.45094 -4.80922 -5.551219 44.56437 -6.546517 2.417836 52.83923 -6.546517 2.652225 44.37241 11.33976 -8.945652 89.10041 30.13479 -8.145414 -24.25232 -11.33795 -8.945647 89.10042 -30.12647 -8.145411 -24.25225 -4.80922 -5.551221 -39.07271 -6.546517 3.41761 -33.11239 68.01714 26.8796 -15.37496 37.15272 -5.885345 56.18484 -6.416524 8.667517 67.21019 31.09653 -8.081136 67.51207 33.07119 -5.863194 62.64246 0 12.26641 -59.07269 -10.53683 9.043489 -59.07269</float_array>
          <technique_common>
            <accessor source="#polygon2-mesh-positions-array" count="552" stride="3">
              <param name="X" type="float"/>
              <param name="Y" type="float"/>
              <param name="Z" type="float"/>
            </accessor>
          </technique_common>
        </source>
        <source id="polygon2-mesh-normals">
          <float_array id="polygon2-mesh-normals-array" count="1692">0.4865872 0.8258745 0.2848935 -0.811865 -0.3193486 -0.4887656 -0.7839823 0.09702581 -0.6131539 0.916166 -0.1964168 0.3493713 0.5710768 -0.2347651 0.786611 -0.222109 -0.970592 -0.09283792 0.1068086 -0.2165756 0.9704055 -0.3307334 -0.9367792 -0.1142816 0.3307287 -0.9367799 -0.1142895 0.07923758 0.1467402 -0.9859964 0.7839785 0.09701746 -0.6131601 -0.4865879 0.8258798 0.2848771 0.8118424 -0.3194072 -0.4887649 -0.9161589 -0.1964406 0.3493765 0.2221097 -0.9705918 -0.09283763 -0.5710784 -0.2347651 0.7866098 -0.1067808 -0.2166097 0.970401 -0.3726484 0.9238666 0.08719909 0.3726489 0.9238655 0.08720886 -0.07923662 0.1467305 -0.9859979 -0.631183 -0.5600015 -0.5366622 -0.3100178 0.07852786 -0.9474821 0.1020431 -0.8198045 -0.5634784 -0.500923 0.3651266 -0.7847029 -0.9883134 -0.0303381 -0.1493868 -0.4081597 0.6993845 -0.5867428 -0.7795163 0.6015796 0.174517 -0.05321365 0.9657004 -0.2541478 -0.09078228 0.8865187 0.4536995 0.3873698 0.7550876 -0.5289494 0.6701925 0.680568 0.2960898 0.5690585 0.4241394 -0.7044702 0.997579 0.06375372 0.02777892 0.4254224 0.1140921 -0.8977745 0.7740133 -0.4832921 -0.4090628 0.0784372 -0.2363758 -0.9684907 -0.02288866 -0.8775057 -0.4790199 0.2746727 0.03580802 -0.9608708 0.6753415 -0.5311424 -0.5116657 -0.05068552 -0.2501686 -0.9668747 -0.7325578 -0.5683032 -0.3746873 -0.3857587 0.01948964 -0.9223939 -0.9998907 0.01442956 0.003256678 -0.5455057 0.3123 -0.7777484 -0.7073084 0.6865335 0.1684836 -0.4113711 0.6452912 -0.6437182 -7.65048e-4 0.9625194 0.2712116 -0.02361953 0.9034094 -0.4281282 0.7065397 0.7073615 0.02101182 0.3254066 0.6364431 -0.6993218 0.977763 0.06468951 -0.1994867 0.4325378 0.3189341 -0.8433221 -0.1020485 -0.8198046 -0.5634772 0.3100466 0.07847291 -0.9474773 0.631182 -0.5600023 -0.5366627 -0.07843768 -0.2363759 -0.9684906 -0.7740151 -0.4832907 -0.409061 -0.4254235 0.1140933 -0.8977736 -0.9975789 0.06375527 0.0277791 -0.5690566 0.4241452 -0.7044682 -0.6701925 0.680568 0.29609 -0.3873566 0.7550975 -0.528945 0.0907796 0.8865185 0.4537006 0.0532056 0.9657009 -0.2541474 0.7795165 0.6015796 0.1745173 0.4081581 0.6993861 -0.5867419 0.9883137 -0.03032857 -0.1493861 0.5009225 0.3651321 -0.7847007 -0.6753412 -0.5311424 -0.5116659 -0.2746721 0.03580653 -0.9608711 0.02289378 -0.8775059 -0.4790192 -0.4325377 0.318932 -0.8433228 -0.9777626 0.06469511 -0.1994867 -0.3254077 0.6364418 -0.6993224 -0.706541 0.7073603 0.02100944 0.02361547 0.9034093 -0.4281285 -7.5579e-4 0.9625262 0.2711879 0.4113688 0.6452932 -0.6437177 0.7073077 0.6865339 0.1684846 0.5455049 0.3123041 -0.7777471 0.9998906 0.01443141 0.003256916 0.3857519 0.01947987 -0.9223969 0.7325586 -0.568303 -0.3746862 0.05068534 -0.2501684 -0.9668748 -0.4530948 0.7051941 0.5453499 -6.4373e-6 0.9881786 -0.1533075 0.2187851 0.9718526 -0.08738178 -0.2775059 0.6077826 0.7440369 -0.7087046 0.0406785 0.7043317 -0.4132174 0.02172821 0.9103732 -0.3867411 -0.7973226 0.4633662 -0.2302587 -0.7542046 0.6149444 2.71797e-5 -0.9634705 -0.2678143 -0.001626908 -0.8650058 0.5017593 0.2296671 -0.7484204 0.6221897 -0.001450002 -0.1691573 0.985588 0.4112524 0.03606712 0.9108078 -1.31343e-7 0.596791 0.8023967 0.2775059 0.6077826 0.7440369 0 0.9169725 0.3989508 0.3553542 -0.03114098 -0.9342129 0.9341547 0.04079228 -0.3545294 0.1372496 -0.9722666 -0.1893681 0.08841031 0.9605946 -0.263518 -0.08836984 0.9605948 -0.2635307 0.5632055 0.1046644 0.8196616 0.1587417 0.9851894 0.06483101 -0.1372444 -0.9722636 -0.1893872 0.09321397 -0.9950745 0.03373366 -0.9927098 0.1130115 -0.04190289 -0.9468386 0.1185593 -0.2990659 0.04223906 0.9902752 0.1325552 0.8795047 0.07536178 0.4698854 -0.6933115 0.3787494 -0.6130809 -0.799241 -0.2026531 -0.565814 -0.7701907 0.3961898 0.49984 0.7990598 -0.2032332 -0.5658622 0.6941522 0.377707 -0.6127725 0.7701945 0.3924689 0.5027612 0.4890042 0.8059893 -0.3335509 0.2297379 0.4262936 0.8749254 0.2211086 0.9558692 0.1934561 -0.2215704 0.9569655 0.1874128 -0.4867963 0.8059976 -0.3367453 -0.2300086 0.4320543 0.8720237 -6.46725e-4 -0.9960793 -0.0884633 -0.8785871 0.1468953 -0.4544299 0.02487581 -0.9996585 0.008011817 -0.587733 0.1997062 -0.7840201 -2.54018e-7 -0.9846007 -0.1748185 6.41123e-6 0.2280456 -0.9736505 0.5877338 0.1997058 -0.7840195 -0.08929848 0.9959052 0.01409703 -0.1103831 0.9938804 -0.004169106 -0.6820099 0.04152148 0.7301633 -0.9071416 0.07616931 0.4138748 -0.02487772 -0.9996585 0.008011519 0.1103844 0.9938803 -0.004168272 0.08931845 0.9959039 0.01406806 6.41495e-6 0.9995054 0.03144931 0 -0.007316708 0.9999733 -6.77705e-4 -0.9960806 -0.08844858 0.878587 0.1468951 -0.4544302 0.9423241 -0.3252154 0.0791223 0.5807561 0.5734889 0.5777828 -2.39186e-4 -0.9870406 -0.1604703 0.5641478 0.3148383 0.7632917 0.4757825 0.2873857 0.8312885 -0.009446382 0.5115156 0.8592222 -0.474744 0.2808029 0.8341271 -0.5703737 0.3066437 0.7619997 -0.9409442 -0.3283321 0.08259707 -0.5878 0.5716985 0.572409 0.2079012 -0.4057041 0.8900457 0.6395018 -0.004101812 0.7687788 0.6394894 -0.004101574 0.7687891 0.9960742 -0.007442951 0.08820909 0.808583 -0.583837 0.07299411 0.08819979 0.001101732 -0.9961022 0.0686683 -0.5775442 -0.8134664 -0.6394977 0.0040645 -0.7687823 -0.8381859 -0.4064289 -0.3636757 -0.833329 0.4149038 -0.3652637 0.2128427 0.4059489 0.8887652 0.806623 0.5910663 -5.26144e-7 0.5921187 -1.01142e-6 0.8058508 1 0 0 -0.5921187 1.077e-5 0.8058509 -0.8066231 0.5910664 1.87606e-5 -0.8066231 -0.5910663 1.86265e-5 -0.5921188 -1.11759e-6 -0.8058507 0.5636069 -0.8260431 -7.07805e-7 0.5921187 -1.26846e-6 -0.8058507 -0.1587698 0.9851834 0.06485283 -0.8795045 0.07536286 0.4698857 -0.04224008 0.9902753 0.1325547 -0.9755363 0.02455246 0.2184631 -0.09324902 -0.9950714 0.03372758 0.9927098 0.1130113 -0.041902 -0.4510572 0.05383336 0.8908701 0.1118926 0.7684693 0.6300277 -0.4346074 0.9006199 -5.00388e-4 0.06778413 -0.4487843 0.8910657 -0.4577885 -0.8880606 0.0421676 -0.2105578 -0.8674808 -0.4507135 -0.4088414 0.04648327 -0.9114209 0.09350734 0.7587177 -0.6446735 0.04531353 0.5433382 -0.8382902 0.8922209 -0.4146174 -0.1789818 0.7356127 0.5051963 0.4512768 -0.1609619 0.6679934 -0.7265508 -0.8031561 -0.01391601 -0.595606 -0.9180642 0.359534 0.1670137 -0.05222576 -0.2254753 0.9728481 -0.140558 -0.5232567 0.8405033 0.4346103 0.9006186 -5.12697e-4 -0.111885 0.7684733 0.6300243 0.451058 0.0538336 0.8908696 -0.09350752 0.7587181 -0.644673 0.4088398 0.04649627 -0.911421 0.2105488 -0.8674854 -0.4507087 0.4578047 -0.888051 0.0421943 -0.06779122 -0.4487829 0.8910658 6.49733e-5 -0.9998542 -0.01708495 0 -0.01346802 -0.9999094 0 -0.01346755 -0.9999094 7.00281e-5 -0.9998528 -0.01716256 1.8953e-4 -0.02749377 0.9996221 1.7747e-4 -0.02736878 0.9996255 7.26169e-5 0.9999949 -0.00320971 7.28527e-5 0.9999949 -0.003206729 -0.6741618 -0.7370261 0.04794293 -0.464285 0.1303402 0.8760427 -0.6719784 0.5205312 0.5267754 -0.4662202 -0.7280464 0.5025807 0.6979114 -0.7123426 -0.07408028 0.4849937 -0.7299192 0.4816629 0.7117373 0.5684822 0.4126234 0.4829863 0.1466365 0.8632624 -0.7363734 -0.6763585 -0.01712816 -0.3725973 0.05970507 0.9260706 -0.6131958 0.4799208 0.6274289 -0.4556528 -0.7002441 0.5495806 0.637736 -0.7554167 -0.150461 0.4445421 -0.7622587 0.4704724 0.7575885 0.420498 0.4992407 0.52014 0.03165429 0.8534942 0.67198 0.5205287 0.526776 0.464282 0.1303426 0.876044 0.6741628 -0.7370252 0.04794275 -0.4829867 0.1466361 0.8632624 -0.7117382 0.5684813 0.4126233 -0.484995 -0.7299184 0.4816628 -0.697918 -0.7123423 -0.07402074 0.4662217 -0.728046 0.5025799 -0.757584 0.420506 0.4992406 -0.5201398 0.0316562 0.8534943 0.6131967 0.4799196 0.6274289 -0.4445412 -0.7622601 0.4704707 -0.6377362 -0.7554166 -0.1504609 0.4556575 -0.7002388 0.5495834 0.736374 -0.6763579 -0.01712733 0.3725976 0.0597043 0.9260705 -1.26517e-5 -0.1101781 0.9939119 -0.8101685 0.3460118 0.4731837 -0.67229 -0.2320759 0.7029701 6.17281e-6 0.8015223 0.597965 0.6722857 -0.2320745 0.7029747 0.8101924 0.345994 0.473156 0.6722913 -0.2320748 -0.7029692 0.8101726 0.3460163 -0.4731734 1.58846e-5 0.8015524 -0.5979247 -0.4734882 0.8799684 -0.03826916 0.4498561 0.5685743 -0.6887328 -0.6635442 0.6126233 0.4294202 -0.9846879 0.01022732 -0.1740266 -0.883824 0.0978778 0.4574659 -0.7386915 -0.5738978 0.3535199 0.388381 -0.8758386 -0.2864735 -0.282891 -0.9059629 -0.3149664 -0.2963016 -0.361586 -0.8840029 0.7470472 -0.5643993 0.3512464 0.9846895 0.0102204 -0.1740177 0.883825 0.09787887 0.4574639 0.6635432 0.6126215 0.4294245 0.4530957 0.7051936 0.5453497 -0.2187812 0.9718549 -0.08736628 0.8665104 0.30071 -0.3984135 -0.1893295 -0.9355099 -0.298288 -0.9432511 -0.0986008 0.3171043 0.7526754 0.2752943 -0.5980743 -0.1537824 0.8409676 0.5187721 -0.7526772 0.2752887 -0.5980746 0.1537923 0.8409653 0.5187728 -0.8665114 0.3006867 -0.3984289 0.9432511 -0.09860068 0.3171044 -0.2079263 -0.4057366 0.8900251 -0.6395027 -0.00405699 0.7687783 -0.6395006 -0.004102051 0.7687796 -0.2128348 0.4059391 0.8887716 0.8381618 -0.406461 -0.3636956 0.8333029 0.4149377 -0.365285 0.6394938 0.004112243 -0.7687854 0.6395 0.004064381 -0.7687804 -0.639486 0.004109025 -0.7687919 0.08823055 0.001004815 -0.9960997 0.0755105 0.5745997 -0.8149439 0.9960773 -0.007382333 0.08818018 0.815494 0.5744187 0.07080274 -0.9832722 0.04819566 0.1756505 -0.2311578 -0.9283578 -0.2910631 0.04206275 -0.9990552 -0.01093381 -0.9332455 0.07858264 -0.3505392 -0.06304669 0.9979959 0.005421638 -0.2007005 0.950262 -0.2381628 0.9711663 0.1539691 -0.1820152 0.7608562 0.2523055 0.5978629 -0.7621889 0.2514579 0.5965209 -0.04665452 -0.9988729 -0.008731365 -0.9723652 0.1542716 -0.1752322 0.230385 -0.9284389 -0.2914177 0.7763985 0.4500635 0.4411897 0.5905417 -0.3082821 0.7458034 0.7813566 -0.6072411 -0.144014 0.6062499 0.3264011 0.7252058 -0.7838277 0.4346767 0.4434757 -0.609512 0.3158683 0.727133 -0.7655271 -0.6276789 -0.1413772 -0.5885628 -0.3219262 0.7415911 -0.07105541 0.9974139 -0.01080369 -0.07100445 0.9974173 -0.01083129 -0.06709462 0.02098995 -0.9975258 -0.06587761 0.04282426 0.9969084 -0.07902991 -0.484524 0.8712008 -0.0792011 -0.4963557 -0.8644989 -0.4133188 -0.6058211 -0.679815 0.4114071 -0.6002175 -0.6859178 0.3313567 -0.1155593 -0.9364021 0.8249891 -0.1631942 -0.5410737 0.5324599 0.6807585 -0.5030452 0.9323493 0.3590369 -0.04263317 -0.4963878 -0.3007518 0.8143387 0.4963907 -0.3007565 0.8143352 0.1893137 -0.9355079 -0.2983043 -0.8229594 -0.1766246 -0.5399461 -0.3313469 -0.115572 -0.936404 -0.5324684 0.6807231 -0.5030838 0.05821925 0.9982839 0.006318807 0.1990427 0.9505516 -0.2383981 0.9837062 0.04896849 0.1729864 0.932951 0.07889676 -0.3512519 -0.4671842 0.8630058 -0.19225 0.3471128 0.7625626 0.545904 0.6931369 0.2646964 -0.6704454 -0.7223899 0.4282571 0.5429077 -0.7479036 -0.00708431 -0.6637697 -0.636525 -0.04813301 0.7697527 -0.5408772 -0.6912616 -0.4791758 -0.4951058 -0.6309881 0.597264 -0.7478914 -0.007087707 -0.6637834 -0.989923 0 0.1416071 -0.989923 0 0.1416072 -0.7478885 -0.00709027 -0.6637867 0.7071068 0 -0.7071068 0.7071068 0 -0.7071068 3.87126e-4 2.87064e-4 -0.9999999 3.87169e-4 2.87008e-4 -0.9999999 3.87161e-4 2.87019e-4 -0.9999999 3.85217e-4 2.85336e-4 -0.9999999 3.85187e-4 2.85376e-4 -0.9999999 3.85205e-4 2.85352e-4 -0.9999999 3.85196e-4 2.85364e-4 -0.9999999 3.85195e-4 2.85366e-4 -0.9999999 3.85191e-4 2.85371e-4 -0.9999999 3.85176e-4 2.85391e-4 -0.9999999 3.85193e-4 2.85368e-4 -0.9999999 3.85201e-4 2.85358e-4 -0.9999999 4.62226e-4 3.42449e-4 -0.9999999 4.62234e-4 3.42439e-4 -0.9999999 4.62223e-4 3.42453e-4 -0.9999999 3.85195e-4 2.85365e-4 -0.9999999 3.85202e-4 2.85355e-4 -0.9999999 3.85188e-4 2.85375e-4 -0.9999999 -0.7356064 0.5052033 0.4512792 0.05219346 -0.2254732 0.9728503 -0.045309 0.5433284 -0.8382967 0.8031547 -0.01390248 -0.5956085 -0.996077 -0.007383584 0.08818304 -0.8086235 -0.5837821 0.07298278 -0.08819967 0.001101672 -0.9961023 -0.06866776 -0.577602 -0.8134254 -0.658296 0.2532204 -0.7088906 -0.8913879 -0.3845524 0.23989 -0.003027856 0.2826663 -0.9592136 0.8914029 -0.3845414 0.2398523 0.6583073 0.2531772 -0.7088956 -0.5631988 0.1047086 0.8196606 -0.3553163 -0.03113889 -0.9342274 0.8490313 -0.07183909 0.5234357 0.650111 -0.3644517 -0.6667314 0.5596769 -0.6201983 0.5496508 9.46596e-6 0.5750483 0.8181195 0.7415302 0.386338 -0.5485215 -3.73541e-5 0.9549919 -0.2966321 0.9895001 0.02967375 0.141453 -1.42798e-4 -0.6294037 0.7770786 0.9778569 0.1303697 -0.1637064 0.9782031 -0.2011898 0.05139517 0.3418384 0.6698151 -0.6591618 0.1509397 0.8131995 0.5620711 -0.003022074 0.2826533 -0.9592174 -0.532871 -0.5897653 0.6068158 -0.254819 -0.2449088 -0.9354609 -0.08823055 0.001004815 -0.9960996 -0.0755102 0.5745995 -0.814944 -0.9960772 -0.007382333 0.08818018 -0.8154939 0.5744187 0.07080239 0.1405789 -0.5232773 0.8404871 -0.8922212 -0.4146176 -0.1789793 0.5376836 0.6900423 0.4844979 0.2828322 -0.9059897 -0.3149425 0.2963144 -0.3615874 -0.883998 -7.5148e-4 0.9625186 0.2712146 -0.5183874 0.8543732 -0.03634899 -0.6968778 0.6844764 0.2141337 -9.91672e-6 0.9881814 -0.1532889 0.5173724 0.8549901 -0.03630143 0.4627396 0.5986505 -0.6538269 0.975353 0.2095187 0.06919986 -0.3673029 0.5374031 -0.7591354 -0.4279673 0.162983 -0.8889773 0.7933914 -0.5837684 -0.1724663 -0.4252228 -0.3441142 0.8371207 -0.3363055 -0.007556974 0.9417227 0.01350277 -0.9961506 0.0866124 0.9755381 0.02458202 0.2184523 0.065153 0.043163 0.9969414 0.07117277 0.997412 -0.01019769 0.07116776 0.9974123 -0.0101999 0.07785499 -0.4895191 0.8685101 0.06592869 0.02207213 -0.9975802 0.07694596 -0.49163 -0.8673981 0.5175303 0.8556649 1.03805e-5 -0.09573221 0.9954072 5.92461e-6 -0.5175304 0.8556649 -1.11554e-5 0.09573227 0.9954072 -6.86024e-6 -0.8101853 0.346019 -0.4731498 -0.5343123 -0.5409561 0.6495205 0.4379491 0.4533692 0.77631 -0.4382532 0.4532746 0.7761934 0.5338307 -0.5469166 0.6449086 -0.5188039 -0.8530596 0.05596429 0.5134043 -0.8565657 0.05207228 0.3991422 -0.7858405 0.4723773 0.7112576 0.05729317 0.7005927 -0.346444 0.6669574 -0.6596547 -0.003041803 0.2826259 -0.9592254 -0.1521586 0.8127651 0.5623705 0.2523105 -0.2464047 -0.9357479 0.5331839 -0.5895528 0.6067475 0.6820099 0.04152131 0.7301634 -0.7933794 -0.583782 -0.1724756 0.4279964 0.1629637 -0.8889668 0.3673216 0.5374018 -0.7591273 -0.9753502 0.2095369 0.06918418 0.3362814 -0.007546901 0.9417314 0.425213 -0.3441075 0.8371285 0.1892685 -0.1243655 -0.9740179 -0.4361673 0.8619179 0.258565 0.1915136 -0.6378649 0.7459564 -0.1892682 -0.1243504 -0.9740198 0.436107 0.8619501 0.2585587 -0.1914743 -0.6378537 0.745976 0.1609634 0.6679955 -0.7265486 0.9180626 0.3595405 0.1670082 -0.9323478 0.3590397 -0.04263818 0.3897283 0.1037496 -0.9150671 -0.3896843 0.1037325 -0.9150879 3.32866e-6 -0.9556418 -0.2945317 1.75107e-5 0.7150795 -0.6990432 1.43424e-5 0.1214731 0.9925947 3.53071e-4 2.49221e-4 -1 0.4530993 -0.6547037 -0.6050323 -0.4534048 -0.6535531 -0.6060467 0.7713657 -0.07366746 -0.632114 -1 -1.8045e-7 0 0.2603056 -0.9655264 -7.61077e-6 0.2431904 -2.20934e-7 0.9699786 0.2431915 -1.38283e-5 -0.9699783 0.2603048 0.9655265 7.90879e-6 -0.9564055 -0.09819495 0.2750391 0.9951691 -0.03118133 -0.09309327 0.9569003 -0.1037886 0.2712373 -0.9952081 -0.0286765 -0.09348106 -0.7710843 -0.07369083 -0.6324546 1 0 2.5263e-7 -0.2431908 -1.37053e-5 0.9699785 -0.2603052 -0.9655264 2.41178e-7 -0.2603051 0.9655264 -7.61449e-6 -0.2431911 1.34632e-5 -0.9699784 -0.5376794 0.6900446 0.4844992 0.6964102 0.6849223 0.2142295 1.51247e-6 -0.3057911 0.9520987 -0.8634151 0.4313047 0.2617074 0 -0.9236026 -0.3833514 0.8634151 0.4313046 0.2617074 0.4735085 0.8799568 -0.03828674 -0.4498748 0.5685337 -0.6887541 -0.9341546 0.04078912 -0.35453 3.22208e-5 -0.9999752 -0.007064878 0 -0.9999751 -0.007068097 -3.24635e-5 -0.9999752 -0.007064819 -0.3883863 -0.8758378 -0.2864688 -0.7415303 0.3863381 -0.5485215 0 0.2280609 -0.9736469 0 0.9404614 -0.3399007 -0.00300914 0.2826788 -0.95921 -0.003009617 0.282679 -0.9592099 -0.003009498 0.282679 -0.9592099 0.8750464 0.4839279 0.01038765 0.9801969 -0.1980234 -9.40205e-4 0.6036511 0.7972363 -0.004447579 0.9801962 -0.1980267 -9.40245e-4 -0.4628491 0.5985216 -0.6538675 1 -2.0892e-7 0 1 3.71721e-7 0 1 0 0 -1 0 0 -1 2.78791e-7 0 -0.6931016 0.264705 -0.6704787 -0.8490377 -0.07182252 0.5234278 -0.3471127 0.7625626 0.545904 -0.6500757 -0.3644362 -0.6667742 -0.5596992 -0.6201483 0.5496845 0.5408867 -0.6912666 -0.4791577 0.07116079 0.9974128 -0.01019567 0.7948765 -0.6062076 -0.0261479 0.02599942 0.3962121 -0.917791 0.1949142 -0.5269144 0.8272665 -0.7948241 -0.6062915 -0.02579396 -0.0710169 0.9974164 -0.01082491 -0.02642357 0.3963872 -0.9177032 -0.1944244 -0.5270088 0.8273215 0.7479118 -0.007080614 -0.6637604 0.7478993 -0.007091462 -0.6637744 -0.7071068 0 -0.7071068 0.7479187 -0.007058978 -0.6637529 -0.7071068 0 -0.7071068 0.4950866 -0.6309927 0.5972751 0.6365404 -0.04813784 0.7697396 0.9913457 0 0.1312779 0.9913457 0 0.131278 0 -0.9542154 0.2991206 0 -0.9542155 0.2991204 0.7223901 0.4282569 0.5429077 -0.9778287 0.130433 -0.1638243 -0.9789279 -0.204198 -0.001815855 -0.9782039 -0.2012257 0.05123978 -0.8750398 0.4839399 0.01036602 0 0.9107574 -0.4129421 0 0.9107571 -0.4129425 -2.13688e-7 -0.9999751 -0.007059514 0 -0.9999751 -0.007059454 -0.6036294 0.7972528 -0.00442326 -0.9789271 -0.2042023 -0.001814901 0 0.8016207 -0.5978331 0 -0.8769223 0.4806321 0 -0.8769222 0.4806324 0 -0.6129214 -0.790144 0 -0.4847343 -0.8746615 0 -0.4847345 -0.8746614 0 0.4478186 0.8941245 0 0.4478183 0.8941246 0 0.6371538 0.7707368 0 0.6371539 0.7707367 0.4671345 0.8630263 -0.1922791 0.9071424 0.07616764 0.4138736 -0.9895082 0.0299521 0.1413389 -0.01350301 -0.9961507 0.08661216 0.9468387 0.1185616 -0.2990646 0 -0.1101604 -0.9939139 -0.6722856 -0.232074 -0.702975 0.1843519 -0.9828492 -0.004674136 -0.1838765 -0.9829384 -0.004662096</float_array>
          <technique_common>
            <accessor source="#polygon2-mesh-normals-array" count="564" stride="3">
              <param name="X" type="float"/>
              <param name="Y" type="float"/>
              <param name="Z" type="float"/>
            </accessor>
          </technique_common>
        </source>
        <source id="polygon2-mesh-map-0">
          <float_array id="polygon2-mesh-map-0-array" count="5292">0.89149 0.301468 0.779957 0.06420201 0.895908 0.282668 0.771351 0.341391 0.779957 0.06420201 0.89149 0.301468 0.885812 0.340579 0.771351 0.341391 0.89149 0.301468 0.896302 0.284324 0.771351 0.341391 0.885812 0.340579 0.943042 0.340173 0.896302 0.284324 0.885812 0.340579 0.948092 0.282594 0.896302 0.284324 0.943042 0.340173 0.948092 0.282594 0.948092 0.282594 0.943042 0.340173 0.94552 0.282531 0.948092 0.282594 0.948092 0.282594 0.895908 0.282668 0.94552 0.282531 0.948092 0.282594 0.89149 0.301468 0.94552 0.282531 0.895908 0.282668 0.779957 0.06420201 0.89149 0.301468 0.895908 0.282668 0.771351 0.341391 0.89149 0.301468 0.779957 0.06420201 0.896302 0.284324 0.771351 0.341391 0.779957 0.06420201 0.885812 0.340579 0.771351 0.341391 0.896302 0.284324 0.943042 0.340173 0.885812 0.340579 0.896302 0.284324 0.946715 0.301301 0.885812 0.340579 0.943042 0.340173 0.946715 0.301301 0.946715 0.301301 0.943042 0.340173 0.94552 0.282531 0.946715 0.301301 0.946715 0.301301 0.94552 0.282531 0.94552 0.282531 0.946715 0.301301 0.948092 0.282594 0.94552 0.282531 0.94552 0.282531 0.895908 0.282668 0.948092 0.282594 0.94552 0.282531 0.896302 0.284324 0.948092 0.282594 0.895908 0.282668 0.779957 0.06420201 0.896302 0.284324 0.895908 0.282668 0.771351 0.341391 0.896302 0.284324 0.779957 0.06420201 0.124141 -0.091475 0.124141 -0.091475 0.107905 0.01444798 0.194189 -0.131871 0.124141 -0.091475 0.124141 -0.091475 0.194189 -0.131871 0.194189 -0.131871 0.124141 -0.091475 0.249651 -0.08884 0.194189 -0.131871 0.194189 -0.131871 0.249651 -0.08884 0.249651 -0.08884 0.194189 -0.131871 0.263962 -0.006209015 0.249651 -0.08884 0.249651 -0.08884 0.263962 -0.006209015 0.263962 -0.006209015 0.249651 -0.08884 0.2508 0.08629798 0.263962 -0.006209015 0.263962 -0.006209015 0.2508 0.08629798 0.2508 0.08629798 0.263962 -0.006209015 0.200874 0.128549 0.2508 0.08629798 0.2508 0.08629798 0.200874 0.128549 0.200874 0.128549 0.2508 0.08629798 0.138539 0.10765 0.200874 0.128549 0.200874 0.128549 0.131736 0.106738 0.138539 0.10765 0.200874 0.128549 0.107905 0.01444798 0.138539 0.10765 0.131736 0.106738 0.107905 0.01444798 0.107905 0.01444798 0.131736 0.106738 0.124141 -0.091475 0.107905 0.01444798 0.107905 0.01444798 0.107905 0.01444798 0.124141 -0.091475 0.124141 -0.091475 0.107905 0.01444798 0.124141 -0.091475 0.107905 0.01444798 0.131736 0.106738 0.107905 0.01444798 0.107905 0.01444798 0.131736 0.106738 0.107905 0.01444798 0.131736 0.106738 0.200874 0.128549 0.131736 0.106738 0.131736 0.106738 0.200874 0.128549 0.131736 0.106738 0.200874 0.128549 0.2508 0.08629798 0.200874 0.128549 0.200874 0.128549 0.2508 0.08629798 0.200874 0.128549 0.2508 0.08629798 0.263962 -0.006209015 0.2508 0.08629798 0.2508 0.08629798 0.263962 -0.006209015 0.2508 0.08629798 0.263962 -0.006209015 0.249651 -0.08884 0.263962 -0.006209015 0.263962 -0.006209015 0.249651 -0.08884 0.263962 -0.006209015 0.249651 -0.08884 0.194189 -0.131871 0.249651 -0.08884 0.249651 -0.08884 0.194189 -0.131871 0.249651 -0.08884 0.194189 -0.131871 0.124141 -0.091475 0.194189 -0.131871 0.194189 -0.131871 0.124141 -0.091475 0.194189 -0.131871 0.124141 -0.091475 0.107905 0.01444798 0.124141 -0.091475 0.124141 -0.091475 0.107905 0.01444798 0.124141 -0.091475 0.107905 0.01444798 0.131736 0.106738 0.107905 0.01444798 0.107905 0.01444798 0.138539 0.10765 0.107905 0.01444798 0.131736 0.106738 0.200874 0.128549 0.138539 0.10765 0.131736 0.106738 0.200874 0.128549 0.138539 0.10765 0.200874 0.128549 0.2508 0.08629798 0.200874 0.128549 0.200874 0.128549 0.2508 0.08629798 0.200874 0.128549 0.2508 0.08629798 0.263962 -0.006209015 0.2508 0.08629798 0.2508 0.08629798 0.263962 -0.006209015 0.2508 0.08629798 0.263962 -0.006209015 0.249651 -0.08884 0.263962 -0.006209015 0.263962 -0.006209015 0.249651 -0.08884 0.263962 -0.006209015 0.249651 -0.08884 0.194189 -0.131871 0.249651 -0.08884 0.249651 -0.08884 0.194189 -0.131871 0.249651 -0.08884 0.194189 -0.131871 0.124141 -0.091475 0.194189 -0.131871 0.194189 -0.131871 0.124141 -0.091475 0.194189 -0.131871 0.124141 -0.091475 0.124141 -0.091475 0.124141 -0.091475 0.107905 0.01444798 0.194189 -0.131871 0.124141 -0.091475 0.124141 -0.091475 0.194189 -0.131871 0.194189 -0.131871 0.124141 -0.091475 0.249651 -0.08884 0.194189 -0.131871 0.194189 -0.131871 0.249651 -0.08884 0.249651 -0.08884 0.194189 -0.131871 0.263962 -0.006209015 0.249651 -0.08884 0.249651 -0.08884 0.263962 -0.006209015 0.263962 -0.006209015 0.249651 -0.08884 0.2508 0.08629798 0.263962 -0.006209015 0.263962 -0.006209015 0.2508 0.08629798 0.2508 0.08629798 0.263962 -0.006209015 0.200874 0.128549 0.2508 0.08629798 0.2508 0.08629798 0.200874 0.128549 0.200874 0.128549 0.2508 0.08629798 0.131736 0.106738 0.200874 0.128549 0.200874 0.128549 0.131736 0.106738 0.131736 0.106738 0.200874 0.128549 0.107905 0.01444798 0.131736 0.106738 0.131736 0.106738 0.107905 0.01444798 0.107905 0.01444798 0.131736 0.106738 0.124141 -0.091475 0.107905 0.01444798 0.107905 0.01444798 0.664512 0.164251 0.489337 0.291296 0.600673 0.334829 0.55748 0.05805701 0.489337 0.291296 0.664512 0.164251 0.668505 0.009907007 0.55748 0.05805701 0.664512 0.164251 0.562658 -4.22955e-4 0.55748 0.05805701 0.668505 0.009907007 0.66042 -0.06144094 0.562658 -4.22955e-4 0.668505 0.009907007 0.559645 -0.06126594 0.562658 -4.22955e-4 0.66042 -0.06144094 0.484903 -0.2004679 0.559645 -0.06126594 0.66042 -0.06144094 0.482628 -0.06108999 0.559645 -0.06126594 0.484903 -0.2004679 0.559645 -0.06126594 0.482628 -0.06108999 0.484903 -0.2004679 0.481589 -4.55022e-4 0.482628 -0.06108999 0.559645 -0.06126594 0.562658 -4.22955e-4 0.481589 -4.55022e-4 0.559645 -0.06126594 0.482502 0.05588197 0.481589 -4.55022e-4 0.562658 -4.22955e-4 0.55748 0.05805701 0.482502 0.05588197 0.562658 -4.22955e-4 0.489337 0.291296 0.482502 0.05588197 0.55748 0.05805701 0.772004 0.333116 0.761731 0.281 0.790514 0.280266 0.793519 0.296474 0.761731 0.281 0.772004 0.333116 0.793519 0.296474 0.793519 0.296474 0.772004 0.333116 0.811008 0.241675 0.793519 0.296474 0.793519 0.296474 0.792789 -0.301306 0.811008 0.241675 0.793519 0.296474 0.790514 0.280266 0.811008 0.241675 0.792789 -0.301306 0.792789 -0.304407 0.790514 0.280266 0.792789 -0.301306 0.773199 -0.349069 0.790514 0.280266 0.792789 -0.304407 0.850715 -0.359533 0.773199 -0.349069 0.792789 -0.304407 0.792789 -0.301306 0.773199 -0.349069 0.850715 -0.359533 0.852517 -0.301306 0.792789 -0.301306 0.850715 -0.359533 0.864484 -0.250252 0.792789 -0.301306 0.852517 -0.301306 0.725603 0.389758 0.722337 0.373694 0.722552 0.364054 0.765005 0.373272 0.722337 0.373694 0.725603 0.389758 0.760521 0.389711 0.765005 0.373272 0.725603 0.389758 0.765554 0.363749 0.765005 0.373272 0.760521 0.389711 0.757102 0.416467 0.765554 0.363749 0.760521 0.389711 0.754401 0.373098 0.765554 0.363749 0.757102 0.416467 0.752682 0.41632 0.754401 0.373098 0.757102 0.416467 0.735116 0.416637 0.754401 0.373098 0.752682 0.41632 0.728743 0.417587 0.735116 0.416637 0.752682 0.41632 0.733396 0.373538 0.735116 0.416637 0.728743 0.417587 0.722552 0.364054 0.733396 0.373538 0.728743 0.417587 0.909001 -0.304407 0.870254 -0.250252 0.858793 -0.304407 0.916414 -0.250252 0.870254 -0.250252 0.909001 -0.304407 1.027347 -0.304407 0.916414 -0.250252 0.909001 -0.304407 1.025217 -0.250252 0.916414 -0.250252 1.027347 -0.304407 0.916414 -0.250252 1.025217 -0.250252 1.027347 -0.304407 0.909001 -0.301306 1.025217 -0.250252 0.916414 -0.250252 0.858793 -0.301306 0.909001 -0.301306 0.916414 -0.250252 0.907885 -0.359533 0.909001 -0.301306 0.858793 -0.301306 0.857067 -0.359533 0.907885 -0.359533 0.858793 -0.301306 0.858793 -0.304407 0.907885 -0.359533 0.857067 -0.359533 0.916414 -0.250252 0.858793 -0.301306 0.870254 -0.250252 0.909001 -0.301306 0.858793 -0.301306 0.916414 -0.250252 1.025217 -0.250252 0.909001 -0.301306 0.916414 -0.250252 1.027347 -0.301306 0.909001 -0.301306 1.025217 -0.250252 0.909001 -0.301306 1.027347 -0.301306 1.025217 -0.250252 1.027668 -0.359533 1.027347 -0.301306 0.909001 -0.301306 0.907885 -0.359533 1.027668 -0.359533 0.909001 -0.301306 0.909001 -0.304407 1.027668 -0.359533 0.907885 -0.359533 0.858793 -0.304407 0.909001 -0.304407 0.907885 -0.359533 0.870254 -0.250252 0.909001 -0.304407 0.858793 -0.304407 0.705041 0.449327 0.702113 0.426349 0.707016 0.437793 0.697733 0.443114 0.702113 0.426349 0.705041 0.449327 0.693983 0.45751 0.697733 0.443114 0.705041 0.449327 0.682685 0.449158 0.697733 0.443114 0.693983 0.45751 0.67209 0.457521 0.682685 0.449158 0.693983 0.45751 0.669102 0.442676 0.682685 0.449158 0.67209 0.457521 0.661677 0.449327 0.669102 0.442676 0.67209 0.457521 0.659234 0.434708 0.669102 0.442676 0.661677 0.449327 0.667379 0.427384 0.659234 0.434708 0.661677 0.449327 0.597505 0.411686 0.585106 0.440957 0.585106 0.479155 0.572246 0.4411 0.585106 0.440957 0.597505 0.411686 0.572246 0.411686 0.572246 0.4411 0.597505 0.411686 0.584113 0.4411 0.572246 0.4411 0.572246 0.411686 0.584113 0.411686 0.584113 0.4411 0.572246 0.411686 0.596973 0.441093 0.584113 0.4411 0.584113 0.411686 0.607029 0.411686 0.596973 0.441093 0.584113 0.411686 0.607029 0.495071 0.596973 0.441093 0.607029 0.411686 0.597505 0.495071 0.607029 0.495071 0.607029 0.411686 0.450123 0.523769 0.450123 0.496966 0.450123 0.470163 -0.450106 0.496967 0.450123 0.496966 0.450123 0.523769 -0.450106 0.523771 -0.450106 0.496967 0.450123 0.523769 -0.450106 0.470164 -0.450106 0.496967 -0.450106 0.523771 -0.450106 0.496967 -0.450106 0.470164 -0.450106 0.523771 0.450123 0.470163 -0.450106 0.470164 -0.450106 0.496967 0.450123 0.496966 0.450123 0.470163 -0.450106 0.496967 0.450123 0.523769 0.450123 0.470163 0.450123 0.496966 -0.450106 0.523771 0.450123 0.523769 0.450123 0.496966 0.792789 -0.301306 0.864484 -0.250252 0.852517 -0.301306 0.809573 -0.250252 0.864484 -0.250252 0.792789 -0.301306 0.793519 0.296474 0.809573 -0.250252 0.792789 -0.301306 0.792789 -0.304407 0.809573 -0.250252 0.793519 0.296474 0.790514 0.280266 0.792789 -0.304407 0.793519 0.296474 0.773199 -0.349069 0.792789 -0.304407 0.790514 0.280266 0.761731 0.281 0.773199 -0.349069 0.790514 0.280266 0.792789 -0.301306 0.773199 -0.349069 0.761731 0.281 0.793519 0.296474 0.792789 -0.301306 0.761731 0.281 -0.04188096 0.304637 -0.100486 0.287718 -0.04202699 0.252931 -0.09966498 0.315267 -0.100486 0.287718 -0.04188096 0.304637 -0.04188096 0.304637 -0.09966498 0.315267 -0.04188096 0.304637 -0.09989398 0.28904 -0.09966498 0.315267 -0.04188096 0.304637 -0.04202699 0.252931 -0.09989398 0.28904 -0.04188096 0.304637 -0.09966897 0.229376 -0.09989398 0.28904 -0.04202699 0.252931 -0.04202699 0.252931 -0.09966897 0.229376 -0.04202699 0.252931 -0.100486 0.287718 -0.09966897 0.229376 -0.04202699 0.252931 0.01044797 0.25605 0.01038295 0.241942 0.01038295 0.241942 0.01044797 0.25605 0.01038295 0.241942 0.01044797 0.25605 0.01038295 0.270637 0.01044797 0.25605 0.01044797 0.25605 0.01038295 0.270637 0.01044797 0.25605 0.01038295 0.270637 0.01044797 0.28487 0.01038295 0.270637 0.01038295 0.270637 0.01044797 0.28487 0.01038295 0.270637 0.01044797 0.28487 0.01038295 0.299333 0.01044797 0.28487 0.01044797 0.28487 0.01038295 0.299333 0.01044797 0.28487 0.01038295 0.299333 -0.04202699 0.252931 -0.100486 0.287718 -0.04188096 0.304637 -0.09966897 0.229376 -0.100486 0.287718 -0.04202699 0.252931 -0.04202699 0.252931 -0.09966897 0.229376 -0.04202699 0.252931 -0.09989398 0.28904 -0.09966897 0.229376 -0.04202699 0.252931 -0.04188096 0.304637 -0.09989398 0.28904 -0.04202699 0.252931 -0.09966498 0.315267 -0.09989398 0.28904 -0.04188096 0.304637 -0.04188096 0.304637 -0.09966498 0.315267 -0.04188096 0.304637 -0.100486 0.287718 -0.09966498 0.315267 -0.04188096 0.304637 1.106824 -0.296677 0.893543 -0.260859 1.106253 -0.260859 0.892076 -0.296677 0.893543 -0.260859 1.106824 -0.296677 1.106824 -0.352736 0.892076 -0.296677 1.106824 -0.296677 0.893663 -0.353138 0.892076 -0.296677 1.106824 -0.352736 1.111061 -0.307603 0.893663 -0.353138 1.106824 -0.352736 0.8899 -0.307603 0.893663 -0.353138 1.111061 -0.307603 1.106253 -0.260859 0.8899 -0.307603 1.111061 -0.307603 0.893543 -0.260859 0.8899 -0.307603 1.106253 -0.260859 0.268334 -0.125668 0.1131319 -0.1257941 0.1131319 -0.1257941 0.268334 -0.125668 0.1131319 -0.1257941 0.268334 -0.125668 0.268343 0.130644 0.268334 -0.125668 0.268334 -0.125668 0.268343 0.130644 0.268334 -0.125668 0.268343 0.130644 0.11314 0.130653 0.268343 0.130644 0.268343 0.130644 0.11314 0.130653 0.268343 0.130644 0.11314 0.130653 0.1131319 -0.1257941 0.11314 0.130653 0.11314 0.130653 0.1131319 -0.1257941 0.11314 0.130653 0.1131319 -0.1257941 0.268334 -0.125668 0.1131319 -0.1257941 0.1131319 -0.1257941 0.268334 -0.125668 0.1131319 -0.1257941 0.268334 -0.125668 0.268343 0.130644 0.268334 -0.125668 0.268334 -0.125668 0.268343 0.130644 0.268334 -0.125668 0.268343 0.130644 0.11314 0.130653 0.268343 0.130644 0.268343 0.130644 0.11314 0.130653 0.268343 0.130644 0.11314 0.130653 0.1131319 -0.1257941 0.11314 0.130653 0.11314 0.130653 0.1131319 -0.1257941 0.11314 0.130653 0.1131319 -0.1257941 0.1131319 -0.1257941 0.1131319 -0.1257941 0.268334 -0.125668 0.11314 0.130653 0.1131319 -0.1257941 0.1131319 -0.1257941 0.11314 0.130653 0.11314 0.130653 0.1131319 -0.1257941 0.268343 0.130644 0.11314 0.130653 0.11314 0.130653 0.268343 0.130644 0.268343 0.130644 0.11314 0.130653 0.268334 -0.125668 0.268343 0.130644 0.268343 0.130644 0.268334 -0.125668 0.268334 -0.125668 0.268343 0.130644 0.1131319 -0.1257941 0.268334 -0.125668 0.268334 -0.125668 0.11314 0.130653 0.11314 0.130653 0.1131319 -0.1257941 0.268343 0.130644 0.11314 0.130653 0.11314 0.130653 0.268343 0.130644 0.268343 0.130644 0.11314 0.130653 0.268334 -0.125668 0.268343 0.130644 0.268343 0.130644 0.268334 -0.125668 0.268334 -0.125668 0.268343 0.130644 0.1131319 -0.1257941 0.268334 -0.125668 0.268334 -0.125668 0.1131319 -0.1257941 0.1131319 -0.1257941 0.268334 -0.125668 0.11314 0.130653 0.1131319 -0.1257941 0.1131319 -0.1257941 1.035236 0.01328301 1.155819 0.161089 1.024078 0.161088 1.155534 0.004249989 1.155819 0.161089 1.035236 0.01328301 1.024016 0.161087 1.155534 0.004249989 1.035236 0.01328301 1.155713 0.161089 1.155534 0.004249989 1.024016 0.161087 1.024016 0.161087 1.155713 0.161089 1.024016 0.161087 1.155713 0.161089 1.155713 0.161089 1.024016 0.161087 1.155534 0.004249989 1.155713 0.161089 1.024016 0.161087 0.639905 -0.177487 0.588211 -0.131301 0.639928 -0.1197391 0.58792 -0.187391 0.588211 -0.131301 0.639905 -0.177487 0.640332 -0.221952 0.58792 -0.187391 0.639905 -0.177487 0.587993 -0.221911 0.58792 -0.187391 0.640332 -0.221952 0.587716 -0.258898 0.587993 -0.221911 0.640332 -0.221952 0.536872 -0.221858 0.587993 -0.221911 0.587716 -0.258898 0.536997 -0.250371 0.536872 -0.221858 0.587716 -0.258898 0.640397 -0.266246 0.587547 -0.315176 0.640859 -0.330355 0.587716 -0.258898 0.587547 -0.315176 0.640397 -0.266246 0.640332 -0.221952 0.587716 -0.258898 0.640397 -0.266246 0.587993 -0.221911 0.587716 -0.258898 0.640332 -0.221952 0.58792 -0.187391 0.587993 -0.221911 0.640332 -0.221952 0.536907 -0.195745 0.587993 -0.221911 0.58792 -0.187391 0.588211 -0.131301 0.536907 -0.195745 0.58792 -0.187391 1.206405 0.064098 1.207043 0.273949 1.237587 0.2815 1.193581 0.281848 1.207043 0.273949 1.206405 0.064098 1.222836 0.300464 1.193581 0.281848 1.206405 0.064098 1.193581 0.281848 1.193581 0.281848 1.222836 0.300464 1.222836 0.300464 1.193581 0.281848 1.222836 0.300464 1.206405 0.064098 1.193581 0.281848 1.222836 0.300464 1.237587 0.2815 1.206405 0.064098 1.222836 0.300464 0.597505 0.411686 0.585106 0.479155 0.585106 0.440957 0.597505 0.495071 0.585106 0.479155 0.597505 0.411686 0.607029 0.411686 0.597505 0.495071 0.597505 0.411686 0.607029 0.495071 0.597505 0.495071 0.607029 0.411686 0.596973 0.441093 0.607029 0.495071 0.607029 0.411686 0.596973 0.479155 0.607029 0.495071 0.596973 0.441093 0.607029 0.495071 0.596973 0.479155 0.596973 0.441093 0.584113 0.479155 0.596973 0.479155 0.607029 0.495071 0.584113 0.495071 0.584113 0.479155 0.607029 0.495071 0.572246 0.479155 0.584113 0.479155 0.584113 0.495071 0.572246 0.495071 0.572246 0.479155 0.584113 0.495071 0.597505 0.495071 0.572246 0.479155 0.572246 0.495071 1.243104 0.006446003 1.19856 0.284652 1.215697 -0.00239396 1.225142 0.288792 1.19856 0.284652 1.243104 0.006446003 1.222871 0.004224002 1.225142 0.288792 1.243104 0.006446003 1.202424 0.268242 1.225142 0.288792 1.222871 0.004224002 1.230855 0.01423102 1.202424 0.268242 1.222871 0.004224002 1.187309 0.280971 1.202424 0.268242 1.230855 0.01423102 0.815959 0.282529 0.787186 -7.15971e-4 0.766702 0.01411098 0.801378 0.284608 0.787186 -7.15971e-4 0.815959 0.282529 1.187309 0.280971 0.801378 0.284608 0.815959 0.282529 1.19856 0.284652 0.801378 0.284608 1.187309 0.280971 1.230855 0.01423102 1.19856 0.284652 1.187309 0.280971 1.215697 -0.00239396 1.19856 0.284652 1.230855 0.01423102 -0.3493 0.692708 -0.34646 0.583199 -0.351217 0.691365 -0.349792 0.59492 -0.34646 0.583199 -0.3493 0.692708 -0.383783 0.690848 -0.349792 0.59492 -0.3493 0.692708 -0.383589 0.593655 -0.349792 0.59492 -0.383783 0.690848 -0.390952 0.694266 -0.383589 0.593655 -0.383783 0.690848 -0.398061 0.615645 -0.383589 0.593655 -0.390952 0.694266 0.249651 -0.08884 0.2508 0.08629798 0.263962 -0.006209015 0.200874 0.128549 0.2508 0.08629798 0.249651 -0.08884 0.194189 -0.131871 0.200874 0.128549 0.249651 -0.08884 0.131736 0.106738 0.200874 0.128549 0.194189 -0.131871 0.124141 -0.091475 0.131736 0.106738 0.194189 -0.131871 0.107905 0.01444798 0.131736 0.106738 0.124141 -0.091475 1.739493 -0.3916039 1.545128 -0.390003 1.544964 -0.3362859 1.545128 -0.4360861 1.545128 -0.390003 1.739493 -0.3916039 1.739493 -0.4325041 1.545128 -0.4360861 1.739493 -0.3916039 1.544964 -0.3362859 1.545128 -0.4360861 1.739493 -0.4325041 1.739493 -0.336237 1.544964 -0.3362859 1.739493 -0.4325041 1.739493 -0.3916039 1.544964 -0.3362859 1.739493 -0.336237 0.138539 0.10765 0.124141 -0.091475 0.107905 0.01444798 0.194189 -0.131871 0.124141 -0.091475 0.138539 0.10765 0.200874 0.128549 0.194189 -0.131871 0.138539 0.10765 0.249651 -0.08884 0.194189 -0.131871 0.200874 0.128549 0.2508 0.08629798 0.249651 -0.08884 0.200874 0.128549 0.263962 -0.006209015 0.249651 -0.08884 0.2508 0.08629798 -0.520614 0.596797 -0.409094 0.607894 -0.562898 0.616851 -0.44411 0.596797 -0.409094 0.607894 -0.520614 0.596797 -0.44411 0.622395 -0.44411 0.596797 -0.520614 0.596797 -0.420562 0.632777 -0.44411 0.596797 -0.44411 0.622395 -0.461985 0.808164 -0.420562 0.632777 -0.44411 0.622395 -0.429183 0.759927 -0.420562 0.632777 -0.461985 0.808164 1.237587 0.2815 1.222836 0.300464 1.206405 0.064098 1.229195 0.338144 1.222836 0.300464 1.237587 0.2815 1.207043 0.273949 1.229195 0.338144 1.237587 0.2815 1.229195 0.338144 1.229195 0.338144 1.207043 0.273949 1.207043 0.273949 1.229195 0.338144 1.207043 0.273949 1.237587 0.2815 1.229195 0.338144 1.207043 0.273949 -0.533856 0.628098 -0.562898 0.616851 -0.558654 0.703185 -0.520614 0.596797 -0.562898 0.616851 -0.533856 0.628098 -0.520614 0.622395 -0.520614 0.596797 -0.533856 0.628098 -0.44411 0.622395 -0.520614 0.596797 -0.520614 0.622395 -0.508976 0.802014 -0.44411 0.622395 -0.520614 0.622395 -0.461985 0.808164 -0.44411 0.622395 -0.508976 0.802014 0.780012 0.005806982 0.815959 0.282529 0.766702 0.01411098 0.796755 0.267829 0.815959 0.282529 0.780012 0.005806982 0.755926 0.00643897 0.796755 0.267829 0.780012 0.005806982 0.77507 0.292964 0.796755 0.267829 0.755926 0.00643897 0.787186 -7.15971e-4 0.77507 0.292964 0.755926 0.00643897 0.801378 0.284608 0.77507 0.292964 0.787186 -7.15971e-4 1.302592 0.764134 1.058331 0.989255 1.345234 0.990337 1.035239 0.739102 1.058331 0.989255 1.302592 0.764134 1.304301 0.655083 1.035239 0.739102 1.302592 0.764134 1.041211 0.635249 1.035239 0.739102 1.304301 0.655083 1.304967 0.520959 1.041211 0.635249 1.304301 0.655083 1.037051 0.523483 1.041211 0.635249 1.304967 0.520959 0.574537 0.503041 0.574537 0.422489 0.574537 0.503041 0.574537 0.422489 0.574537 0.422489 0.574537 0.503041 0.608416 0.503041 0.574537 0.422489 0.574537 0.503041 0.608416 0.422489 0.574537 0.422489 0.608416 0.503041 0.57407 0.503041 0.608416 0.422489 0.608416 0.503041 0.57407 0.422489 0.608416 0.422489 0.57407 0.503041 0.130532 0.143737 0.109772 0.278148 0.110077 0.1751829 0.129453 0.318193 0.109772 0.278148 0.130532 0.143737 0.236467 0.144288 0.129453 0.318193 0.130532 0.143737 0.2365159 0.318268 0.129453 0.318193 0.236467 0.144288 0.257031 0.174446 0.2365159 0.318268 0.236467 0.144288 0.25714 0.278409 0.2365159 0.318268 0.257031 0.174446 0.01310199 0.294865 0.02904599 0.292216 0.02904599 0.292216 0.01310199 0.294865 0.02904599 0.292216 0.01310199 0.294865 0.01438999 0.247856 0.01310199 0.294865 0.01310199 0.294865 0.01438999 0.247856 0.01310199 0.294865 0.01438999 0.247856 0.02985996 0.247856 0.01438999 0.247856 0.01438999 0.247856 0.02985996 0.247856 0.01438999 0.247856 0.02985996 0.247856 0.572246 0.4411 0.597505 0.411686 0.585106 0.440957 0.572246 0.411686 0.597505 0.411686 0.572246 0.4411 0.584113 0.4411 0.572246 0.411686 0.572246 0.4411 0.584113 0.411686 0.572246 0.411686 0.584113 0.4411 0.596973 0.441093 0.584113 0.411686 0.584113 0.4411 0.607029 0.411686 0.584113 0.411686 0.596973 0.441093 0.738071 0.133687 0.744446 0.322408 0.717077 0.322408 0.689709 0.322408 0.744446 0.322408 0.738071 0.133687 0.696084 0.133687 0.689709 0.322408 0.738071 0.133687 0.717077 0.322408 0.689709 0.322408 0.696084 0.133687 0.738071 0.133687 0.717077 0.322408 0.696084 0.133687 0.790514 0.280266 0.811008 0.241675 0.811008 0.241675 0.790514 0.280266 0.811008 0.241675 0.790514 0.280266 0.772004 0.333116 0.790514 0.280266 0.790514 0.280266 0.772004 0.333116 0.790514 0.280266 0.772004 0.333116 0.793519 0.296474 0.772004 0.333116 0.772004 0.333116 0.981339 0.738574 0.939118 0.741311 0.981329 0.737715 0.938881 0.744185 0.939118 0.741311 0.981339 0.738574 0.981351 0.739648 0.938881 0.744185 0.981339 0.738574 0.93886 0.761758 0.938881 0.744185 0.981351 0.739648 0.981349 0.753941 0.93886 0.761758 0.981351 0.739648 0.865329 0.329346 0.907784 0.323083 0.901771 0.332413 0.889691 0.319602 0.907784 0.323083 0.865329 0.329346 0.787521 0.32785 0.889691 0.319602 0.865329 0.329346 0.917303 0.312282 0.889691 0.319602 0.787521 0.32785 0.915498 0.296959 0.917303 0.312282 0.787521 0.32785 0.699531 0.13506 0.689709 0.323781 0.717077 0.323781 0.744446 0.323781 0.689709 0.323781 0.699531 0.13506 0.734623 0.13506 0.744446 0.323781 0.699531 0.13506 0.717077 0.323781 0.744446 0.323781 0.734623 0.13506 0.699531 0.13506 0.717077 0.323781 0.734623 0.13506 0.946715 0.301301 0.885812 0.340579 0.89149 0.301468 0.943042 0.340173 0.885812 0.340579 0.946715 0.301301 0.943042 0.340173 0.943042 0.340173 0.946715 0.301301 0.948092 0.282594 0.943042 0.340173 0.943042 0.340173 0.896302 0.284324 0.948092 0.282594 0.943042 0.340173 0.584113 0.479155 0.607029 0.495071 0.596973 0.479155 0.584113 0.495071 0.607029 0.495071 0.584113 0.479155 0.572246 0.479155 0.584113 0.495071 0.584113 0.479155 0.572246 0.495071 0.584113 0.495071 0.572246 0.479155 0.597505 0.495071 0.572246 0.495071 0.572246 0.479155 0.01044797 0.28487 -0.02901595 0.299333 0.009084999 0.299333 -0.02901595 0.28487 -0.02901595 0.299333 0.01044797 0.28487 0.009084999 0.270637 -0.02901595 0.28487 0.01044797 0.28487 -0.02901595 0.270637 -0.02901595 0.28487 0.009084999 0.270637 -0.02901595 0.25605 -0.02901595 0.270637 0.009084999 0.270637 0.538027 -0.09515905 0.538027 -0.03405702 0.595709 -0.09515905 0.595353 -0.03405702 0.538027 -0.03405702 0.538027 -0.09515905 0.595709 -0.09515905 0.595353 -0.03405702 0.538027 -0.09515905 0.649392 -0.03405702 0.595353 -0.03405702 0.595709 -0.09515905 0.649392 -0.09515905 0.649392 -0.03405702 0.595709 -0.09515905 -0.105444 0.215448 0.04674994 0.192119 -0.105726 0.192135 0.050915 0.215496 0.04674994 0.192119 -0.105444 0.215448 0.04674994 0.192119 0.050915 0.215496 -0.105444 0.215448 0.09430897 0.173719 0.050915 0.215496 0.04674994 0.192119 0.620566 0.710957 0.582828 0.559601 0.582808 0.705946 0.620587 0.553392 0.582828 0.559601 0.620566 0.710957 0.641237 0.711333 0.620587 0.553392 0.620566 0.710957 0.641258 0.553395 0.620587 0.553392 0.641237 0.711333 0.792789 -0.304407 0.852516 -0.304407 0.850715 -0.359533 0.809573 -0.250252 0.852516 -0.304407 0.792789 -0.304407 0.792789 -0.301306 0.809573 -0.250252 0.792789 -0.304407 0.864484 -0.250252 0.809573 -0.250252 0.792789 -0.301306 1.545128 -0.4360861 1.739493 -0.3916039 1.545128 -0.390003 1.739493 -0.4325041 1.739493 -0.3916039 1.545128 -0.4360861 1.545128 -0.335909 1.739493 -0.4325041 1.545128 -0.4360861 1.739493 -0.336237 1.739493 -0.4325041 1.545128 -0.335909 1.877964 1.118884 1.82603 1 1.820795 1.118885 1.858636 1 1.82603 1 1.877964 1.118884 1.877964 0.881115 1.858636 1 1.877964 1.118884 1.820795 0.881115 1.858636 1 1.877964 0.881115 1.877964 0.881115 1.82603 1 1.820795 0.881115 1.858636 1 1.82603 1 1.877964 0.881115 1.877964 1.118884 1.858636 1 1.877964 0.881115 1.820795 1.118885 1.858636 1 1.877964 1.118884 -0.09614396 1.066345 0.100971 0.874428 -0.104991 0.874438 0.09514999 1.066335 0.100971 0.874428 -0.09614396 1.066345 -0.09223997 1.122704 0.09514999 1.066335 -0.09614396 1.066345 0.08809798 1.1227 0.09514999 1.066335 -0.09223997 1.122704 0.587716 -0.258898 0.536997 -0.250371 0.587547 -0.315176 0.536872 -0.221858 0.536997 -0.250371 0.587716 -0.258898 0.587993 -0.221911 0.536872 -0.221858 0.587716 -0.258898 0.536907 -0.195745 0.536872 -0.221858 0.587993 -0.221911 0.699531 0.13506 0.717077 0.323781 0.689709 0.323781 0.734623 0.13506 0.717077 0.323781 0.699531 0.13506 0.689709 0.323781 0.734623 0.13506 0.699531 0.13506 0.744446 0.323781 0.734623 0.13506 0.689709 0.323781 0.451254 0.355829 -0.1360329 0.342168 0.45147 0.345966 -0.1360329 0.342168 -0.1360329 0.342168 0.451254 0.355829 0.45147 0.345966 -0.1360329 0.342168 0.451254 0.355829 0.452048 0.390345 -0.1360329 0.342168 0.45147 0.345966 1.027668 -0.359533 0.909001 -0.301306 1.027347 -0.301306 0.907885 -0.359533 0.909001 -0.301306 1.027668 -0.359533 0.909001 -0.304407 0.907885 -0.359533 1.027668 -0.359533 0.858793 -0.304407 0.907885 -0.359533 0.909001 -0.304407 0.620566 0.710957 0.582828 0.559601 0.582808 0.705946 0.620587 0.553392 0.582828 0.559601 0.620566 0.710957 0.641237 0.711333 0.620587 0.553392 0.620566 0.710957 0.641258 0.553395 0.620587 0.553392 0.641237 0.711333 0.620566 0.710957 0.582828 0.559601 0.582808 0.705946 0.620587 0.553392 0.582828 0.559601 0.620566 0.710957 0.641237 0.711333 0.620587 0.553392 0.620566 0.710957 0.641258 0.553395 0.620587 0.553392 0.641237 0.711333 0.620566 0.710957 0.582828 0.559601 0.582808 0.705946 0.620587 0.553392 0.582828 0.559601 0.620566 0.710957 0.641237 0.711333 0.620587 0.553392 0.620566 0.710957 0.641258 0.553395 0.620587 0.553392 0.641237 0.711333 0.01044797 0.25605 0.01038295 0.270637 0.01044797 0.25605 0.01038295 0.270637 0.01038295 0.270637 0.01044797 0.25605 0.009084999 0.270637 0.01038295 0.270637 0.01044797 0.25605 0.01044797 0.28487 0.01038295 0.270637 0.009084999 0.270637 0.45284 0.432017 -0.1350229 0.43249 0.452624 0.413568 -0.1350229 0.43249 -0.1350229 0.43249 0.45284 0.432017 0.452624 0.428894 -0.1350229 0.43249 0.45284 0.432017 0.452048 0.390345 -0.1350229 0.43249 0.452624 0.428894 -0.383783 0.690848 -0.374433 0.829816 -0.384285 0.794112 -0.360994 0.831248 -0.374433 0.829816 -0.383783 0.690848 -0.3493 0.692708 -0.360994 0.831248 -0.383783 0.690848 -0.349953 0.807462 -0.360994 0.831248 -0.3493 0.692708 0.267021 -0.005401968 0.136958 -0.116961 0.253935 -0.116961 0.105425 -0.005547046 0.136958 -0.116961 0.267021 -0.005401968 0.251938 0.11654 0.105425 -0.005547046 0.267021 -0.005401968 0.147438 0.112539 0.105425 -0.005547046 0.251938 0.11654 0.620566 0.710957 0.582828 0.559601 0.582808 0.705946 0.620587 0.553392 0.582828 0.559601 0.620566 0.710957 0.641237 0.711333 0.620587 0.553392 0.620566 0.710957 0.641258 0.553395 0.620587 0.553392 0.641237 0.711333 0.789864 0.300427 0.796755 0.267829 0.77507 0.292964 1.212146 0.30296 0.796755 0.267829 0.789864 0.300427 1.19856 0.284652 1.212146 0.30296 0.789864 0.300427 1.225142 0.288792 1.212146 0.30296 1.19856 0.284652 0.620566 0.710957 0.582828 0.559601 0.582808 0.705946 0.620587 0.553392 0.582828 0.559601 0.620566 0.710957 0.641237 0.711333 0.620587 0.553392 0.620566 0.710957 0.641258 0.553395 0.620587 0.553392 0.641237 0.711333 0.620566 0.710957 0.582828 0.559601 0.582808 0.705946 0.620587 0.553392 0.582828 0.559601 0.620566 0.710957 0.641237 0.711333 0.620587 0.553392 0.620566 0.710957 0.641258 0.553395 0.620587 0.553392 0.641237 0.711333 0.001650989 0.001147985 0.09566795 -0.201391 -0.09503698 -0.201133 0.097727 -0.002457976 0.09566795 -0.201391 0.001650989 0.001147985 0.09833896 0.180764 0.097727 -0.002457976 0.001650989 0.001147985 -0.1350229 0.43249 0.45284 0.432017 -0.1350229 0.43249 0.452624 0.413568 0.45284 0.432017 -0.1350229 0.43249 0.452048 0.390345 0.452624 0.413568 -0.1350229 0.43249 0.368375 0.392474 0.368375 0.372425 0.329928 0.392474 0.406822 0.392474 0.368375 0.372425 0.368375 0.392474 0.368375 0.412523 0.406822 0.392474 0.368375 0.392474 -0.1360329 0.342168 0.451254 0.355829 -0.1360329 0.342168 0.45147 0.345966 0.451254 0.355829 -0.1360329 0.342168 0.452048 0.390345 0.45147 0.345966 -0.1360329 0.342168 -0.1350229 0.43249 0.452048 0.390345 -0.1360329 0.342168 0.452624 0.413568 0.452048 0.390345 -0.1350229 0.43249 0.45284 0.432017 0.452624 0.413568 -0.1350229 0.43249 -0.1350229 0.43249 0.45284 0.432017 -0.1350229 0.43249 0.452624 0.428894 0.45284 0.432017 -0.1350229 0.43249 0.452048 0.390345 0.452624 0.428894 -0.1350229 0.43249 -0.1360329 0.342168 0.452048 0.390345 -0.1350229 0.43249 0.45147 0.345966 0.452048 0.390345 -0.1360329 0.342168 0.451254 0.355829 0.45147 0.345966 -0.1360329 0.342168 -0.1360329 0.342168 0.451254 0.355829 -0.1360329 0.342168 0.45147 0.345966 0.451254 0.355829 -0.1360329 0.342168 0.452048 0.390345 0.45147 0.345966 -0.1360329 0.342168 -0.1350229 0.43249 0.452048 0.390345 -0.1360329 0.342168 0.452624 0.413568 0.452048 0.390345 -0.1350229 0.43249 0.45284 0.432017 0.452624 0.413568 -0.1350229 0.43249 -0.1350229 0.43249 0.45284 0.432017 -0.1350229 0.43249 0.452624 0.428894 0.45284 0.432017 -0.1350229 0.43249 0.452048 0.390345 0.452624 0.428894 -0.1350229 0.43249 -0.1360329 0.342168 0.452048 0.390345 -0.1350229 0.43249 0.45147 0.345966 0.452048 0.390345 -0.1360329 0.342168 0.451254 0.355829 0.45147 0.345966 -0.1360329 0.342168 -0.123125 0.977534 -0.09855097 1.071524 -0.1231729 1.112258 -0.100663 0.925148 -0.09855097 1.071524 -0.123125 0.977534 -0.123089 0.89259 -0.100663 0.925148 -0.123125 0.977534 0.420068 0.966406 0.463416 0.988325 0.463515 0.971117 0.358748 0.990581 0.463416 0.988325 0.420068 0.966406 0.358716 0.974226 0.358748 0.990581 0.420068 0.966406 0.41958 1.035981 0.358811 1.010872 0.358842 1.027209 0.463221 1.014274 0.358811 1.010872 0.41958 1.035981 0.463122 1.032142 0.463221 1.014274 0.41958 1.035981 0.368375 0.392474 0.329928 0.392474 0.368375 0.372425 0.368375 0.412523 0.329928 0.392474 0.368375 0.392474 0.406822 0.392474 0.368375 0.412523 0.368375 0.392474 0.009084999 0.270637 -0.02901595 0.25605 0.01044797 0.25605 -0.02901595 0.270637 -0.02901595 0.25605 0.009084999 0.270637 -0.02901595 0.28487 -0.02901595 0.270637 0.009084999 0.270637 -0.123125 0.977534 -0.100663 0.925148 -0.123089 0.89259 -0.09855097 1.071524 -0.100663 0.925148 -0.123125 0.977534 -0.1231729 1.112258 -0.09855097 1.071524 -0.123125 0.977534 1.23342 0.324218 0.968342 0.31895 0.968317 0.338636 0.968629 0.307214 0.968342 0.31895 1.23342 0.324218 0.968317 0.338636 0.968629 0.307214 1.23342 0.324218 -0.533856 0.628098 -0.508976 0.802014 -0.520614 0.622395 -0.537103 0.758162 -0.508976 0.802014 -0.533856 0.628098 -0.558654 0.703185 -0.537103 0.758162 -0.533856 0.628098 -0.420562 0.632777 -0.409094 0.607894 -0.44411 0.596797 -0.409128 0.700939 -0.409094 0.607894 -0.420562 0.632777 -0.429183 0.759927 -0.409128 0.700939 -0.420562 0.632777 0.728743 0.417587 0.725603 0.389758 0.722552 0.364054 0.757102 0.416467 0.725603 0.389758 0.728743 0.417587 0.752682 0.41632 0.757102 0.416467 0.728743 0.417587 -0.1360329 0.342168 0.451254 0.355829 -0.1360329 0.342168 0.45147 0.345966 0.451254 0.355829 -0.1360329 0.342168 0.452048 0.390345 0.45147 0.345966 -0.1360329 0.342168 1.207043 0.273949 1.206405 0.064098 1.237587 0.2815 1.193581 0.281848 1.206405 0.064098 1.207043 0.273949 1.193581 0.281848 1.193581 0.281848 1.207043 0.273949 0.916414 -0.250252 0.870254 -0.250252 0.858793 -0.301306 0.909001 -0.304407 0.870254 -0.250252 0.916414 -0.250252 1.027347 -0.304407 0.909001 -0.304407 0.916414 -0.250252 1.222836 0.300464 1.229195 0.338144 1.237587 0.2815 1.229195 0.338144 1.229195 0.338144 1.222836 0.300464 1.222836 0.300464 1.229195 0.338144 1.222836 0.300464 0.259293 1.116198 0.226024 0.882491 0.261087 0.882361 0.192135 0.890608 0.226024 0.882491 0.259293 1.116198 0.190097 1.110436 0.192135 0.890608 0.259293 1.116198 1.877305 1.000176 1.903906 0.937669 1.876738 0.876059 1.903906 1.057907 1.903906 0.937669 1.877305 1.000176 1.876738 1.119517 1.903906 1.057907 1.877305 1.000176 0.189944 1.015553 0.25765 0.882032 0.200941 0.881485 0.261872 1.117433 0.25765 0.882032 0.189944 1.015553 0.201326 1.114544 0.261872 1.117433 0.189944 1.015553 0.761731 0.281 0.772004 0.333116 0.790514 0.280266 0.793519 0.296474 0.772004 0.333116 0.761731 0.281 0.792789 -0.301306 0.793519 0.296474 0.761731 0.281 0.301901 1.123997 0.285889 0.874818 0.284585 1.12321 0.320476 0.875258 0.285889 0.874818 0.301901 1.123997 0.321198 1.124652 0.320476 0.875258 0.301901 1.123997 0.226024 0.882491 0.259293 1.116198 0.261087 0.882361 0.190097 1.110436 0.259293 1.116198 0.226024 0.882491 0.192135 0.890608 0.190097 1.110436 0.226024 0.882491 0.66042 -0.06144094 0.484903 -0.2004679 0.594522 -0.199577 0.559645 -0.06126594 0.484903 -0.2004679 0.66042 -0.06144094 0.562658 -4.22955e-4 0.559645 -0.06126594 0.66042 -0.06144094 0.536907 -0.195745 0.587993 -0.221911 0.536872 -0.221858 0.58792 -0.187391 0.587993 -0.221911 0.536907 -0.195745 0.588211 -0.131301 0.58792 -0.187391 0.536907 -0.195745 0.639905 -0.177487 0.58792 -0.187391 0.640332 -0.221952 0.588211 -0.131301 0.58792 -0.187391 0.639905 -0.177487 0.639928 -0.1197391 0.588211 -0.131301 0.639905 -0.177487 0.8874 0.382571 0.88756 0.469939 0.844343 0.431296 0.94113 0.426097 0.88756 0.469939 0.8874 0.382571 0.930903 0.426336 0.94113 0.426097 0.8874 0.382571 0.610556 0.73663 0.587429 0.806057 0.63201 0.806964 0.581547 0.777304 0.587429 0.806057 0.610556 0.73663 0.596403 0.736773 0.581547 0.777304 0.610556 0.73663 0.1908 1.011993 0.261777 0.880968 0.195905 0.887823 0.261416 0.99876 0.261777 0.880968 0.1908 1.011993 0.260964 1.112207 0.261416 0.99876 0.1908 1.011993 0.587716 -0.258898 0.587547 -0.315176 0.536997 -0.250371 0.640397 -0.266246 0.587547 -0.315176 0.587716 -0.258898 0.640332 -0.221952 0.640397 -0.266246 0.587716 -0.258898 0.595709 -0.09515905 0.649392 -0.03405702 0.649392 -0.09515905 0.595353 -0.03405702 0.649392 -0.03405702 0.595709 -0.09515905 0.538027 -0.03405702 0.595353 -0.03405702 0.595709 -0.09515905 0.68835 0.04250901 0.741918 0.09952098 0.689082 0.08927398 0.746374 0.04251098 0.741918 0.09952098 0.68835 0.04250901 0.747403 -0.06766796 0.746374 0.04251098 0.68835 0.04250901 0.001650989 0.001147985 -0.09648299 0.181047 0.09833896 0.180764 -0.09709596 -0.001943945 -0.09648299 0.181047 0.001650989 0.001147985 -0.09503698 -0.201133 -0.09709596 -0.001943945 0.001650989 0.001147985 0.82544 -0.126881 0.858318 -0.2430969 0.825637 -0.243414 0.858121 -0.125595 0.858318 -0.2430969 0.82544 -0.126881 0.82544 -0.126881 0.858318 -0.2430969 0.858121 -0.125595 0.825637 -0.243414 0.858318 -0.2430969 0.82544 -0.126881 -0.412836 0.003314018 -0.284341 -0.283926 -0.284208 0.003428995 -0.413212 -0.283935 -0.284341 -0.283926 -0.412836 0.003314018 -0.412836 0.003314018 -0.284341 -0.283926 -0.413212 -0.283935 -0.284208 0.003428995 -0.284341 -0.283926 -0.412836 0.003314018 0.547468 0.390811 0.485644 0.504257 0.486375 0.393607 0.551102 0.497005 0.485644 0.504257 0.547468 0.390811 0.547468 0.390811 0.485644 0.504257 0.486375 0.393607 0.551102 0.497005 0.485644 0.504257 0.547468 0.390811 0.547468 0.390811 0.485644 0.504257 0.551102 0.497005 0.486375 0.393607 0.485644 0.504257 0.547468 0.390811 0.547468 0.390811 0.485644 0.504257 0.551102 0.497005 0.486375 0.393607 0.485644 0.504257 0.547468 0.390811 0.55748 0.05805701 0.482502 0.05588197 0.489337 0.291296 0.562658 -4.22955e-4 0.482502 0.05588197 0.55748 0.05805701 0.489337 0.291296 0.664512 0.164251 0.600673 0.334829 0.55748 0.05805701 0.664512 0.164251 0.489337 0.291296 0.55748 0.05805701 0.668505 0.009907007 0.664512 0.164251 0.562658 -4.22955e-4 0.668505 0.009907007 0.55748 0.05805701 0.939118 0.741311 0.981339 0.738574 0.981329 0.737715 0.938881 0.744185 0.981339 0.738574 0.939118 0.741311 0.938881 0.744185 0.981351 0.739648 0.981339 0.738574 0.93886 0.761758 0.981351 0.739648 0.938881 0.744185 0.586596 0.538969 0.586395 0.481068 0.608552 0.538903 0.56644 0.539029 0.586395 0.481068 0.586596 0.538969 0.2508 0.08629798 0.249651 -0.08884 0.263962 -0.006209015 0.200874 0.128549 0.249651 -0.08884 0.2508 0.08629798 0.124141 -0.091475 0.138539 0.10765 0.107905 0.01444798 0.194189 -0.131871 0.138539 0.10765 0.124141 -0.091475 0.586395 0.481068 0.586596 0.538969 0.608552 0.538903 0.56644 0.539029 0.586596 0.538969 0.586395 0.481068 0.2508 0.08629798 0.249651 -0.08884 0.263962 -0.006209015 0.200874 0.128549 0.249651 -0.08884 0.2508 0.08629798 0.124141 -0.091475 0.131736 0.106738 0.107905 0.01444798 0.194189 -0.131871 0.131736 0.106738 0.124141 -0.091475 0.25703 0.881088 0.189709 1.01469 0.2002069 0.880517 0.260438 1.116317 0.189709 1.01469 0.25703 0.881088 0.156794 0.880205 0.155261 1.000338 0.127304 0.942566 0.183095 0.942392 0.155261 1.000338 0.156794 0.880205 0.574537 0.422489 0.608416 0.503041 0.574537 0.503041 0.608416 0.422489 0.608416 0.503041 0.574537 0.422489 0.57407 0.503041 0.608416 0.422489 0.57407 0.422489 0.608416 0.503041 0.608416 0.422489 0.57407 0.503041 0.589168 0.698923 0.608049 0.562547 0.608281 0.707175 0.588942 0.554295 0.608049 0.562547 0.589168 0.698923 -0.25429 -0.133426 -0.118629 0.134869 -0.273388 0.122952 -0.100129 -0.1235321 -0.118629 0.134869 -0.25429 -0.133426 0.201479 1.11386 0.261416 0.99876 0.260964 1.112207 0.1908 1.011993 0.261416 0.99876 0.201479 1.11386 -0.450106 0.470164 0.450123 0.496966 -0.450106 0.496967 0.450123 0.470163 0.450123 0.496966 -0.450106 0.470164 0.452624 0.428894 -0.1350229 0.43249 0.45284 0.432017 0.452048 0.390345 -0.1350229 0.43249 0.452624 0.428894 0.452048 0.390345 -0.1360329 0.342168 -0.1350229 0.43249 0.45147 0.345966 -0.1360329 0.342168 0.452048 0.390345 0.574537 0.422489 0.574537 0.503041 0.574537 0.503041 0.574537 0.422489 0.574537 0.503041 0.574537 0.422489 -0.341752 -0.06700897 -0.387732 -0.04554402 -0.387732 -0.06700897 -0.341752 -0.04554402 -0.387732 -0.04554402 -0.341752 -0.06700897 0.183095 0.942392 0.127304 0.942566 0.156794 0.880205 0.155261 1.000338 0.127304 0.942566 0.183095 0.942392 0.155261 1.000338 0.156794 0.880205 0.127304 0.942566 0.183095 0.942392 0.156794 0.880205 0.155261 1.000338 0.261777 0.880968 0.1908 1.011993 0.195905 0.887823 0.261416 0.99876 0.1908 1.011993 0.261777 0.880968 1.041211 0.635249 1.304967 0.520959 1.304301 0.655083 1.037051 0.523483 1.304967 0.520959 1.041211 0.635249 0.688182 -0.05490195 0.746374 0.04251098 0.747403 -0.06766796 0.68835 0.04250901 0.746374 0.04251098 0.688182 -0.05490195 -0.341752 -0.06700897 -0.387732 -0.04554402 -0.387732 -0.06700897 -0.341752 -0.04554402 -0.387732 -0.04554402 -0.341752 -0.06700897 0.358748 0.990581 0.463221 1.014274 0.463416 0.988325 0.358811 1.010872 0.463221 1.014274 0.358748 0.990581 0.329276 1.056585 0.636423 0.841044 0.329098 0.942816 0.635006 1.157924 0.636423 0.841044 0.329276 1.056585 0.746374 0.04251098 0.689082 0.08927398 0.741918 0.09952098 0.68835 0.04250901 0.689082 0.08927398 0.746374 0.04251098 0.928603 0.384907 0.930903 0.426336 0.8874 0.382571 0.94436 0.384648 0.930903 0.426336 0.928603 0.384907 0.01038295 0.270637 0.009084999 0.270637 0.01044797 0.25605 0.01044797 0.28487 0.009084999 0.270637 0.01038295 0.270637 -0.118629 0.134869 -0.25429 -0.133426 -0.273388 0.122952 -0.100129 -0.1235321 -0.25429 -0.133426 -0.118629 0.134869 -0.341752 -0.06700897 -0.387732 -0.04554402 -0.387732 -0.06700897 -0.341752 -0.04554402 -0.387732 -0.04554402 -0.341752 -0.06700897 1.089034 0.383528 0.930903 0.426336 0.94436 0.384648 1.087318 0.47191 0.930903 0.426336 1.089034 0.383528 -0.341752 -0.06700897 -0.387732 -0.04554402 -0.387732 -0.06700897 -0.341752 -0.04554402 -0.387732 -0.04554402 -0.341752 -0.06700897 0.944302 0.470046 0.930903 0.426336 1.087318 0.47191 0.928928 0.469616 0.930903 0.426336 0.944302 0.470046 0.77724 0.47945 0.828327 0.365366 0.777069 0.366043 0.828519 0.479385 0.828327 0.365366 0.77724 0.47945 0.930903 0.426336 0.88756 0.469939 0.924726 0.426513 0.928928 0.469616 0.88756 0.469939 0.930903 0.426336 0.828327 0.365366 0.77724 0.47945 0.777069 0.366043 0.828716 0.479339 0.77724 0.47945 0.828327 0.365366 -0.08255696 0.266953 -0.07754796 0.236433 -0.08428096 0.244063 -0.07257997 0.254095 -0.07754796 0.236433 -0.08255696 0.266953 0.200874 0.128549 0.194189 -0.131871 0.249651 -0.08884 0.131736 0.106738 0.194189 -0.131871 0.200874 0.128549 0.45147 0.345966 -0.1360329 0.342168 0.451254 0.355829 0.452048 0.390345 -0.1360329 0.342168 0.45147 0.345966 0.452048 0.390345 -0.1350229 0.43249 -0.1360329 0.342168 0.452624 0.413568 -0.1350229 0.43249 0.452048 0.390345 0.680115 0.382471 0.687795 0.404234 0.68804 0.381752 0.679852 0.402937 0.687795 0.404234 0.680115 0.382471 1.739493 -0.3916039 1.545128 -0.335909 1.545128 -0.390003 1.739493 -0.336237 1.545128 -0.335909 1.739493 -0.3916039 0.765554 0.363749 0.733396 0.373538 0.722552 0.364054 0.754401 0.373098 0.733396 0.373538 0.765554 0.363749 0.007176995 0.863817 0.320893 0.580461 0.320965 0.863668 0.006784975 0.580818 0.320893 0.580461 0.007176995 0.863817 -0.383589 0.593655 -0.353182 0.582805 -0.349792 0.59492 -0.381677 0.581382 -0.353182 0.582805 -0.383589 0.593655 0.1131319 -0.1257941 0.268343 0.130644 0.268334 -0.125668 0.11314 0.130653 0.268343 0.130644 0.1131319 -0.1257941 -0.391199 0.180039 -0.338478 0.161285 -0.391199 0.161285 -0.338478 0.180039 -0.338478 0.161285 -0.391199 0.180039 0.1131319 -0.1257941 0.268343 0.130644 0.268334 -0.125668 0.11314 0.130653 0.268343 0.130644 0.1131319 -0.1257941 -0.390125 0.180716 -0.337023 0.160609 -0.390125 0.160609 -0.337023 0.180716 -0.337023 0.160609 -0.390125 0.180716 -0.390125 0.160609 -0.337023 0.180716 -0.390125 0.180716 -0.337023 0.160609 -0.337023 0.180716 -0.390125 0.160609 -0.391199 0.161285 -0.338478 0.180039 -0.391199 0.180039 -0.338478 0.161285 -0.338478 0.180039 -0.391199 0.161285 0.268343 0.130644 0.1131319 -0.1257941 0.268334 -0.125668 0.11314 0.130653 0.1131319 -0.1257941 0.268343 0.130644 0.589168 0.698923 0.608049 0.562547 0.608281 0.707175 0.588942 0.554295 0.608049 0.562547 0.589168 0.698923 0.268343 0.130644 0.1131319 -0.1257941 0.268334 -0.125668 0.11314 0.130653 0.1131319 -0.1257941 0.268343 0.130644 0.589168 0.698923 0.608049 0.562547 0.608281 0.707175 0.588942 0.554295 0.608049 0.562547 0.589168 0.698923 0.589168 0.698923 0.608049 0.562547 0.608281 0.707175 0.588942 0.554295 0.608049 0.562547 0.589168 0.698923 0.589168 0.698923 0.608049 0.562547 0.608281 0.707175 0.588942 0.554295 0.608049 0.562547 0.589168 0.698923 0.589168 0.698923 0.608049 0.562547 0.608281 0.707175 0.588942 0.554295 0.608049 0.562547 0.589168 0.698923 0.589168 0.698923 0.608049 0.562547 0.608281 0.707175 0.588942 0.554295 0.608049 0.562547 0.589168 0.698923 0.815959 0.282529 1.202424 0.268242 1.187309 0.280971 0.796755 0.267829 1.202424 0.268242 0.815959 0.282529 0.623281 0.831532 0.587429 0.806057 0.595874 0.831532 0.63201 0.806964 0.587429 0.806057 0.623281 0.831532 0.801378 0.284608 0.789864 0.300427 0.77507 0.292964 1.19856 0.284652 0.789864 0.300427 0.801378 0.284608 1.202424 0.268242 1.212146 0.30296 1.225142 0.288792 0.796755 0.267829 1.212146 0.30296 1.202424 0.268242 0.623769 0.736773 0.63201 0.806964 0.638104 0.778326 0.610556 0.73663 0.63201 0.806964 0.623769 0.736773 0.01044797 0.28487 0.01038295 0.299333 0.01044797 0.28487 0.01038295 0.299333 0.01038295 0.299333 0.01044797 0.28487 0.597505 0.411686 0.597505 0.495071 0.607029 0.411686 0.585106 0.479155 0.597505 0.495071 0.597505 0.411686 0.01038295 0.270637 0.01044797 0.28487 0.01038295 0.270637 0.01044797 0.28487 0.01044797 0.28487 0.01038295 0.270637 0.01044797 0.25605 -0.02901595 0.25605 0.009084999 0.270637 0.009084999 0.241942 -0.02901595 0.25605 0.01044797 0.25605 0.01038295 0.241942 0.01044797 0.25605 0.01038295 0.241942 0.01044797 0.25605 0.01044797 0.25605 0.01038295 0.241942 -0.07754796 0.236433 -0.08255696 0.266953 -0.08428096 0.244063 -0.07257997 0.254095 -0.08255696 0.266953 -0.07754796 0.236433 0.009084999 0.241942 -0.02901595 0.25605 -0.02901595 0.241942 0.01044797 0.25605 -0.02901595 0.25605 0.009084999 0.241942 1.035239 0.739102 1.304301 0.655083 1.302592 0.764134 1.041211 0.635249 1.304301 0.655083 1.035239 0.739102 1.027668 -0.359533 1.027347 -0.304407 0.909001 -0.304407 0.909001 -0.304407 1.027347 -0.304407 1.027668 -0.359533 0.857067 -0.359533 0.907885 -0.359533 0.858793 -0.304407 0.858793 -0.301306 0.907885 -0.359533 0.857067 -0.359533 0.200874 0.128549 0.194189 -0.131871 0.249651 -0.08884 0.138539 0.10765 0.194189 -0.131871 0.200874 0.128549 1.058331 0.989255 1.302592 0.764134 1.345234 0.990337 1.035239 0.739102 1.302592 0.764134 1.058331 0.989255 0.907784 0.323083 0.889691 0.319602 0.865329 0.329346 0.917303 0.312282 0.889691 0.319602 0.907784 0.323083 0.809573 -0.250252 0.852516 -0.304407 0.864484 -0.250252 0.792789 -0.304407 0.852516 -0.304407 0.809573 -0.250252 0.792789 -0.304407 0.850715 -0.359533 0.852516 -0.304407 0.773199 -0.349069 0.850715 -0.359533 0.792789 -0.304407 0.850715 -0.359533 0.792789 -0.301306 0.852517 -0.301306 0.773199 -0.349069 0.792789 -0.301306 0.850715 -0.359533 0.562658 -4.22955e-4 0.481589 -4.55022e-4 0.482502 0.05588197 0.559645 -0.06126594 0.481589 -4.55022e-4 0.562658 -4.22955e-4 0.811008 0.241675 0.793519 0.296474 0.811008 0.241675 0.790514 0.280266 0.793519 0.296474 0.811008 0.241675 0.127304 0.942566 0.183095 0.942392 0.156794 0.880205 0.155261 1.000338 0.183095 0.942392 0.127304 0.942566 0.761731 0.281 0.773199 -0.349069 0.792789 -0.301306 0.790514 0.280266 0.773199 -0.349069 0.761731 0.281 0.671584 0.436943 0.682685 0.449158 0.669102 0.442676 0.695236 0.436755 0.682685 0.449158 0.671584 0.436943 1.035236 0.01328301 1.155534 0.004249989 1.024016 0.161087 1.024078 0.161088 1.155534 0.004249989 1.035236 0.01328301 1.024078 0.161088 1.155819 0.161089 1.155534 0.004249989 1.024078 0.161088 1.155819 0.161089 1.024078 0.161088 -0.02901595 0.299333 0.01044797 0.28487 0.009084999 0.299333 -0.02901595 0.28487 0.01044797 0.28487 -0.02901595 0.299333 0.895908 0.282668 0.896302 0.284324 0.779957 0.06420201 0.948092 0.282594 0.896302 0.284324 0.895908 0.282668 0.885812 0.340579 0.89149 0.301468 0.771351 0.341391 0.946715 0.301301 0.89149 0.301468 0.885812 0.340579 0.94552 0.282531 0.89149 0.301468 0.895908 0.282668 0.946715 0.301301 0.89149 0.301468 0.94552 0.282531 0.889691 0.319602 0.787521 0.32785 0.865329 0.329346 0.917303 0.312282 0.787521 0.32785 0.889691 0.319602 0.56644 0.539029 0.608552 0.538903 0.587295 0.481066 0.56644 0.539029 0.587295 0.481066 0.608552 0.538903 0.189709 1.01469 0.260438 1.116317 0.202633 1.114004 0.682685 0.449158 0.695236 0.436755 0.697733 0.443114 0.753321 0.468301 0.732856 0.468649 0.743184 0.413828 0.484903 -0.2004679 0.66042 -0.06144094 0.594522 -0.199577 -0.09633696 0.181095 0.098284 0.180672 -0.001275956 0.211346 0.04674994 0.192119 -0.105444 0.215448 -0.105726 0.192135 0.09430897 0.173719 0.04674994 0.192119 0.050915 0.215496 0.66042 -0.06144094 0.668505 0.009907007 0.562658 -4.22955e-4 0.481589 -4.55022e-4 0.559645 -0.06126594 0.482628 -0.06108999 0.587547 -0.315176 0.640397 -0.266246 0.640859 -0.330355 0.917303 0.312282 0.907784 0.323083 0.889691 0.319602 0.917303 0.312282 0.915498 0.296959 0.787521 0.32785 0.901771 0.332413 0.907784 0.323083 0.865329 0.329346 1.820795 0.881115 1.820795 1.118885 1.82603 1 1.820795 1.118885 1.820795 0.881115 1.82603 1 0.009084999 0.241942 -0.02901595 0.241942 -0.02901595 0.25605 0.864484 -0.250252 0.852516 -0.304407 0.809573 -0.250252 1.207043 0.273949 1.193581 0.281848 1.207043 0.273949 0.1908 1.011993 0.201479 1.11386 0.260964 1.112207 -0.450106 0.496967 -0.450106 0.523771 0.450123 0.496966 0.93886 0.761758 0.981349 0.753941 0.981351 0.739648 0.688182 -0.05490195 0.747403 -0.06766796 0.68835 0.04250901 1.820795 1.118885 1.82603 1 1.858636 1 1.820795 0.881115 1.82603 1 1.858636 1 0.734623 0.13506 0.744446 0.323781 0.717077 0.323781 0.452048 0.390345 -0.1350229 0.43249 -0.1360329 0.342168 0.368375 0.392474 0.329928 0.392474 0.368375 0.412523 0.368375 0.392474 0.368375 0.372425 0.406822 0.392474 0.01044797 0.28487 -0.02901595 0.28487 0.009084999 0.270637 0.760521 0.389711 0.725603 0.389758 0.757102 0.416467 0.735116 0.416637 0.733396 0.373538 0.754401 0.373098 0.452048 0.390345 -0.1360329 0.342168 -0.1350229 0.43249 0.585106 0.479155 0.572246 0.479155 0.597505 0.495071 0.585106 0.479155 0.597505 0.495071 0.572246 0.479155 0.909001 -0.301306 0.907885 -0.359533 0.858793 -0.301306 1.024078 0.161088 1.155819 0.161089 1.155819 0.161089 0.946715 0.301301 0.94552 0.282531 0.89149 0.301468</float_array>
          <technique_common>
            <accessor source="#polygon2-mesh-map-0-array" count="2646" stride="2">
              <param name="S" type="float"/>
              <param name="T" type="float"/>
            </accessor>
          </technique_common>
        </source>
        <source id="polygon2-mesh-colors-polygon2_Colors0" name="polygon2_Colors0">
          <float_array id="polygon2-mesh-colors-polygon2_Colors0-array" count="10584">0.8 0.8 0.8 1 0 0 0 1 0.5019608 0.5019608 0.5019608 1 0.8 0.8 0.8 1 0 0 0 1 0.8 0.8 0.8 1 0.8 0.8 0.8 1 0.8 0.8 0.8 1 0.8 0.8 0.8 1 0 0 0 1 0.8 0.8 0.8 1 0.8 0.8 0.8 1 0.8 0.8 0.8 1 0 0 0 1 0.8 0.8 0.8 1 0 0 0 1 0 0 0 1 0.8 0.8 0.8 1 0 0 0 1 0 0 0 1 0.8 0.8 0.8 1 0.5019608 0.5019608 0.5019608 1 0 0 0 1 0 0 0 1 0.5019608 0.5019608 0.5019608 1 0.5019608 0.5019608 0.5019608 1 0 0 0 1 0.8 0.8 0.8 1 0.5019608 0.5019608 0.5019608 1 0.5019608 0.5019608 0.5019608 1 0 0 0 1 0.8 0.8 0.8 1 0.5019608 0.5019608 0.5019608 1 0.8 0.8 0.8 1 0.8 0.8 0.8 1 0 0 0 1 0 0 0 1 0.8 0.8 0.8 1 0 0 0 1 0.8 0.8 0.8 1 0.8 0.8 0.8 1 0 0 0 1 0.8 0.8 0.8 1 0.8 0.8 0.8 1 0 0 0 1 0.8 0.8 0.8 1 0.8 0.8 0.8 1 0.8 0.8 0.8 1 0.8 0.8 0.8 1 0.8 0.8 0.8 1 0.8 0.8 0.8 1 0.5019608 0.5019608 0.5019608 1 0.8 0.8 0.8 1 0.8 0.8 0.8 1 0.5019608 0.5019608 0.5019608 1 0.5019608 0.5019608 0.5019608 1 0.8 0.8 0.8 1 0 0 0 1 0.5019608 0.5019608 0.5019608 1 0.5019608 0.5019608 0.5019608 1 0.5019608 0.5019608 0.5019608 1 0 0 0 1 0.5019608 0.5019608 0.5019608 1 0 0 0 1 0 0 0 1 0.5019608 0.5019608 0.5019608 1 0 0 0 1 0 0 0 1 0.5019608 0.5019608 0.5019608 1 0.8 0.8 0.8 1 0 0 0 1 0 0 0 1 0.2980392 0.2980392 0.2980392 1 0.2980392 0.2980392 0.2980392 1 0.2980392 0.2980392 0.2980392 1 0.4980392 0.4980392 0.4980392 1 0.2980392 0.2980392 0.2980392 1 0.2980392 0.2980392 0.2980392 1 0.6 0.6 0.6 1 0.4980392 0.4980392 0.4980392 1 0.2980392 0.2980392 0.2980392 1 0.6980392 0.6980392 0.6980392 1 0.4980392 0.4980392 0.4980392 1 0.6 0.6 0.6 1 0.8980392 0.8980392 0.8980392 1 0.6980392 0.6980392 0.6980392 1 0.6 0.6 0.6 1 0.6980392 0.6980392 0.6980392 1 0.6980392 0.6980392 0.6980392 1 0.8980392 0.8980392 0.8980392 1 0.8980392 0.8980392 0.8980392 1 0.6980392 0.6980392 0.6980392 1 0.8980392 0.8980392 0.8980392 1 0.6980392 0.6980392 0.6980392 1 0.6980392 0.6980392 0.6980392 1 0.8980392 0.8980392 0.8980392 1 0.8980392 0.8980392 0.8980392 1 0.6980392 0.6980392 0.6980392 1 0.8980392 0.8980392 0.8980392 1 0.4980392 0.4980392 0.4980392 1 0.6980392 0.6980392 0.6980392 1 0.8980392 0.8980392 0.8980392 1 0.6 0.6 0.6 1 0.4980392 0.4980392 0.4980392 1 0.8980392 0.8980392 0.8980392 1 0.2980392 0.2980392 0.2980392 1 0.4980392 0.4980392 0.4980392 1 0.6 0.6 0.6 1 0.2980392 0.2980392 0.2980392 1 0.2980392 0.2980392 0.2980392 1 0.6 0.6 0.6 1 0.2980392 0.2980392 0.2980392 1 0.2980392 0.2980392 0.2980392 1 0.2980392 0.2980392 0.2980392 1 0.2980392 0.2980392 0.2980392 1 0.2980392 0.2980392 0.2980392 1 0.2980392 0.2980392 0.2980392 1 0.2980392 0.2980392 0.2980392 1 0.2980392 0.2980392 0.2980392 1 0.2980392 0.2980392 0.2980392 1 0.2980392 0.2980392 0.2980392 1 0.2980392 0.2980392 0.2980392 1 0.2980392 0.2980392 0.2980392 1 0.2980392 0.2980392 0.2980392 1 0.2980392 0.2980392 0.2980392 1 0.2980392 0.2980392 0.2980392 1 0.2980392 0.2980392 0.2980392 1 0.2980392 0.2980392 0.2980392 1 0.2980392 0.2980392 0.2980392 1 0.2980392 0.2980392 0.2980392 1 0.2980392 0.2980392 0.2980392 1 0.2980392 0.2980392 0.2980392 1 0.6 0.6 0.6 1 0.2980392 0.2980392 0.2980392 1 0.2980392 0.2980392 0.2980392 1 0.6 0.6 0.6 1 0.2980392 0.2980392 0.2980392 1 0.6 0.6 0.6 1 0.8980392 0.8980392 0.8980392 1 0.6 0.6 0.6 1 0.6 0.6 0.6 1 0.6980392 0.6980392 0.6980392 1 0.6 0.6 0.6 1 0.8980392 0.8980392 0.8980392 1 0.8980392 0.8980392 0.8980392 1 0.6980392 0.6980392 0.6980392 1 0.8980392 0.8980392 0.8980392 1 0.6980392 0.6980392 0.6980392 1 0.6980392 0.6980392 0.6980392 1 0.8980392 0.8980392 0.8980392 1 0.8980392 0.8980392 0.8980392 1 0.6980392 0.6980392 0.6980392 1 0.8980392 0.8980392 0.8980392 1 0.6980392 0.6980392 0.6980392 1 0.6980392 0.6980392 0.6980392 1 0.8980392 0.8980392 0.8980392 1 0.6 0.6 0.6 1 0.6980392 0.6980392 0.6980392 1 0.8980392 0.8980392 0.8980392 1 0.6 0.6 0.6 1 0.6980392 0.6980392 0.6980392 1 0.6 0.6 0.6 1 0.2980392 0.2980392 0.2980392 1 0.6 0.6 0.6 1 0.6 0.6 0.6 1 0.2980392 0.2980392 0.2980392 1 0.6 0.6 0.6 1 0.2980392 0.2980392 0.2980392 1 0.2980392 0.2980392 0.2980392 1 0.2980392 0.2980392 0.2980392 1 0.2980392 0.2980392 0.2980392 1 0.2980392 0.2980392 0.2980392 1 0.2980392 0.2980392 0.2980392 1 0.2980392 0.2980392 0.2980392 1 0.2980392 0.2980392 0.2980392 1 0.2980392 0.2980392 0.2980392 1 0.2980392 0.2980392 0.2980392 1 0.2980392 0.2980392 0.2980392 1 0.2980392 0.2980392 0.2980392 1 0.2980392 0.2980392 0.2980392 1 0.6 0.6 0.6 1 0.2980392 0.2980392 0.2980392 1 0.2980392 0.2980392 0.2980392 1 0.4980392 0.4980392 0.4980392 1 0.2980392 0.2980392 0.2980392 1 0.6 0.6 0.6 1 0.8980392 0.8980392 0.8980392 1 0.4980392 0.4980392 0.4980392 1 0.6 0.6 0.6 1 0.6980392 0.6980392 0.6980392 1 0.4980392 0.4980392 0.4980392 1 0.8980392 0.8980392 0.8980392 1 0.8980392 0.8980392 0.8980392 1 0.6980392 0.6980392 0.6980392 1 0.8980392 0.8980392 0.8980392 1 0.6980392 0.6980392 0.6980392 1 0.6980392 0.6980392 0.6980392 1 0.8980392 0.8980392 0.8980392 1 0.8980392 0.8980392 0.8980392 1 0.6980392 0.6980392 0.6980392 1 0.8980392 0.8980392 0.8980392 1 0.6980392 0.6980392 0.6980392 1 0.6980392 0.6980392 0.6980392 1 0.8980392 0.8980392 0.8980392 1 0.6 0.6 0.6 1 0.6980392 0.6980392 0.6980392 1 0.8980392 0.8980392 0.8980392 1 0.4980392 0.4980392 0.4980392 1 0.6980392 0.6980392 0.6980392 1 0.6 0.6 0.6 1 0.2980392 0.2980392 0.2980392 1 0.4980392 0.4980392 0.4980392 1 0.6 0.6 0.6 1 0.2980392 0.2980392 0.2980392 1 0.4980392 0.4980392 0.4980392 1 0.2980392 0.2980392 0.2980392 1 0.2980392 0.2980392 0.2980392 1 0.2980392 0.2980392 0.2980392 1 0.2980392 0.2980392 0.2980392 1 0.6 0.6 0.6 1 0.2980392 0.2980392 0.2980392 1 0.2980392 0.2980392 0.2980392 1 0.6 0.6 0.6 1 0.6 0.6 0.6 1 0.2980392 0.2980392 0.2980392 1 0.6980392 0.6980392 0.6980392 1 0.6 0.6 0.6 1 0.6 0.6 0.6 1 0.8980392 0.8980392 0.8980392 1 0.6980392 0.6980392 0.6980392 1 0.6 0.6 0.6 1 0.6980392 0.6980392 0.6980392 1 0.6980392 0.6980392 0.6980392 1 0.8980392 0.8980392 0.8980392 1 0.8980392 0.8980392 0.8980392 1 0.6980392 0.6980392 0.6980392 1 0.8980392 0.8980392 0.8980392 1 0.6980392 0.6980392 0.6980392 1 0.6980392 0.6980392 0.6980392 1 0.8980392 0.8980392 0.8980392 1 0.8980392 0.8980392 0.8980392 1 0.6980392 0.6980392 0.6980392 1 0.8980392 0.8980392 0.8980392 1 0.6 0.6 0.6 1 0.6980392 0.6980392 0.6980392 1 0.8980392 0.8980392 0.8980392 1 0.6 0.6 0.6 1 0.6 0.6 0.6 1 0.8980392 0.8980392 0.8980392 1 0.2980392 0.2980392 0.2980392 1 0.6 0.6 0.6 1 0.6 0.6 0.6 1 0.2980392 0.2980392 0.2980392 1 0.2980392 0.2980392 0.2980392 1 0.6 0.6 0.6 1 0.2980392 0.2980392 0.2980392 1 0.2980392 0.2980392 0.2980392 1 0.2980392 0.2980392 0.2980392 1 0.2980392 0.2980392 0.2980392 1 0.2980392 0.2980392 0.2980392 1 0.2980392 0.2980392 0.2980392 1 0.2980392 0.2980392 0.2980392 1 0.2980392 0.2980392 0.2980392 1 0.2980392 0.2980392 0.2980392 1 1 1 1 1 0.8 0.8 0.8 1 0.8 0.8 0.8 1 1 1 1 1 0.8 0.8 0.8 1 1 1 1 1 0.6980392 0.6980392 0.6980392 1 1 1 1 1 1 1 1 1 0.6980392 0.6980392 0.6980392 1 1 1 1 1 0.6980392 0.6980392 0.6980392 1 0.2 0.2 0.2 1 0.6980392 0.6980392 0.6980392 1 0.6980392 0.6980392 0.6980392 1 0.2 0.2 0.2 1 0.6980392 0.6980392 0.6980392 1 0.2 0.2 0.2 1 0.2 0.2 0.2 1 0.2 0.2 0.2 1 0.2 0.2 0.2 1 0.2 0.2 0.2 1 0.2 0.2 0.2 1 0.2 0.2 0.2 1 0.2 0.2 0.2 1 0.2 0.2 0.2 1 0.2 0.2 0.2 1 0.6980392 0.6980392 0.6980392 1 0.2 0.2 0.2 1 0.2 0.2 0.2 1 0.6980392 0.6980392 0.6980392 1 0.6980392 0.6980392 0.6980392 1 0.2 0.2 0.2 1 1 1 1 1 0.6980392 0.6980392 0.6980392 1 0.6980392 0.6980392 0.6980392 1 1 1 1 1 1 1 1 1 0.6980392 0.6980392 0.6980392 1 0.8 0.8 0.8 1 1 1 1 1 1 1 1 1 0.2 0.2 0.2 1 0.3019608 0.3019608 0.3019608 1 0 0 0 1 1 1 1 1 0.3019608 0.3019608 0.3019608 1 0.2 0.2 0.2 1 1 1 1 1 1 1 1 1 0.2 0.2 0.2 1 0.4 0.4 0.4 1 1 1 1 1 1 1 1 1 0.9019608 0.9019608 0.9019608 1 0.4 0.4 0.4 1 1 1 1 1 0.2 0.2 0.2 1 0.4 0.4 0.4 1 0.9019608 0.9019608 0.9019608 1 0.2 0.2 0.2 1 0.2 0.2 0.2 1 0.9019608 0.9019608 0.9019608 1 0.3019608 0.3019608 0.3019608 1 0.2 0.2 0.2 1 0.2 0.2 0.2 1 0 0 0 1 0.3019608 0.3019608 0.3019608 1 0.2 0.2 0.2 1 0.9019608 0.9019608 0.9019608 1 0.3019608 0.3019608 0.3019608 1 0 0 0 1 0.7019608 0.7019608 0.7019608 1 0.9019608 0.9019608 0.9019608 1 0 0 0 1 0.3019608 0.3019608 0.3019608 1 0.9019608 0.9019608 0.9019608 1 0.7019608 0.7019608 0.7019608 1 0.8980392 0.8980392 0.8980392 1 0.6980392 0.6980392 0.6980392 1 0.8980392 0.8980392 0.8980392 1 0.6980392 0.6980392 0.6980392 1 0.6980392 0.6980392 0.6980392 1 0.8980392 0.8980392 0.8980392 1 0.8980392 0.8980392 0.8980392 1 0.6980392 0.6980392 0.6980392 1 0.8980392 0.8980392 0.8980392 1 0.8980392 0.8980392 0.8980392 1 0.6980392 0.6980392 0.6980392 1 0.8980392 0.8980392 0.8980392 1 0.8980392 0.8980392 0.8980392 1 0.8980392 0.8980392 0.8980392 1 0.8980392 0.8980392 0.8980392 1 0.8980392 0.8980392 0.8980392 1 0.8980392 0.8980392 0.8980392 1 0.8980392 0.8980392 0.8980392 1 0.8980392 0.8980392 0.8980392 1 0.8980392 0.8980392 0.8980392 1 0.8980392 0.8980392 0.8980392 1 0.8980392 0.8980392 0.8980392 1 0.8980392 0.8980392 0.8980392 1 0.8980392 0.8980392 0.8980392 1 0.8980392 0.8980392 0.8980392 1 0.8980392 0.8980392 0.8980392 1 0.8980392 0.8980392 0.8980392 1 0.8980392 0.8980392 0.8980392 1 0.8980392 0.8980392 0.8980392 1 0.8980392 0.8980392 0.8980392 1 0.8980392 0.8980392 0.8980392 1 0.8980392 0.8980392 0.8980392 1 0.8980392 0.8980392 0.8980392 1 0.2 0.2 0.2 1 0.2 0.2 0.2 1 0.2 0.2 0.2 1 0.2 0.2 0.2 1 0.2 0.2 0.2 1 0.2 0.2 0.2 1 0.2 0.2 0.2 1 0.2 0.2 0.2 1 0.2 0.2 0.2 1 0.2 0.2 0.2 1 0.2 0.2 0.2 1 0.2 0.2 0.2 1 0.2 0.2 0.2 1 0.2 0.2 0.2 1 0.2 0.2 0.2 1 0.8 0.8 0.8 1 0.2 0.2 0.2 1 0.2 0.2 0.2 1 0.8 0.8 0.8 1 0.8 0.8 0.8 1 0.2 0.2 0.2 1 0.2 0.2 0.2 1 0.8 0.8 0.8 1 0.8 0.8 0.8 1 0.8 0.8 0.8 1 0.2 0.2 0.2 1 0.8 0.8 0.8 1 0.2 0.2 0.2 1 0.2 0.2 0.2 1 0.8 0.8 0.8 1 0.2 0.2 0.2 1 0.8 0.8 0.8 1 0.2 0.2 0.2 1 0.8 0.8 0.8 1 0.8 0.8 0.8 1 0.2 0.2 0.2 1 0.2 0.2 0.2 1 0.8 0.8 0.8 1 0.2 0.2 0.2 1 0.8 0.8 0.8 1 0.8 0.8 0.8 1 0.2 0.2 0.2 1 0.8 0.8 0.8 1 0.8 0.8 0.8 1 0.2 0.2 0.2 1 0.2 0.2 0.2 1 0.8 0.8 0.8 1 0.8 0.8 0.8 1 0.2 0.2 0.2 1 0.2 0.2 0.2 1 0.8 0.8 0.8 1 0.2 0.2 0.2 1 0.2 0.2 0.2 1 0.2 0.2 0.2 1 0.2 0.2 0.2 1 0.2 0.2 0.2 1 0.2 0.2 0.2 1 0.2 0.2 0.2 1 0.2 0.2 0.2 1 0.2 0.2 0.2 1 0.6980392 0.6980392 0.6980392 1 0.6 0.6 0.6 1 0 0 0 1 0.8980392 0.8980392 0.8980392 1 0.6 0.6 0.6 1 0.6980392 0.6980392 0.6980392 1 0.8980392 0.8980392 0.8980392 1 0.8980392 0.8980392 0.8980392 1 0.6980392 0.6980392 0.6980392 1 0.8980392 0.8980392 0.8980392 1 0.8980392 0.8980392 0.8980392 1 0.8980392 0.8980392 0.8980392 1 0.8980392 0.8980392 0.8980392 1 0.8980392 0.8980392 0.8980392 1 0.8980392 0.8980392 0.8980392 1 0.8980392 0.8980392 0.8980392 1 0.8980392 0.8980392 0.8980392 1 0.8980392 0.8980392 0.8980392 1 0.6980392 0.6980392 0.6980392 1 0.8980392 0.8980392 0.8980392 1 0.8980392 0.8980392 0.8980392 1 0.6 0.6 0.6 1 0.8980392 0.8980392 0.8980392 1 0.6980392 0.6980392 0.6980392 1 0 0 0 1 0.6 0.6 0.6 1 0.6980392 0.6980392 0.6980392 1 0.4980392 0.4980392 0.4980392 1 0.6980392 0.6980392 0.6980392 1 0.8980392 0.8980392 0.8980392 1 0.6980392 0.6980392 0.6980392 1 0.6980392 0.6980392 0.6980392 1 0.4980392 0.4980392 0.4980392 1 0.4980392 0.4980392 0.4980392 1 0.6980392 0.6980392 0.6980392 1 0.4980392 0.4980392 0.4980392 1 0.6980392 0.6980392 0.6980392 1 0.6980392 0.6980392 0.6980392 1 0.4980392 0.4980392 0.4980392 1 0.4980392 0.4980392 0.4980392 1 0.6980392 0.6980392 0.6980392 1 0.4980392 0.4980392 0.4980392 1 0.6980392 0.6980392 0.6980392 1 0.6980392 0.6980392 0.6980392 1 0.4980392 0.4980392 0.4980392 1 0.4980392 0.4980392 0.4980392 1 0.6980392 0.6980392 0.6980392 1 0.4980392 0.4980392 0.4980392 1 0.8 0.8 0.8 1 0.6980392 0.6980392 0.6980392 1 0.4980392 0.4980392 0.4980392 1 0.8980392 0.8980392 0.8980392 1 0.8 0.8 0.8 1 0.4980392 0.4980392 0.4980392 1 0.8 0.8 0.8 1 0.6 0.6 0.6 1 0.4 0.4 0.4 1 0.6 0.6 0.6 1 0.6 0.6 0.6 1 0.8 0.8 0.8 1 0.8 0.8 0.8 1 0.6 0.6 0.6 1 0.8 0.8 0.8 1 0.4 0.4 0.4 1 0.6 0.6 0.6 1 0.8 0.8 0.8 1 0.6 0.6 0.6 1 0.4 0.4 0.4 1 0.8 0.8 0.8 1 0.4 0.4 0.4 1 0.4 0.4 0.4 1 0.6 0.6 0.6 1 0.6 0.6 0.6 1 0.4 0.4 0.4 1 0.6 0.6 0.6 1 0.8 0.8 0.8 1 0.4 0.4 0.4 1 0.6 0.6 0.6 1 0.8 0.8 0.8 1 0.8 0.8 0.8 1 0.6 0.6 0.6 1 0.9019608 0.9019608 0.9019608 1 0.3019608 0.3019608 0.3019608 1 0.7019608 0.7019608 0.7019608 1 0 0 0 1 0.3019608 0.3019608 0.3019608 1 0.9019608 0.9019608 0.9019608 1 1 1 1 1 0 0 0 1 0.9019608 0.9019608 0.9019608 1 0.2 0.2 0.2 1 0 0 0 1 1 1 1 1 0.2 0.2 0.2 1 0.2 0.2 0.2 1 1 1 1 1 0.3019608 0.3019608 0.3019608 1 0.2 0.2 0.2 1 0.2 0.2 0.2 1 0.3019608 0.3019608 0.3019608 1 0.3019608 0.3019608 0.3019608 1 0.2 0.2 0.2 1 0.9019608 0.9019608 0.9019608 1 0.3019608 0.3019608 0.3019608 1 0.3019608 0.3019608 0.3019608 1 1 1 1 1 0.9019608 0.9019608 0.9019608 1 0.3019608 0.3019608 0.3019608 1 0.4980392 0.4980392 0.4980392 1 1 1 1 1 1 1 1 1 0.4980392 0.4980392 0.4980392 1 1 1 1 1 0.4980392 0.4980392 0.4980392 1 0.2 0.2 0.2 1 0.4980392 0.4980392 0.4980392 1 0.4980392 0.4980392 0.4980392 1 0.2 0.2 0.2 1 0.4980392 0.4980392 0.4980392 1 0.2 0.2 0.2 1 0.8 0.8 0.8 1 0.2 0.2 0.2 1 0.2 0.2 0.2 1 0.8 0.8 0.8 1 0.2 0.2 0.2 1 0.8 0.8 0.8 1 1 1 1 1 0.8 0.8 0.8 1 0.8 0.8 0.8 1 1 1 1 1 0.8 0.8 0.8 1 1 1 1 1 1 1 1 1 0.2 0.2 0.2 1 0.4980392 0.4980392 0.4980392 1 0.8 0.8 0.8 1 0.2 0.2 0.2 1 1 1 1 1 0 0 0 1 0.8 0.8 0.8 1 1 1 1 1 0.6980392 0.6980392 0.6980392 1 0.8 0.8 0.8 1 0 0 0 1 0 0 0 1 0.6980392 0.6980392 0.6980392 1 0 0 0 1 0.4980392 0.4980392 0.4980392 1 0.6980392 0.6980392 0.6980392 1 0 0 0 1 0.4980392 0.4980392 0.4980392 1 0.4980392 0.4980392 0.4980392 1 0 0 0 1 0.2 0.2 0.2 1 0.4980392 0.4980392 0.4980392 1 0.4980392 0.4980392 0.4980392 1 1 1 1 1 1 1 1 1 0.4980392 0.4980392 0.4980392 1 0.8 0.8 0.8 1 1 1 1 1 1 1 1 1 0.8 0.8 0.8 1 0.8 0.8 0.8 1 1 1 1 1 0.2 0.2 0.2 1 0.8 0.8 0.8 1 0.8 0.8 0.8 1 0.2 0.2 0.2 1 0.2 0.2 0.2 1 0.8 0.8 0.8 1 0.4980392 0.4980392 0.4980392 1 0.2 0.2 0.2 1 0.2 0.2 0.2 1 0.4980392 0.4980392 0.4980392 1 0.4980392 0.4980392 0.4980392 1 0.2 0.2 0.2 1 1 1 1 1 0.4980392 0.4980392 0.4980392 1 0.4980392 0.4980392 0.4980392 1 0 0 0 1 0.3019608 0.3019608 0.3019608 1 0.3019608 0.3019608 0.3019608 1 0 0 0 1 0.3019608 0.3019608 0.3019608 1 0 0 0 1 0.3019608 0.3019608 0.3019608 1 0 0 0 1 0 0 0 1 0.3019608 0.3019608 0.3019608 1 0 0 0 1 0.3019608 0.3019608 0.3019608 1 0.8 0.8 0.8 1 0.3019608 0.3019608 0.3019608 1 0.3019608 0.3019608 0.3019608 1 0.8 0.8 0.8 1 0.3019608 0.3019608 0.3019608 1 0.8 0.8 0.8 1 0.3019608 0.3019608 0.3019608 1 0.8 0.8 0.8 1 0.8 0.8 0.8 1 0.3019608 0.3019608 0.3019608 1 0.8 0.8 0.8 1 0.3019608 0.3019608 0.3019608 1 0.4 0.4 0.4 1 0.6980392 0.6980392 0.6980392 1 0.6980392 0.6980392 0.6980392 1 0.4 0.4 0.4 1 0.6980392 0.6980392 0.6980392 1 0.4 0.4 0.4 1 0.4117647 0.4117647 0.4117647 1 0.4 0.4 0.4 1 0.4 0.4 0.4 1 0.4117647 0.4117647 0.4117647 1 0.4 0.4 0.4 1 0.4117647 0.4117647 0.4117647 1 0.6980392 0.6980392 0.6980392 1 0.4117647 0.4117647 0.4117647 1 0.4117647 0.4117647 0.4117647 1 0.6980392 0.6980392 0.6980392 1 0.4117647 0.4117647 0.4117647 1 0.6980392 0.6980392 0.6980392 1 0.6980392 0.6980392 0.6980392 1 0.6980392 0.6980392 0.6980392 1 0.6980392 0.6980392 0.6980392 1 0.6980392 0.6980392 0.6980392 1 0.6980392 0.6980392 0.6980392 1 0.6980392 0.6980392 0.6980392 1 0.4 0.4 0.4 1 0.6980392 0.6980392 0.6980392 1 0.6980392 0.6980392 0.6980392 1 0.4 0.4 0.4 1 0.6980392 0.6980392 0.6980392 1 0.4 0.4 0.4 1 0.4156863 0.4156863 0.4156863 1 0.4 0.4 0.4 1 0.4 0.4 0.4 1 0.4156863 0.4156863 0.4156863 1 0.4 0.4 0.4 1 0.4156863 0.4156863 0.4156863 1 0.6980392 0.6980392 0.6980392 1 0.4156863 0.4156863 0.4156863 1 0.4156863 0.4156863 0.4156863 1 0.6980392 0.6980392 0.6980392 1 0.4156863 0.4156863 0.4156863 1 0.6980392 0.6980392 0.6980392 1 0.6980392 0.6980392 0.6980392 1 0.6980392 0.6980392 0.6980392 1 0.6980392 0.6980392 0.6980392 1 0.6980392 0.6980392 0.6980392 1 0.6980392 0.6980392 0.6980392 1 0.6980392 0.6980392 0.6980392 1 0.6980392 0.6980392 0.6980392 1 0.6980392 0.6980392 0.6980392 1 0.4 0.4 0.4 1 0.6980392 0.6980392 0.6980392 1 0.6980392 0.6980392 0.6980392 1 0.6980392 0.6980392 0.6980392 1 0.6980392 0.6980392 0.6980392 1 0.6980392 0.6980392 0.6980392 1 0.6980392 0.6980392 0.6980392 1 0.4117647 0.4117647 0.4117647 1 0.6980392 0.6980392 0.6980392 1 0.6980392 0.6980392 0.6980392 1 0.4117647 0.4117647 0.4117647 1 0.4117647 0.4117647 0.4117647 1 0.6980392 0.6980392 0.6980392 1 0.4 0.4 0.4 1 0.4117647 0.4117647 0.4117647 1 0.4117647 0.4117647 0.4117647 1 0.4 0.4 0.4 1 0.4 0.4 0.4 1 0.4117647 0.4117647 0.4117647 1 0.6980392 0.6980392 0.6980392 1 0.4 0.4 0.4 1 0.4 0.4 0.4 1 0.6980392 0.6980392 0.6980392 1 0.6980392 0.6980392 0.6980392 1 0.6980392 0.6980392 0.6980392 1 0.4156863 0.4156863 0.4156863 1 0.6980392 0.6980392 0.6980392 1 0.6980392 0.6980392 0.6980392 1 0.4156863 0.4156863 0.4156863 1 0.4156863 0.4156863 0.4156863 1 0.6980392 0.6980392 0.6980392 1 0.4 0.4 0.4 1 0.4156863 0.4156863 0.4156863 1 0.4156863 0.4156863 0.4156863 1 0.4 0.4 0.4 1 0.4 0.4 0.4 1 0.4156863 0.4156863 0.4156863 1 0.6980392 0.6980392 0.6980392 1 0.4 0.4 0.4 1 0.4 0.4 0.4 1 0.6980392 0.6980392 0.6980392 1 0.6980392 0.6980392 0.6980392 1 0.4 0.4 0.4 1 0.6980392 0.6980392 0.6980392 1 0.6980392 0.6980392 0.6980392 1 0.6980392 0.6980392 0.6980392 1 1 1 1 1 1 1 1 1 1 1 1 1 1 1 1 1 1 1 1 1 1 1 1 1 1 1 1 1 1 1 1 1 1 1 1 1 1 1 1 1 1 1 1 1 1 1 1 1 1 1 1 1 1 1 1 1 1 1 1 1 1 1 1 1 1 1 1 1 1 1 1 1 1 1 1 1 1 1 1 1 1 1 1 1 1 1 1 1 0.8 0.8 0.8 1 0.8 0.8 0.8 1 1 1 1 1 0.8 0.8 0.8 1 1 1 1 1 0.6980392 0.6980392 0.6980392 1 1 1 1 1 1 1 1 1 0.6980392 0.6980392 0.6980392 1 1 1 1 1 0.6980392 0.6980392 0.6980392 1 0.2 0.2 0.2 1 0.6980392 0.6980392 0.6980392 1 0.6980392 0.6980392 0.6980392 1 0.6980392 0.6980392 0.6980392 1 0.6980392 0.6980392 0.6980392 1 0.2 0.2 0.2 1 0.2 0.2 0.2 1 0.6980392 0.6980392 0.6980392 1 0.2 0.2 0.2 1 0.2 0.2 0.2 1 0.2 0.2 0.2 1 0.2 0.2 0.2 1 0.2 0.2 0.2 1 0.2 0.2 0.2 1 0.2 0.2 0.2 1 0.6980392 0.6980392 0.6980392 1 0.2 0.2 0.2 1 0.2 0.2 0.2 1 0.6980392 0.6980392 0.6980392 1 0.2 0.2 0.2 1 0.6980392 0.6980392 0.6980392 1 1 1 1 1 0.6980392 0.6980392 0.6980392 1 0.6980392 0.6980392 0.6980392 1 1 1 1 1 0.6980392 0.6980392 0.6980392 1 1 1 1 1 0.8 0.8 0.8 1 1 1 1 1 1 1 1 1 0.1019608 0.1019608 0.1019608 1 0.7019608 0.7019608 0.7019608 1 0.4 0.4 0.4 1 0.6 0.6 0.6 1 0.7019608 0.7019608 0.7019608 1 0.1019608 0.1019608 0.1019608 1 0.9019608 0.9019608 0.9019608 1 0.6 0.6 0.6 1 0.1019608 0.1019608 0.1019608 1 0.6 0.6 0.6 1 0.6 0.6 0.6 1 0.9019608 0.9019608 0.9019608 1 0.9019608 0.9019608 0.9019608 1 0.6 0.6 0.6 1 0.9019608 0.9019608 0.9019608 1 0.1019608 0.1019608 0.1019608 1 0.6 0.6 0.6 1 0.9019608 0.9019608 0.9019608 1 0.7019608 0.7019608 0.7019608 1 0.1019608 0.1019608 0.1019608 1 0.9019608 0.9019608 0.9019608 1 0.4980392 0.4980392 0.4980392 1 0.8980392 0.8980392 0.8980392 1 0.6980392 0.6980392 0.6980392 1 0.8980392 0.8980392 0.8980392 1 0.8980392 0.8980392 0.8980392 1 0.4980392 0.4980392 0.4980392 1 0.4980392 0.4980392 0.4980392 1 0.8980392 0.8980392 0.8980392 1 0.4980392 0.4980392 0.4980392 1 0.8 0.8 0.8 1 0.8980392 0.8980392 0.8980392 1 0.4980392 0.4980392 0.4980392 1 0.6980392 0.6980392 0.6980392 1 0.8 0.8 0.8 1 0.4980392 0.4980392 0.4980392 1 0.8 0.8 0.8 1 0.8 0.8 0.8 1 0.6980392 0.6980392 0.6980392 1 0.8 0.8 0.8 1 0.8 0.8 0.8 1 0.6980392 0.6980392 0.6980392 1 0.8 0.8 0.8 1 0.8 0.8 0.8 1 0.8 0.8 0.8 1 0.8980392 0.8980392 0.8980392 1 0.8 0.8 0.8 1 0.8 0.8 0.8 1 0.6 0.6 0.6 1 0.8 0.8 0.8 1 0.8980392 0.8980392 0.8980392 1 0.8 0.8 0.8 1 0.6 0.6 0.6 1 0.8980392 0.8980392 0.8980392 1 0.8980392 0.8980392 0.8980392 1 0.6 0.6 0.6 1 0.8 0.8 0.8 1 0.5019608 0.5019608 0.5019608 1 0.1019608 0.1019608 0.1019608 1 0 0 0 1 0.3019608 0.3019608 0.3019608 1 0.1019608 0.1019608 0.1019608 1 0.5019608 0.5019608 0.5019608 1 0.8 0.8 0.8 1 0.3019608 0.3019608 0.3019608 1 0.5019608 0.5019608 0.5019608 1 1 1 1 1 0.3019608 0.3019608 0.3019608 1 0.8 0.8 0.8 1 0.8 0.8 0.8 1 1 1 1 1 0.8 0.8 0.8 1 0.3019608 0.3019608 0.3019608 1 1 1 1 1 0.8 0.8 0.8 1 0.3019608 0.3019608 0.3019608 1 0 0 0 1 0.8 0.8 0.8 1 0.1019608 0.1019608 0.1019608 1 0 0 0 1 0.3019608 0.3019608 0.3019608 1 0.3019608 0.3019608 0.3019608 1 0.1019608 0.1019608 0.1019608 1 0.3019608 0.3019608 0.3019608 1 0.1019608 0.1019608 0.1019608 1 0.1019608 0.1019608 0.1019608 1 0.3019608 0.3019608 0.3019608 1 0.8 0.8 0.8 1 0.1019608 0.1019608 0.1019608 1 0.3019608 0.3019608 0.3019608 1 0 0 0 1 0.1019608 0.1019608 0.1019608 1 0.8 0.8 0.8 1 0.6980392 0.6980392 0.6980392 1 0.2980392 0.2980392 0.2980392 1 0.2980392 0.2980392 0.2980392 1 0.6 0.6 0.6 1 0.2980392 0.2980392 0.2980392 1 0.6980392 0.6980392 0.6980392 1 0.6980392 0.6980392 0.6980392 1 0.6 0.6 0.6 1 0.6980392 0.6980392 0.6980392 1 0.6 0.6 0.6 1 0.6 0.6 0.6 1 0.6980392 0.6980392 0.6980392 1 0.2980392 0.2980392 0.2980392 1 0.6 0.6 0.6 1 0.6980392 0.6980392 0.6980392 1 0.2980392 0.2980392 0.2980392 1 0.6 0.6 0.6 1 0.2980392 0.2980392 0.2980392 1 0.8980392 0.8980392 0.8980392 1 0.8980392 0.8980392 0.8980392 1 0.8980392 0.8980392 0.8980392 1 0.8 0.8 0.8 1 0.8980392 0.8980392 0.8980392 1 0.8980392 0.8980392 0.8980392 1 0.8 0.8 0.8 1 0.8 0.8 0.8 1 0.8980392 0.8980392 0.8980392 1 0.6 0.6 0.6 1 0.8 0.8 0.8 1 0.8 0.8 0.8 1 0.6 0.6 0.6 1 0.6 0.6 0.6 1 0.8 0.8 0.8 1 0.6 0.6 0.6 1 0.6 0.6 0.6 1 0.6 0.6 0.6 1 0.9019608 0.9019608 0.9019608 1 0.8980392 0.8980392 0.8980392 1 0.4 0.4 0.4 1 0.4 0.4 0.4 1 0.8980392 0.8980392 0.8980392 1 0.9019608 0.9019608 0.9019608 1 0.4 0.4 0.4 1 0.4 0.4 0.4 1 0.9019608 0.9019608 0.9019608 1 0.4 0.4 0.4 1 0.4 0.4 0.4 1 0.4 0.4 0.4 1 0.4 0.4 0.4 1 0.4 0.4 0.4 1 0.4 0.4 0.4 1 0.9019608 0.9019608 0.9019608 1 0.4 0.4 0.4 1 0.4 0.4 0.4 1 0.6 0.6 0.6 1 0.6 0.6 0.6 1 0.6 0.6 0.6 1 0.8 0.8 0.8 1 0.6 0.6 0.6 1 0.6 0.6 0.6 1 0.8 0.8 0.8 1 0.8 0.8 0.8 1 0.6 0.6 0.6 1 0.8980392 0.8980392 0.8980392 1 0.8 0.8 0.8 1 0.8 0.8 0.8 1 0.8980392 0.8980392 0.8980392 1 0.8980392 0.8980392 0.8980392 1 0.8 0.8 0.8 1 0.8980392 0.8980392 0.8980392 1 0.8980392 0.8980392 0.8980392 1 0.8980392 0.8980392 0.8980392 1 0.2 0.2 0.2 1 0.2980392 0.2980392 0.2980392 1 0.2980392 0.2980392 0.2980392 1 0.2 0.2 0.2 1 0.2980392 0.2980392 0.2980392 1 0.2 0.2 0.2 1 0.6 0.6 0.6 1 0.2 0.2 0.2 1 0.2 0.2 0.2 1 0.6 0.6 0.6 1 0.2 0.2 0.2 1 0.6 0.6 0.6 1 0.8980392 0.8980392 0.8980392 1 0.6 0.6 0.6 1 0.6 0.6 0.6 1 0.8 0.8 0.8 1 0.6 0.6 0.6 1 0.8980392 0.8980392 0.8980392 1 0.7019608 0.7019608 0.7019608 1 0.9019608 0.9019608 0.9019608 1 0.1019608 0.1019608 0.1019608 1 0.7019608 0.7019608 0.7019608 1 0.9019608 0.9019608 0.9019608 1 0.7019608 0.7019608 0.7019608 1 0.7019608 0.7019608 0.7019608 1 0.7019608 0.7019608 0.7019608 1 0.7019608 0.7019608 0.7019608 1 0.7019608 0.7019608 0.7019608 1 0.7019608 0.7019608 0.7019608 1 0.7019608 0.7019608 0.7019608 1 0.7019608 0.7019608 0.7019608 1 0.7019608 0.7019608 0.7019608 1 0.7019608 0.7019608 0.7019608 1 0.7019608 0.7019608 0.7019608 1 0.7019608 0.7019608 0.7019608 1 0.7019608 0.7019608 0.7019608 1 0.6 0.6 0.6 1 0.2980392 0.2980392 0.2980392 1 0.6980392 0.6980392 0.6980392 1 0.2 0.2 0.2 1 0.2980392 0.2980392 0.2980392 1 0.6 0.6 0.6 1 0.6 0.6 0.6 1 0.2 0.2 0.2 1 0.6 0.6 0.6 1 0.6 0.6 0.6 1 0.2 0.2 0.2 1 0.6 0.6 0.6 1 0.8980392 0.8980392 0.8980392 1 0.6 0.6 0.6 1 0.6 0.6 0.6 1 0.8980392 0.8980392 0.8980392 1 0.6 0.6 0.6 1 0.8980392 0.8980392 0.8980392 1 0.8 0.8 0.8 1 0.3019608 0.3019608 0.3019608 1 0.8 0.8 0.8 1 1 1 1 1 0.3019608 0.3019608 0.3019608 1 0.8 0.8 0.8 1 0.5019608 0.5019608 0.5019608 1 1 1 1 1 0.8 0.8 0.8 1 0.3019608 0.3019608 0.3019608 1 1 1 1 1 0.5019608 0.5019608 0.5019608 1 0 0 0 1 0.3019608 0.3019608 0.3019608 1 0.5019608 0.5019608 0.5019608 1 0.1019608 0.1019608 0.1019608 1 0.3019608 0.3019608 0.3019608 1 0 0 0 1 1 1 1 1 0.8980392 0.8980392 0.8980392 1 0.8980392 0.8980392 0.8980392 1 1 1 1 1 0.8980392 0.8980392 0.8980392 1 1 1 1 1 0.6980392 0.6980392 0.6980392 1 1 1 1 1 1 1 1 1 0.6980392 0.6980392 0.6980392 1 1 1 1 1 0.6980392 0.6980392 0.6980392 1 0.2 0.2 0.2 1 0.6980392 0.6980392 0.6980392 1 0.6980392 0.6980392 0.6980392 1 0.2 0.2 0.2 1 0.6980392 0.6980392 0.6980392 1 0.2 0.2 0.2 1 0.8980392 0.8980392 0.8980392 1 0.6980392 0.6980392 0.6980392 1 0.8980392 0.8980392 0.8980392 1 0.8 0.8 0.8 1 0.6980392 0.6980392 0.6980392 1 0.8980392 0.8980392 0.8980392 1 0.8980392 0.8980392 0.8980392 1 0.8 0.8 0.8 1 0.8980392 0.8980392 0.8980392 1 0.8 0.8 0.8 1 0.8 0.8 0.8 1 0.8980392 0.8980392 0.8980392 1 0.8980392 0.8980392 0.8980392 1 0.8 0.8 0.8 1 0.8980392 0.8980392 0.8980392 1 0.6980392 0.6980392 0.6980392 1 0.8 0.8 0.8 1 0.8980392 0.8980392 0.8980392 1 0.4980392 0.4980392 0.4980392 1 0.8 0.8 0.8 1 0.6 0.6 0.6 1 0.8980392 0.8980392 0.8980392 1 0.8 0.8 0.8 1 0.4980392 0.4980392 0.4980392 1 0.4980392 0.4980392 0.4980392 1 0.8980392 0.8980392 0.8980392 1 0.4980392 0.4980392 0.4980392 1 0.8980392 0.8980392 0.8980392 1 0.8980392 0.8980392 0.8980392 1 0.4980392 0.4980392 0.4980392 1 0.6 0.6 0.6 1 0.8980392 0.8980392 0.8980392 1 0.4980392 0.4980392 0.4980392 1 0.8 0.8 0.8 1 0.8980392 0.8980392 0.8980392 1 0.6 0.6 0.6 1 0.4980392 0.4980392 0.4980392 1 0 0 0 1 0 0 0 1 0.4980392 0.4980392 0.4980392 1 0 0 0 1 0.4980392 0.4980392 0.4980392 1 1 1 1 1 0.4980392 0.4980392 0.4980392 1 0.4980392 0.4980392 0.4980392 1 1 1 1 1 0.4980392 0.4980392 0.4980392 1 1 1 1 1 0 0 0 1 1 1 1 1 1 1 1 1 0 0 0 1 1 1 1 1 0 0 0 1 0.6980392 0.6980392 0.6980392 1 0.4980392 0.4980392 0.4980392 1 0.6980392 0.6980392 0.6980392 1 0.4980392 0.4980392 0.4980392 1 0.4980392 0.4980392 0.4980392 1 0.6980392 0.6980392 0.6980392 1 0.6980392 0.6980392 0.6980392 1 0.4980392 0.4980392 0.4980392 1 0.6980392 0.6980392 0.6980392 1 0.4980392 0.4980392 0.4980392 1 0.4980392 0.4980392 0.4980392 1 0.6980392 0.6980392 0.6980392 1 0.6980392 0.6980392 0.6980392 1 0.4980392 0.4980392 0.4980392 1 0.6980392 0.6980392 0.6980392 1 0.4980392 0.4980392 0.4980392 1 0.4980392 0.4980392 0.4980392 1 0.6980392 0.6980392 0.6980392 1 0.4980392 0.4980392 0.4980392 1 0.8980392 0.8980392 0.8980392 1 0.8980392 0.8980392 0.8980392 1 0.8980392 0.8980392 0.8980392 1 0.8980392 0.8980392 0.8980392 1 0.4980392 0.4980392 0.4980392 1 0.4980392 0.4980392 0.4980392 1 0.8980392 0.8980392 0.8980392 1 0.4980392 0.4980392 0.4980392 1 0.8980392 0.8980392 0.8980392 1 0.8980392 0.8980392 0.8980392 1 0.4980392 0.4980392 0.4980392 1 0.4980392 0.4980392 0.4980392 1 0.8980392 0.8980392 0.8980392 1 0.4980392 0.4980392 0.4980392 1 0.2 0.2 0.2 1 0.4 0.4 0.4 1 0.4 0.4 0.4 1 0.2 0.2 0.2 1 0.4 0.4 0.4 1 0.2 0.2 0.2 1 0.2 0.2 0.2 1 0.2 0.2 0.2 1 0.2 0.2 0.2 1 0.2 0.2 0.2 1 0.2 0.2 0.2 1 0.2 0.2 0.2 1 1 1 1 1 0.2 0.2 0.2 1 0.2 0.2 0.2 1 0.6 0.6 0.6 1 0.6 0.6 0.6 1 0.6 0.6 0.6 1 0.2 0.2 0.2 1 0.6 0.6 0.6 1 0.6 0.6 0.6 1 0.2 0.2 0.2 1 0.2 0.2 0.2 1 0.6 0.6 0.6 1 0.2 0.2 0.2 1 0.2 0.2 0.2 1 0.2 0.2 0.2 1 0.2 0.2 0.2 1 0.2 0.2 0.2 1 0.2 0.2 0.2 1 0.5686275 0.5686275 0.5686275 1 0.8980392 0.8980392 0.8980392 1 0.6 0.6 0.6 1 0.8 0.8 0.8 1 0.8980392 0.8980392 0.8980392 1 0.5686275 0.5686275 0.5686275 1 0.2 0.2 0.2 1 0.8 0.8 0.8 1 0.5686275 0.5686275 0.5686275 1 0.7294118 0.7294118 0.7294118 1 0.8 0.8 0.8 1 0.2 0.2 0.2 1 0.05490195 0.05490195 0.05490195 1 0.7294118 0.7294118 0.7294118 1 0.2 0.2 0.2 1 0.4980392 0.4980392 0.4980392 1 0.8980392 0.8980392 0.8980392 1 0.8980392 0.8980392 0.8980392 1 0.8980392 0.8980392 0.8980392 1 0.8980392 0.8980392 0.8980392 1 0.4980392 0.4980392 0.4980392 1 0.4980392 0.4980392 0.4980392 1 0.8980392 0.8980392 0.8980392 1 0.4980392 0.4980392 0.4980392 1 0.8980392 0.8980392 0.8980392 1 0.8980392 0.8980392 0.8980392 1 0.4980392 0.4980392 0.4980392 1 0.4980392 0.4980392 0.4980392 1 0.8980392 0.8980392 0.8980392 1 0.4980392 0.4980392 0.4980392 1 0.8 0.8 0.8 1 0.8 0.8 0.8 1 0.8 0.8 0.8 1 0.8 0.8 0.8 1 0.8 0.8 0.8 1 0.8 0.8 0.8 1 0.8 0.8 0.8 1 0.8 0.8 0.8 1 0.8 0.8 0.8 1 0 0 0 1 0.8 0.8 0.8 1 0.8 0.8 0.8 1 0 0 0 1 0 0 0 1 0.8 0.8 0.8 1 0.8 0.8 0.8 1 0.8 0.8 0.8 1 0.8 0.8 0.8 1 0.8980392 0.8980392 0.8980392 1 0.8 0.8 0.8 1 0.8 0.8 0.8 1 0.6 0.6 0.6 1 0.8980392 0.8980392 0.8980392 1 0.8 0.8 0.8 1 0.8 0.8 0.8 1 0.8980392 0.8980392 0.8980392 1 0.6 0.6 0.6 1 0.8980392 0.8980392 0.8980392 1 0.8 0.8 0.8 1 0.6 0.6 0.6 1 0.4980392 0.4980392 0.4980392 1 0.2 0.2 0.2 1 0.2 0.2 0.2 1 0.4980392 0.4980392 0.4980392 1 0.2 0.2 0.2 1 0.4980392 0.4980392 0.4980392 1 1 1 1 1 0.4980392 0.4980392 0.4980392 1 0.4980392 0.4980392 0.4980392 1 1 1 1 1 0.4980392 0.4980392 0.4980392 1 1 1 1 1 0.8 0.8 0.8 1 1 1 1 1 1 1 1 1 0.2 0.2 0.2 1 0.6 0.6 0.6 1 0.2 0.2 0.2 1 0.4980392 0.4980392 0.4980392 1 0.6 0.6 0.6 1 0.2 0.2 0.2 1 0.2 0.2 0.2 1 0.4980392 0.4980392 0.4980392 1 0.2 0.2 0.2 1 0.4980392 0.4980392 0.4980392 1 0.4980392 0.4980392 0.4980392 1 0.2 0.2 0.2 1 0.4980392 0.4980392 0.4980392 1 0.4980392 0.4980392 0.4980392 1 0.2 0.2 0.2 1 0.8980392 0.8980392 0.8980392 1 0.8980392 0.8980392 0.8980392 1 0.8980392 0.8980392 0.8980392 1 0.8980392 0.8980392 0.8980392 1 0.8980392 0.8980392 0.8980392 1 0.8980392 0.8980392 0.8980392 1 0.8980392 0.8980392 0.8980392 1 0.8980392 0.8980392 0.8980392 1 0.8980392 0.8980392 0.8980392 1 0.8980392 0.8980392 0.8980392 1 0.8980392 0.8980392 0.8980392 1 0.8980392 0.8980392 0.8980392 1 0.8980392 0.8980392 0.8980392 1 0.4 0.4 0.4 1 0.6 0.6 0.6 1 0.6980392 0.6980392 0.6980392 1 0.4 0.4 0.4 1 0.8980392 0.8980392 0.8980392 1 0.6 0.6 0.6 1 0.6980392 0.6980392 0.6980392 1 0.8980392 0.8980392 0.8980392 1 0.4 0.4 0.4 1 0.6980392 0.6980392 0.6980392 1 0.6 0.6 0.6 1 0.2 0.2 0.2 1 0.3019608 0.3019608 0.3019608 1 0 0 0 1 0 0 0 1 0.3019608 0.3019608 0.3019608 1 0.2 0.2 0.2 1 0.9019608 0.9019608 0.9019608 1 0 0 0 1 0.2 0.2 0.2 1 0.3019608 0.3019608 0.3019608 1 0 0 0 1 0.9019608 0.9019608 0.9019608 1 0.4 0.4 0.4 1 0.9019608 0.9019608 0.9019608 1 0.8980392 0.8980392 0.8980392 1 0.4 0.4 0.4 1 0.9019608 0.9019608 0.9019608 1 0.4 0.4 0.4 1 0.4 0.4 0.4 1 0.4 0.4 0.4 1 0.4 0.4 0.4 1 0.4 0.4 0.4 1 0.4 0.4 0.4 1 0.4 0.4 0.4 1 1 1 1 1 1 1 1 1 1 1 1 1 1 1 1 1 1 1 1 1 1 1 1 1 1 1 1 1 1 1 1 1 1 1 1 1 1 1 1 1 1 1 1 1 1 1 1 1 1 1 1 1 1 1 1 1 1 1 1 1 1 1 1 1 1 1 1 1 1 1 1 1 1 1 1 1 1 1 1 1 1 1 1 1 1 1 1 1 1 1 1 1 1 1 1 1 0.2980392 0.2980392 0.2980392 1 0.6980392 0.6980392 0.6980392 1 0.6980392 0.6980392 0.6980392 1 0.2980392 0.2980392 0.2980392 1 0.6980392 0.6980392 0.6980392 1 0.2980392 0.2980392 0.2980392 1 0.2980392 0.2980392 0.2980392 1 0.2980392 0.2980392 0.2980392 1 0.2980392 0.2980392 0.2980392 1 0.2980392 0.2980392 0.2980392 1 0.2980392 0.2980392 0.2980392 1 0.2980392 0.2980392 0.2980392 1 0.2 0.2 0.2 1 0.2 0.2 0.2 1 0.2 0.2 0.2 1 0.6980392 0.6980392 0.6980392 1 0.2 0.2 0.2 1 0.2 0.2 0.2 1 0.6980392 0.6980392 0.6980392 1 0.6980392 0.6980392 0.6980392 1 0.2 0.2 0.2 1 1 1 1 1 0.6980392 0.6980392 0.6980392 1 0.6980392 0.6980392 0.6980392 1 0.4980392 0.4980392 0.4980392 1 0.8980392 0.8980392 0.8980392 1 0.8980392 0.8980392 0.8980392 1 0.4980392 0.4980392 0.4980392 1 0.8980392 0.8980392 0.8980392 1 0.4980392 0.4980392 0.4980392 1 0.8980392 0.8980392 0.8980392 1 0.4980392 0.4980392 0.4980392 1 0.4980392 0.4980392 0.4980392 1 0.8980392 0.8980392 0.8980392 1 0.4980392 0.4980392 0.4980392 1 0.8980392 0.8980392 0.8980392 1 0.8980392 0.8980392 0.8980392 1 0.6980392 0.6980392 0.6980392 1 0.8980392 0.8980392 0.8980392 1 0.6980392 0.6980392 0.6980392 1 0.6980392 0.6980392 0.6980392 1 0.8980392 0.8980392 0.8980392 1 0.8980392 0.8980392 0.8980392 1 0.6980392 0.6980392 0.6980392 1 0.8980392 0.8980392 0.8980392 1 0.6 0.6 0.6 1 0.6980392 0.6980392 0.6980392 1 0.8980392 0.8980392 0.8980392 1 0.2 0.2 0.2 1 0.8 0.8 0.8 1 0.8 0.8 0.8 1 0.2 0.2 0.2 1 0.8 0.8 0.8 1 0.2 0.2 0.2 1 0.2 0.2 0.2 1 0.2 0.2 0.2 1 0.2 0.2 0.2 1 0.2 0.2 0.2 1 0.2 0.2 0.2 1 0.2 0.2 0.2 1 0.6980392 0.6980392 0.6980392 1 0.6 0.6 0.6 1 0.4 0.4 0.4 1 0.8980392 0.8980392 0.8980392 1 0.6 0.6 0.6 1 0.6980392 0.6980392 0.6980392 1 0.4 0.4 0.4 1 0.8980392 0.8980392 0.8980392 1 0.6980392 0.6980392 0.6980392 1 0.6 0.6 0.6 1 0.8980392 0.8980392 0.8980392 1 0.4 0.4 0.4 1 0.8980392 0.8980392 0.8980392 1 0.6 0.6 0.6 1 0.6 0.6 0.6 1 0.8980392 0.8980392 0.8980392 1 0.6 0.6 0.6 1 0.8980392 0.8980392 0.8980392 1 0.6 0.6 0.6 1 0.8980392 0.8980392 0.8980392 1 0.8980392 0.8980392 0.8980392 1 0.6 0.6 0.6 1 0.8980392 0.8980392 0.8980392 1 0.6 0.6 0.6 1 0.8980392 0.8980392 0.8980392 1 0.6 0.6 0.6 1 0.6 0.6 0.6 1 0.8980392 0.8980392 0.8980392 1 0.6 0.6 0.6 1 0.8980392 0.8980392 0.8980392 1 0.6 0.6 0.6 1 0.8980392 0.8980392 0.8980392 1 0.8980392 0.8980392 0.8980392 1 0.6 0.6 0.6 1 0.8980392 0.8980392 0.8980392 1 0.6 0.6 0.6 1 0.8 0.8 0.8 1 0 0 0 1 1 1 1 1 0.6980392 0.6980392 0.6980392 1 0 0 0 1 0.8 0.8 0.8 1 1 1 1 1 0.6980392 0.6980392 0.6980392 1 0.8 0.8 0.8 1 0.4980392 0.4980392 0.4980392 1 0.6980392 0.6980392 0.6980392 1 1 1 1 1 0.2980392 0.2980392 0.2980392 1 0.4 0.4 0.4 1 0.2980392 0.2980392 0.2980392 1 0.4117647 0.4117647 0.4117647 1 0.4 0.4 0.4 1 0.2980392 0.2980392 0.2980392 1 0.2980392 0.2980392 0.2980392 1 0.4117647 0.4117647 0.4117647 1 0.2980392 0.2980392 0.2980392 1 0.6 0.6 0.6 1 0.4117647 0.4117647 0.4117647 1 0.2980392 0.2980392 0.2980392 1 0.6980392 0.6980392 0.6980392 1 0.8980392 0.8980392 0.8980392 1 0.8 0.8 0.8 1 0.8980392 0.8980392 0.8980392 1 0.8980392 0.8980392 0.8980392 1 0.6980392 0.6980392 0.6980392 1 0.6980392 0.6980392 0.6980392 1 0.8980392 0.8980392 0.8980392 1 0.6980392 0.6980392 0.6980392 1 0.8 0.8 0.8 1 0.8980392 0.8980392 0.8980392 1 0.6980392 0.6980392 0.6980392 1 0.8980392 0.8980392 0.8980392 1 0.8980392 0.8980392 0.8980392 1 0.8980392 0.8980392 0.8980392 1 0.8980392 0.8980392 0.8980392 1 0.8980392 0.8980392 0.8980392 1 0.8980392 0.8980392 0.8980392 1 0.8980392 0.8980392 0.8980392 1 0.8980392 0.8980392 0.8980392 1 0.8980392 0.8980392 0.8980392 1 0.8980392 0.8980392 0.8980392 1 0.8980392 0.8980392 0.8980392 1 0.8980392 0.8980392 0.8980392 1 0.8980392 0.8980392 0.8980392 1 0.6 0.6 0.6 1 0.6 0.6 0.6 1 0.8980392 0.8980392 0.8980392 1 0.6 0.6 0.6 1 0.8980392 0.8980392 0.8980392 1 0.6 0.6 0.6 1 0.8980392 0.8980392 0.8980392 1 0.8980392 0.8980392 0.8980392 1 0.6 0.6 0.6 1 0.8980392 0.8980392 0.8980392 1 0.6 0.6 0.6 1 0.6 0.6 0.6 1 1 1 1 1 0.3019608 0.3019608 0.3019608 1 0.6 0.6 0.6 1 1 1 1 1 0.6 0.6 0.6 1 0.1019608 0.1019608 0.1019608 1 0.6 0.6 0.6 1 0.6 0.6 0.6 1 0.3019608 0.3019608 0.3019608 1 0.6 0.6 0.6 1 0.1019608 0.1019608 0.1019608 1 0.6980392 0.6980392 0.6980392 1 0.4 0.4 0.4 1 0.4 0.4 0.4 1 0.6980392 0.6980392 0.6980392 1 0.4 0.4 0.4 1 0.6980392 0.6980392 0.6980392 1 0.4 0.4 0.4 1 0.6980392 0.6980392 0.6980392 1 0.6980392 0.6980392 0.6980392 1 0.4 0.4 0.4 1 0.6980392 0.6980392 0.6980392 1 0.4 0.4 0.4 1 0.6980392 0.6980392 0.6980392 1 0.4 0.4 0.4 1 0.4 0.4 0.4 1 0.6980392 0.6980392 0.6980392 1 0.4 0.4 0.4 1 0.6980392 0.6980392 0.6980392 1 0.4 0.4 0.4 1 0.6980392 0.6980392 0.6980392 1 0.6980392 0.6980392 0.6980392 1 0.4 0.4 0.4 1 0.6980392 0.6980392 0.6980392 1 0.4 0.4 0.4 1 0.6 0.6 0.6 1 0.2980392 0.2980392 0.2980392 1 0.2980392 0.2980392 0.2980392 1 0.2980392 0.2980392 0.2980392 1 0.2980392 0.2980392 0.2980392 1 0.6 0.6 0.6 1 0.8980392 0.8980392 0.8980392 1 0.2980392 0.2980392 0.2980392 1 0.6 0.6 0.6 1 0.4 0.4 0.4 1 0.2980392 0.2980392 0.2980392 1 0.4156863 0.4156863 0.4156863 1 0.2980392 0.2980392 0.2980392 1 0.2980392 0.2980392 0.2980392 1 0.4 0.4 0.4 1 0.6 0.6 0.6 1 0.2980392 0.2980392 0.2980392 1 0.4 0.4 0.4 1 0.0980392 0.0980392 0.0980392 1 0.4980392 0.4980392 0.4980392 1 0.8980392 0.8980392 0.8980392 1 0.8980392 0.8980392 0.8980392 1 0.4980392 0.4980392 0.4980392 1 0.0980392 0.0980392 0.0980392 1 0.8980392 0.8980392 0.8980392 1 0.8980392 0.8980392 0.8980392 1 0.0980392 0.0980392 0.0980392 1 0.6980392 0.6980392 0.6980392 1 0.8980392 0.8980392 0.8980392 1 0.6980392 0.6980392 0.6980392 1 0.8980392 0.8980392 0.8980392 1 0.8980392 0.8980392 0.8980392 1 0.6980392 0.6980392 0.6980392 1 0.6 0.6 0.6 1 0.8980392 0.8980392 0.8980392 1 0.6980392 0.6980392 0.6980392 1 0.4 0.4 0.4 1 0.6 0.6 0.6 1 0.6980392 0.6980392 0.6980392 1 0.2980392 0.2980392 0.2980392 1 0.6 0.6 0.6 1 0.4 0.4 0.4 1 0.2980392 0.2980392 0.2980392 1 0.2980392 0.2980392 0.2980392 1 0.4 0.4 0.4 1 0.4156863 0.4156863 0.4156863 1 0.2980392 0.2980392 0.2980392 1 0.4 0.4 0.4 1 0.2980392 0.2980392 0.2980392 1 0.2980392 0.2980392 0.2980392 1 0.4156863 0.4156863 0.4156863 1 0.6 0.6 0.6 1 0.2980392 0.2980392 0.2980392 1 0.4156863 0.4156863 0.4156863 1 0.6980392 0.6980392 0.6980392 1 0.6 0.6 0.6 1 0.4156863 0.4156863 0.4156863 1 0.8980392 0.8980392 0.8980392 1 0.6 0.6 0.6 1 0.6980392 0.6980392 0.6980392 1 0.8980392 0.8980392 0.8980392 1 0.8980392 0.8980392 0.8980392 1 0.6980392 0.6980392 0.6980392 1 0.6980392 0.6980392 0.6980392 1 0.8980392 0.8980392 0.8980392 1 0.6980392 0.6980392 0.6980392 1 0.8980392 0.8980392 0.8980392 1 0.8980392 0.8980392 0.8980392 1 0.6980392 0.6980392 0.6980392 1 0.6 0.6 0.6 1 0.8980392 0.8980392 0.8980392 1 0.6980392 0.6980392 0.6980392 1 0.4 0.4 0.4 1 0.6 0.6 0.6 1 0.6980392 0.6980392 0.6980392 1 0.2980392 0.2980392 0.2980392 1 0.6 0.6 0.6 1 0.4 0.4 0.4 1 0.2980392 0.2980392 0.2980392 1 0.2980392 0.2980392 0.2980392 1 0.4 0.4 0.4 1 0.4117647 0.4117647 0.4117647 1 0.2980392 0.2980392 0.2980392 1 0.4 0.4 0.4 1 0.2980392 0.2980392 0.2980392 1 0.2980392 0.2980392 0.2980392 1 0.4117647 0.4117647 0.4117647 1 0.6 0.6 0.6 1 0.2980392 0.2980392 0.2980392 1 0.4117647 0.4117647 0.4117647 1 0.6980392 0.6980392 0.6980392 1 0.6 0.6 0.6 1 0.4117647 0.4117647 0.4117647 1 0.8980392 0.8980392 0.8980392 1 0.6 0.6 0.6 1 0.6980392 0.6980392 0.6980392 1 0.8980392 0.8980392 0.8980392 1 0.8980392 0.8980392 0.8980392 1 0.6980392 0.6980392 0.6980392 1 0.2980392 0.2980392 0.2980392 1 0.6980392 0.6980392 0.6980392 1 0.8980392 0.8980392 0.8980392 1 0.2980392 0.2980392 0.2980392 1 0.6980392 0.6980392 0.6980392 1 0.2980392 0.2980392 0.2980392 1 0.2980392 0.2980392 0.2980392 1 0.2980392 0.2980392 0.2980392 1 0.2980392 0.2980392 0.2980392 1 0.2980392 0.2980392 0.2980392 1 0.2980392 0.2980392 0.2980392 1 0.2980392 0.2980392 0.2980392 1 0.2980392 0.2980392 0.2980392 1 0.2980392 0.2980392 0.2980392 1 0.2980392 0.2980392 0.2980392 1 0.2980392 0.2980392 0.2980392 1 0.2980392 0.2980392 0.2980392 1 0.2980392 0.2980392 0.2980392 1 0.2980392 0.2980392 0.2980392 1 0.2980392 0.2980392 0.2980392 1 0.2980392 0.2980392 0.2980392 1 0.2980392 0.2980392 0.2980392 1 0.2980392 0.2980392 0.2980392 1 0.2980392 0.2980392 0.2980392 1 0.2980392 0.2980392 0.2980392 1 0.2980392 0.2980392 0.2980392 1 0.2980392 0.2980392 0.2980392 1 0.0980392 0.0980392 0.0980392 1 0.8980392 0.8980392 0.8980392 1 0.4980392 0.4980392 0.4980392 1 0.8980392 0.8980392 0.8980392 1 0.8980392 0.8980392 0.8980392 1 0.0980392 0.0980392 0.0980392 1 0.8980392 0.8980392 0.8980392 1 0.8980392 0.8980392 0.8980392 1 0.0980392 0.0980392 0.0980392 1 1 1 1 1 0.8 0.8 0.8 1 0.8 0.8 0.8 1 1 1 1 1 0.8 0.8 0.8 1 1 1 1 1 0.4980392 0.4980392 0.4980392 1 1 1 1 1 1 1 1 1 0.2980392 0.2980392 0.2980392 1 0.2980392 0.2980392 0.2980392 1 0.2980392 0.2980392 0.2980392 1 0.6980392 0.6980392 0.6980392 1 0.2980392 0.2980392 0.2980392 1 0.2980392 0.2980392 0.2980392 1 0.8980392 0.8980392 0.8980392 1 0.6980392 0.6980392 0.6980392 1 0.2980392 0.2980392 0.2980392 1 0 0 0 1 0.8 0.8 0.8 1 0.8 0.8 0.8 1 0.8 0.8 0.8 1 0.8 0.8 0.8 1 0 0 0 1 0.8 0.8 0.8 1 0.8 0.8 0.8 1 0 0 0 1 0.6 0.6 0.6 1 0.8980392 0.8980392 0.8980392 1 0.6 0.6 0.6 1 0.8 0.8 0.8 1 0.8980392 0.8980392 0.8980392 1 0.6 0.6 0.6 1 0.6980392 0.6980392 0.6980392 1 0.8 0.8 0.8 1 0.6 0.6 0.6 1 0.6 0.6 0.6 1 0.2980392 0.2980392 0.2980392 1 0.2 0.2 0.2 1 0.6980392 0.6980392 0.6980392 1 0.2980392 0.2980392 0.2980392 1 0.6 0.6 0.6 1 0.8 0.8 0.8 1 0.6980392 0.6980392 0.6980392 1 0.6 0.6 0.6 1 0.8980392 0.8980392 0.8980392 1 0.8980392 0.8980392 0.8980392 1 0.8980392 0.8980392 0.8980392 1 0.8980392 0.8980392 0.8980392 1 0.8980392 0.8980392 0.8980392 1 0.8980392 0.8980392 0.8980392 1 0.8980392 0.8980392 0.8980392 1 0.8980392 0.8980392 0.8980392 1 0.8980392 0.8980392 0.8980392 1 0.6980392 0.6980392 0.6980392 1 0.8980392 0.8980392 0.8980392 1 0.6980392 0.6980392 0.6980392 1 0.8980392 0.8980392 0.8980392 1 0.8980392 0.8980392 0.8980392 1 0.6980392 0.6980392 0.6980392 1 0.6 0.6 0.6 1 0.8980392 0.8980392 0.8980392 1 0.6980392 0.6980392 0.6980392 1 0.7019608 0.7019608 0.7019608 1 0.1019608 0.1019608 0.1019608 1 0.4 0.4 0.4 1 0.6 0.6 0.6 1 0.1019608 0.1019608 0.1019608 1 0.7019608 0.7019608 0.7019608 1 0.6 0.6 0.6 1 0.6 0.6 0.6 1 0.7019608 0.7019608 0.7019608 1 0.2 0.2 0.2 1 0.2 0.2 0.2 1 0.8 0.8 0.8 1 0.2 0.2 0.2 1 0.2 0.2 0.2 1 0.2 0.2 0.2 1 0.2 0.2 0.2 1 0.2 0.2 0.2 1 0.2 0.2 0.2 1 0.9019608 0.9019608 0.9019608 1 0.7019608 0.7019608 0.7019608 1 0.7019608 0.7019608 0.7019608 1 0.7019608 0.7019608 0.7019608 1 0.7019608 0.7019608 0.7019608 1 0.9019608 0.9019608 0.9019608 1 0.9019608 0.9019608 0.9019608 1 0.7019608 0.7019608 0.7019608 1 0.9019608 0.9019608 0.9019608 1 0.4980392 0.4980392 0.4980392 1 0.4980392 0.4980392 0.4980392 1 0.4980392 0.4980392 0.4980392 1 0.4980392 0.4980392 0.4980392 1 0.4980392 0.4980392 0.4980392 1 0.4980392 0.4980392 0.4980392 1 0.4 0.4 0.4 1 0.4980392 0.4980392 0.4980392 1 0.4980392 0.4980392 0.4980392 1 0.8980392 0.8980392 0.8980392 1 0.6980392 0.6980392 0.6980392 1 0.8980392 0.8980392 0.8980392 1 0.6980392 0.6980392 0.6980392 1 0.6980392 0.6980392 0.6980392 1 0.8980392 0.8980392 0.8980392 1 0.8980392 0.8980392 0.8980392 1 0.6980392 0.6980392 0.6980392 1 0.8980392 0.8980392 0.8980392 1 0.6980392 0.6980392 0.6980392 1 0.4980392 0.4980392 0.4980392 1 0.4980392 0.4980392 0.4980392 1 0.6 0.6 0.6 1 0.4980392 0.4980392 0.4980392 1 0.6980392 0.6980392 0.6980392 1 0.6980392 0.6980392 0.6980392 1 0.6 0.6 0.6 1 0.6980392 0.6980392 0.6980392 1 0.3019608 0.3019608 0.3019608 1 0.2 0.2 0.2 1 0.2 0.2 0.2 1 1 1 1 1 0.2 0.2 0.2 1 0.3019608 0.3019608 0.3019608 1 0.9019608 0.9019608 0.9019608 1 1 1 1 1 0.3019608 0.3019608 0.3019608 1 0.6980392 0.6980392 0.6980392 1 0.6980392 0.6980392 0.6980392 1 0.6980392 0.6980392 0.6980392 1 0.6980392 0.6980392 0.6980392 1 0.6980392 0.6980392 0.6980392 1 0.6980392 0.6980392 0.6980392 1 0.6980392 0.6980392 0.6980392 1 0.6980392 0.6980392 0.6980392 1 0.6980392 0.6980392 0.6980392 1 0.4980392 0.4980392 0.4980392 1 0.4980392 0.4980392 0.4980392 1 0.4980392 0.4980392 0.4980392 1 0.4 0.4 0.4 1 0.4980392 0.4980392 0.4980392 1 0.4980392 0.4980392 0.4980392 1 0.4980392 0.4980392 0.4980392 1 0.4 0.4 0.4 1 0.4980392 0.4980392 0.4980392 1 0.2 0.2 0.2 1 0.2 0.2 0.2 1 0.2 0.2 0.2 1 0.2 0.2 0.2 1 0.2 0.2 0.2 1 0.2 0.2 0.2 1 0.6980392 0.6980392 0.6980392 1 0.2 0.2 0.2 1 0.2 0.2 0.2 1 1 1 1 1 0.6980392 0.6980392 0.6980392 1 0.6980392 0.6980392 0.6980392 1 1 1 1 1 0.6980392 0.6980392 0.6980392 1 1 1 1 1 0.8 0.8 0.8 1 1 1 1 1 1 1 1 1 1 1 1 1 1 1 1 1 0.6980392 0.6980392 0.6980392 1 0.8 0.8 0.8 1 1 1 1 1 1 1 1 1 0.8 0.8 0.8 1 0.8 0.8 0.8 1 1 1 1 1 0.8980392 0.8980392 0.8980392 1 0.8980392 0.8980392 0.8980392 1 0.6 0.6 0.6 1 0.6 0.6 0.6 1 0.8980392 0.8980392 0.8980392 1 0.8980392 0.8980392 0.8980392 1 0.6196079 0.6196079 0.6196079 1 0.6 0.6 0.6 1 0.8980392 0.8980392 0.8980392 1 0.8980392 0.8980392 0.8980392 1 0.8980392 0.8980392 0.8980392 1 0.8980392 0.8980392 0.8980392 1 0.8980392 0.8980392 0.8980392 1 0.8980392 0.8980392 0.8980392 1 0.8980392 0.8980392 0.8980392 1 0.8980392 0.8980392 0.8980392 1 0.8980392 0.8980392 0.8980392 1 0.8980392 0.8980392 0.8980392 1 0.6980392 0.6980392 0.6980392 1 0.8980392 0.8980392 0.8980392 1 1 1 1 1 0.6980392 0.6980392 0.6980392 1 0.8980392 0.8980392 0.8980392 1 0.6980392 0.6980392 0.6980392 1 0.4980392 0.4980392 0.4980392 1 0.6980392 0.6980392 0.6980392 1 0.6980392 0.6980392 0.6980392 1 0.2 0.2 0.2 1 0.2 0.2 0.2 1 0.2 0.2 0.2 1 0.2 0.2 0.2 1 0.2 0.2 0.2 1 0.2 0.2 0.2 1 0.6980392 0.6980392 0.6980392 1 0.2 0.2 0.2 1 0.2 0.2 0.2 1 0.2 0.2 0.2 1 0.4980392 0.4980392 0.4980392 1 0.2 0.2 0.2 1 0.4980392 0.4980392 0.4980392 1 0.4980392 0.4980392 0.4980392 1 0.2 0.2 0.2 1 0.6 0.6 0.6 1 0.4980392 0.4980392 0.4980392 1 0.2 0.2 0.2 1 0.6705883 0.6705883 0.6705883 1 0.05490195 0.05490195 0.05490195 1 0.427451 0.427451 0.427451 1 0.05490195 0.05490195 0.05490195 1 0.05490195 0.05490195 0.05490195 1 0.6705883 0.6705883 0.6705883 1 0.05490195 0.05490195 0.05490195 1 0.05490195 0.05490195 0.05490195 1 0.6705883 0.6705883 0.6705883 1 0.6 0.6 0.6 1 0.8980392 0.8980392 0.8980392 1 0.8980392 0.8980392 0.8980392 1 0.2980392 0.2980392 0.2980392 1 0.8980392 0.8980392 0.8980392 1 0.6 0.6 0.6 1 0.2980392 0.2980392 0.2980392 1 0.2980392 0.2980392 0.2980392 1 0.6 0.6 0.6 1 0.2980392 0.2980392 0.2980392 1 0.8980392 0.8980392 0.8980392 1 0.2980392 0.2980392 0.2980392 1 0.8980392 0.8980392 0.8980392 1 0.8980392 0.8980392 0.8980392 1 0.2980392 0.2980392 0.2980392 1 0.2980392 0.2980392 0.2980392 1 0.8980392 0.8980392 0.8980392 1 0.8980392 0.8980392 0.8980392 1 0.2980392 0.2980392 0.2980392 1 0.8980392 0.8980392 0.8980392 1 0.2980392 0.2980392 0.2980392 1 0.2980392 0.2980392 0.2980392 1 0.8980392 0.8980392 0.8980392 1 0.8980392 0.8980392 0.8980392 1 0.2980392 0.2980392 0.2980392 1 0.8980392 0.8980392 0.8980392 1 0.2980392 0.2980392 0.2980392 1 0.2980392 0.2980392 0.2980392 1 0.8980392 0.8980392 0.8980392 1 0.2980392 0.2980392 0.2980392 1 0.8980392 0.8980392 0.8980392 1 0.8980392 0.8980392 0.8980392 1 0.2980392 0.2980392 0.2980392 1 0.4 0.4 0.4 1 0.8 0.8 0.8 1 0.4 0.4 0.4 1 0.8 0.8 0.8 1 0.8 0.8 0.8 1 0.4 0.4 0.4 1 0.4 0.4 0.4 1 0.8 0.8 0.8 1 0.4 0.4 0.4 1 0.8 0.8 0.8 1 0.8 0.8 0.8 1 0.4 0.4 0.4 1 0.4 0.4 0.4 1 0.8 0.8 0.8 1 0.8 0.8 0.8 1 0.4 0.4 0.4 1 0.8 0.8 0.8 1 0.4 0.4 0.4 1 0.4 0.4 0.4 1 0.8 0.8 0.8 1 0.8 0.8 0.8 1 0.4 0.4 0.4 1 0.8 0.8 0.8 1 0.4 0.4 0.4 1 1 1 1 1 1 1 1 1 0.8 0.8 0.8 1 0.6980392 0.6980392 0.6980392 1 1 1 1 1 1 1 1 1 0.8 0.8 0.8 1 1 1 1 1 0.8 0.8 0.8 1 1 1 1 1 1 1 1 1 0.8 0.8 0.8 1 1 1 1 1 0.6980392 0.6980392 0.6980392 1 1 1 1 1 0.6980392 0.6980392 0.6980392 1 0.6980392 0.6980392 0.6980392 1 1 1 1 1 0.6 0.6 0.6 1 0.6 0.6 0.6 1 0.6 0.6 0.6 1 0.2 0.2 0.2 1 0.6 0.6 0.6 1 0.6 0.6 0.6 1 0.2 0.2 0.2 1 0.2 0.2 0.2 1 0.6 0.6 0.6 1 0.2 0.2 0.2 1 0.2 0.2 0.2 1 0.2 0.2 0.2 1 0.8980392 0.8980392 0.8980392 1 0.7019608 0.7019608 0.7019608 1 0.8980392 0.8980392 0.8980392 1 0.8980392 0.8980392 0.8980392 1 0.7019608 0.7019608 0.7019608 1 0.8980392 0.8980392 0.8980392 1 0.8980392 0.8980392 0.8980392 1 0.8980392 0.8980392 0.8980392 1 0.8980392 0.8980392 0.8980392 1 0.8 0.8 0.8 1 0.8980392 0.8980392 0.8980392 1 0.8980392 0.8980392 0.8980392 1 0.6 0.6 0.6 1 0.6 0.6 0.6 1 0.6 0.6 0.6 1 0.8 0.8 0.8 1 0.6 0.6 0.6 1 0.6 0.6 0.6 1 0.7019608 0.7019608 0.7019608 1 0.8980392 0.8980392 0.8980392 1 0.8980392 0.8980392 0.8980392 1 0.8980392 0.8980392 0.8980392 1 0.8980392 0.8980392 0.8980392 1 0.7019608 0.7019608 0.7019608 1 0.8980392 0.8980392 0.8980392 1 0.8980392 0.8980392 0.8980392 1 0.8980392 0.8980392 0.8980392 1 0.8 0.8 0.8 1 0.8980392 0.8980392 0.8980392 1 0.8980392 0.8980392 0.8980392 1 0.6 0.6 0.6 1 0.6 0.6 0.6 1 0.6 0.6 0.6 1 0.8 0.8 0.8 1 0.6 0.6 0.6 1 0.6 0.6 0.6 1 0.4980392 0.4980392 0.4980392 1 0.6980392 0.6980392 0.6980392 1 0.4980392 0.4980392 0.4980392 1 0.6 0.6 0.6 1 0.6980392 0.6980392 0.6980392 1 0.4980392 0.4980392 0.4980392 1 0.4980392 0.4980392 0.4980392 1 0.4980392 0.4980392 0.4980392 1 0.4980392 0.4980392 0.4980392 1 0.4980392 0.4980392 0.4980392 1 0.4980392 0.4980392 0.4980392 1 0.4980392 0.4980392 0.4980392 1 0.8 0.8 0.8 1 0.8980392 0.8980392 0.8980392 1 0.8980392 0.8980392 0.8980392 1 0.8 0.8 0.8 1 0.8980392 0.8980392 0.8980392 1 0.8 0.8 0.8 1 0.8980392 0.8980392 0.8980392 1 0.8 0.8 0.8 1 0.6980392 0.6980392 0.6980392 1 0.8980392 0.8980392 0.8980392 1 0.8 0.8 0.8 1 0.8980392 0.8980392 0.8980392 1 0.6 0.6 0.6 1 0.8 0.8 0.8 1 0.6 0.6 0.6 1 0.6 0.6 0.6 1 0.8 0.8 0.8 1 0.6 0.6 0.6 1 0.4980392 0.4980392 0.4980392 1 0.8980392 0.8980392 0.8980392 1 0.8980392 0.8980392 0.8980392 1 0.8980392 0.8980392 0.8980392 1 0.8980392 0.8980392 0.8980392 1 0.4980392 0.4980392 0.4980392 1 0.4980392 0.4980392 0.4980392 1 0.6980392 0.6980392 0.6980392 1 0.4980392 0.4980392 0.4980392 1 0.6980392 0.6980392 0.6980392 1 0.6980392 0.6980392 0.6980392 1 0.4980392 0.4980392 0.4980392 1 0.4 0.4 0.4 1 0.6 0.6 0.6 1 0.6 0.6 0.6 1 0.4 0.4 0.4 1 0.6 0.6 0.6 1 0.4 0.4 0.4 1 0.2980392 0.2980392 0.2980392 1 0.4156863 0.4156863 0.4156863 1 0.2980392 0.2980392 0.2980392 1 0.6 0.6 0.6 1 0.4156863 0.4156863 0.4156863 1 0.2980392 0.2980392 0.2980392 1 0.6 0.6 0.6 1 0.6980392 0.6980392 0.6980392 1 0.4156863 0.4156863 0.4156863 1 0.8980392 0.8980392 0.8980392 1 0.6980392 0.6980392 0.6980392 1 0.6 0.6 0.6 1 0.6980392 0.6980392 0.6980392 1 0.8980392 0.8980392 0.8980392 1 0.8980392 0.8980392 0.8980392 1 0.8 0.8 0.8 1 0.8980392 0.8980392 0.8980392 1 0.6980392 0.6980392 0.6980392 1 0.4 0.4 0.4 1 0.4 0.4 0.4 1 0.4 0.4 0.4 1 0.4 0.4 0.4 1 0.4 0.4 0.4 1 0.4 0.4 0.4 1 0.8 0.8 0.8 1 0.8 0.8 0.8 1 0.8980392 0.8980392 0.8980392 1 0.8980392 0.8980392 0.8980392 1 0.8 0.8 0.8 1 0.8 0.8 0.8 1 0.4980392 0.4980392 0.4980392 1 0.4980392 0.4980392 0.4980392 1 0.4980392 0.4980392 0.4980392 1 0.4980392 0.4980392 0.4980392 1 0.4980392 0.4980392 0.4980392 1 0.4980392 0.4980392 0.4980392 1 0.8980392 0.8980392 0.8980392 1 0.6980392 0.6980392 0.6980392 1 1 1 1 1 0.6980392 0.6980392 0.6980392 1 0.6980392 0.6980392 0.6980392 1 0.8980392 0.8980392 0.8980392 1 0.6980392 0.6980392 0.6980392 1 0.2 0.2 0.2 1 0.6980392 0.6980392 0.6980392 1 0.2 0.2 0.2 1 0.2 0.2 0.2 1 0.6980392 0.6980392 0.6980392 1 0.7333334 0.7333334 0.7333334 1 0.06274509 0.06274509 0.06274509 1 0.06274509 0.06274509 0.06274509 1 0.6745098 0.6745098 0.6745098 1 0.06274509 0.06274509 0.06274509 1 0.7333334 0.7333334 0.7333334 1 0.8 0.8 0.8 1 0.8 0.8 0.8 1 0.8 0.8 0.8 1 0.8 0.8 0.8 1 0.8 0.8 0.8 1 0.8 0.8 0.8 1 0.2980392 0.2980392 0.2980392 1 0.2980392 0.2980392 0.2980392 1 0.2980392 0.2980392 0.2980392 1 0.2980392 0.2980392 0.2980392 1 0.2980392 0.2980392 0.2980392 1 0.2980392 0.2980392 0.2980392 1 0.4980392 0.4980392 0.4980392 1 0.4980392 0.4980392 0.4980392 1 0.4980392 0.4980392 0.4980392 1 0.4980392 0.4980392 0.4980392 1 0.4980392 0.4980392 0.4980392 1 0.4980392 0.4980392 0.4980392 1 0.06274509 0.06274509 0.06274509 1 0.4313725 0.4313725 0.4313725 1 0.06274509 0.06274509 0.06274509 1 0.6745098 0.6745098 0.6745098 1 0.4313725 0.4313725 0.4313725 1 0.06274509 0.06274509 0.06274509 1 0.7294118 0.7294118 0.7294118 1 0.6196079 0.6196079 0.6196079 1 0.8980392 0.8980392 0.8980392 1 0.6705883 0.6705883 0.6705883 1 0.6196079 0.6196079 0.6196079 1 0.7294118 0.7294118 0.7294118 1 0.6980392 0.6980392 0.6980392 1 1 1 1 1 0.8 0.8 0.8 1 0.4980392 0.4980392 0.4980392 1 1 1 1 1 0.6980392 0.6980392 0.6980392 1 0.8980392 0.8980392 0.8980392 1 0.4980392 0.4980392 0.4980392 1 0.8980392 0.8980392 0.8980392 1 0.8980392 0.8980392 0.8980392 1 0.4980392 0.4980392 0.4980392 1 0.8980392 0.8980392 0.8980392 1 0.8 0.8 0.8 1 0.8 0.8 0.8 1 0.8 0.8 0.8 1 0.8 0.8 0.8 1 0.8 0.8 0.8 1 0.8 0.8 0.8 1 0.427451 0.427451 0.427451 1 0.6196079 0.6196079 0.6196079 1 0.6705883 0.6705883 0.6705883 1 0.4313725 0.4313725 0.4313725 1 0.6196079 0.6196079 0.6196079 1 0.427451 0.427451 0.427451 1 0.4 0.4 0.4 1 0.4 0.4 0.4 1 0.4 0.4 0.4 1 0.4 0.4 0.4 1 0.4 0.4 0.4 1 0.4 0.4 0.4 1 0.6745098 0.6745098 0.6745098 1 0.6196079 0.6196079 0.6196079 1 0.4313725 0.4313725 0.4313725 1 0.7333334 0.7333334 0.7333334 1 0.6196079 0.6196079 0.6196079 1 0.6745098 0.6745098 0.6745098 1 0.6980392 0.6980392 0.6980392 1 0.6980392 0.6980392 0.6980392 1 0.8980392 0.8980392 0.8980392 1 0.4980392 0.4980392 0.4980392 1 0.6980392 0.6980392 0.6980392 1 0.6980392 0.6980392 0.6980392 1 0.6196079 0.6196079 0.6196079 1 0.8980392 0.8980392 0.8980392 1 0.6 0.6 0.6 1 0.7333334 0.7333334 0.7333334 1 0.8980392 0.8980392 0.8980392 1 0.6196079 0.6196079 0.6196079 1 0.6980392 0.6980392 0.6980392 1 0.6980392 0.6980392 0.6980392 1 0.8980392 0.8980392 0.8980392 1 0.4980392 0.4980392 0.4980392 1 0.6980392 0.6980392 0.6980392 1 0.6980392 0.6980392 0.6980392 1 0.2 0.2 0.2 1 1 1 1 1 0.4980392 0.4980392 0.4980392 1 0.8 0.8 0.8 1 1 1 1 1 0.2 0.2 0.2 1 0.8 0.8 0.8 1 0.8 0.8 0.8 1 0.8980392 0.8980392 0.8980392 1 0.6 0.6 0.6 1 0.8 0.8 0.8 1 0.8 0.8 0.8 1 0.8980392 0.8980392 0.8980392 1 0.6980392 0.6980392 0.6980392 1 0.8980392 0.8980392 0.8980392 1 0.6 0.6 0.6 1 0.6980392 0.6980392 0.6980392 1 0.8980392 0.8980392 0.8980392 1 0.6 0.6 0.6 1 0.4 0.4 0.4 1 0.6980392 0.6980392 0.6980392 1 0.2980392 0.2980392 0.2980392 1 0.4 0.4 0.4 1 0.6 0.6 0.6 1 0.6980392 0.6980392 0.6980392 1 0.4980392 0.4980392 0.4980392 1 0.4980392 0.4980392 0.4980392 1 0.6980392 0.6980392 0.6980392 1 0.4980392 0.4980392 0.4980392 1 0.6980392 0.6980392 0.6980392 1 0.9019608 0.9019608 0.9019608 1 0.4 0.4 0.4 1 0.8980392 0.8980392 0.8980392 1 0.4 0.4 0.4 1 0.4 0.4 0.4 1 0.9019608 0.9019608 0.9019608 1 0.6980392 0.6980392 0.6980392 1 0.8980392 0.8980392 0.8980392 1 0.6980392 0.6980392 0.6980392 1 0.8980392 0.8980392 0.8980392 1 0.8980392 0.8980392 0.8980392 1 0.6980392 0.6980392 0.6980392 1 0.6980392 0.6980392 0.6980392 1 0.8980392 0.8980392 0.8980392 1 0.6980392 0.6980392 0.6980392 1 0.8980392 0.8980392 0.8980392 1 0.8980392 0.8980392 0.8980392 1 0.6980392 0.6980392 0.6980392 1 0.6 0.6 0.6 1 0.2980392 0.2980392 0.2980392 1 0.6 0.6 0.6 1 0.2980392 0.2980392 0.2980392 1 0.2980392 0.2980392 0.2980392 1 0.6 0.6 0.6 1 0.6980392 0.6980392 0.6980392 1 0.4156863 0.4156863 0.4156863 1 0.4 0.4 0.4 1 0.6980392 0.6980392 0.6980392 1 0.4156863 0.4156863 0.4156863 1 0.6980392 0.6980392 0.6980392 1 1 1 1 1 1 1 1 1 1 1 1 1 1 1 1 1 1 1 1 1 1 1 1 1 0.6980392 0.6980392 0.6980392 1 0.4117647 0.4117647 0.4117647 1 0.4 0.4 0.4 1 0.6980392 0.6980392 0.6980392 1 0.4117647 0.4117647 0.4117647 1 0.6980392 0.6980392 0.6980392 1 1 1 1 1 1 1 1 1 1 1 1 1 1 1 1 1 1 1 1 1 1 1 1 1 1 1 1 1 1 1 1 1 1 1 1 1 1 1 1 1 1 1 1 1 1 1 1 1 1 1 1 1 1 1 1 1 1 1 1 1 1 1 1 1 1 1 1 1 1 1 1 1 0.4156863 0.4156863 0.4156863 1 0.6980392 0.6980392 0.6980392 1 0.4 0.4 0.4 1 0.6980392 0.6980392 0.6980392 1 0.6980392 0.6980392 0.6980392 1 0.4156863 0.4156863 0.4156863 1 0.4 0.4 0.4 1 0.6 0.6 0.6 1 0.4 0.4 0.4 1 0.6 0.6 0.6 1 0.6 0.6 0.6 1 0.4 0.4 0.4 1 0.4117647 0.4117647 0.4117647 1 0.6980392 0.6980392 0.6980392 1 0.4 0.4 0.4 1 0.6980392 0.6980392 0.6980392 1 0.6980392 0.6980392 0.6980392 1 0.4117647 0.4117647 0.4117647 1 0.6 0.6 0.6 1 0.6 0.6 0.6 1 0.6 0.6 0.6 1 0.6 0.6 0.6 1 0.6 0.6 0.6 1 0.6 0.6 0.6 1 0.6 0.6 0.6 1 0.6 0.6 0.6 1 0.6 0.6 0.6 1 0.6 0.6 0.6 1 0.6 0.6 0.6 1 0.6 0.6 0.6 1 0.6 0.6 0.6 1 0.4 0.4 0.4 1 0.6 0.6 0.6 1 0.4 0.4 0.4 1 0.4 0.4 0.4 1 0.6 0.6 0.6 1 0.4 0.4 0.4 1 0.4 0.4 0.4 1 0.4 0.4 0.4 1 0.4 0.4 0.4 1 0.4 0.4 0.4 1 0.4 0.4 0.4 1 0.4 0.4 0.4 1 0.4 0.4 0.4 1 0.4 0.4 0.4 1 0.4 0.4 0.4 1 0.4 0.4 0.4 1 0.4 0.4 0.4 1 0.3019608 0.3019608 0.3019608 1 1 1 1 1 0.3019608 0.3019608 0.3019608 1 1 1 1 1 1 1 1 1 0.3019608 0.3019608 0.3019608 1 0.8980392 0.8980392 0.8980392 1 0.8980392 0.8980392 0.8980392 1 0.8980392 0.8980392 0.8980392 1 0.8980392 0.8980392 0.8980392 1 0.8980392 0.8980392 0.8980392 1 0.8980392 0.8980392 0.8980392 1 0.1019608 0.1019608 0.1019608 1 0.6 0.6 0.6 1 0.3019608 0.3019608 0.3019608 1 0.1019608 0.1019608 0.1019608 1 0.6 0.6 0.6 1 0.1019608 0.1019608 0.1019608 1 1 1 1 1 0.6 0.6 0.6 1 0.3019608 0.3019608 0.3019608 1 1 1 1 1 0.6 0.6 0.6 1 1 1 1 1 0.8980392 0.8980392 0.8980392 1 0.8980392 0.8980392 0.8980392 1 0.8980392 0.8980392 0.8980392 1 0.8980392 0.8980392 0.8980392 1 0.8980392 0.8980392 0.8980392 1 0.8980392 0.8980392 0.8980392 1 0.4980392 0.4980392 0.4980392 1 0.4980392 0.4980392 0.4980392 1 0 0 0 1 0.2 0.2 0.2 1 0.4980392 0.4980392 0.4980392 1 0.4980392 0.4980392 0.4980392 1 0.4980392 0.4980392 0.4980392 1 0.8980392 0.8980392 0.8980392 1 0.4980392 0.4980392 0.4980392 1 0.8980392 0.8980392 0.8980392 1 0.8980392 0.8980392 0.8980392 1 0.4980392 0.4980392 0.4980392 1 0.6980392 0.6980392 0.6980392 1 0 0 0 1 0 0 0 1 0.4980392 0.4980392 0.4980392 1 0 0 0 1 0.6980392 0.6980392 0.6980392 1 0.8 0.8 0.8 1 0.8 0.8 0.8 1 1 1 1 1 0.2 0.2 0.2 1 0.8 0.8 0.8 1 0.8 0.8 0.8 1 0.2 0.2 0.2 1 1 1 1 1 0.4980392 0.4980392 0.4980392 1 0.8 0.8 0.8 1 1 1 1 1 0.2 0.2 0.2 1 1 1 1 1 0.2 0.2 0.2 1 0.4980392 0.4980392 0.4980392 1 0.8 0.8 0.8 1 0.2 0.2 0.2 1 1 1 1 1 0.2 0.2 0.2 1 0.8 0.8 0.8 1 0.2 0.2 0.2 1 0.8 0.8 0.8 1 0.8 0.8 0.8 1 0.2 0.2 0.2 1 1 1 1 1 0.6980392 0.6980392 0.6980392 1 1 1 1 1 0.6980392 0.6980392 0.6980392 1 0.6980392 0.6980392 0.6980392 1 1 1 1 1 0.2 0.2 0.2 1 0.2 0.2 0.2 1 0.2 0.2 0.2 1 0.2 0.2 0.2 1 0.2 0.2 0.2 1 0.2 0.2 0.2 1 0.8 0.8 0.8 1 0.2 0.2 0.2 1 0.2 0.2 0.2 1 0.8 0.8 0.8 1 0.2 0.2 0.2 1 0.8 0.8 0.8 1 0.8 0.8 0.8 1 0.8 0.8 0.8 1 0.8980392 0.8980392 0.8980392 1 0.6 0.6 0.6 1 0.8 0.8 0.8 1 0.8 0.8 0.8 1 0.8980392 0.8980392 0.8980392 1 1 1 1 1 0.8980392 0.8980392 0.8980392 1 1 1 1 1 1 1 1 1 0.8980392 0.8980392 0.8980392 1 0.8980392 0.8980392 0.8980392 1 0.8 0.8 0.8 1 0.5333334 0.5333334 0.5333334 1 0.7333334 0.7333334 0.7333334 1 0.8 0.8 0.8 1 0.8980392 0.8980392 0.8980392 1 0 0 0 1 0.3019608 0.3019608 0.3019608 1 0.3019608 0.3019608 0.3019608 1 0.2 0.2 0.2 1 0.3019608 0.3019608 0.3019608 1 0 0 0 1 0.2 0.2 0.2 1 0 0 0 1 0.3019608 0.3019608 0.3019608 1 0.3019608 0.3019608 0.3019608 1 0 0 0 1 0.2 0.2 0.2 1 0 0 0 1 0.9019608 0.9019608 0.9019608 1 0.7019608 0.7019608 0.7019608 1 0.3019608 0.3019608 0.3019608 1 0.9019608 0.9019608 0.9019608 1 0 0 0 1 0.6980392 0.6980392 0.6980392 1 0.6980392 0.6980392 0.6980392 1 1 1 1 1 0.2 0.2 0.2 1 0.6980392 0.6980392 0.6980392 1 0.6980392 0.6980392 0.6980392 1 0.4 0.4 0.4 1 1 1 1 1 0.4 0.4 0.4 1 0.2 0.2 0.2 1 1 1 1 1 0.4 0.4 0.4 1 0.8 0.8 0.8 1 0.8 0.8 0.8 1 0.8980392 0.8980392 0.8980392 1 0.8980392 0.8980392 0.8980392 1 0.8 0.8 0.8 1 0.8 0.8 0.8 1 0.3019608 0.3019608 0.3019608 1 0.3019608 0.3019608 0.3019608 1 0.9019608 0.9019608 0.9019608 1 0.2 0.2 0.2 1 0.3019608 0.3019608 0.3019608 1 0.3019608 0.3019608 0.3019608 1 0.6 0.6 0.6 1 0.8980392 0.8980392 0.8980392 1 0.8980392 0.8980392 0.8980392 1 0.6 0.6 0.6 1 0.8980392 0.8980392 0.8980392 1 0.6 0.6 0.6 1 1 1 1 1 1 1 1 1 1 1 1 1 1 1 1 1 1 1 1 1 1 1 1 1 1 1 1 1 1 1 1 1 1 1 1 1 1 1 1 1 1 1 1 1 1 1 1 1 0.2 0.2 0.2 1 0.4980392 0.4980392 0.4980392 1 0.2 0.2 0.2 1 0.4980392 0.4980392 0.4980392 1 0.4980392 0.4980392 0.4980392 1 0.2 0.2 0.2 1 0.5019608 0.5019608 0.5019608 1 0 0 0 1 0 0 0 1 0 0 0 1 0 0 0 1 0.5019608 0.5019608 0.5019608 1 0.8 0.8 0.8 1 0.8 0.8 0.8 1 0.8 0.8 0.8 1 0.8 0.8 0.8 1 0.8 0.8 0.8 1 0.8 0.8 0.8 1 0.5019608 0.5019608 0.5019608 1 0.8 0.8 0.8 1 0.5019608 0.5019608 0.5019608 1 0.8 0.8 0.8 1 0.8 0.8 0.8 1 0.5019608 0.5019608 0.5019608 1 0.8 0.8 0.8 1 0.2 0.2 0.2 1 0.5647059 0.5647059 0.5647059 1 0.7333334 0.7333334 0.7333334 1 0.2 0.2 0.2 1 0.8 0.8 0.8 1 0.8980392 0.8980392 0.8980392 1 0.8980392 0.8980392 0.8980392 1 0.6 0.6 0.6 1 0.8980392 0.8980392 0.8980392 1 0.6 0.6 0.6 1 0.8980392 0.8980392 0.8980392 1 0.6980392 0.6980392 0.6980392 1 0.6 0.6 0.6 1 0.6980392 0.6980392 0.6980392 1 0.8980392 0.8980392 0.8980392 1 0.6 0.6 0.6 1 0.8980392 0.8980392 0.8980392 1 0.6980392 0.6980392 0.6980392 1 0.6980392 0.6980392 0.6980392 1 0 0 0 1 0.2 0.2 0.2 1 0.2 0.2 0.2 1 0.2 0.2 0.2 1 0.8980392 0.8980392 0.8980392 1 0.8980392 0.8980392 0.8980392 1 0.8980392 0.8980392 0.8980392 1 0.8980392 0.8980392 0.8980392 1 0.8980392 0.8980392 0.8980392 1 0.8980392 0.8980392 0.8980392 1 0.8980392 0.8980392 0.8980392 1 0.8980392 0.8980392 0.8980392 1 0.8980392 0.8980392 0.8980392 1 0.2 0.2 0.2 1 0.6980392 0.6980392 0.6980392 1 0.6980392 0.6980392 0.6980392 1 0.6980392 0.6980392 0.6980392 1 0.2 0.2 0.2 1 0.2 0.2 0.2 1 0.2 0.2 0.2 1 0.2 0.2 0.2 1 0.2 0.2 0.2 1 0.7294118 0.7294118 0.7294118 1 0.8980392 0.8980392 0.8980392 1 0.8 0.8 0.8 1 0.7333334 0.7333334 0.7333334 1 0.06274509 0.06274509 0.06274509 1 0.2 0.2 0.2 1 0.6 0.6 0.6 1 0.8980392 0.8980392 0.8980392 1 0.5647059 0.5647059 0.5647059 1 1 1 1 1 1 1 1 1 1 1 1 1 1 1 1 1 1 1 1 1 1 1 1 1 0.2 0.2 0.2 1 0.2 0.2 0.2 1 0.8 0.8 0.8 1 0.3019608 0.3019608 0.3019608 1 0.3019608 0.3019608 0.3019608 1 0 0 0 1 0.7019608 0.7019608 0.7019608 1 0.6 0.6 0.6 1 0.7019608 0.7019608 0.7019608 1 0.6980392 0.6980392 0.6980392 1 0.4980392 0.4980392 0.4980392 1 0.4980392 0.4980392 0.4980392 1 0.6 0.6 0.6 1 0.8 0.8 0.8 1 0.6 0.6 0.6 1 0.2 0.2 0.2 1 0.2 0.2 0.2 1 0.2 0.2 0.2 1 0.7294118 0.7294118 0.7294118 1 0.05490195 0.05490195 0.05490195 1 0.6705883 0.6705883 0.6705883 1 1 1 1 1 1 1 1 1 1 1 1 1 1 1 1 1 1 1 1 1 1 1 1 1 0.4980392 0.4980392 0.4980392 1 0.8980392 0.8980392 0.8980392 1 0.8980392 0.8980392 0.8980392 1 0.6 0.6 0.6 1 0.4 0.4 0.4 1 0.6980392 0.6980392 0.6980392 1 0.0980392 0.0980392 0.0980392 1 0.8980392 0.8980392 0.8980392 1 0.8980392 0.8980392 0.8980392 1 0.0980392 0.0980392 0.0980392 1 0.4980392 0.4980392 0.4980392 1 0.8980392 0.8980392 0.8980392 1 0.4980392 0.4980392 0.4980392 1 0.4980392 0.4980392 0.4980392 1 1 1 1 1 0.8980392 0.8980392 0.8980392 1 0.8980392 0.8980392 0.8980392 1 0.8980392 0.8980392 0.8980392 1 0.8980392 0.8980392 0.8980392 1 0.8980392 0.8980392 0.8980392 1 0.8980392 0.8980392 0.8980392 1 0.6 0.6 0.6 1 0.6980392 0.6980392 0.6980392 1 0.4117647 0.4117647 0.4117647 1 0.8980392 0.8980392 0.8980392 1 0.6 0.6 0.6 1 0.8980392 0.8980392 0.8980392 1 0.8980392 0.8980392 0.8980392 1 0.8980392 0.8980392 0.8980392 1 0.6 0.6 0.6 1 0.8 0.8 0.8 1 0.2 0.2 0.2 1 0.8 0.8 0.8 1 1 1 1 1 1 1 1 1 1 1 1 1 0.8 0.8 0.8 1 0.5019608 0.5019608 0.5019608 1 0.8 0.8 0.8 1</float_array>
          <technique_common>
            <accessor source="#polygon2-mesh-colors-polygon2_Colors0-array" count="2646" stride="4">
              <param name="R" type="float"/>
              <param name="G" type="float"/>
              <param name="B" type="float"/>
              <param name="A" type="float"/>
            </accessor>
          </technique_common>
        </source>
        <vertices id="polygon2-mesh-vertices">
          <input semantic="POSITION" source="#polygon2-mesh-positions"/>
        </vertices>
        <triangles material="mat_body-material" count="882">
          <input semantic="VERTEX" source="#polygon2-mesh-vertices" offset="0"/>
          <input semantic="NORMAL" source="#polygon2-mesh-normals" offset="1"/>
          <input semantic="TEXCOORD" source="#polygon2-mesh-map-0" offset="2" set="0"/>
          <input semantic="COLOR" source="#polygon2-mesh-colors-polygon2_Colors0" offset="3" set="0"/>
          <p>2 0 0 0 1 1 1 1 0 2 2 2 3 3 3 3 1 1 4 4 2 0 5 5 4 4 6 6 3 3 7 7 2 0 8 8 5 5 9 9 3 3 10 10 4 4 11 11 6 6 12 12 5 5 13 13 4 4 14 14 7 7 15 15 5 5 16 16 6 6 17 17 8 8 18 18 7 7 19 19 6 6 20 20 9 9 21 21 7 7 22 22 8 8 23 23 10 10 24 24 9 9 25 25 8 8 26 26 11 11 27 27 9 9 28 28 10 10 29 29 12 12 30 30 11 11 31 31 10 10 32 32 13 13 33 33 11 11 34 34 12 12 35 35 14 14 36 36 13 13 37 37 12 12 38 38 15 15 39 39 13 13 40 40 14 14 41 41 16 16 42 42 15 15 43 43 14 14 44 44 17 17 45 45 15 15 46 46 16 16 47 47 18 18 48 48 17 17 49 49 16 16 50 50 9 9 51 51 17 17 52 52 18 18 53 53 19 19 54 54 9 9 55 55 18 18 56 56 7 7 57 57 9 9 58 58 19 19 59 59 0 2 60 60 7 7 61 61 19 19 62 62 5 5 63 63 7 7 64 64 0 2 65 65 1 1 66 66 5 5 67 67 0 2 68 68 3 3 69 69 5 5 70 70 1 1 71 71 22 20 72 72 21 21 73 73 20 22 74 74 23 23 75 75 21 21 76 76 22 20 77 77 24 24 78 78 23 23 79 79 22 20 80 80 25 25 81 81 23 23 82 82 24 24 83 83 26 26 84 84 25 25 85 85 24 24 86 86 27 27 87 87 25 25 88 88 26 26 89 89 28 28 90 90 27 27 91 91 26 26 92 92 29 29 93 93 27 27 94 94 28 28 95 95 30 30 96 96 29 29 97 97 28 28 98 98 31 31 99 99 29 29 100 100 30 30 101 101 32 32 102 102 31 31 103 103 30 30 104 104 33 33 105 105 31 31 106 106 32 32 107 107 34 34 108 108 33 33 109 109 32 32 110 110 35 35 111 111 33 33 112 112 34 34 113 113 20 22 114 114 35 35 115 115 34 34 116 116 21 21 117 117 35 35 118 118 20 22 119 119 38 36 120 120 37 37 121 121 36 38 122 122 39 39 123 123 37 37 124 124 38 36 125 125 40 40 126 126 39 39 127 127 38 36 128 128 41 41 129 129 39 39 130 130 40 40 131 131 42 42 132 132 41 41 133 133 40 40 134 134 43 43 135 135 41 41 136 136 42 42 137 137 44 44 138 138 43 43 139 139 42 42 140 140 45 45 141 141 43 43 142 142 44 44 143 143 46 46 144 144 45 45 145 145 44 44 146 146 47 47 147 147 45 45 148 148 46 46 149 149 48 48 150 150 47 47 151 151 46 46 152 152 49 49 153 153 47 47 154 154 48 48 155 155 50 50 156 156 49 49 157 157 48 48 158 158 51 51 159 159 49 49 160 160 50 50 161 161 36 38 162 162 51 51 163 163 50 50 164 164 37 37 165 165 51 51 166 166 36 38 167 167 54 52 168 168 53 53 169 169 52 54 170 170 55 55 171 171 53 53 172 172 54 52 173 173 56 56 174 174 55 55 175 175 54 52 176 176 57 57 177 177 55 55 178 178 56 56 179 179 58 58 180 180 57 57 181 181 56 56 182 182 59 59 183 183 57 57 184 184 58 58 185 185 60 60 186 186 59 59 187 187 58 58 188 188 61 61 189 189 59 59 190 190 60 60 191 191 62 62 192 192 61 61 193 193 60 60 194 194 63 63 195 195 61 61 196 196 62 62 197 197 64 64 198 198 63 63 199 199 62 62 200 200 65 65 201 201 63 63 202 202 64 64 203 203 66 66 204 204 65 65 205 205 64 64 206 206 67 67 207 207 65 65 208 208 66 66 209 209 52 54 210 210 67 67 211 211 66 66 212 212 53 53 213 213 67 67 214 214 52 54 215 215 70 68 216 216 69 69 217 217 68 70 218 218 71 71 219 219 69 69 220 220 70 68 221 221 72 72 222 222 71 71 223 223 70 68 224 224 73 73 225 225 71 71 226 226 72 72 227 227 74 74 228 228 73 73 229 229 72 72 230 230 75 75 231 231 73 73 232 232 74 74 233 233 76 76 234 234 75 75 235 235 74 74 236 236 77 77 237 237 75 75 238 238 76 76 239 239 78 78 240 240 77 77 241 241 76 76 242 242 79 79 243 243 77 77 244 244 78 78 245 245 80 80 246 246 79 79 247 247 78 78 248 248 81 81 249 249 79 79 250 250 80 80 251 251 82 82 252 252 81 81 253 253 80 80 254 254 83 83 255 255 81 81 256 256 82 82 257 257 68 70 258 258 83 83 259 259 82 82 260 260 69 69 261 261 83 83 262 262 68 70 263 263 86 84 264 264 85 85 265 265 84 86 266 266 87 87 267 267 85 85 268 268 86 84 269 269 88 88 270 270 87 87 271 271 86 84 272 272 89 89 273 273 87 87 274 274 88 88 275 275 90 90 276 276 89 89 277 277 88 88 278 278 91 91 279 279 89 89 280 280 90 90 281 281 92 92 282 282 91 91 283 283 90 90 284 284 93 93 285 285 91 91 286 286 92 92 287 287 94 94 288 288 93 93 289 289 92 92 290 290 95 95 291 291 93 93 292 292 94 94 293 293 96 96 294 294 95 95 295 295 94 94 296 296 97 97 297 297 95 95 298 298 96 96 299 299 98 98 300 300 97 97 301 301 96 96 302 302 85 99 303 303 97 97 304 304 98 98 305 305 101 100 306 306 100 101 307 307 99 102 308 308 102 103 309 309 100 101 310 310 101 100 311 311 103 104 312 312 102 103 313 313 101 100 314 314 104 105 315 315 102 103 316 316 103 104 317 317 105 106 318 318 104 105 319 319 103 104 320 320 106 107 321 321 104 105 322 322 105 106 323 323 107 108 324 324 106 107 325 325 105 106 326 326 108 109 327 327 106 107 328 328 107 108 329 329 109 110 330 330 108 109 331 331 107 108 332 332 105 106 333 333 108 109 334 334 109 110 335 335 110 111 336 336 105 106 337 337 109 110 338 338 111 112 339 339 105 106 340 340 110 111 341 341 114 113 342 342 113 114 343 343 112 115 344 344 115 116 345 345 113 114 346 346 114 113 347 347 116 117 348 348 115 116 349 349 114 113 350 350 117 118 351 351 115 116 352 352 116 117 353 353 118 119 354 354 117 118 355 355 116 117 356 356 119 120 357 357 117 118 358 358 118 119 359 359 120 121 360 360 119 120 361 361 118 119 362 362 121 122 363 363 119 120 364 364 120 121 365 365 122 123 366 366 121 122 367 367 120 121 368 368 123 124 369 369 121 122 370 370 122 123 371 371 112 115 372 372 123 124 373 373 122 123 374 374 126 125 375 375 125 126 376 376 124 127 377 377 127 128 378 378 125 126 379 379 126 125 380 380 128 129 381 381 127 128 382 382 126 125 383 383 129 130 384 384 127 128 385 385 128 129 386 386 130 131 387 387 129 130 388 388 128 129 389 389 131 132 390 390 129 130 391 391 130 131 392 392 132 133 393 393 131 132 394 394 130 131 395 395 133 134 396 396 131 132 397 397 132 133 398 398 134 135 399 399 133 134 400 400 132 133 401 401 135 136 402 402 133 134 403 403 134 135 404 404 127 128 405 405 136 137 406 406 125 126 407 407 137 138 408 408 136 137 409 409 127 128 410 410 129 130 411 411 137 138 412 412 127 128 413 413 138 139 414 414 137 138 415 415 129 130 416 416 131 132 417 417 138 139 418 418 129 130 419 419 139 140 420 420 138 139 421 421 131 132 422 422 133 134 423 423 139 140 424 424 131 132 425 425 140 141 426 426 139 140 427 427 133 134 428 428 135 136 429 429 140 141 430 430 133 134 431 431 141 142 432 432 140 141 433 433 135 136 434 434 144 143 435 435 143 144 436 436 142 145 437 437 145 146 438 438 143 144 439 439 144 143 440 440 146 147 441 441 145 146 442 442 144 143 443 443 147 148 444 444 145 146 445 445 146 147 446 446 148 149 447 447 147 148 448 448 146 147 449 449 149 150 450 450 147 148 451 451 148 149 452 452 150 151 453 453 149 150 454 454 148 149 455 455 151 152 456 456 149 150 457 457 150 151 458 458 142 145 459 459 151 152 460 460 150 151 461 461 154 153 462 462 153 154 463 463 152 155 464 464 155 156 465 465 153 154 466 466 154 153 467 467 156 157 468 468 155 156 469 469 154 153 470 470 157 158 471 471 155 156 472 472 156 157 473 473 158 159 474 474 157 158 475 475 156 157 476 476 159 160 477 477 157 158 478 478 158 159 479 479 160 161 480 480 159 160 481 481 158 159 482 482 161 162 483 483 159 160 484 484 160 161 485 485 162 163 486 486 161 162 487 487 160 161 488 488 165 164 489 489 164 165 490 490 163 166 491 491 166 167 492 492 164 165 493 493 165 164 494 494 167 168 495 495 166 167 496 496 165 164 497 497 168 169 498 498 166 167 499 499 167 168 500 500 169 170 501 501 168 169 502 502 167 168 503 503 163 171 504 504 168 169 505 505 169 170 506 506 170 172 507 507 163 171 508 508 169 170 509 509 165 164 510 510 163 171 511 511 170 172 512 512 167 168 513 513 165 164 514 514 170 172 515 515 173 173 516 516 172 174 517 517 171 175 518 518 174 176 519 519 172 174 520 520 173 173 521 521 102 103 522 522 174 176 523 523 173 173 524 524 175 177 525 525 174 176 526 526 102 103 527 527 99 102 528 528 175 177 529 529 102 103 530 530 176 178 531 531 175 177 532 532 99 102 533 533 100 101 534 534 176 178 535 535 99 102 536 536 173 173 537 537 176 178 538 538 100 101 539 539 102 103 540 540 173 173 541 541 100 101 542 542 179 179 543 543 178 180 544 544 177 181 545 545 180 182 546 546 178 180 547 547 179 179 548 548 181 183 549 549 180 182 550 550 179 179 551 551 182 184 552 552 180 182 553 553 181 183 554 554 183 185 555 555 182 184 556 556 181 183 557 557 184 186 558 558 182 184 559 559 183 185 560 560 177 181 561 561 184 186 562 562 183 185 563 563 178 180 564 564 184 186 565 565 177 181 566 566 187 187 567 567 186 188 568 568 185 189 569 569 188 190 570 570 186 188 571 571 187 187 572 572 189 191 573 573 188 190 574 574 187 187 575 575 190 192 576 576 188 190 577 577 189 191 578 578 191 193 579 579 190 192 580 580 189 191 581 581 192 194 582 582 190 192 583 583 191 193 584 584 185 189 585 585 192 194 586 586 191 193 587 587 186 188 588 588 192 194 589 589 185 189 590 590 195 195 591 591 194 196 592 592 193 197 593 593 196 198 594 594 194 196 595 595 195 195 596 596 197 199 597 597 196 198 598 598 195 195 599 599 198 200 600 600 196 198 601 601 197 199 602 602 199 201 603 603 198 200 604 604 197 199 605 605 200 202 606 606 198 200 607 607 199 201 608 608 193 197 609 609 200 202 610 610 199 201 611 611 194 196 612 612 200 202 613 613 193 197 614 614 203 203 615 615 202 204 616 616 201 205 617 617 204 206 618 618 202 204 619 619 203 203 620 620 205 207 621 621 204 206 622 622 203 203 623 623 206 208 624 624 204 206 625 625 205 207 626 626 207 209 627 627 206 208 628 628 205 207 629 629 208 210 630 630 206 208 631 631 207 209 632 632 201 205 633 633 208 210 634 634 207 209 635 635 202 204 636 636 208 210 637 637 201 205 638 638 211 211 639 639 210 212 640 640 209 213 641 641 212 214 642 642 210 212 643 643 211 211 644 644 213 215 645 645 212 214 646 646 211 211 647 647 214 216 648 648 212 214 649 649 213 215 650 650 215 217 651 651 214 216 652 652 213 215 653 653 216 218 654 654 214 216 655 655 215 217 656 656 209 213 657 657 216 218 658 658 215 217 659 659 210 212 660 660 216 218 661 661 209 213 662 662 219 219 663 663 218 220 664 664 217 221 665 665 220 222 666 666 218 220 667 667 219 219 668 668 221 223 669 669 220 222 670 670 219 219 671 671 222 224 672 672 220 222 673 673 221 223 674 674 223 225 675 675 222 224 676 676 221 223 677 677 224 226 678 678 222 224 679 679 223 225 680 680 217 221 681 681 224 226 682 682 223 225 683 683 218 220 684 684 224 226 685 685 217 221 686 686 227 227 687 687 226 228 688 688 225 229 689 689 228 230 690 690 226 228 691 691 227 227 692 692 229 231 693 693 228 230 694 694 227 227 695 695 230 232 696 696 228 230 697 697 229 231 698 698 231 233 699 699 230 232 700 700 229 231 701 701 232 234 702 702 230 232 703 703 231 233 704 704 225 229 705 705 232 234 706 706 231 233 707 707 226 228 708 708 232 234 709 709 225 229 710 710 235 235 711 711 234 236 712 712 233 237 713 713 236 238 714 714 234 236 715 715 235 235 716 716 237 239 717 717 236 238 718 718 235 235 719 719 238 240 720 720 236 238 721 721 237 239 722 722 239 241 723 723 238 240 724 724 237 239 725 725 240 242 726 726 238 240 727 727 239 241 728 728 233 237 729 729 240 242 730 730 239 241 731 731 234 236 732 732 240 242 733 733 233 237 734 734 243 243 735 735 242 244 736 736 241 245 737 737 244 246 738 738 242 244 739 739 243 243 740 740 245 247 741 741 244 246 742 742 243 243 743 743 246 248 744 744 244 246 745 745 245 247 746 746 247 249 747 747 246 248 748 748 245 247 749 749 248 250 750 750 246 248 751 751 247 249 752 752 249 251 753 753 248 250 754 754 247 249 755 755 251 252 756 756 84 86 757 757 250 253 758 758 252 254 759 759 84 86 760 760 251 252 761 761 253 255 762 762 252 254 763 763 251 252 764 764 254 256 765 765 252 254 766 766 253 255 767 767 255 257 768 768 254 256 769 769 253 255 770 770 88 88 771 771 254 256 772 772 255 257 773 773 90 90 774 774 88 88 775 775 255 257 776 776 258 258 777 777 257 259 778 778 256 260 779 779 259 261 780 780 257 259 781 781 258 258 782 782 260 262 783 783 259 261 784 784 258 258 785 785 261 263 786 786 259 261 787 787 260 262 788 788 262 264 789 789 261 263 790 790 260 262 791 791 263 265 792 792 261 263 793 793 262 264 794 794 264 266 795 795 263 265 796 796 262 264 797 797 267 267 798 798 266 268 799 799 265 269 800 800 268 270 801 801 266 268 802 802 267 267 803 803 269 271 804 804 268 270 805 805 267 267 806 806 270 272 807 807 268 270 808 808 269 271 809 809 271 273 810 810 270 272 811 811 269 271 812 812 272 274 813 813 270 272 814 814 271 273 815 815 273 275 816 816 272 274 817 817 271 273 818 818 276 276 819 819 275 277 820 820 274 278 821 821 277 279 822 822 275 277 823 823 276 276 824 824 278 280 825 825 277 279 826 826 276 276 827 827 279 281 828 828 277 279 829 829 278 280 830 830 280 282 831 831 279 281 832 832 278 280 833 833 281 283 834 834 279 281 835 835 280 282 836 836 161 162 837 837 282 284 838 838 159 160 839 839 283 285 840 840 282 284 841 841 161 162 842 842 284 286 843 843 283 285 844 844 161 162 845 845 285 287 846 846 283 285 847 847 284 286 848 848 286 288 849 849 285 287 850 850 284 286 851 851 162 163 852 852 285 287 853 853 286 288 854 854 289 289 855 855 288 290 856 856 287 291 857 857 290 292 858 858 288 290 859 859 289 289 860 860 291 293 861 861 290 292 862 862 289 289 863 863 292 294 864 864 290 292 865 865 291 293 866 866 293 295 867 867 292 294 868 868 291 293 869 869 294 296 870 870 292 294 871 871 293 295 872 872 297 297 873 873 296 298 874 874 295 299 875 875 298 300 876 876 296 298 877 877 297 297 878 878 294 296 879 879 298 300 880 880 297 297 881 881 288 290 882 882 298 300 883 883 294 296 884 884 293 295 885 885 288 290 886 886 294 296 887 887 287 291 888 888 288 290 889 889 293 295 890 890 301 301 891 891 300 302 892 892 299 303 893 893 302 304 894 894 300 302 895 895 301 301 896 896 303 305 897 897 302 304 898 898 301 301 899 899 304 306 900 900 302 304 901 901 303 305 902 902 305 307 903 903 304 306 904 904 303 305 905 905 306 308 906 906 304 306 907 907 305 307 908 908 49 49 909 909 45 45 910 910 47 47 911 911 43 43 912 912 45 45 913 913 49 49 914 914 51 51 915 915 43 43 916 916 49 49 917 917 41 41 918 918 43 43 919 919 51 51 920 920 37 37 921 921 41 41 922 922 51 51 923 923 39 39 924 924 41 41 925 925 37 37 926 926 309 309 927 927 308 310 928 928 307 311 929 929 310 312 930 930 308 310 931 931 309 309 932 932 311 313 933 933 310 312 934 934 309 309 935 935 307 311 936 936 310 312 937 937 311 313 938 938 312 314 939 939 307 311 940 940 311 313 941 941 309 309 942 942 307 311 943 943 312 314 944 944 57 57 945 945 53 53 946 946 55 55 947 947 67 67 948 948 53 53 949 949 57 57 950 950 59 59 951 951 67 67 952 952 57 57 953 953 65 65 954 954 67 67 955 955 59 59 956 956 61 61 957 957 65 65 958 958 59 59 959 959 63 63 960 960 65 65 961 961 61 61 962 962 313 315 963 963 299 303 964 964 305 307 965 965 314 316 966 966 299 303 967 967 313 315 968 968 315 317 969 969 314 316 970 970 313 315 971 971 316 318 972 972 314 316 973 973 315 317 974 974 317 319 975 975 316 318 976 976 315 317 977 977 318 320 978 978 316 318 979 979 317 319 980 980 265 269 981 981 269 271 982 982 267 267 983 983 319 321 984 984 269 271 985 985 265 269 986 986 266 268 987 987 319 321 988 988 265 269 989 989 320 322 990 990 319 321 991 991 266 268 992 992 321 323 993 993 320 322 994 994 266 268 995 995 273 275 996 996 320 322 997 997 321 323 998 998 322 324 999 999 305 307 1000 1000 303 305 1001 1001 313 315 1002 1002 305 307 1003 1003 322 324 1004 1004 323 325 1005 1005 313 315 1006 1006 322 324 1007 1007 315 317 1008 1008 313 315 1009 1009 323 325 1010 1010 324 326 1011 1011 315 317 1012 1012 323 325 1013 1013 317 319 1014 1014 315 317 1015 1015 324 326 1016 1016 325 327 1017 1017 297 297 1018 1018 295 299 1019 1019 326 328 1020 1020 297 297 1021 1021 325 327 1022 1022 327 329 1023 1023 326 328 1024 1024 325 327 1025 1025 328 330 1026 1026 326 328 1027 1027 327 329 1028 1028 296 298 1029 1029 328 330 1030 1030 327 329 1031 1031 298 300 1032 1032 328 330 1033 1033 296 298 1034 1034 331 331 1035 1035 330 332 1036 1036 329 333 1037 1037 332 334 1038 1038 330 332 1039 1039 331 331 1040 1040 333 335 1041 1041 332 334 1042 1042 331 331 1043 1043 334 336 1044 1044 332 334 1045 1045 333 335 1046 1046 335 337 1047 1047 334 336 1048 1048 333 335 1049 1049 336 338 1050 1050 334 336 1051 1051 335 337 1052 1052 339 339 1053 1053 338 340 1054 1054 337 341 1055 1055 340 342 1056 1056 338 340 1057 1057 339 339 1058 1058 341 343 1059 1059 340 342 1060 1060 339 339 1061 1061 342 344 1062 1062 340 342 1063 1063 341 343 1064 1064 343 166 1065 1065 342 344 1066 1066 341 343 1067 1067 344 166 1068 1068 342 344 1069 1069 343 166 1070 1070 347 345 1071 1071 346 346 1072 1072 345 347 1073 1073 348 348 1074 1074 346 349 1075 1075 347 350 1076 1076 349 351 1077 1077 348 352 1078 1078 347 353 1079 1079 350 354 1080 1080 348 355 1081 1081 349 356 1082 1082 351 357 1083 1083 350 358 1084 1084 349 359 1085 1085 352 360 1086 1086 350 361 1087 1087 351 362 1088 1088 354 363 1089 1089 191 193 1090 1090 353 364 1091 1091 185 189 1092 1092 191 193 1093 1093 354 363 1094 1094 355 365 1095 1095 185 189 1096 1096 354 363 1097 1097 187 187 1098 1098 185 189 1099 1099 355 365 1100 1100 356 366 1101 1101 187 187 1102 1102 355 365 1103 1103 189 191 1104 1104 187 187 1105 1105 356 366 1106 1106 357 367 1107 1107 276 276 1108 1108 274 278 1109 1109 358 368 1110 1110 276 276 1111 1111 357 367 1112 1112 359 369 1113 1113 358 368 1114 1114 357 367 1115 1115 360 370 1116 1116 358 368 1117 1117 359 369 1118 1118 280 282 1119 1119 360 370 1120 1120 359 369 1121 1121 278 280 1122 1122 360 370 1123 1123 280 282 1124 1124 363 371 1125 1125 362 372 1126 1126 361 373 1127 1127 364 374 1128 1128 362 372 1129 1129 363 371 1130 1130 365 375 1131 1131 364 374 1132 1132 363 371 1133 1133 361 373 1134 1134 364 374 1135 1135 365 375 1136 1136 363 371 1137 1137 361 373 1138 1138 365 375 1139 1139 106 107 1140 1140 366 376 1141 1141 104 105 1142 1142 99 102 1143 1143 366 376 1144 1144 106 107 1145 1145 367 377 1146 1146 99 102 1147 1147 106 107 1148 1148 101 100 1149 1149 99 102 1150 1150 367 377 1151 1151 103 104 1152 1152 101 100 1153 1153 367 377 1154 1154 368 378 1155 1155 329 333 1156 1156 330 332 1157 1157 369 379 1158 1158 329 333 1159 1159 368 378 1160 1160 370 380 1161 1161 369 379 1162 1162 368 378 1163 1163 335 337 1164 1164 369 379 1165 1165 370 380 1166 1166 336 338 1167 1167 335 337 1168 1168 370 380 1169 1169 373 381 1170 1170 372 382 1171 1171 371 383 1172 1172 374 384 1173 1173 372 382 1174 1174 373 381 1175 1175 375 385 1176 1176 374 384 1177 1177 373 381 1178 1178 376 386 1179 1179 374 384 1180 1180 375 385 1181 1181 377 387 1182 1182 376 386 1183 1183 375 385 1184 1184 380 388 1185 1185 379 389 1186 1186 378 390 1187 1187 381 391 1188 1188 379 389 1189 1189 380 388 1190 1190 382 392 1191 1191 381 391 1192 1192 380 388 1193 1193 378 390 1194 1194 381 391 1195 1195 382 392 1196 1196 380 388 1197 1197 378 390 1198 1198 382 392 1199 1199 18 18 1200 1200 4 4 1201 1201 2 0 1202 1202 6 6 1203 1203 4 4 1204 1204 18 18 1205 1205 16 16 1206 1206 6 6 1207 1207 18 18 1208 1208 8 8 1209 1209 6 6 1210 1210 16 16 1211 1211 14 14 1212 1212 8 8 1213 1213 16 16 1214 1214 383 393 1215 1215 279 281 1216 1216 281 283 1217 1217 384 394 1218 1218 279 281 1219 1219 383 393 1220 1220 385 395 1221 1221 384 394 1222 1222 383 393 1223 1223 386 396 1224 1224 384 394 1225 1225 385 395 1226 1226 277 279 1227 1227 386 396 1228 1228 385 395 1229 1229 388 397 1230 1230 182 184 1231 1231 387 398 1232 1232 180 182 1233 1233 182 184 1234 1234 388 397 1235 1235 389 399 1236 1236 180 182 1237 1237 388 397 1238 1238 178 180 1239 1239 180 182 1240 1240 389 399 1241 1241 184 186 1242 1242 178 180 1243 1243 389 399 1244 1244 92 92 1245 1245 85 85 1246 1246 257 259 1247 1247 84 86 1248 1248 85 85 1249 1249 92 92 1250 1250 390 400 1251 1251 84 86 1252 1252 92 92 1253 1253 250 253 1254 1254 84 86 1255 1255 390 400 1256 1256 391 401 1257 1257 250 253 1258 1258 390 400 1259 1259 394 402 1260 1260 393 403 1261 1261 392 404 1262 1262 395 405 1263 1263 393 403 1264 1264 394 402 1265 1265 396 406 1266 1266 395 405 1267 1267 394 402 1268 1268 397 407 1269 1269 395 405 1270 1270 396 406 1271 1271 400 408 1272 1272 399 409 1273 1273 398 410 1274 1274 401 411 1275 1275 399 409 1276 1276 400 408 1277 1277 402 412 1278 1278 401 411 1279 1279 400 408 1280 1280 403 413 1281 1281 401 411 1282 1282 402 412 1283 1283 107 108 1284 1284 404 414 1285 1285 109 110 1286 1286 405 415 1287 1287 404 414 1288 1288 107 108 1289 1289 105 106 1290 1290 405 415 1291 1291 107 108 1292 1292 111 112 1293 1293 405 415 1294 1294 105 106 1295 1295 408 416 1296 1296 407 417 1297 1297 406 418 1298 1298 409 419 1299 1299 407 417 1300 1300 408 416 1301 1301 410 420 1302 1302 409 419 1303 1303 408 416 1304 1304 411 421 1305 1305 409 419 1306 1306 410 420 1307 1307 249 251 1308 1308 412 422 1309 1309 248 250 1310 1310 413 423 1311 1311 412 422 1312 1312 249 251 1313 1313 244 246 1314 1314 413 423 1315 1315 249 251 1316 1316 246 248 1317 1317 413 423 1318 1318 244 246 1319 1319 244 246 1320 1320 414 424 1321 1321 242 244 1322 1322 415 425 1323 1323 414 424 1324 1324 244 246 1325 1325 249 251 1326 1326 415 425 1327 1327 244 246 1328 1328 416 426 1329 1329 415 425 1330 1330 249 251 1331 1331 419 427 1332 1332 418 428 1333 1333 417 429 1334 1334 420 430 1335 1335 418 428 1336 1336 419 427 1337 1337 421 431 1338 1338 420 430 1339 1339 419 427 1340 1340 422 432 1341 1341 420 430 1342 1342 421 431 1343 1343 259 261 1344 1344 423 433 1345 1345 257 259 1346 1346 424 434 1347 1347 423 433 1348 1348 259 261 1349 1349 261 263 1350 1350 424 434 1351 1351 259 261 1352 1352 263 265 1353 1353 424 434 1354 1354 261 263 1355 1355 427 435 1356 1356 426 436 1357 1357 425 437 1358 1358 428 438 1359 1359 426 436 1360 1360 427 435 1361 1361 425 437 1362 1362 428 438 1363 1363 427 435 1364 1364 429 439 1365 1365 428 438 1366 1366 425 437 1367 1367 62 62 1368 1368 223 225 1369 1369 64 64 1370 1370 217 221 1371 1371 223 225 1372 1372 62 62 1373 1373 60 60 1374 1374 217 221 1375 1375 62 62 1376 1376 58 58 1377 1377 217 221 1378 1378 60 60 1379 1379 139 140 1380 1380 137 138 1381 1381 138 139 1382 1382 430 440 1383 1383 137 138 1384 1384 139 140 1385 1385 126 125 1386 1386 430 440 1387 1387 139 140 1388 1388 124 127 1389 1389 430 440 1390 1390 126 125 1391 1391 433 441 1392 1392 432 442 1393 1393 431 443 1394 1394 434 444 1395 1395 432 442 1396 1396 433 441 1397 1397 435 445 1398 1398 434 444 1399 1399 433 441 1400 1400 436 446 1401 1401 434 444 1402 1402 435 445 1403 1403 434 444 1404 1404 437 447 1405 1405 432 442 1406 1406 438 448 1407 1407 437 447 1408 1408 434 444 1409 1409 436 446 1410 1410 438 448 1411 1411 434 444 1412 1412 439 449 1413 1413 438 448 1414 1414 436 446 1415 1415 438 448 1416 1416 440 450 1417 1417 437 447 1418 1418 441 451 1419 1419 440 450 1420 1420 438 448 1421 1421 439 449 1422 1422 441 451 1423 1423 438 448 1424 1424 442 452 1425 1425 441 451 1426 1426 439 449 1427 1427 443 453 1428 1428 356 366 1429 1429 355 365 1430 1430 444 454 1431 1431 356 366 1432 1432 443 453 1433 1433 389 399 1434 1434 444 454 1435 1435 443 453 1436 1436 388 397 1437 1437 444 454 1438 1438 389 399 1439 1439 38 36 1440 1440 211 211 1441 1441 40 40 1442 1442 213 215 1443 1443 211 211 1444 1444 38 36 1445 1445 36 38 1446 1446 213 215 1447 1447 38 36 1448 1448 50 50 1449 1449 213 215 1450 1450 36 38 1451 1451 303 305 1452 1452 324 326 1453 1453 445 455 1454 1454 317 319 1455 1455 324 326 1456 1456 303 305 1457 1457 301 301 1458 1458 317 319 1459 1459 303 305 1460 1460 318 320 1461 1461 317 319 1462 1462 301 301 1463 1463 429 439 1464 1464 362 372 1465 1465 364 374 1466 1466 381 391 1467 1467 362 372 1468 1468 429 439 1469 1469 425 437 1470 1470 381 391 1471 1471 429 439 1472 1472 379 389 1473 1473 381 391 1474 1474 425 437 1475 1475 441 451 1476 1476 398 410 1477 1477 440 450 1478 1478 400 408 1479 1479 398 410 1480 1480 441 451 1481 1481 442 452 1482 1482 400 408 1483 1483 441 451 1484 1484 402 412 1485 1485 400 408 1486 1486 442 452 1487 1487 446 456 1488 1488 326 328 1489 1489 328 330 1490 1490 447 457 1491 1491 326 328 1492 1492 446 456 1493 1493 288 290 1494 1494 447 457 1495 1495 446 456 1496 1496 290 292 1497 1497 447 457 1498 1498 288 290 1499 1499 449 458 1500 1500 431 443 1501 1501 448 459 1502 1502 433 441 1503 1503 431 443 1504 1504 449 458 1505 1505 450 460 1506 1506 433 441 1507 1507 449 458 1508 1508 435 445 1509 1509 433 441 1510 1510 450 460 1511 1511 401 411 1512 1512 448 459 1513 1513 399 409 1514 1514 449 458 1515 1515 448 459 1516 1516 401 411 1517 1517 403 413 1518 1518 449 458 1519 1519 401 411 1520 1520 450 460 1521 1521 449 458 1522 1522 403 413 1523 1523 453 461 1524 1524 452 462 1525 1525 451 463 1526 1526 454 464 1527 1527 452 462 1528 1528 453 461 1529 1529 397 407 1530 1530 454 464 1531 1531 453 461 1532 1532 219 219 1533 1533 54 52 1534 1534 221 223 1535 1535 56 56 1536 1536 54 52 1537 1537 219 219 1538 1538 58 58 1539 1539 56 56 1540 1540 219 219 1541 1541 457 465 1542 1542 456 466 1543 1543 455 467 1544 1544 458 468 1545 1545 456 466 1546 1546 457 465 1547 1547 459 469 1548 1548 458 468 1549 1549 457 465 1550 1550 233 237 1551 1551 28 28 1552 1552 235 235 1553 1553 30 30 1554 1554 28 28 1555 1555 233 237 1556 1556 32 32 1557 1557 30 30 1558 1558 233 237 1559 1559 239 241 1560 1560 32 32 1561 1561 233 237 1562 1562 34 34 1563 1563 32 32 1564 1564 239 241 1565 1565 20 22 1566 1566 34 34 1567 1567 239 241 1568 1568 237 239 1569 1569 20 22 1570 1570 239 241 1571 1571 22 20 1572 1572 20 22 1573 1573 237 239 1574 1574 24 24 1575 1575 22 20 1576 1576 237 239 1577 1577 235 235 1578 1578 24 24 1579 1579 237 239 1580 1580 26 26 1581 1581 24 24 1582 1582 235 235 1583 1583 28 28 1584 1584 26 26 1585 1585 235 235 1586 1586 227 227 1587 1587 76 76 1588 1588 229 231 1589 1589 78 78 1590 1590 76 76 1591 1591 227 227 1592 1592 80 80 1593 1593 78 78 1594 1594 227 227 1595 1595 225 229 1596 1596 80 80 1597 1597 227 227 1598 1598 82 82 1599 1599 80 80 1600 1600 225 229 1601 1601 68 70 1602 1602 82 82 1603 1603 225 229 1604 1604 231 233 1605 1605 68 70 1606 1606 225 229 1607 1607 70 68 1608 1608 68 70 1609 1609 231 233 1610 1610 72 72 1611 1611 70 68 1612 1612 231 233 1613 1613 229 231 1614 1614 72 72 1615 1615 231 233 1616 1616 74 74 1617 1617 72 72 1618 1618 229 231 1619 1619 76 76 1620 1620 74 74 1621 1621 229 231 1622 1622 460 470 1623 1623 417 429 1624 1624 392 404 1625 1625 419 427 1626 1626 417 429 1627 1627 460 470 1628 1628 421 431 1629 1629 419 427 1630 1630 460 470 1631 1631 461 471 1632 1632 452 462 1633 1633 454 464 1634 1634 422 432 1635 1635 452 462 1636 1636 461 471 1637 1637 462 472 1638 1638 422 432 1639 1639 461 471 1640 1640 463 473 1641 1641 421 431 1642 1642 460 470 1643 1643 451 463 1644 1644 421 431 1645 1645 463 473 1646 1646 464 474 1647 1647 451 463 1648 1648 463 473 1649 1649 467 475 1650 1650 466 476 1651 1651 465 477 1652 1652 468 478 1653 1653 466 476 1654 1654 467 475 1655 1655 469 479 1656 1656 468 478 1657 1657 467 475 1658 1658 470 480 1659 1659 196 198 1660 1660 188 190 1661 1661 194 196 1662 1662 196 198 1663 1663 470 480 1664 1664 200 202 1665 1665 194 196 1666 1666 470 480 1667 1667 462 472 1668 1668 420 430 1669 1669 422 432 1670 1670 418 428 1671 1671 420 430 1672 1672 462 472 1673 1673 471 481 1674 1674 418 428 1675 1675 462 472 1676 1676 474 482 1677 1677 473 483 1678 1678 472 484 1679 1679 475 485 1680 1680 473 483 1681 1681 474 482 1682 1682 472 484 1683 1683 475 485 1684 1684 474 482 1685 1685 322 324 1686 1686 324 326 1687 1687 323 325 1688 1688 445 455 1689 1689 324 326 1690 1690 322 324 1691 1691 303 305 1692 1692 445 455 1693 1693 322 324 1694 1694 316 318 1695 1695 299 303 1696 1696 314 316 1697 1697 301 301 1698 1698 299 303 1699 1699 316 318 1700 1700 318 320 1701 1701 301 301 1702 1702 316 318 1703 1703 122 123 1704 1704 114 113 1705 1705 112 115 1706 1706 118 119 1707 1707 114 113 1708 1708 122 123 1709 1709 120 121 1710 1710 118 119 1711 1711 122 123 1712 1712 215 217 1713 1713 46 46 1714 1714 209 213 1715 1715 48 48 1716 1716 46 46 1717 1717 215 217 1718 1718 50 50 1719 1719 48 48 1720 1720 215 217 1721 1721 321 323 1722 1722 272 274 1723 1723 273 275 1724 1724 270 272 1725 1725 272 274 1726 1726 321 323 1727 1727 268 270 1728 1728 270 272 1729 1729 321 323 1730 1730 130 131 1731 1731 141 142 1732 1732 132 133 1733 1733 140 141 1734 1734 141 142 1735 1735 130 131 1736 1736 128 129 1737 1737 140 141 1738 1738 130 131 1739 1739 271 273 1740 1740 320 322 1741 1741 273 275 1742 1742 319 321 1743 1743 320 322 1744 1744 271 273 1745 1745 269 271 1746 1746 319 321 1747 1747 271 273 1748 1748 256 260 1749 1749 260 262 1750 1750 258 258 1751 1751 476 486 1752 1752 260 262 1753 1753 256 260 1754 1754 477 487 1755 1755 476 486 1756 1756 256 260 1757 1757 394 402 1758 1758 418 428 1759 1759 471 481 1760 1760 417 429 1761 1761 418 428 1762 1762 394 402 1763 1763 392 404 1764 1764 417 429 1765 1765 394 402 1766 1766 333 335 1767 1767 369 379 1768 1768 335 337 1769 1769 329 333 1770 1770 369 379 1771 1771 333 335 1772 1772 331 331 1773 1773 329 333 1774 1774 333 335 1775 1775 478 488 1776 1776 367 377 1777 1777 106 107 1778 1778 103 104 1779 1779 367 377 1780 1780 478 488 1781 1781 105 106 1782 1782 103 104 1783 1783 478 488 1784 1784 481 489 1785 1785 480 489 1786 1786 479 489 1787 1787 482 490 1788 1788 480 490 1789 1789 481 490 1790 1790 483 491 1791 1791 482 491 1792 1792 481 491 1793 1793 253 255 1794 1794 391 401 1795 1795 484 492 1796 1796 250 253 1797 1797 391 401 1798 1798 253 255 1799 1799 251 252 1800 1800 250 253 1801 1801 253 255 1802 1802 423 433 1803 1803 92 92 1804 1804 257 259 1805 1805 94 94 1806 1806 92 92 1807 1807 423 433 1808 1808 96 96 1809 1809 94 94 1810 1810 423 433 1811 1811 86 84 1812 1812 254 256 1813 1813 88 88 1814 1814 252 254 1815 1815 254 256 1816 1816 86 84 1817 1817 84 86 1818 1818 252 254 1819 1819 86 84 1820 1820 476 486 1821 1821 262 264 1822 1822 260 262 1823 1823 264 266 1824 1824 262 264 1825 1825 476 486 1826 1826 477 487 1827 1827 264 266 1828 1828 476 486 1829 1829 372 382 1830 1830 485 493 1831 1831 371 383 1832 1832 486 494 1833 1833 485 493 1834 1834 372 382 1835 1835 487 495 1836 1836 486 494 1837 1837 372 382 1838 1838 361 496 1839 1839 378 497 1840 1840 426 498 1841 1841 381 391 1842 1842 378 390 1843 1843 361 373 1844 1844 362 372 1845 1845 381 391 1846 1846 361 373 1847 1847 334 336 1848 1848 330 332 1849 1849 332 334 1850 1850 368 378 1851 1851 330 332 1852 1852 334 336 1853 1853 370 380 1854 1854 368 378 1855 1855 334 336 1856 1856 255 257 1857 1857 390 400 1858 1858 90 90 1859 1859 484 492 1860 1860 390 400 1861 1861 255 257 1862 1862 253 255 1863 1863 484 492 1864 1864 255 257 1865 1865 257 259 1866 1866 477 487 1867 1867 256 260 1868 1868 264 266 1869 1869 477 487 1870 1870 257 259 1871 1871 85 85 1872 1872 264 266 1873 1873 257 259 1874 1874 490 499 1875 1875 489 500 1876 1876 488 501 1877 1877 491 502 1878 1878 489 500 1879 1879 490 499 1880 1880 377 387 1881 1881 491 502 1882 1882 490 499 1883 1883 453 461 1884 1884 492 503 1885 1885 397 407 1886 1886 464 474 1887 1887 492 503 1888 1888 453 461 1889 1889 451 463 1890 1890 464 474 1891 1891 453 461 1892 1892 461 471 1893 1893 471 481 1894 1894 462 472 1895 1895 396 406 1896 1896 471 481 1897 1897 461 471 1898 1898 463 473 1899 1899 392 404 1900 1900 393 403 1901 1901 460 470 1902 1902 392 404 1903 1903 463 473 1904 1904 461 471 1905 1905 397 407 1906 1906 396 406 1907 1907 454 464 1908 1908 397 407 1909 1909 461 471 1910 1910 463 473 1911 1911 492 503 1912 1912 464 474 1913 1913 393 403 1914 1914 492 503 1915 1915 463 473 1916 1916 495 166 1917 1917 494 166 1918 1918 493 166 1919 1919 496 504 1920 1920 494 504 1921 1921 495 504 1922 1922 499 505 1923 1923 498 505 1924 1924 497 505 1925 1925 500 506 1926 1926 498 506 1927 1927 499 506 1928 1928 503 507 1929 1929 502 507 1930 1930 501 507 1931 1931 504 508 1932 1932 502 508 1933 1933 503 508 1934 1934 507 507 1935 1935 506 507 1936 1936 505 507 1937 1937 508 507 1938 1938 506 507 1939 1939 507 507 1940 1940 87 87 1941 1941 97 97 1942 1942 85 99 1943 1943 89 89 1944 1944 97 97 1945 1945 87 87 1946 1946 85 85 1947 1947 263 265 1948 1948 264 266 1949 1949 98 98 1950 1950 263 265 1951 1951 85 85 1952 1952 98 98 1953 1953 424 434 1954 1954 263 265 1955 1955 96 96 1956 1956 424 434 1957 1957 98 98 1958 1958 511 509 1959 1959 510 510 1960 1960 509 511 1961 1961 512 512 1962 1962 510 510 1963 1963 511 509 1964 1964 512 512 1965 1965 513 513 1966 1966 510 510 1967 1967 514 514 1968 1968 513 513 1969 1969 512 512 1970 1970 517 515 1971 1971 516 516 1972 1972 515 517 1973 1973 518 518 1974 1974 516 516 1975 1975 517 515 1976 1976 77 77 1977 1977 73 73 1978 1978 75 75 1979 1979 79 79 1980 1980 73 73 1981 1981 77 77 1982 1982 21 21 1983 1983 33 33 1984 1984 35 35 1985 1985 23 23 1986 1986 33 33 1987 1987 21 21 1988 1988 521 519 1989 1989 520 520 1990 1990 519 521 1991 1991 522 522 1992 1992 520 520 1993 1993 521 519 1994 1994 29 29 1995 1995 25 25 1996 1996 27 27 1997 1997 31 31 1998 1998 25 25 1999 1999 29 29 2000 2000 69 69 2001 2001 81 81 2002 2002 83 83 2003 2003 71 71 2004 2004 81 81 2005 2005 69 69 2006 2006 512 512 2007 2007 523 523 2008 2008 514 514 2009 2009 511 509 2010 2010 523 523 2011 2011 512 512 2012 2012 158 159 2013 2013 154 153 2014 2014 160 161 2015 2015 156 157 2016 2016 154 153 2017 2017 158 159 2018 2018 526 524 2019 2019 525 525 2020 2020 524 526 2021 2021 527 527 2022 2022 525 525 2023 2023 526 524 2024 2024 529 507 2025 2025 527 527 2026 2026 528 507 2027 2027 525 525 2028 2028 527 527 2029 2029 529 507 2030 2030 432 442 2031 2031 439 449 2032 2032 436 446 2033 2033 437 447 2034 2034 439 449 2035 2035 432 442 2036 2036 456 466 2037 2037 459 469 2038 2038 455 467 2039 2039 458 468 2040 2040 459 469 2041 2041 456 466 2042 2042 530 528 2043 2043 510 510 2044 2044 513 513 2045 2045 531 529 2046 2046 510 510 2047 2047 530 528 2048 2048 168 169 2049 2049 164 165 2050 2050 166 167 2051 2051 163 171 2052 2052 164 165 2053 2053 168 169 2054 2054 52 54 2055 2055 221 223 2056 2056 54 52 2057 2057 66 66 2058 2058 221 223 2059 2059 52 54 2060 2060 66 66 2061 2061 223 225 2062 2062 221 223 2063 2063 64 64 2064 2064 223 225 2065 2065 66 66 2066 2066 533 530 2067 2067 524 526 2068 2068 532 531 2069 2069 526 524 2070 2070 524 526 2071 2071 533 530 2072 2072 507 532 2073 2073 493 532 2074 2074 508 532 2075 2075 495 533 2076 2076 493 533 2077 2077 507 533 2078 2078 386 396 2079 2079 279 281 2080 2080 384 394 2081 2081 277 279 2082 2082 279 281 2083 2083 386 396 2084 2084 276 276 2085 2085 360 370 2086 2086 278 280 2087 2087 358 368 2088 2088 360 370 2089 2089 276 276 2090 2090 509 511 2091 2091 531 529 2092 2092 534 534 2093 2093 510 510 2094 2094 531 529 2095 2095 509 511 2096 2096 531 529 2097 2097 514 514 2098 2098 523 523 2099 2099 530 528 2100 2100 514 514 2101 2101 531 529 2102 2102 537 535 2103 2103 536 536 2104 2104 535 537 2105 2105 538 538 2106 2106 536 536 2107 2107 537 535 2108 2108 506 539 2109 2109 496 539 2110 2110 505 539 2111 2111 494 540 2112 2112 496 540 2113 2113 506 540 2114 2114 422 432 2115 2115 451 463 2116 2116 452 462 2117 2117 421 431 2118 2118 451 463 2119 2119 422 432 2120 2120 541 541 2121 2121 540 541 2122 2122 539 541 2123 2123 542 542 2124 2124 540 542 2125 2125 541 542 2126 2126 536 536 2127 2127 544 543 2128 2128 543 544 2129 2129 538 538 2130 2130 544 543 2131 2131 536 536 2132 2132 376 386 2133 2133 487 495 2134 2134 372 382 2135 2135 490 499 2136 2136 487 495 2137 2137 376 386 2138 2138 190 192 2139 2139 470 480 2140 2140 188 190 2141 2141 192 194 2142 2142 470 480 2143 2143 190 192 2144 2144 468 478 2145 2145 465 477 2146 2146 466 476 2147 2147 469 479 2148 2148 465 477 2149 2149 468 478 2150 2150 502 545 2151 2151 500 545 2152 2152 501 545 2153 2153 498 545 2154 2154 500 545 2155 2155 502 545 2156 2156 488 501 2157 2157 487 495 2158 2158 490 499 2159 2159 544 543 2160 2160 487 495 2161 2161 488 501 2162 2162 503 546 2163 2163 497 546 2164 2164 504 546 2165 2165 499 547 2166 2166 497 547 2167 2167 503 547 2168 2168 538 538 2169 2169 487 495 2170 2170 544 543 2171 2171 537 535 2172 2172 487 495 2173 2173 538 538 2174 2174 112 115 2175 2175 150 151 2176 2176 148 149 2177 2177 113 114 2178 2178 150 151 2179 2179 112 115 2180 2180 487 495 2181 2181 485 493 2182 2182 486 494 2183 2183 537 535 2184 2184 485 493 2185 2185 487 495 2186 2186 144 143 2187 2187 117 118 2188 2188 146 147 2189 2189 115 116 2190 2190 117 118 2191 2191 144 143 2192 2192 199 201 2193 2193 195 195 2194 2194 193 197 2195 2195 197 199 2196 2196 195 195 2197 2197 199 201 2198 2198 79 79 2199 2199 71 71 2200 2200 73 73 2201 2201 81 81 2202 2202 71 71 2203 2203 79 79 2204 2204 44 44 2205 2205 209 213 2206 2206 46 46 2207 2207 42 42 2208 2208 209 213 2209 2209 44 44 2210 2210 42 42 2211 2211 211 211 2212 2212 209 213 2213 2213 40 40 2214 2214 211 211 2215 2215 42 42 2216 2216 144 143 2217 2217 113 114 2218 2218 115 116 2219 2219 150 151 2220 2220 113 114 2221 2221 144 143 2222 2222 407 417 2223 2223 410 420 2224 2224 406 418 2225 2225 411 421 2226 2226 410 420 2227 2227 407 417 2228 2228 117 118 2229 2229 123 124 2230 2230 112 115 2231 2231 119 120 2232 2232 123 124 2233 2233 117 118 2234 2234 112 115 2235 2235 146 147 2236 2236 117 118 2237 2237 148 149 2238 2238 146 147 2239 2239 112 115 2240 2240 304 306 2241 2241 300 302 2242 2242 302 304 2243 2243 306 308 2244 2244 300 302 2245 2245 304 306 2246 2246 240 242 2247 2247 236 238 2248 2248 238 240 2249 2249 234 236 2250 2250 236 238 2251 2251 240 242 2252 2252 500 548 2253 2253 503 548 2254 2254 501 548 2255 2255 499 548 2256 2256 503 548 2257 2257 500 548 2258 2258 226 228 2259 2259 230 232 2260 2260 232 234 2261 2261 228 230 2262 2262 230 232 2263 2263 226 228 2264 2264 496 549 2265 2265 507 549 2266 2266 505 549 2267 2267 495 550 2268 2268 507 550 2269 2269 496 550 2270 2270 506 551 2271 2271 493 551 2272 2272 494 551 2273 2273 508 552 2274 2274 493 552 2275 2275 506 552 2276 2276 502 553 2277 2277 497 553 2278 2278 498 553 2279 2279 504 554 2280 2280 497 554 2281 2281 502 554 2282 2282 222 224 2283 2283 218 220 2284 2284 220 222 2285 2285 224 226 2286 2286 218 220 2287 2287 222 224 2288 2288 431 443 2289 2289 436 446 2290 2290 435 445 2291 2291 432 442 2292 2292 436 446 2293 2293 431 443 2294 2294 214 216 2295 2295 210 212 2296 2296 212 214 2297 2297 216 218 2298 2298 210 212 2299 2299 214 216 2300 2300 437 447 2301 2301 442 452 2302 2302 439 449 2303 2303 440 450 2304 2304 442 452 2305 2305 437 447 2306 2306 440 450 2307 2307 402 412 2308 2308 442 452 2309 2309 398 410 2310 2310 402 412 2311 2311 440 450 2312 2312 398 410 2313 2313 403 413 2314 2314 402 412 2315 2315 399 409 2316 2316 403 413 2317 2317 398 410 2318 2318 399 409 2319 2319 450 460 2320 2320 403 413 2321 2321 448 459 2322 2322 450 460 2323 2323 399 409 2324 2324 448 459 2325 2325 435 445 2326 2326 450 460 2327 2327 431 443 2328 2328 435 445 2329 2329 448 459 2330 2330 297 297 2331 2331 292 294 2332 2332 294 296 2333 2333 326 328 2334 2334 292 294 2335 2335 297 297 2336 2336 425 437 2337 2337 378 390 2338 2338 379 389 2339 2339 426 436 2340 2340 378 390 2341 2341 425 437 2342 2342 298 300 2343 2343 446 456 2344 2344 328 330 2345 2345 288 290 2346 2346 446 456 2347 2347 298 300 2348 2348 292 294 2349 2349 447 457 2350 2350 290 292 2351 2351 326 328 2352 2352 447 457 2353 2353 292 294 2354 2354 364 374 2355 2355 426 436 2356 2356 429 439 2357 2357 361 373 2358 2358 426 436 2359 2359 364 374 2360 2360 388 397 2361 2361 354 363 2362 2362 353 364 2363 2363 387 398 2364 2364 354 363 2365 2365 388 397 2366 2366 154 153 2367 2367 162 163 2368 2368 160 161 2369 2369 152 155 2370 2370 162 163 2371 2371 154 153 2372 2372 444 454 2373 2373 353 364 2374 2374 356 366 2375 2375 388 397 2376 2376 353 364 2377 2377 444 454 2378 2378 443 453 2379 2379 184 186 2380 2380 389 399 2381 2381 387 398 2382 2382 184 186 2383 2383 443 453 2384 2384 387 398 2385 2385 355 365 2386 2386 354 363 2387 2387 443 453 2388 2388 355 365 2389 2389 387 398 2390 2390 177 181 2391 2391 181 183 2392 2392 179 179 2393 2393 183 185 2394 2394 181 183 2395 2395 177 181 2396 2396 186 188 2397 2397 196 198 2398 2398 198 200 2399 2399 188 190 2400 2400 196 198 2401 2401 186 188 2402 2402 534 534 2403 2403 523 523 2404 2404 545 555 2405 2405 531 529 2406 2406 523 523 2407 2407 534 534 2408 2408 139 140 2409 2409 128 129 2410 2410 126 125 2411 2411 140 141 2412 2412 128 129 2413 2413 139 140 2414 2414 546 556 2415 2415 430 440 2416 2416 124 127 2417 2417 136 137 2418 2418 430 440 2419 2419 546 556 2420 2420 31 31 2421 2421 23 23 2422 2422 25 25 2423 2423 33 33 2424 2424 23 23 2425 2425 31 31 2426 2426 509 511 2427 2427 545 555 2428 2428 511 509 2429 2429 534 534 2430 2430 545 555 2431 2431 509 511 2432 2432 485 493 2433 2433 547 557 2434 2434 373 381 2435 2435 537 535 2436 2436 547 557 2437 2437 485 493 2438 2438 174 176 2439 2439 548 558 2440 2440 172 174 2441 2441 175 177 2442 2442 548 558 2443 2443 174 176 2444 2444 175 177 2445 2445 549 559 2446 2446 548 558 2447 2447 176 178 2448 2448 549 559 2449 2449 175 177 2450 2450 549 559 2451 2451 173 173 2452 2452 171 175 2453 2453 176 178 2454 2454 173 173 2455 2455 549 559 2456 2456 89 89 2457 2457 95 95 2458 2458 97 97 2459 2459 91 91 2460 2460 95 95 2461 2461 89 89 2462 2462 366 376 2463 2463 102 103 2464 2464 104 105 2465 2465 99 102 2466 2466 102 103 2467 2467 366 376 2468 2468 161 162 2469 2469 286 288 2470 2470 284 286 2471 2471 162 163 2472 2472 286 288 2473 2473 161 162 2474 2474 478 488 2475 2475 108 109 2476 2476 105 106 2477 2477 106 107 2478 2478 108 109 2479 2479 478 488 2480 2480 151 152 2481 2481 147 148 2482 2482 149 150 2483 2483 143 144 2484 2484 147 148 2485 2485 151 152 2486 2486 550 560 2487 2487 249 251 2488 2488 247 249 2489 2489 551 561 2490 2490 249 251 2491 2491 550 560 2492 2492 551 561 2493 2493 416 426 2494 2494 249 251 2495 2495 241 245 2496 2496 416 426 2497 2497 551 561 2498 2498 198 200 2499 2499 192 194 2500 2500 186 188 2501 2501 200 202 2502 2502 192 194 2503 2503 198 200 2504 2504 10 10 2505 2505 14 14 2506 2506 12 12 2507 2507 8 8 2508 2508 14 14 2509 2509 10 10 2510 2510 15 15 2511 2511 11 11 2512 2512 13 13 2513 2513 17 17 2514 2514 11 11 2515 2515 15 15 2516 2516 19 19 2517 2517 2 0 2518 2518 0 2 2519 2519 18 18 2520 2520 2 0 2521 2521 19 19 2522 2522 547 557 2523 2523 375 385 2524 2524 373 381 2525 2525 537 535 2526 2526 375 385 2527 2527 547 557 2528 2528 518 518 2529 2529 515 562 2530 2530 516 516 2531 2531 522 522 2532 2532 521 519 2533 2533 519 563 2534 2534 523 523 2535 2535 511 509 2536 2536 545 555 2537 2537 147 148 2538 2538 143 144 2539 2539 145 146 2540 2540 150 151 2541 2541 144 143 2542 2542 142 145 2543 2543 92 92 2544 2544 90 90 2545 2545 390 400 2546 2546 397 407 2547 2547 492 503 2548 2548 395 405 2549 2549 396 406 2550 2550 394 402 2551 2551 471 481 2552 2552 492 503 2553 2553 393 403 2554 2554 395 405 2555 2555 423 433 2556 2556 424 434 2557 2557 96 96 2558 2558 95 95 2559 2559 91 91 2560 2560 93 93 2561 2561 390 400 2562 2562 484 492 2563 2563 391 401 2564 2564 376 386 2565 2565 372 382 2566 2566 374 384 2567 2567 537 535 2568 2568 535 537 2569 2569 375 385 2570 2570 371 383 2571 2571 485 493 2572 2572 373 381 2573 2573 416 426 2574 2574 242 244 2575 2575 414 424 2576 2576 246 248 2577 2577 248 250 2578 2578 412 422 2579 2579 387 398 2580 2580 182 184 2581 2581 184 186 2582 2582 111 112 2583 2583 404 414 2584 2584 405 415 2585 2585 266 268 2586 2586 268 270 2587 2587 321 323 2588 2588 334 336 2589 2589 336 338 2590 2590 370 380 2591 2591 169 170 2592 2592 167 168 2593 2593 170 172 2594 2594 514 514 2595 2595 530 528 2596 2596 513 513 2597 2597 376 386 2598 2598 377 387 2599 2599 490 499 2600 2600 416 426 2601 2601 414 424 2602 2602 415 425 2603 2603 246 248 2604 2604 412 422 2605 2605 413 423 2606 2606 428 438 2607 2607 429 439 2608 2608 426 436 2609 2609 58 58 2610 2610 219 219 2611 2611 217 221 2612 2612 457 465 2613 2613 455 467 2614 2614 459 469 2615 2615 467 475 2616 2616 465 477 2617 2617 469 479 2618 2618 192 194 2619 2619 200 202 2620 2620 470 480 2621 2621 116 117 2622 2622 114 113 2623 2623 118 119 2624 2624 121 122 2625 2625 123 124 2626 2626 119 120 2627 2627 50 50 2628 2628 215 217 2629 2629 213 215 2630 2630 152 155 2631 2631 285 287 2632 2632 162 163 2633 2633 275 277 2634 2634 277 279 2635 2635 385 395 2636 2636 137 138 2637 2637 430 440 2638 2638 136 137 2639 2639 241 245 2640 2640 242 244 2641 2641 416 426 2642 2642 17 17 2643 2643 9 9 2644 2644 11 11 2645 2645</p>
        </triangles>
      </mesh>
    </geometry>
    <geometry id="polygon1-mesh" name="polygon1">
      <mesh>
        <source id="polygon1-mesh-positions">
          <float_array id="polygon1-mesh-positions-array" count="576">-71.99701 33.86555 -43.00005 -44.95865 33.86556 -43.00003 -71.99701 30.25042 -29.50814 -44.95865 30.25042 -29.50813 -71.99702 20.37368 -19.63144 -44.95865 20.37368 -19.63142 -71.99702 6.881776 -16.01626 -44.95865 6.881784 -16.01624 -71.99702 -6.610112 -19.63144 -44.95865 -6.61011 -19.63141 -71.99701 -16.48686 -29.50813 -44.95866 -16.48686 -29.50813 -71.99702 -20.10201 -43.00003 -44.95866 -20.10201 -43.00002 -71.99701 -16.48686 -56.49191 -44.95866 -16.48686 -56.49191 -71.99701 -6.610119 -66.36864 -44.95866 -6.610119 -66.36864 -71.99701 6.881765 -69.98381 -44.95866 6.881773 -69.9838 -71.99701 20.37366 -66.36864 -44.95866 20.37367 -66.36864 -71.99701 30.25041 -56.49192 -44.95865 30.25042 -56.49192 -58.8504 21.82601 54.99996 -37.89043 21.82602 54.99998 -58.8504 19.02358 65.4588 -37.89043 19.02358 65.45882 -58.8504 11.3672 73.11517 -37.89043 11.3672 73.11518 -58.8504 0.908354 75.91763 -37.89043 0.90836 75.91765 -58.85041 -9.550475 73.11517 -37.89043 -9.550473 73.11519 -58.8504 -17.20687 65.45882 -37.89043 -17.20687 65.45882 -58.8504 -20.00931 54.99998 -37.89044 -20.00931 54.99998 -58.8504 -17.20687 44.54116 -37.89044 -17.20687 44.54116 -58.8504 -9.550481 36.88477 -37.89044 -9.55048 36.88477 -58.8504 0.908345 34.08231 -37.89043 0.908351 34.08233 -58.8504 11.36718 36.88477 -37.89043 11.36719 36.88477 -58.8504 19.02358 44.54115 -37.89043 19.02358 44.54115 75.70531 -10.28995 -36.03129 75.70531 -12.00423 -43.00003 71.99701 -20.10201 -43.00003 75.70531 -10.28994 -49.96878 71.99701 -16.48686 -56.49191 75.70531 -6.212736 -56.09454 71.99701 -6.610121 -66.36864 75.70531 -0.086986 -60.17173 71.99701 6.881765 -69.98381 75.70531 6.88176 -61.78703 75.70531 13.85052 -60.17173 -61.72505 6.310483 41.68858 -61.72505 0.908341 40.43642 -61.72505 -4.493788 41.68858 -61.72505 -9.242432 44.8492 -61.72505 -12.40306 49.59785 -61.72505 -13.73196 54.99998 -61.72505 -12.40306 60.4021 -41.48712 6.867088 -59.17096 -41.57369 18.60269 -54.71016 -41.52489 23.4332 -42.96986 -75.70531 6.881775 -24.21306 -75.70531 13.85053 -25.82834 -75.70531 19.97628 -29.90553 -75.70531 24.0535 -36.03129 -75.70531 25.76777 -43.00005 -75.70531 24.0535 -49.96878 -75.70531 19.97628 -56.09454 -75.70531 13.85052 -60.17172 -75.70531 6.88176 -61.78703 -75.70531 -0.08698695 -60.17172 58.8504 -20.00931 54.99998 61.72504 -12.40306 49.59785 58.8504 -17.20687 44.54116 61.72504 -9.242431 44.8492 58.8504 -9.550481 36.88477 61.72504 -4.493788 41.68858 58.8504 0.908345 34.08232 61.72504 0.908341 40.43642 61.72504 6.310483 41.68858 44.95866 -16.48686 -56.49191 44.95866 -20.102 -43.00002 41.60041 -10.27164 -42.96983 44.95866 -16.48686 -29.50813 41.59358 -4.982102 -31.12645 44.95865 -6.610108 -19.63141 41.5405 6.86418 -26.37311 44.95865 6.881784 -16.01624 44.95865 20.37368 -19.63141 -61.72505 0.908352 69.56351 -61.72505 6.310489 68.31137 -61.72504 11.05913 65.15075 -61.72504 14.21977 60.4021 -61.72504 15.54866 54.99996 -61.72504 14.21977 49.59785 -35.19931 0.896968 42.46437 -35.26643 9.994337 45.92236 -35.2286 13.73892 55.02337 37.89044 -17.20687 44.54116 37.89044 -20.00931 54.99998 35.28714 -12.38887 55.02339 37.89043 -17.20687 65.45882 35.28185 -8.288452 64.2043 37.89043 -9.550472 73.11519 35.2407 0.894713 67.88906 37.89043 0.90836 75.91765 37.89043 11.3672 73.11518 61.72504 6.310489 68.31137 58.8504 11.36719 73.11516 61.72504 11.05913 65.15075 58.8504 19.02358 65.4588 61.72504 14.21977 60.4021 58.8504 21.82601 54.99996 61.72504 15.54866 54.99996 61.72504 14.21977 49.59785 75.70531 25.76777 -43.00005 71.99701 33.86555 -43.00005 75.70531 24.0535 -49.96878 71.99701 30.25041 -56.49192 75.70531 19.97628 -56.09454 71.99701 20.37366 -66.36864 -75.70531 -10.28995 -36.03129 -75.70531 -6.212738 -29.90553 -75.70531 -0.08697795 -25.82834 -41.55576 18.51066 -31.32253 -41.5405 6.86418 -26.37311 -41.59358 -4.982103 -31.12645 -41.60041 -10.27164 -42.96983 58.85041 -9.550475 73.11516 61.72504 -9.242432 65.15075 58.8504 -17.20687 65.45882 61.72504 -12.40306 60.4021 61.72504 -13.73196 54.99998 58.8504 11.36718 36.88477 61.72504 11.05913 44.8492 58.8504 19.02358 44.54115 41.55576 18.51066 -31.32253 44.95865 30.25042 -29.50813 41.52489 23.4332 -42.96986 44.95865 33.86556 -43.00003 44.95865 30.25042 -56.49192 -61.72505 -9.242435 65.15075 -61.72505 -4.493782 68.31137 -61.72504 11.05913 44.8492 -35.25253 9.922993 64.05231 -35.2407 0.894713 67.88906 -35.28185 -8.288453 64.2043 -35.28714 -12.38887 55.02339 35.25253 9.922992 64.05231 37.89043 19.02358 65.45881 35.2286 13.73892 55.02337 37.89043 21.82602 54.99998 37.89043 19.02358 44.54115 44.95866 6.881773 -69.9838 41.48712 6.867088 -59.17096 44.95866 20.37367 -66.36864 41.57369 18.60269 -54.71016 37.89043 0.908351 34.08233 35.19931 0.896968 42.46437 37.89043 11.36719 36.88477 35.26643 9.994337 45.92236 -75.70531 -6.212736 -56.09454 58.8504 0.908354 75.91763 61.72504 0.908352 69.56351 61.72504 -4.493782 68.31137 75.70531 -0.08697795 -25.82834 71.99702 -6.610112 -19.63144 75.70531 6.881775 -24.21306 71.99702 6.881776 -16.01626 71.99702 20.37368 -19.63144 37.89044 -9.55048 36.88477 -75.70531 -12.00423 -43.00003 -75.70531 -10.28994 -49.96878 -41.57124 -4.865117 -54.69744 71.99701 30.25042 -29.50814 71.99701 -16.48686 -29.50813 75.70531 -6.212738 -29.90553 75.70531 13.85053 -25.82834 75.70531 19.97628 -29.90553 75.70531 24.0535 -36.03129 44.95866 -6.610119 -66.36864 41.57124 -4.865117 -54.69744 -35.26453 -8.197766 45.93222 35.26453 -8.197765 45.93222</float_array>
          <technique_common>
            <accessor source="#polygon1-mesh-positions-array" count="192" stride="3">
              <param name="X" type="float"/>
              <param name="Y" type="float"/>
              <param name="Z" type="float"/>
            </accessor>
          </technique_common>
        </source>
        <source id="polygon1-mesh-normals">
          <float_array id="polygon1-mesh-normals-array" count="714">-0.6514242 0.653882 0.3848181 -1.40794e-7 1 -2.25883e-7 -0.7079758 0.7062367 -6.94767e-6 -2.67402e-7 0.8660251 0.5000008 -0.7110062 0.3344466 0.6185593 -6.60286e-7 0.5000005 0.8660252 -0.5498598 3.62098e-6 0.835257 -9.34145e-7 3.14273e-7 1 -0.7109843 -0.334452 0.6185817 -6.46198e-7 -0.4999998 0.8660256 -0.6514301 -0.6538885 0.384797 0 -0.8660249 0.500001 -0.7079757 -0.7062368 6.77258e-6 0 -1 0 -0.6514252 -0.6538987 -0.3847881 0 -0.8660252 -0.5000004 -0.6514306 -0.3847963 -0.6538884 3.49567e-7 -0.5000004 -0.8660252 -0.709231 2.46167e-5 -0.7049762 4.21234e-7 1.47315e-7 -1 -0.6514255 0.3847876 -0.6538987 -3.02632e-7 0.4999998 -0.8660256 -0.6514304 0.6538883 -0.3847967 -2.51136e-7 0.8660251 -0.5000008 -0.6514248 0.6538816 0.3848178 -2.36937e-7 1 -2.55346e-7 -0.7079762 0.7062363 -6.79493e-6 -4.57418e-7 0.8660252 0.5000007 -0.7110064 0.3344466 0.6185593 -8.35272e-7 0.5000007 0.866025 -0.5498597 3.72343e-6 0.8352571 -7.09509e-7 3.33915e-7 1 -0.7109846 -0.3344517 0.6185815 -7.01809e-7 -0.5 0.8660255 -0.6514305 -0.6538882 0.3847969 0 -0.8660249 0.500001 -0.7079758 -0.7062367 6.83963e-6 0 -1 -1.57136e-7 -0.6514253 -0.6538987 -0.3847877 -0.6514304 -0.3847969 -0.6538882 2.97308e-7 -0.5000004 -0.8660252 -0.709231 2.45869e-5 -0.7049762 4.78026e-7 2.8481e-7 -1 -0.6514257 0.3847879 -0.6538983 -2.01481e-7 0.4999998 -0.8660255 -0.651431 0.6538882 -0.3847962 0 0.8660252 -0.5000005 0.7079755 -0.7062371 -3.94458e-7 0.9092003 -0.4163591 -2.34346e-7 0.9107697 -0.3870856 0.1437478 0.9107697 -0.3870854 -0.1437479 0.6514244 -0.6538824 -0.3848171 0.9154424 -0.2845746 -0.2845748 0.6514303 -0.3848043 -0.6538841 0.9116621 -0.1415083 -0.3858078 0.709231 2.4721e-5 -0.7049762 0.9110987 0 -0.4121886 0.9116623 0.1415077 -0.3858074 -0.9110988 -2.44151e-7 -0.4121884 -0.9116624 0.1415081 -0.3858072 -0.9116622 -0.1415078 -0.3858078 -0.9154221 -0.2846067 -0.2846077 -0.9107698 -0.3870854 -0.1437481 -0.9092006 -0.4163585 0 -0.9107697 -0.3870856 0.1437482 -0.9985327 1.10552e-4 0.05415344 -0.9521316 -5.28739e-5 0.3056887 -0.9525256 0.1425182 0.2690423 -0.9526185 -0.1423455 0.2688043 -0.9999288 -0.009914219 0.006634116 -0.9517094 -0.2708407 0.1445496 -0.9982698 -0.05879408 7.73676e-4 -0.9498701 -0.3126449 1.15285e-4 -0.9518289 -0.2703645 -0.1446539 -0.9117795 0.158361 0.3789196 -0.9062038 1.28988e-7 0.4228413 -0.9154224 0.2846059 0.2846071 -0.9107697 0.3870855 0.1437479 -0.9092007 0.4163581 -3.01302e-7 -0.9107697 0.3870854 -0.1437479 -0.9154423 0.2845748 -0.2845745 -0.9116623 0.1415079 -0.3858073 -0.9110984 0 -0.412189 -0.9116621 -0.1415082 -0.3858078 0.6514248 -0.6538822 -0.3848167 0.9107695 -0.3870854 -0.1437487 0.7079762 -0.7062363 6.50063e-6 0.9154228 -0.2846062 -0.284606 0.6514306 -0.3848047 -0.6538835 0.9116623 -0.1415078 -0.3858074 0.7092316 2.40505e-5 -0.7049757 0.9110991 -1.0187e-6 -0.4121873 0.9116625 0.1415069 -0.3858073 0.9974905 0.07079249 -0.001176595 0.9463046 0.3232763 1.26182e-4 0.9502224 0.2743148 0.1477459 0.9494704 0.2764307 -0.1486345 0.9998217 0.01565682 -0.01055705 0.9507914 0.1455323 -0.2735252 0.9980999 0.002076148 -0.06158167 0.9496183 -6.78666e-5 -0.3134089 0.951743 -0.1445497 -0.2707225 -0.9117797 0.1583606 0.3789193 -0.9062036 0 0.422842 -0.915423 0.284605 0.284606 -0.9107698 0.3870852 0.1437481 -0.9092013 0.4163571 -4.05921e-7 -0.91077 0.3870849 -0.1437481 -0.9985327 1.10596e-4 0.0541535 -0.9521313 -5.25854e-5 0.3056893 -0.9525254 0.1425189 0.2690423 -0.9526184 -0.1423463 0.2688041 -0.9999289 -0.009915053 0.006633222 -0.9517096 -0.2708405 0.1445489 -0.9982699 -0.05879431 7.7372e-4 -0.9498703 -0.3126445 1.15336e-4 -0.951829 -0.2703644 -0.1446539 0.9974904 0.07079273 -0.001176416 0.9463045 0.3232768 1.26668e-4 0.9502225 0.2743146 0.1477457 0.9494705 0.2764305 -0.1486346 0.9998217 0.01565635 -0.01055723 0.9507906 0.1454924 -0.2735496 0.9980999 0.00207591 -0.0615819 0.9496183 -6.78977e-5 -0.3134089 0.951743 -0.1445497 -0.2707228 0.9154428 0.2845738 0.284574 0.7110069 0.3344519 0.6185557 0.9117799 0.1583601 0.3789188 0.651426 0.653897 0.3847897 0.9107697 0.3870851 0.1437481 0.7079762 0.7062363 -6.88434e-6 0.9092013 0.4163571 -4.05921e-7 0.9107701 0.3870846 -0.143748 0.9107697 0.3870854 -0.1437479 0.7079757 0.7062368 -7.9427e-7 0.9092007 0.4163581 -3.01302e-7 0.6514303 0.6538857 -0.3848015 0.9154422 0.2845741 -0.2845753 0.6514253 0.3847895 -0.6538977 -0.9107697 -0.3870857 0.1437479 -0.9154223 -0.2846062 0.2846074 -0.9117793 -0.1583613 0.3789198 -0.9999437 -0.006886243 -0.008067429 -0.951743 -0.1445498 -0.2707226 -0.9980999 0.002076327 -0.06158179 -0.9496183 -6.78496e-5 -0.3134089 -0.9507912 0.1455327 -0.2735258 -0.9998217 0.01565688 -0.01055705 -0.9494704 0.2764306 -0.1486346 -0.9974905 0.07079243 -0.001176536 -0.9463047 0.3232762 1.26196e-4 -0.9502224 0.2743148 0.147746 0.6514309 -0.6538832 0.3848047 0.915423 -0.2846053 0.2846063 0.7109851 -0.3344523 0.6185806 0.9107699 -0.387085 0.1437484 0.9092012 -0.4163571 0 0.651425 0.3848161 -0.6538824 0.915423 0.284605 -0.2846062 0.6514307 0.6538836 -0.3848043 0.9999438 -0.006886363 -0.00806725 0.9518288 -0.270365 -0.1446542 0.9982698 -0.05879408 7.73683e-4 0.9498701 -0.3126448 1.15285e-4 0.9517094 -0.2708407 0.1445497 -0.9154225 -0.284606 0.2846071 -0.911779 -0.1583619 0.3789203 -0.9154227 0.2846061 -0.2846062 -0.9999437 -0.006886541 -0.008067548 -0.9517429 -0.1445497 -0.2707228 -0.9980999 0.00207585 -0.06158208 -0.9496183 -6.80164e-5 -0.3134091 -0.9507911 0.1455325 -0.2735265 -0.9998217 0.01565635 -0.01055711 -0.9494705 0.2764306 -0.1486346 -0.9974904 0.07079279 -0.001176357 -0.9463045 0.3232769 1.26668e-4 -0.9502225 0.2743146 0.1477456 0.9999438 -0.00688678 -0.008067548 0.9518287 -0.2703652 -0.1446542 0.9982698 -0.05879443 7.73743e-4 0.9498703 -0.3126446 1.15322e-4 0.9517093 -0.270841 0.1445493 0.9526183 -0.1423457 0.2688049 0.9985327 1.10604e-4 0.05415344 0.9521316 -5.28739e-5 0.3056887 0.9999288 -0.009914219 0.006634056 0.9526185 -0.1423463 0.2688041 0.9985327 1.10641e-4 0.0541535 0.9521313 -5.25854e-5 0.3056893 0.9999289 -0.009915053 0.006633222 -0.9154424 -0.2845742 -0.2845752 0.9062039 0 0.4228412 0.5498603 -4.64497e-6 0.8352566 0.9117792 -0.1583619 0.3789198 0.9061825 1.33703e-7 0.4228869 0.7109852 -0.3344645 0.6185739 0.9117793 -0.1583613 0.3789199 0.5498598 -4.8303e-6 0.835257 0.7110074 0.3344618 0.6185498 -1.93905e-7 -0.5000004 -0.8660252 -3.0825e-7 1.66957e-7 -1 -0.9092007 -0.4163584 -2.17607e-7 -0.9107698 -0.3870854 -0.1437481 -0.9998753 0.01486819 0.005339503 2.47232e-7 0.8660251 -0.5000008 1.47143e-7 1 -2.25883e-7 0.6514247 0.6538903 0.3848031 3.83924e-7 0.866025 0.5000005 8.58218e-7 0.5000004 0.8660253 8.27598e-7 0 1 6.03514e-7 -0.4999998 0.8660256 0.6514306 -0.6538934 0.384788 0 -0.8660249 0.5000008 -1.47143e-7 -1 0 0.9154423 -0.284574 0.2845752 0 -0.8660254 -0.5000001 0.9117795 0.158361 0.3789195 0.9154425 0.2845745 0.2845743 0.9107697 0.3870857 0.1437479 2.83834e-7 0.4999998 -0.8660255 0.9525256 0.1425182 0.2690423 0.9998753 0.01486825 0.005339443 -4.36203e-7 1.47315e-7 -1 -3.49567e-7 -0.5000004 -0.8660252 1.96384e-7 1 -1.76778e-7 4.7233e-7 0.8660251 0.5000007 9.19791e-7 0.5000009 0.8660249 1.11369e-6 1.866e-7 1 1.00431e-6 -0.5 0.8660255 0 -0.8660248 0.500001 -0.9998753 0.01486855 0.005339562 0 -1 -1.47315e-7 0.9525254 0.1425189 0.2690423 0.9998753 0.01486861 0.005339443 0 0.8660252 -0.5000005 1.81471e-7 0.4999999 -0.8660256</float_array>
          <technique_common>
            <accessor source="#polygon1-mesh-normals-array" count="238" stride="3">
              <param name="X" type="float"/>
              <param name="Y" type="float"/>
              <param name="Z" type="float"/>
            </accessor>
          </technique_common>
        </source>
        <source id="polygon1-mesh-map-0">
          <float_array id="polygon1-mesh-map-0-array" count="1728">-0.174055 -0.532995 -0.677772 -1.011866 -0.677731 -0.532995 -0.1741009 -1.011866 -0.677772 -1.011866 -0.174055 -0.532995 0.319979 -0.532995 -0.1741009 -1.011866 -0.174055 -0.532995 0.319939 -1.011866 -0.1741009 -1.011866 0.319979 -0.532995 0.814694 -0.532995 0.319939 -1.011866 0.319979 -0.532995 0.814656 -1.011866 0.319939 -1.011866 0.814694 -0.532995 1.309977 -0.532995 0.814656 -1.011866 0.814694 -0.532995 1.309932 -1.011866 0.814656 -1.011866 1.309977 -0.532995 1.806003 -0.532995 1.309932 -1.011866 1.309977 -0.532995 1.805962 -1.011866 1.309932 -1.011866 1.806003 -0.532995 2.303134 -0.532995 1.805962 -1.011866 1.806003 -0.532995 2.303088 -1.011866 1.805962 -1.011866 2.303134 -0.532995 2.801581 -0.532995 2.303088 -1.011866 2.303134 -0.532995 2.801537 -1.011866 2.303088 -1.011866 2.801581 -0.532995 3.301985 -0.532995 2.801537 -1.011866 2.801581 -0.532995 3.301941 -1.011866 2.801537 -1.011866 3.301985 -0.532995 3.804757 -0.532995 3.301941 -1.011866 3.301985 -0.532995 3.804713 -1.011866 3.301941 -1.011866 3.804757 -0.532995 4.307365 -0.532995 3.804713 -1.011866 3.804757 -0.532995 4.307321 -1.011866 3.804713 -1.011866 4.307365 -0.532995 4.809895 -0.532995 4.307321 -1.011866 4.307365 -0.532995 4.809851 -1.011866 4.307321 -1.011866 4.809895 -0.532995 5.312309 -0.532995 4.809851 -1.011866 4.809895 -0.532995 5.312264 -1.011866 4.809851 -1.011866 5.312309 -0.532995 -0.174055 -0.532995 -0.677772 -1.011866 -0.677731 -0.532995 -0.1741009 -1.011866 -0.677772 -1.011866 -0.174055 -0.532995 0.319979 -0.532995 -0.1741009 -1.011866 -0.174055 -0.532995 0.319939 -1.011866 -0.1741009 -1.011866 0.319979 -0.532995 0.814694 -0.532995 0.319939 -1.011866 0.319979 -0.532995 0.814656 -1.011866 0.319939 -1.011866 0.814694 -0.532995 1.309977 -0.532995 0.814656 -1.011866 0.814694 -0.532995 1.309932 -1.011866 0.814656 -1.011866 1.309977 -0.532995 1.806003 -0.532995 1.309932 -1.011866 1.309977 -0.532995 1.805962 -1.011866 1.309932 -1.011866 1.806003 -0.532995 2.303134 -0.532995 1.805962 -1.011866 1.806003 -0.532995 2.303088 -1.011866 1.805962 -1.011866 2.303134 -0.532995 2.801581 -0.532995 2.303088 -1.011866 2.303134 -0.532995 2.801537 -1.011866 2.303088 -1.011866 2.801581 -0.532995 3.301985 -0.532995 2.801537 -1.011866 2.801581 -0.532995 3.301941 -1.011866 2.801537 -1.011866 3.301985 -0.532995 3.804757 -0.532995 3.301941 -1.011866 3.301985 -0.532995 3.804713 -1.011866 3.301941 -1.011866 3.804757 -0.532995 4.307365 -0.532995 3.804713 -1.011866 3.804757 -0.532995 4.307321 -1.011866 3.804713 -1.011866 4.307365 -0.532995 4.809895 -0.532995 4.307321 -1.011866 4.307365 -0.532995 4.809851 -1.011866 4.307321 -1.011866 4.809895 -0.532995 5.312309 -0.532995 4.809851 -1.011866 4.809895 -0.532995 5.312264 -1.011866 4.809851 -1.011866 5.312309 -0.532995 0.492597 0.519709 0.492597 0.582645 0.363099 0.598816 0.622096 0.598816 0.492597 0.582645 0.492597 0.519709 0.730066 0.552009 0.622096 0.598816 0.492597 0.519709 0.73593 0.637276 0.622096 0.598816 0.730066 0.552009 0.903906 0.640253 0.73593 0.637276 0.730066 0.552009 0.811696 0.69506 0.73593 0.637276 0.903906 0.640253 0.967535 0.760796 0.811696 0.69506 0.903906 0.640253 0.848862 0.760796 0.811696 0.69506 0.967535 0.760796 0.811696 0.826532 0.848862 0.760796 0.967535 0.760796 0.967535 0.760796 0.848862 0.760796 0.811696 0.826532 0.811696 0.69506 0.848862 0.760796 0.967535 0.760796 0.903906 0.640253 0.811696 0.69506 0.967535 0.760796 0.73593 0.637276 0.811696 0.69506 0.903906 0.640253 0.730066 0.552009 0.73593 0.637276 0.903906 0.640253 0.622096 0.598816 0.73593 0.637276 0.730066 0.552009 0.492597 0.519709 0.622096 0.598816 0.730066 0.552009 0.492597 0.582645 0.622096 0.598816 0.492597 0.519709 0.363099 0.598816 0.492597 0.582645 0.492597 0.519709 0.779837 0.761292 0.964157 0.759882 0.901658 0.639688 0.901658 0.880077 0.964157 0.759882 0.779837 0.761292 0.697844 0.864767 0.901658 0.880077 0.779837 0.761292 0.730909 0.968065 0.901658 0.880077 0.697844 0.864767 0.496961 0.907359 0.730909 0.968065 0.697844 0.864767 0.497661 1.000271 0.730909 0.968065 0.496961 0.907359 0.264412 0.968065 0.497661 1.000271 0.496961 0.907359 0.08129 0.881339 0.173499 0.826532 0.136334 0.760796 0.249265 0.884316 0.173499 0.826532 0.08129 0.881339 0.255128 0.969583 0.249265 0.884316 0.08129 0.881339 0.363099 0.922776 0.249265 0.884316 0.255128 0.969583 0.492598 1.001882 0.363099 0.922776 0.255128 0.969583 0.492598 0.938947 0.363099 0.922776 0.492598 1.001882 0.622096 0.922776 0.492598 0.938947 0.492598 1.001882 0.730066 0.969583 0.622096 0.922776 0.492598 1.001882 0.73593 0.884316 0.622096 0.922776 0.730066 0.969583 0.903906 0.881339 0.73593 0.884316 0.730066 0.969583 0.811696 0.826532 0.73593 0.884316 0.903906 0.881339 0.967535 0.760796 0.811696 0.826532 0.903906 0.881339 0.848862 0.760796 0.811696 0.826532 0.967535 0.760796 0.811696 0.69506 0.848862 0.760796 0.967535 0.760796 0.730066 0.552009 0.622096 0.598816 0.492597 0.519709 0.73593 0.637276 0.622096 0.598816 0.730066 0.552009 0.903906 0.640253 0.73593 0.637276 0.730066 0.552009 0.811696 0.69506 0.73593 0.637276 0.903906 0.640253 0.967535 0.760796 0.811696 0.69506 0.903906 0.640253 0.848862 0.760796 0.811696 0.69506 0.967535 0.760796 0.811696 0.826532 0.848862 0.760796 0.967535 0.760796 0.497207 0.614985 0.49766 0.519494 0.730908 0.5517 0.264412 0.5517 0.49766 0.519494 0.497207 0.614985 0.294313 0.660227 0.264412 0.5517 0.497207 0.614985 0.09366399 0.639688 0.264412 0.5517 0.294313 0.660227 0.21048 0.761219 0.09366399 0.639688 0.294313 0.660227 0.03116399 0.759882 0.09366399 0.639688 0.21048 0.761219 0.09366399 0.880077 0.03116399 0.759882 0.21048 0.761219 0.08129 0.881339 0.173499 0.826532 0.136334 0.760796 0.249265 0.884316 0.173499 0.826532 0.08129 0.881339 0.255128 0.969583 0.249265 0.884316 0.08129 0.881339 0.363099 0.922776 0.249265 0.884316 0.255128 0.969583 0.492598 1.001882 0.363099 0.922776 0.255128 0.969583 0.492598 0.938947 0.363099 0.922776 0.492598 1.001882 0.622096 0.922776 0.492598 0.938947 0.492598 1.001882 0.779837 0.761292 0.964157 0.759882 0.901658 0.639688 0.901658 0.880077 0.964157 0.759882 0.779837 0.761292 0.697844 0.864767 0.901658 0.880077 0.779837 0.761292 0.730909 0.968065 0.901658 0.880077 0.697844 0.864767 0.496961 0.907359 0.730909 0.968065 0.697844 0.864767 0.497661 1.000271 0.730909 0.968065 0.496961 0.907359 0.264412 0.968065 0.497661 1.000271 0.496961 0.907359 0.497207 0.614985 0.49766 0.519494 0.730908 0.5517 0.264412 0.5517 0.49766 0.519494 0.497207 0.614985 0.294313 0.660227 0.264412 0.5517 0.497207 0.614985 0.09366399 0.639688 0.264412 0.5517 0.294313 0.660227 0.21048 0.761219 0.09366399 0.639688 0.294313 0.660227 0.03116399 0.759882 0.09366399 0.639688 0.21048 0.761219 0.09366399 0.880077 0.03116399 0.759882 0.21048 0.761219 0.249265 0.884316 0.08129 0.881339 0.173499 0.826532 0.255128 0.969583 0.08129 0.881339 0.249265 0.884316 0.363099 0.922776 0.255128 0.969583 0.249265 0.884316 0.492598 1.001882 0.255128 0.969583 0.363099 0.922776 0.492598 0.938947 0.492598 1.001882 0.363099 0.922776 0.622096 0.922776 0.492598 1.001882 0.492598 0.938947 0.622096 0.922776 0.492598 1.001882 0.492598 0.938947 0.730066 0.969583 0.492598 1.001882 0.622096 0.922776 0.73593 0.884316 0.730066 0.969583 0.622096 0.922776 0.903906 0.881339 0.730066 0.969583 0.73593 0.884316 0.811696 0.826532 0.903906 0.881339 0.73593 0.884316 0.967535 0.760796 0.903906 0.881339 0.811696 0.826532 0.255128 0.552009 0.363099 0.598816 0.492597 0.519709 0.249265 0.637276 0.363099 0.598816 0.255128 0.552009 0.08129 0.640253 0.249265 0.637276 0.255128 0.552009 0.173499 0.69506 0.249265 0.637276 0.08129 0.640253 0.136334 0.760796 0.173499 0.69506 0.08129 0.640253 0.297668 0.863956 0.264412 0.968065 0.496961 0.907359 0.09366399 0.880077 0.264412 0.968065 0.297668 0.863956 0.21048 0.761219 0.09366399 0.880077 0.297668 0.863956 0.03116399 0.759882 0.09366399 0.880077 0.21048 0.761219 0.09366399 0.639688 0.03116399 0.759882 0.21048 0.761219 0.294313 0.660227 0.09366399 0.639688 0.21048 0.761219 0.264412 0.5517 0.09366399 0.639688 0.294313 0.660227 0.497207 0.614985 0.264412 0.5517 0.294313 0.660227 0.49766 0.519494 0.264412 0.5517 0.497207 0.614985 0.730908 0.5517 0.49766 0.519494 0.497207 0.614985 0.255128 0.552009 0.249265 0.637276 0.08129 0.640253 0.363099 0.598816 0.249265 0.637276 0.255128 0.552009 0.492597 0.519709 0.363099 0.598816 0.255128 0.552009 0.492597 0.582645 0.363099 0.598816 0.492597 0.519709 0.622096 0.598816 0.492597 0.582645 0.492597 0.519709 0.903906 0.881339 0.811696 0.826532 0.967535 0.760796 0.73593 0.884316 0.811696 0.826532 0.903906 0.881339 0.730066 0.969583 0.73593 0.884316 0.903906 0.881339 0.622096 0.922776 0.73593 0.884316 0.730066 0.969583 0.492598 1.001882 0.622096 0.922776 0.730066 0.969583 0.297668 0.863956 0.09366399 0.880077 0.21048 0.761219 0.264412 0.968065 0.09366399 0.880077 0.297668 0.863956 0.496961 0.907359 0.264412 0.968065 0.297668 0.863956 0.497661 1.000271 0.264412 0.968065 0.496961 0.907359 0.730909 0.968065 0.497661 1.000271 0.496961 0.907359 0.255128 0.552009 0.363099 0.598816 0.492597 0.519709 0.249265 0.637276 0.363099 0.598816 0.255128 0.552009 0.08129 0.640253 0.249265 0.637276 0.255128 0.552009 0.173499 0.69506 0.249265 0.637276 0.08129 0.640253 0.136334 0.760796 0.173499 0.69506 0.08129 0.640253 0.730066 0.969583 0.622096 0.922776 0.492598 1.001882 0.73593 0.884316 0.622096 0.922776 0.730066 0.969583 0.903906 0.881339 0.73593 0.884316 0.730066 0.969583 0.811696 0.826532 0.73593 0.884316 0.903906 0.881339 0.967535 0.760796 0.811696 0.826532 0.903906 0.881339 0.297668 0.863956 0.264412 0.968065 0.496961 0.907359 0.09366399 0.880077 0.264412 0.968065 0.297668 0.863956 0.21048 0.761219 0.09366399 0.880077 0.297668 0.863956 0.03116399 0.759882 0.09366399 0.880077 0.21048 0.761219 0.09366399 0.639688 0.03116399 0.759882 0.21048 0.761219 0.294313 0.660227 0.09366399 0.639688 0.21048 0.761219 0.264412 0.5517 0.09366399 0.639688 0.294313 0.660227 0.497207 0.614985 0.264412 0.5517 0.294313 0.660227 0.49766 0.519494 0.264412 0.5517 0.497207 0.614985 0.730908 0.5517 0.49766 0.519494 0.497207 0.614985 0.297668 0.863956 0.09366399 0.880077 0.21048 0.761219 0.264412 0.968065 0.09366399 0.880077 0.297668 0.863956 0.496961 0.907359 0.264412 0.968065 0.297668 0.863956 0.497661 1.000271 0.264412 0.968065 0.496961 0.907359 0.730909 0.968065 0.497661 1.000271 0.496961 0.907359 0.901658 0.880077 0.779837 0.761292 0.964157 0.759882 0.697844 0.864767 0.779837 0.761292 0.901658 0.880077 0.730909 0.968065 0.697844 0.864767 0.901658 0.880077 0.496961 0.907359 0.697844 0.864767 0.730909 0.968065 0.901658 0.880077 0.779837 0.761292 0.964157 0.759882 0.697844 0.864767 0.779837 0.761292 0.901658 0.880077 0.730909 0.968065 0.697844 0.864767 0.901658 0.880077 0.496961 0.907359 0.697844 0.864767 0.730909 0.968065 0.903906 0.640253 0.811696 0.69506 0.967535 0.760796 0.73593 0.637276 0.811696 0.69506 0.903906 0.640253 0.730066 0.552009 0.73593 0.637276 0.903906 0.640253 0.08129 0.640253 0.136334 0.760796 0.01765894 0.760796 0.173499 0.69506 0.136334 0.760796 0.08129 0.640253 0.249265 0.637276 0.173499 0.69506 0.08129 0.640253 0.136334 0.760796 0.08129 0.640253 0.173499 0.69506 0.01765894 0.760796 0.08129 0.640253 0.136334 0.760796 0.08129 0.881339 0.01765894 0.760796 0.136334 0.760796 3.804757 -0.532995 3.301941 -1.011866 3.804713 -1.011866 3.301985 -0.532995 3.301941 -1.011866 3.804757 -0.532995 3.301985 -0.532995 2.801537 -1.011866 3.301941 -1.011866 2.801581 -0.532995 2.801537 -1.011866 3.301985 -0.532995 0.492597 0.582645 0.492597 0.519709 0.363099 0.598816 0.622096 0.598816 0.492597 0.519709 0.492597 0.582645 0.01765894 0.760796 0.136334 0.760796 0.08129 0.640253 0.08129 0.881339 0.136334 0.760796 0.01765894 0.760796 0.901658 0.639688 0.697627 0.661259 0.779837 0.761292 0.730908 0.5517 0.697627 0.661259 0.901658 0.639688 5.312309 -0.532995 4.809851 -1.011866 5.312264 -1.011866 4.809895 -0.532995 4.809851 -1.011866 5.312309 -0.532995 -0.677772 -1.011866 -0.174055 -0.532995 -0.677731 -0.532995 -0.1741009 -1.011866 -0.174055 -0.532995 -0.677772 -1.011866 -0.1741009 -1.011866 0.319979 -0.532995 -0.174055 -0.532995 0.319939 -1.011866 0.319979 -0.532995 -0.1741009 -1.011866 0.08129 0.881339 0.136334 0.760796 0.173499 0.826532 0.01765894 0.760796 0.136334 0.760796 0.08129 0.881339 0.319939 -1.011866 0.814694 -0.532995 0.319979 -0.532995 0.814656 -1.011866 0.814694 -0.532995 0.319939 -1.011866 0.814656 -1.011866 1.309977 -0.532995 0.814694 -0.532995 1.309932 -1.011866 1.309977 -0.532995 0.814656 -1.011866 1.309932 -1.011866 1.806003 -0.532995 1.309977 -0.532995 1.805962 -1.011866 1.806003 -0.532995 1.309932 -1.011866 1.805962 -1.011866 2.303134 -0.532995 1.806003 -0.532995 2.303088 -1.011866 2.303134 -0.532995 1.805962 -1.011866 0.622096 0.598816 0.730066 0.552009 0.492597 0.519709 0.73593 0.637276 0.730066 0.552009 0.622096 0.598816 0.363099 0.598816 0.255128 0.552009 0.492597 0.519709 0.249265 0.637276 0.255128 0.552009 0.363099 0.598816 0.249265 0.637276 0.08129 0.640253 0.255128 0.552009 0.173499 0.69506 0.08129 0.640253 0.249265 0.637276 2.303088 -1.011866 2.801581 -0.532995 2.303134 -0.532995 2.801537 -1.011866 2.801581 -0.532995 2.303088 -1.011866 0.173499 0.826532 0.08129 0.881339 0.136334 0.760796 0.249265 0.884316 0.08129 0.881339 0.173499 0.826532 0.249265 0.884316 0.255128 0.969583 0.08129 0.881339 0.363099 0.922776 0.255128 0.969583 0.249265 0.884316 0.363099 0.922776 0.492598 1.001882 0.255128 0.969583 0.492598 0.938947 0.492598 1.001882 0.363099 0.922776 4.809895 -0.532995 4.307321 -1.011866 4.809851 -1.011866 4.307365 -0.532995 4.307321 -1.011866 4.809895 -0.532995 0.779837 0.761292 0.901658 0.639688 0.964157 0.759882 0.697627 0.661259 0.901658 0.639688 0.779837 0.761292 0.697627 0.661259 0.730908 0.5517 0.901658 0.639688 0.497207 0.614985 0.730908 0.5517 0.697627 0.661259 4.307365 -0.532995 3.804713 -1.011866 4.307321 -1.011866 3.804757 -0.532995 3.804713 -1.011866 4.307365 -0.532995 3.804757 -0.532995 3.301941 -1.011866 3.804713 -1.011866 3.301985 -0.532995 3.301941 -1.011866 3.804757 -0.532995 3.301985 -0.532995 2.801537 -1.011866 3.301941 -1.011866 2.801581 -0.532995 2.801537 -1.011866 3.301985 -0.532995 -0.677772 -1.011866 -0.174055 -0.532995 -0.677731 -0.532995 -0.1741009 -1.011866 -0.174055 -0.532995 -0.677772 -1.011866 -0.1741009 -1.011866 0.319979 -0.532995 -0.174055 -0.532995 0.319939 -1.011866 0.319979 -0.532995 -0.1741009 -1.011866 0.01765894 0.760796 0.136334 0.760796 0.08129 0.640253 0.08129 0.881339 0.136334 0.760796 0.01765894 0.760796 0.319939 -1.011866 0.814694 -0.532995 0.319979 -0.532995 0.814656 -1.011866 0.814694 -0.532995 0.319939 -1.011866 0.814656 -1.011866 1.309977 -0.532995 0.814694 -0.532995 1.309932 -1.011866 1.309977 -0.532995 0.814656 -1.011866 1.309932 -1.011866 1.806003 -0.532995 1.309977 -0.532995 1.805962 -1.011866 1.806003 -0.532995 1.309932 -1.011866 0.901658 0.639688 0.697627 0.661259 0.779837 0.761292 0.730908 0.5517 0.697627 0.661259 0.901658 0.639688 1.805962 -1.011866 2.303134 -0.532995 1.806003 -0.532995 2.303088 -1.011866 2.303134 -0.532995 1.805962 -1.011866 2.303088 -1.011866 2.801581 -0.532995 2.303134 -0.532995 2.801537 -1.011866 2.801581 -0.532995 2.303088 -1.011866 0.779837 0.761292 0.901658 0.639688 0.964157 0.759882 0.697627 0.661259 0.901658 0.639688 0.779837 0.761292 0.697627 0.661259 0.730908 0.5517 0.901658 0.639688 0.497207 0.614985 0.730908 0.5517 0.697627 0.661259 5.312309 -0.532995 4.809851 -1.011866 5.312264 -1.011866 4.809895 -0.532995 4.809851 -1.011866 5.312309 -0.532995 4.809895 -0.532995 4.307321 -1.011866 4.809851 -1.011866 4.307365 -0.532995 4.307321 -1.011866 4.809895 -0.532995 4.307365 -0.532995 3.804713 -1.011866 4.307321 -1.011866 3.804757 -0.532995 3.804713 -1.011866 4.307365 -0.532995 0.730908 0.5517 0.497207 0.614985 0.697627 0.661259 0.730908 0.5517 0.497207 0.614985 0.697627 0.661259</float_array>
          <technique_common>
            <accessor source="#polygon1-mesh-map-0-array" count="864" stride="2">
              <param name="S" type="float"/>
              <param name="T" type="float"/>
            </accessor>
          </technique_common>
        </source>
        <source id="polygon1-mesh-colors-polygon1_Colors0" name="polygon1_Colors0">
          <float_array id="polygon1-mesh-colors-polygon1_Colors0-array" count="3456">0.6980392 0.6980392 0.6980392 1 0.6980392 0.6980392 0.6980392 1 0.6980392 0.6980392 0.6980392 1 0.6980392 0.6980392 0.6980392 1 0.6980392 0.6980392 0.6980392 1 0.6980392 0.6980392 0.6980392 1 0.6980392 0.6980392 0.6980392 1 0.6980392 0.6980392 0.6980392 1 0.6980392 0.6980392 0.6980392 1 0.6980392 0.6980392 0.6980392 1 0.6980392 0.6980392 0.6980392 1 0.6980392 0.6980392 0.6980392 1 0.6980392 0.6980392 0.6980392 1 0.6980392 0.6980392 0.6980392 1 0.6980392 0.6980392 0.6980392 1 0.6980392 0.6980392 0.6980392 1 0.6980392 0.6980392 0.6980392 1 0.6980392 0.6980392 0.6980392 1 0.6980392 0.6980392 0.6980392 1 0.6980392 0.6980392 0.6980392 1 0.6980392 0.6980392 0.6980392 1 0.6980392 0.6980392 0.6980392 1 0.6980392 0.6980392 0.6980392 1 0.6980392 0.6980392 0.6980392 1 0.6980392 0.6980392 0.6980392 1 0.6980392 0.6980392 0.6980392 1 0.6980392 0.6980392 0.6980392 1 0.6980392 0.6980392 0.6980392 1 0.6980392 0.6980392 0.6980392 1 0.6980392 0.6980392 0.6980392 1 0.6980392 0.6980392 0.6980392 1 0.6980392 0.6980392 0.6980392 1 0.6980392 0.6980392 0.6980392 1 0.6980392 0.6980392 0.6980392 1 0.6980392 0.6980392 0.6980392 1 0.6980392 0.6980392 0.6980392 1 0.6980392 0.6980392 0.6980392 1 0.6980392 0.6980392 0.6980392 1 0.6980392 0.6980392 0.6980392 1 0.6980392 0.6980392 0.6980392 1 0.6980392 0.6980392 0.6980392 1 0.6980392 0.6980392 0.6980392 1 0.6980392 0.6980392 0.6980392 1 0.6980392 0.6980392 0.6980392 1 0.6980392 0.6980392 0.6980392 1 0.6980392 0.6980392 0.6980392 1 0.6980392 0.6980392 0.6980392 1 0.6980392 0.6980392 0.6980392 1 0.6980392 0.6980392 0.6980392 1 0.6980392 0.6980392 0.6980392 1 0.6980392 0.6980392 0.6980392 1 0.6980392 0.6980392 0.6980392 1 0.6980392 0.6980392 0.6980392 1 0.6980392 0.6980392 0.6980392 1 0.6980392 0.6980392 0.6980392 1 0.6980392 0.6980392 0.6980392 1 0.6980392 0.6980392 0.6980392 1 0.6980392 0.6980392 0.6980392 1 0.6980392 0.6980392 0.6980392 1 0.6980392 0.6980392 0.6980392 1 0.6980392 0.6980392 0.6980392 1 0.6980392 0.6980392 0.6980392 1 0.6980392 0.6980392 0.6980392 1 0.6980392 0.6980392 0.6980392 1 0.6980392 0.6980392 0.6980392 1 0.6980392 0.6980392 0.6980392 1 0.6980392 0.6980392 0.6980392 1 0.6980392 0.6980392 0.6980392 1 0.6980392 0.6980392 0.6980392 1 0.6980392 0.6980392 0.6980392 1 0.6980392 0.6980392 0.6980392 1 0.6980392 0.6980392 0.6980392 1 0.6980392 0.6980392 0.6980392 1 0.6980392 0.6980392 0.6980392 1 0.6980392 0.6980392 0.6980392 1 0.6980392 0.6980392 0.6980392 1 0.6980392 0.6980392 0.6980392 1 0.6980392 0.6980392 0.6980392 1 0.6980392 0.6980392 0.6980392 1 0.6980392 0.6980392 0.6980392 1 0.6980392 0.6980392 0.6980392 1 0.6980392 0.6980392 0.6980392 1 0.6980392 0.6980392 0.6980392 1 0.6980392 0.6980392 0.6980392 1 0.6980392 0.6980392 0.6980392 1 0.6980392 0.6980392 0.6980392 1 0.6980392 0.6980392 0.6980392 1 0.6980392 0.6980392 0.6980392 1 0.6980392 0.6980392 0.6980392 1 0.6980392 0.6980392 0.6980392 1 0.6980392 0.6980392 0.6980392 1 0.6980392 0.6980392 0.6980392 1 0.6980392 0.6980392 0.6980392 1 0.6980392 0.6980392 0.6980392 1 0.6980392 0.6980392 0.6980392 1 0.6980392 0.6980392 0.6980392 1 0.6980392 0.6980392 0.6980392 1 0.6980392 0.6980392 0.6980392 1 0.6980392 0.6980392 0.6980392 1 0.6980392 0.6980392 0.6980392 1 0.6980392 0.6980392 0.6980392 1 0.6980392 0.6980392 0.6980392 1 0.6980392 0.6980392 0.6980392 1 0.6980392 0.6980392 0.6980392 1 0.6980392 0.6980392 0.6980392 1 0.6980392 0.6980392 0.6980392 1 0.6980392 0.6980392 0.6980392 1 0.6980392 0.6980392 0.6980392 1 0.6980392 0.6980392 0.6980392 1 0.6980392 0.6980392 0.6980392 1 0.6980392 0.6980392 0.6980392 1 0.6980392 0.6980392 0.6980392 1 0.6980392 0.6980392 0.6980392 1 0.6980392 0.6980392 0.6980392 1 0.6980392 0.6980392 0.6980392 1 0.6980392 0.6980392 0.6980392 1 0.6980392 0.6980392 0.6980392 1 0.6980392 0.6980392 0.6980392 1 0.6980392 0.6980392 0.6980392 1 0.6980392 0.6980392 0.6980392 1 0.6980392 0.6980392 0.6980392 1 0.6980392 0.6980392 0.6980392 1 0.6980392 0.6980392 0.6980392 1 0.6980392 0.6980392 0.6980392 1 0.6980392 0.6980392 0.6980392 1 0.6980392 0.6980392 0.6980392 1 0.6980392 0.6980392 0.6980392 1 0.6980392 0.6980392 0.6980392 1 0.6980392 0.6980392 0.6980392 1 0.6980392 0.6980392 0.6980392 1 0.6980392 0.6980392 0.6980392 1 0.6980392 0.6980392 0.6980392 1 0.6980392 0.6980392 0.6980392 1 0.6980392 0.6980392 0.6980392 1 0.6980392 0.6980392 0.6980392 1 0.6980392 0.6980392 0.6980392 1 0.6980392 0.6980392 0.6980392 1 0.6980392 0.6980392 0.6980392 1 0.6980392 0.6980392 0.6980392 1 0.6980392 0.6980392 0.6980392 1 0.6980392 0.6980392 0.6980392 1 0.6980392 0.6980392 0.6980392 1 0.6980392 0.6980392 0.6980392 1 0.6980392 0.6980392 0.6980392 1 0.6980392 0.6980392 0.6980392 1 0.6980392 0.6980392 0.6980392 1 0.6980392 0.6980392 0.6980392 1 0.6980392 0.6980392 0.6980392 1 0.6980392 0.6980392 0.6980392 1 0.6980392 0.6980392 0.6980392 1 0.6980392 0.6980392 0.6980392 1 0.6980392 0.6980392 0.6980392 1 0.6980392 0.6980392 0.6980392 1 0.6980392 0.6980392 0.6980392 1 0.6980392 0.6980392 0.6980392 1 0.6980392 0.6980392 0.6980392 1 0.6980392 0.6980392 0.6980392 1 0.6980392 0.6980392 0.6980392 1 0.6980392 0.6980392 0.6980392 1 0.6980392 0.6980392 0.6980392 1 0.6980392 0.6980392 0.6980392 1 0.6980392 0.6980392 0.6980392 1 0.6980392 0.6980392 0.6980392 1 0.6980392 0.6980392 0.6980392 1 0.6980392 0.6980392 0.6980392 1 0.6980392 0.6980392 0.6980392 1 0.6980392 0.6980392 0.6980392 1 0.6980392 0.6980392 0.6980392 1 0.6980392 0.6980392 0.6980392 1 0.6980392 0.6980392 0.6980392 1 0.6980392 0.6980392 0.6980392 1 0.6980392 0.6980392 0.6980392 1 0.6980392 0.6980392 0.6980392 1 0.6980392 0.6980392 0.6980392 1 0.6980392 0.6980392 0.6980392 1 0.6980392 0.6980392 0.6980392 1 0.6980392 0.6980392 0.6980392 1 0.6980392 0.6980392 0.6980392 1 0.6980392 0.6980392 0.6980392 1 0.6980392 0.6980392 0.6980392 1 0.6980392 0.6980392 0.6980392 1 0.6980392 0.6980392 0.6980392 1 0.6980392 0.6980392 0.6980392 1 0.6980392 0.6980392 0.6980392 1 0.6980392 0.6980392 0.6980392 1 0.6980392 0.6980392 0.6980392 1 0.6980392 0.6980392 0.6980392 1 0.6980392 0.6980392 0.6980392 1 0.6980392 0.6980392 0.6980392 1 0.6980392 0.6980392 0.6980392 1 0.6980392 0.6980392 0.6980392 1 0.6980392 0.6980392 0.6980392 1 0.6980392 0.6980392 0.6980392 1 0.6980392 0.6980392 0.6980392 1 0.6980392 0.6980392 0.6980392 1 0.6980392 0.6980392 0.6980392 1 0.6980392 0.6980392 0.6980392 1 0.6980392 0.6980392 0.6980392 1 0.4980392 0.4980392 0.4980392 1 0.6980392 0.6980392 0.6980392 1 0.6980392 0.6980392 0.6980392 1 0.6980392 0.6980392 0.6980392 1 0.6980392 0.6980392 0.6980392 1 0.4980392 0.4980392 0.4980392 1 0.4980392 0.4980392 0.4980392 1 0.6980392 0.6980392 0.6980392 1 0.4980392 0.4980392 0.4980392 1 0.6980392 0.6980392 0.6980392 1 0.6980392 0.6980392 0.6980392 1 0.4980392 0.4980392 0.4980392 1 0.4980392 0.4980392 0.4980392 1 0.6980392 0.6980392 0.6980392 1 0.4980392 0.4980392 0.4980392 1 0.6980392 0.6980392 0.6980392 1 0.6980392 0.6980392 0.6980392 1 0.4980392 0.4980392 0.4980392 1 0.6980392 0.6980392 0.6980392 1 0.6980392 0.6980392 0.6980392 1 0.4980392 0.4980392 0.4980392 1 0.6980392 0.6980392 0.6980392 1 0.6980392 0.6980392 0.6980392 1 0.6980392 0.6980392 0.6980392 1 0.6980392 0.6980392 0.6980392 1 0.6980392 0.6980392 0.6980392 1 0.6980392 0.6980392 0.6980392 1 0.6980392 0.6980392 0.6980392 1 0.6980392 0.6980392 0.6980392 1 0.6980392 0.6980392 0.6980392 1 0.6980392 0.6980392 0.6980392 1 0.6980392 0.6980392 0.6980392 1 0.6980392 0.6980392 0.6980392 1 0.6980392 0.6980392 0.6980392 1 0.6980392 0.6980392 0.6980392 1 0.6980392 0.6980392 0.6980392 1 0.6980392 0.6980392 0.6980392 1 0.6980392 0.6980392 0.6980392 1 0.6980392 0.6980392 0.6980392 1 0.6980392 0.6980392 0.6980392 1 0.6980392 0.6980392 0.6980392 1 0.6980392 0.6980392 0.6980392 1 0.6980392 0.6980392 0.6980392 1 0.6980392 0.6980392 0.6980392 1 0.6980392 0.6980392 0.6980392 1 0.6980392 0.6980392 0.6980392 1 0.6980392 0.6980392 0.6980392 1 0.6980392 0.6980392 0.6980392 1 0.6980392 0.6980392 0.6980392 1 0.6980392 0.6980392 0.6980392 1 0.6980392 0.6980392 0.6980392 1 0.6980392 0.6980392 0.6980392 1 0.6980392 0.6980392 0.6980392 1 0.6980392 0.6980392 0.6980392 1 0.6980392 0.6980392 0.6980392 1 0.6980392 0.6980392 0.6980392 1 0.6980392 0.6980392 0.6980392 1 0.6980392 0.6980392 0.6980392 1 0.6980392 0.6980392 0.6980392 1 0.6980392 0.6980392 0.6980392 1 0.6980392 0.6980392 0.6980392 1 0.6980392 0.6980392 0.6980392 1 0.6980392 0.6980392 0.6980392 1 0.6980392 0.6980392 0.6980392 1 0.6980392 0.6980392 0.6980392 1 0.6980392 0.6980392 0.6980392 1 0.6980392 0.6980392 0.6980392 1 0.6980392 0.6980392 0.6980392 1 0.6980392 0.6980392 0.6980392 1 0.6980392 0.6980392 0.6980392 1 0.6980392 0.6980392 0.6980392 1 0.6980392 0.6980392 0.6980392 1 0.6980392 0.6980392 0.6980392 1 0.6980392 0.6980392 0.6980392 1 0.6980392 0.6980392 0.6980392 1 0.6980392 0.6980392 0.6980392 1 0.6980392 0.6980392 0.6980392 1 0.6980392 0.6980392 0.6980392 1 0.6980392 0.6980392 0.6980392 1 0.6980392 0.6980392 0.6980392 1 0.6980392 0.6980392 0.6980392 1 0.6980392 0.6980392 0.6980392 1 0.6980392 0.6980392 0.6980392 1 0.6980392 0.6980392 0.6980392 1 0.4980392 0.4980392 0.4980392 1 0.6980392 0.6980392 0.6980392 1 0.6980392 0.6980392 0.6980392 1 0.6980392 0.6980392 0.6980392 1 0.6980392 0.6980392 0.6980392 1 0.4980392 0.4980392 0.4980392 1 0.4980392 0.4980392 0.4980392 1 0.6980392 0.6980392 0.6980392 1 0.4980392 0.4980392 0.4980392 1 0.6980392 0.6980392 0.6980392 1 0.6980392 0.6980392 0.6980392 1 0.4980392 0.4980392 0.4980392 1 0.4980392 0.4980392 0.4980392 1 0.6980392 0.6980392 0.6980392 1 0.4980392 0.4980392 0.4980392 1 0.6980392 0.6980392 0.6980392 1 0.6980392 0.6980392 0.6980392 1 0.4980392 0.4980392 0.4980392 1 0.6980392 0.6980392 0.6980392 1 0.6980392 0.6980392 0.6980392 1 0.4980392 0.4980392 0.4980392 1 0.6980392 0.6980392 0.6980392 1 0.6980392 0.6980392 0.6980392 1 0.6980392 0.6980392 0.6980392 1 0.6980392 0.6980392 0.6980392 1 0.6980392 0.6980392 0.6980392 1 0.6980392 0.6980392 0.6980392 1 0.6980392 0.6980392 0.6980392 1 0.6980392 0.6980392 0.6980392 1 0.6980392 0.6980392 0.6980392 1 0.6980392 0.6980392 0.6980392 1 0.6980392 0.6980392 0.6980392 1 0.6980392 0.6980392 0.6980392 1 0.6980392 0.6980392 0.6980392 1 0.6980392 0.6980392 0.6980392 1 0.6980392 0.6980392 0.6980392 1 0.6980392 0.6980392 0.6980392 1 0.6980392 0.6980392 0.6980392 1 0.6980392 0.6980392 0.6980392 1 0.6980392 0.6980392 0.6980392 1 0.6980392 0.6980392 0.6980392 1 0.6980392 0.6980392 0.6980392 1 0.4980392 0.4980392 0.4980392 1 0.6980392 0.6980392 0.6980392 1 0.6980392 0.6980392 0.6980392 1 0.6980392 0.6980392 0.6980392 1 0.6980392 0.6980392 0.6980392 1 0.4980392 0.4980392 0.4980392 1 0.4980392 0.4980392 0.4980392 1 0.6980392 0.6980392 0.6980392 1 0.4980392 0.4980392 0.4980392 1 0.6980392 0.6980392 0.6980392 1 0.6980392 0.6980392 0.6980392 1 0.4980392 0.4980392 0.4980392 1 0.4980392 0.4980392 0.4980392 1 0.6980392 0.6980392 0.6980392 1 0.4980392 0.4980392 0.4980392 1 0.6980392 0.6980392 0.6980392 1 0.6980392 0.6980392 0.6980392 1 0.4980392 0.4980392 0.4980392 1 0.6980392 0.6980392 0.6980392 1 0.6980392 0.6980392 0.6980392 1 0.4980392 0.4980392 0.4980392 1 0.4980392 0.4980392 0.4980392 1 0.6980392 0.6980392 0.6980392 1 0.6980392 0.6980392 0.6980392 1 0.6980392 0.6980392 0.6980392 1 0.6980392 0.6980392 0.6980392 1 0.4980392 0.4980392 0.4980392 1 0.4980392 0.4980392 0.4980392 1 0.6980392 0.6980392 0.6980392 1 0.4980392 0.4980392 0.4980392 1 0.6980392 0.6980392 0.6980392 1 0.6980392 0.6980392 0.6980392 1 0.4980392 0.4980392 0.4980392 1 0.4980392 0.4980392 0.4980392 1 0.6980392 0.6980392 0.6980392 1 0.4980392 0.4980392 0.4980392 1 0.6980392 0.6980392 0.6980392 1 0.6980392 0.6980392 0.6980392 1 0.4980392 0.4980392 0.4980392 1 0.6980392 0.6980392 0.6980392 1 0.6980392 0.6980392 0.6980392 1 0.4980392 0.4980392 0.4980392 1 0.6980392 0.6980392 0.6980392 1 0.6980392 0.6980392 0.6980392 1 0.6980392 0.6980392 0.6980392 1 0.6980392 0.6980392 0.6980392 1 0.6980392 0.6980392 0.6980392 1 0.6980392 0.6980392 0.6980392 1 0.6980392 0.6980392 0.6980392 1 0.6980392 0.6980392 0.6980392 1 0.6980392 0.6980392 0.6980392 1 0.6980392 0.6980392 0.6980392 1 0.6980392 0.6980392 0.6980392 1 0.6980392 0.6980392 0.6980392 1 0.6980392 0.6980392 0.6980392 1 0.6980392 0.6980392 0.6980392 1 0.6980392 0.6980392 0.6980392 1 0.6980392 0.6980392 0.6980392 1 0.6980392 0.6980392 0.6980392 1 0.6980392 0.6980392 0.6980392 1 0.6980392 0.6980392 0.6980392 1 0.6980392 0.6980392 0.6980392 1 0.6980392 0.6980392 0.6980392 1 0.6980392 0.6980392 0.6980392 1 0.6980392 0.6980392 0.6980392 1 0.6980392 0.6980392 0.6980392 1 0.6980392 0.6980392 0.6980392 1 0.6980392 0.6980392 0.6980392 1 0.6980392 0.6980392 0.6980392 1 0.6980392 0.6980392 0.6980392 1 0.6980392 0.6980392 0.6980392 1 0.6980392 0.6980392 0.6980392 1 0.6980392 0.6980392 0.6980392 1 0.6980392 0.6980392 0.6980392 1 0.6980392 0.6980392 0.6980392 1 0.6980392 0.6980392 0.6980392 1 0.6980392 0.6980392 0.6980392 1 0.6980392 0.6980392 0.6980392 1 0.6980392 0.6980392 0.6980392 1 0.6980392 0.6980392 0.6980392 1 0.6980392 0.6980392 0.6980392 1 0.6980392 0.6980392 0.6980392 1 0.6980392 0.6980392 0.6980392 1 0.6980392 0.6980392 0.6980392 1 0.6980392 0.6980392 0.6980392 1 0.6980392 0.6980392 0.6980392 1 0.6980392 0.6980392 0.6980392 1 0.6980392 0.6980392 0.6980392 1 0.6980392 0.6980392 0.6980392 1 0.6980392 0.6980392 0.6980392 1 0.6980392 0.6980392 0.6980392 1 0.6980392 0.6980392 0.6980392 1 0.6980392 0.6980392 0.6980392 1 0.4980392 0.4980392 0.4980392 1 0.6980392 0.6980392 0.6980392 1 0.4980392 0.4980392 0.4980392 1 0.6980392 0.6980392 0.6980392 1 0.6980392 0.6980392 0.6980392 1 0.4980392 0.4980392 0.4980392 1 0.4980392 0.4980392 0.4980392 1 0.6980392 0.6980392 0.6980392 1 0.4980392 0.4980392 0.4980392 1 0.6980392 0.6980392 0.6980392 1 0.6980392 0.6980392 0.6980392 1 0.4980392 0.4980392 0.4980392 1 0.6980392 0.6980392 0.6980392 1 0.6980392 0.6980392 0.6980392 1 0.4980392 0.4980392 0.4980392 1 0.4980392 0.4980392 0.4980392 1 0.6980392 0.6980392 0.6980392 1 0.4980392 0.4980392 0.4980392 1 0.6980392 0.6980392 0.6980392 1 0.6980392 0.6980392 0.6980392 1 0.4980392 0.4980392 0.4980392 1 0.4980392 0.4980392 0.4980392 1 0.6980392 0.6980392 0.6980392 1 0.4980392 0.4980392 0.4980392 1 0.6980392 0.6980392 0.6980392 1 0.6980392 0.6980392 0.6980392 1 0.4980392 0.4980392 0.4980392 1 0.6980392 0.6980392 0.6980392 1 0.6980392 0.6980392 0.6980392 1 0.4980392 0.4980392 0.4980392 1 0.6980392 0.6980392 0.6980392 1 0.6980392 0.6980392 0.6980392 1 0.6980392 0.6980392 0.6980392 1 0.6980392 0.6980392 0.6980392 1 0.6980392 0.6980392 0.6980392 1 0.6980392 0.6980392 0.6980392 1 0.6980392 0.6980392 0.6980392 1 0.6980392 0.6980392 0.6980392 1 0.6980392 0.6980392 0.6980392 1 0.6980392 0.6980392 0.6980392 1 0.6980392 0.6980392 0.6980392 1 0.6980392 0.6980392 0.6980392 1 0.6980392 0.6980392 0.6980392 1 0.6980392 0.6980392 0.6980392 1 0.6980392 0.6980392 0.6980392 1 0.6980392 0.6980392 0.6980392 1 0.6980392 0.6980392 0.6980392 1 0.6980392 0.6980392 0.6980392 1 0.6980392 0.6980392 0.6980392 1 0.6980392 0.6980392 0.6980392 1 0.6980392 0.6980392 0.6980392 1 0.6980392 0.6980392 0.6980392 1 0.6980392 0.6980392 0.6980392 1 0.6980392 0.6980392 0.6980392 1 0.6980392 0.6980392 0.6980392 1 0.6980392 0.6980392 0.6980392 1 0.6980392 0.6980392 0.6980392 1 0.6980392 0.6980392 0.6980392 1 0.6980392 0.6980392 0.6980392 1 0.6980392 0.6980392 0.6980392 1 0.4980392 0.4980392 0.4980392 1 0.6980392 0.6980392 0.6980392 1 0.4980392 0.4980392 0.4980392 1 0.6980392 0.6980392 0.6980392 1 0.6980392 0.6980392 0.6980392 1 0.4980392 0.4980392 0.4980392 1 0.4980392 0.4980392 0.4980392 1 0.6980392 0.6980392 0.6980392 1 0.4980392 0.4980392 0.4980392 1 0.6980392 0.6980392 0.6980392 1 0.6980392 0.6980392 0.6980392 1 0.4980392 0.4980392 0.4980392 1 0.6980392 0.6980392 0.6980392 1 0.6980392 0.6980392 0.6980392 1 0.4980392 0.4980392 0.4980392 1 0.6980392 0.6980392 0.6980392 1 0.6980392 0.6980392 0.6980392 1 0.6980392 0.6980392 0.6980392 1 0.6980392 0.6980392 0.6980392 1 0.6980392 0.6980392 0.6980392 1 0.6980392 0.6980392 0.6980392 1 0.6980392 0.6980392 0.6980392 1 0.6980392 0.6980392 0.6980392 1 0.6980392 0.6980392 0.6980392 1 0.6980392 0.6980392 0.6980392 1 0.6980392 0.6980392 0.6980392 1 0.6980392 0.6980392 0.6980392 1 0.6980392 0.6980392 0.6980392 1 0.6980392 0.6980392 0.6980392 1 0.6980392 0.6980392 0.6980392 1 0.6980392 0.6980392 0.6980392 1 0.6980392 0.6980392 0.6980392 1 0.6980392 0.6980392 0.6980392 1 0.6980392 0.6980392 0.6980392 1 0.6980392 0.6980392 0.6980392 1 0.6980392 0.6980392 0.6980392 1 0.6980392 0.6980392 0.6980392 1 0.6980392 0.6980392 0.6980392 1 0.6980392 0.6980392 0.6980392 1 0.6980392 0.6980392 0.6980392 1 0.6980392 0.6980392 0.6980392 1 0.6980392 0.6980392 0.6980392 1 0.6980392 0.6980392 0.6980392 1 0.6980392 0.6980392 0.6980392 1 0.6980392 0.6980392 0.6980392 1 0.4980392 0.4980392 0.4980392 1 0.6980392 0.6980392 0.6980392 1 0.4980392 0.4980392 0.4980392 1 0.6980392 0.6980392 0.6980392 1 0.6980392 0.6980392 0.6980392 1 0.4980392 0.4980392 0.4980392 1 0.4980392 0.4980392 0.4980392 1 0.6980392 0.6980392 0.6980392 1 0.4980392 0.4980392 0.4980392 1 0.6980392 0.6980392 0.6980392 1 0.6980392 0.6980392 0.6980392 1 0.4980392 0.4980392 0.4980392 1 0.6980392 0.6980392 0.6980392 1 0.6980392 0.6980392 0.6980392 1 0.4980392 0.4980392 0.4980392 1 0.4980392 0.4980392 0.4980392 1 0.6980392 0.6980392 0.6980392 1 0.4980392 0.4980392 0.4980392 1 0.6980392 0.6980392 0.6980392 1 0.6980392 0.6980392 0.6980392 1 0.4980392 0.4980392 0.4980392 1 0.4980392 0.4980392 0.4980392 1 0.6980392 0.6980392 0.6980392 1 0.4980392 0.4980392 0.4980392 1 0.6980392 0.6980392 0.6980392 1 0.6980392 0.6980392 0.6980392 1 0.4980392 0.4980392 0.4980392 1 0.6980392 0.6980392 0.6980392 1 0.6980392 0.6980392 0.6980392 1 0.4980392 0.4980392 0.4980392 1 0.4980392 0.4980392 0.4980392 1 0.6980392 0.6980392 0.6980392 1 0.4980392 0.4980392 0.4980392 1 0.6980392 0.6980392 0.6980392 1 0.6980392 0.6980392 0.6980392 1 0.4980392 0.4980392 0.4980392 1 0.4980392 0.4980392 0.4980392 1 0.6980392 0.6980392 0.6980392 1 0.4980392 0.4980392 0.4980392 1 0.6980392 0.6980392 0.6980392 1 0.6980392 0.6980392 0.6980392 1 0.4980392 0.4980392 0.4980392 1 0.6980392 0.6980392 0.6980392 1 0.6980392 0.6980392 0.6980392 1 0.4980392 0.4980392 0.4980392 1 0.6980392 0.6980392 0.6980392 1 0.4980392 0.4980392 0.4980392 1 0.6980392 0.6980392 0.6980392 1 0.4980392 0.4980392 0.4980392 1 0.4980392 0.4980392 0.4980392 1 0.6980392 0.6980392 0.6980392 1 0.6980392 0.6980392 0.6980392 1 0.4980392 0.4980392 0.4980392 1 0.6980392 0.6980392 0.6980392 1 0.4980392 0.4980392 0.4980392 1 0.4980392 0.4980392 0.4980392 1 0.6980392 0.6980392 0.6980392 1 0.6980392 0.6980392 0.6980392 1 0.4980392 0.4980392 0.4980392 1 0.6980392 0.6980392 0.6980392 1 0.4980392 0.4980392 0.4980392 1 0.4980392 0.4980392 0.4980392 1 0.6980392 0.6980392 0.6980392 1 0.6980392 0.6980392 0.6980392 1 0.4980392 0.4980392 0.4980392 1 0.6980392 0.6980392 0.6980392 1 0.4980392 0.4980392 0.4980392 1 0.4980392 0.4980392 0.4980392 1 0.6980392 0.6980392 0.6980392 1 0.6980392 0.6980392 0.6980392 1 0.6980392 0.6980392 0.6980392 1 0.6980392 0.6980392 0.6980392 1 0.6980392 0.6980392 0.6980392 1 0.6980392 0.6980392 0.6980392 1 0.6980392 0.6980392 0.6980392 1 0.6980392 0.6980392 0.6980392 1 0.6980392 0.6980392 0.6980392 1 0.6980392 0.6980392 0.6980392 1 0.6980392 0.6980392 0.6980392 1 0.6980392 0.6980392 0.6980392 1 0.6980392 0.6980392 0.6980392 1 0.6980392 0.6980392 0.6980392 1 0.6980392 0.6980392 0.6980392 1 0.6980392 0.6980392 0.6980392 1 0.6980392 0.6980392 0.6980392 1 0.6980392 0.6980392 0.6980392 1 0.6980392 0.6980392 0.6980392 1 0.6980392 0.6980392 0.6980392 1 0.6980392 0.6980392 0.6980392 1 0.6980392 0.6980392 0.6980392 1 0.6980392 0.6980392 0.6980392 1 0.6980392 0.6980392 0.6980392 1 0.6980392 0.6980392 0.6980392 1 0.6980392 0.6980392 0.6980392 1 0.6980392 0.6980392 0.6980392 1 0.6980392 0.6980392 0.6980392 1 0.6980392 0.6980392 0.6980392 1 0.6980392 0.6980392 0.6980392 1 0.6980392 0.6980392 0.6980392 1 0.6980392 0.6980392 0.6980392 1 0.6980392 0.6980392 0.6980392 1 0.6980392 0.6980392 0.6980392 1 0.6980392 0.6980392 0.6980392 1 0.6980392 0.6980392 0.6980392 1 0.6980392 0.6980392 0.6980392 1 0.6980392 0.6980392 0.6980392 1 0.6980392 0.6980392 0.6980392 1 0.6980392 0.6980392 0.6980392 1 0.6980392 0.6980392 0.6980392 1 0.6980392 0.6980392 0.6980392 1 0.6980392 0.6980392 0.6980392 1 0.6980392 0.6980392 0.6980392 1 0.6980392 0.6980392 0.6980392 1 0.6980392 0.6980392 0.6980392 1 0.6980392 0.6980392 0.6980392 1 0.6980392 0.6980392 0.6980392 1 0.6980392 0.6980392 0.6980392 1 0.6980392 0.6980392 0.6980392 1 0.6980392 0.6980392 0.6980392 1 0.6980392 0.6980392 0.6980392 1 0.6980392 0.6980392 0.6980392 1 0.4980392 0.4980392 0.4980392 1 0.4980392 0.4980392 0.4980392 1 0.6980392 0.6980392 0.6980392 1 0.4980392 0.4980392 0.4980392 1 0.6980392 0.6980392 0.6980392 1 0.6980392 0.6980392 0.6980392 1 0.6980392 0.6980392 0.6980392 1 0.6980392 0.6980392 0.6980392 1 0.6980392 0.6980392 0.6980392 1 0.6980392 0.6980392 0.6980392 1 0.6980392 0.6980392 0.6980392 1 0.6980392 0.6980392 0.6980392 1 0.6980392 0.6980392 0.6980392 1 0.6980392 0.6980392 0.6980392 1 0.6980392 0.6980392 0.6980392 1 0.6980392 0.6980392 0.6980392 1 0.6980392 0.6980392 0.6980392 1 0.6980392 0.6980392 0.6980392 1 0.6980392 0.6980392 0.6980392 1 0.6980392 0.6980392 0.6980392 1 0.6980392 0.6980392 0.6980392 1 0.6980392 0.6980392 0.6980392 1 0.6980392 0.6980392 0.6980392 1 0.6980392 0.6980392 0.6980392 1 0.6980392 0.6980392 0.6980392 1 0.6980392 0.6980392 0.6980392 1 0.6980392 0.6980392 0.6980392 1 0.6980392 0.6980392 0.6980392 1 0.6980392 0.6980392 0.6980392 1 0.6980392 0.6980392 0.6980392 1 0.6980392 0.6980392 0.6980392 1 0.6980392 0.6980392 0.6980392 1 0.6980392 0.6980392 0.6980392 1 0.6980392 0.6980392 0.6980392 1 0.6980392 0.6980392 0.6980392 1 0.6980392 0.6980392 0.6980392 1 0.6980392 0.6980392 0.6980392 1 0.6980392 0.6980392 0.6980392 1 0.6980392 0.6980392 0.6980392 1 0.6980392 0.6980392 0.6980392 1 0.6980392 0.6980392 0.6980392 1 0.6980392 0.6980392 0.6980392 1 0.6980392 0.6980392 0.6980392 1 0.6980392 0.6980392 0.6980392 1 0.6980392 0.6980392 0.6980392 1 0.6980392 0.6980392 0.6980392 1 0.6980392 0.6980392 0.6980392 1 0.6980392 0.6980392 0.6980392 1 0.6980392 0.6980392 0.6980392 1 0.6980392 0.6980392 0.6980392 1 0.6980392 0.6980392 0.6980392 1 0.6980392 0.6980392 0.6980392 1 0.6980392 0.6980392 0.6980392 1 0.6980392 0.6980392 0.6980392 1 0.6980392 0.6980392 0.6980392 1 0.6980392 0.6980392 0.6980392 1 0.6980392 0.6980392 0.6980392 1 0.6980392 0.6980392 0.6980392 1 0.6980392 0.6980392 0.6980392 1 0.6980392 0.6980392 0.6980392 1 0.6980392 0.6980392 0.6980392 1 0.6980392 0.6980392 0.6980392 1 0.6980392 0.6980392 0.6980392 1 0.6980392 0.6980392 0.6980392 1 0.6980392 0.6980392 0.6980392 1 0.6980392 0.6980392 0.6980392 1 0.6980392 0.6980392 0.6980392 1 0.6980392 0.6980392 0.6980392 1 0.6980392 0.6980392 0.6980392 1 0.6980392 0.6980392 0.6980392 1 0.6980392 0.6980392 0.6980392 1 0.6980392 0.6980392 0.6980392 1 0.6980392 0.6980392 0.6980392 1 0.6980392 0.6980392 0.6980392 1 0.6980392 0.6980392 0.6980392 1 0.6980392 0.6980392 0.6980392 1 0.6980392 0.6980392 0.6980392 1 0.6980392 0.6980392 0.6980392 1 0.6980392 0.6980392 0.6980392 1 0.6980392 0.6980392 0.6980392 1 0.6980392 0.6980392 0.6980392 1 0.6980392 0.6980392 0.6980392 1 0.6980392 0.6980392 0.6980392 1 0.6980392 0.6980392 0.6980392 1 0.6980392 0.6980392 0.6980392 1 0.6980392 0.6980392 0.6980392 1 0.6980392 0.6980392 0.6980392 1 0.6980392 0.6980392 0.6980392 1 0.6980392 0.6980392 0.6980392 1 0.6980392 0.6980392 0.6980392 1 0.6980392 0.6980392 0.6980392 1 0.6980392 0.6980392 0.6980392 1 0.6980392 0.6980392 0.6980392 1 0.6980392 0.6980392 0.6980392 1 0.6980392 0.6980392 0.6980392 1 0.6980392 0.6980392 0.6980392 1 0.6980392 0.6980392 0.6980392 1 0.6980392 0.6980392 0.6980392 1 0.6980392 0.6980392 0.6980392 1 0.6980392 0.6980392 0.6980392 1 0.6980392 0.6980392 0.6980392 1 0.4980392 0.4980392 0.4980392 1 0.6980392 0.6980392 0.6980392 1 0.6980392 0.6980392 0.6980392 1 0.4980392 0.4980392 0.4980392 1 0.6980392 0.6980392 0.6980392 1 0.4980392 0.4980392 0.4980392 1 0.4980392 0.4980392 0.4980392 1 0.6980392 0.6980392 0.6980392 1 0.6980392 0.6980392 0.6980392 1 0.4980392 0.4980392 0.4980392 1 0.6980392 0.6980392 0.6980392 1 0.4980392 0.4980392 0.4980392 1 0.6980392 0.6980392 0.6980392 1 0.6980392 0.6980392 0.6980392 1 0.6980392 0.6980392 0.6980392 1 0.6980392 0.6980392 0.6980392 1 0.6980392 0.6980392 0.6980392 1 0.6980392 0.6980392 0.6980392 1 0.6980392 0.6980392 0.6980392 1 0.6980392 0.6980392 0.6980392 1 0.6980392 0.6980392 0.6980392 1 0.6980392 0.6980392 0.6980392 1 0.6980392 0.6980392 0.6980392 1 0.6980392 0.6980392 0.6980392 1 0.6980392 0.6980392 0.6980392 1 0.6980392 0.6980392 0.6980392 1 0.6980392 0.6980392 0.6980392 1 0.6980392 0.6980392 0.6980392 1 0.6980392 0.6980392 0.6980392 1 0.6980392 0.6980392 0.6980392 1 0.6980392 0.6980392 0.6980392 1 0.6980392 0.6980392 0.6980392 1 0.6980392 0.6980392 0.6980392 1 0.6980392 0.6980392 0.6980392 1 0.6980392 0.6980392 0.6980392 1 0.6980392 0.6980392 0.6980392 1 0.6980392 0.6980392 0.6980392 1 0.6980392 0.6980392 0.6980392 1 0.6980392 0.6980392 0.6980392 1 0.6980392 0.6980392 0.6980392 1 0.6980392 0.6980392 0.6980392 1 0.6980392 0.6980392 0.6980392 1 0.6980392 0.6980392 0.6980392 1 0.6980392 0.6980392 0.6980392 1 0.6980392 0.6980392 0.6980392 1 0.6980392 0.6980392 0.6980392 1 0.6980392 0.6980392 0.6980392 1 0.6980392 0.6980392 0.6980392 1 0.6980392 0.6980392 0.6980392 1 0.6980392 0.6980392 0.6980392 1 0.6980392 0.6980392 0.6980392 1 0.6980392 0.6980392 0.6980392 1 0.6980392 0.6980392 0.6980392 1 0.6980392 0.6980392 0.6980392 1 0.6980392 0.6980392 0.6980392 1 0.6980392 0.6980392 0.6980392 1 0.6980392 0.6980392 0.6980392 1 0.6980392 0.6980392 0.6980392 1 0.6980392 0.6980392 0.6980392 1 0.6980392 0.6980392 0.6980392 1 0.6980392 0.6980392 0.6980392 1 0.6980392 0.6980392 0.6980392 1 0.6980392 0.6980392 0.6980392 1 0.6980392 0.6980392 0.6980392 1 0.6980392 0.6980392 0.6980392 1 0.6980392 0.6980392 0.6980392 1 0.6980392 0.6980392 0.6980392 1 0.4980392 0.4980392 0.4980392 1 0.4980392 0.4980392 0.4980392 1 0.6980392 0.6980392 0.6980392 1 0.4980392 0.4980392 0.4980392 1 0.6980392 0.6980392 0.6980392 1 0.6980392 0.6980392 0.6980392 1 0.6980392 0.6980392 0.6980392 1 0.6980392 0.6980392 0.6980392 1 0.6980392 0.6980392 0.6980392 1 0.6980392 0.6980392 0.6980392 1 0.6980392 0.6980392 0.6980392 1 0.6980392 0.6980392 0.6980392 1 0.6980392 0.6980392 0.6980392 1 0.6980392 0.6980392 0.6980392 1 0.6980392 0.6980392 0.6980392 1 0.6980392 0.6980392 0.6980392 1 0.6980392 0.6980392 0.6980392 1 0.4980392 0.4980392 0.4980392 1 0.6980392 0.6980392 0.6980392 1 0.6980392 0.6980392 0.6980392 1 0.4980392 0.4980392 0.4980392 1 0.6980392 0.6980392 0.6980392 1 0.4980392 0.4980392 0.4980392 1 0.4980392 0.4980392 0.4980392 1 0.6980392 0.6980392 0.6980392 1 0.6980392 0.6980392 0.6980392 1 0.4980392 0.4980392 0.4980392 1 0.6980392 0.6980392 0.6980392 1 0.4980392 0.4980392 0.4980392 1 0.6980392 0.6980392 0.6980392 1 0.6980392 0.6980392 0.6980392 1 0.6980392 0.6980392 0.6980392 1 0.6980392 0.6980392 0.6980392 1 0.6980392 0.6980392 0.6980392 1 0.6980392 0.6980392 0.6980392 1 0.6980392 0.6980392 0.6980392 1 0.6980392 0.6980392 0.6980392 1 0.6980392 0.6980392 0.6980392 1 0.6980392 0.6980392 0.6980392 1 0.6980392 0.6980392 0.6980392 1 0.6980392 0.6980392 0.6980392 1 0.6980392 0.6980392 0.6980392 1 0.6980392 0.6980392 0.6980392 1 0.6980392 0.6980392 0.6980392 1 0.6980392 0.6980392 0.6980392 1 0.6980392 0.6980392 0.6980392 1 0.6980392 0.6980392 0.6980392 1 0.6980392 0.6980392 0.6980392 1 0.4980392 0.4980392 0.4980392 1 0.4980392 0.4980392 0.4980392 1 0.6980392 0.6980392 0.6980392 1 0.4980392 0.4980392 0.4980392 1 0.4980392 0.4980392 0.4980392 1</float_array>
          <technique_common>
            <accessor source="#polygon1-mesh-colors-polygon1_Colors0-array" count="864" stride="4">
              <param name="R" type="float"/>
              <param name="G" type="float"/>
              <param name="B" type="float"/>
              <param name="A" type="float"/>
            </accessor>
          </technique_common>
        </source>
        <vertices id="polygon1-mesh-vertices">
          <input semantic="POSITION" source="#polygon1-mesh-positions"/>
        </vertices>
        <triangles material="mat_tire-material" count="288">
          <input semantic="VERTEX" source="#polygon1-mesh-vertices" offset="0"/>
          <input semantic="NORMAL" source="#polygon1-mesh-normals" offset="1"/>
          <input semantic="TEXCOORD" source="#polygon1-mesh-map-0" offset="2" set="0"/>
          <input semantic="COLOR" source="#polygon1-mesh-colors-polygon1_Colors0" offset="3" set="0"/>
          <p>2 0 0 0 1 1 1 1 0 2 2 2 3 3 3 3 1 1 4 4 2 0 5 5 4 4 6 6 3 3 7 7 2 0 8 8 5 5 9 9 3 3 10 10 4 4 11 11 6 6 12 12 5 5 13 13 4 4 14 14 7 7 15 15 5 5 16 16 6 6 17 17 8 8 18 18 7 7 19 19 6 6 20 20 9 9 21 21 7 7 22 22 8 8 23 23 10 10 24 24 9 9 25 25 8 8 26 26 11 11 27 27 9 9 28 28 10 10 29 29 12 12 30 30 11 11 31 31 10 10 32 32 13 13 33 33 11 11 34 34 12 12 35 35 14 14 36 36 13 13 37 37 12 12 38 38 15 15 39 39 13 13 40 40 14 14 41 41 16 16 42 42 15 15 43 43 14 14 44 44 17 17 45 45 15 15 46 46 16 16 47 47 18 18 48 48 17 17 49 49 16 16 50 50 19 19 51 51 17 17 52 52 18 18 53 53 20 20 54 54 19 19 55 55 18 18 56 56 21 21 57 57 19 19 58 58 20 20 59 59 22 22 60 60 21 21 61 61 20 20 62 62 23 23 63 63 21 21 64 64 22 22 65 65 0 2 66 66 23 23 67 67 22 22 68 68 1 1 69 69 23 23 70 70 0 2 71 71 26 24 72 72 25 25 73 73 24 26 74 74 27 27 75 75 25 25 76 76 26 24 77 77 28 28 78 78 27 27 79 79 26 24 80 80 29 29 81 81 27 27 82 82 28 28 83 83 30 30 84 84 29 29 85 85 28 28 86 86 31 31 87 87 29 29 88 88 30 30 89 89 32 32 90 90 31 31 91 91 30 30 92 92 33 33 93 93 31 31 94 94 32 32 95 95 34 34 96 96 33 33 97 97 32 32 98 98 35 35 99 99 33 33 100 100 34 34 101 101 36 36 102 102 35 35 103 103 34 34 104 104 37 37 105 105 35 35 106 106 36 36 107 107 38 38 108 108 37 37 109 109 36 36 110 110 39 15 111 111 37 37 112 112 38 38 113 113 40 39 114 114 39 15 115 115 38 38 116 116 41 40 117 117 39 15 118 118 40 39 119 119 42 41 120 120 41 40 121 121 40 39 122 122 43 42 123 123 41 40 124 124 42 41 125 125 44 43 126 126 43 42 127 127 42 41 128 128 45 44 129 129 43 42 130 130 44 43 131 131 46 45 132 132 45 44 133 133 44 43 134 134 47 46 135 135 45 44 136 136 46 45 137 137 24 26 138 138 47 46 139 139 46 45 140 140 25 25 141 141 47 46 142 142 24 26 143 143 50 47 144 144 49 48 145 145 48 49 146 146 51 50 147 147 49 48 148 148 50 47 149 149 52 51 150 150 51 50 151 151 50 47 152 152 53 52 153 153 51 50 154 154 52 51 155 155 54 53 156 156 53 52 157 157 52 51 158 158 55 54 159 159 53 52 160 160 54 53 161 161 56 55 162 162 55 54 163 163 54 53 164 164 57 56 165 165 55 54 166 166 56 55 167 167 58 57 168 168 57 56 169 169 56 55 170 170 42 41 171 171 60 58 172 172 59 59 173 173 61 60 174 174 60 58 175 175 42 41 176 176 40 39 177 177 61 60 178 178 42 41 179 179 62 61 180 180 61 60 181 181 40 39 182 182 38 38 183 183 62 61 184 184 40 39 185 185 63 62 186 186 62 61 187 187 38 38 188 188 36 36 189 189 63 62 190 190 38 38 191 191 64 63 192 192 63 62 193 193 36 36 194 194 65 64 195 195 64 63 196 196 36 36 197 197 66 65 198 198 19 66 199 199 17 67 200 200 21 68 201 201 19 66 202 202 66 65 203 203 67 69 204 204 21 68 205 205 66 65 206 206 23 70 207 207 21 68 208 208 67 69 209 209 68 71 210 210 23 70 211 211 67 69 212 212 1 72 213 213 23 70 214 214 68 71 215 215 3 73 216 216 1 72 217 217 68 71 218 218 4 4 219 219 70 74 220 220 69 75 221 221 71 76 222 222 70 74 223 223 4 4 224 224 2 0 225 225 71 76 226 226 4 4 227 227 72 77 228 228 71 76 229 229 2 0 230 230 0 2 231 231 72 77 232 232 2 0 233 233 73 78 234 234 72 77 235 235 0 2 236 236 74 79 237 237 73 78 238 238 0 2 239 239 22 22 240 240 74 79 241 241 0 2 242 242 75 80 243 243 74 79 244 244 22 22 245 245 20 20 246 246 75 80 247 247 22 22 248 248 76 81 249 249 75 80 250 250 20 20 251 251 18 18 252 252 76 81 253 253 20 20 254 254 77 82 255 255 76 81 256 256 18 18 257 257 78 83 258 258 77 82 259 259 18 18 260 260 81 84 261 261 80 85 262 262 79 86 263 263 82 87 264 264 80 85 265 265 81 84 266 266 83 88 267 267 82 87 268 268 81 84 269 269 84 89 270 270 82 87 271 271 83 88 272 272 85 90 273 273 84 89 274 274 83 88 275 275 86 91 276 276 84 89 277 277 85 90 278 278 87 92 279 279 86 91 280 280 85 90 281 281 90 93 282 282 89 94 283 283 88 95 284 284 91 96 285 285 89 94 286 286 90 93 287 287 92 97 288 288 91 96 289 289 90 93 290 290 93 98 291 291 91 96 292 292 92 97 293 293 94 99 294 294 93 98 295 295 92 97 296 296 95 100 297 297 93 98 298 298 94 99 299 299 96 101 300 300 95 100 301 301 94 99 302 302 28 28 303 303 98 102 304 304 97 103 305 305 99 104 306 306 98 102 307 307 28 28 308 308 26 24 309 309 99 104 310 310 28 28 311 311 100 105 312 312 99 104 313 313 26 24 314 314 24 26 315 315 100 105 316 316 26 24 317 317 101 106 318 318 100 105 319 319 24 26 320 320 102 107 321 321 101 106 322 322 24 26 323 323 103 108 324 324 43 109 325 325 41 110 326 326 45 111 327 327 43 109 328 328 103 108 329 329 104 112 330 330 45 111 331 331 103 108 332 332 47 113 333 333 45 111 334 334 104 112 335 335 105 114 336 336 47 113 337 337 104 112 338 338 25 115 339 339 47 113 340 340 105 114 341 341 27 116 342 342 25 115 343 343 105 114 344 344 108 117 345 345 107 118 346 346 106 119 347 347 109 120 348 348 107 118 349 349 108 117 350 350 110 121 351 351 109 120 352 352 108 117 353 353 111 122 354 354 109 120 355 355 110 121 356 356 112 123 357 357 111 122 358 358 110 121 359 359 113 124 360 360 111 122 361 361 112 123 362 362 114 125 363 363 113 124 364 364 112 123 365 365 117 126 366 366 116 127 367 367 115 128 368 368 118 129 369 369 116 127 370 370 117 126 371 371 119 130 372 372 118 129 373 373 117 126 374 374 120 131 375 375 118 129 376 376 119 130 377 377 121 132 378 378 120 131 379 379 119 130 380 380 122 133 381 381 120 131 382 382 121 132 383 383 125 134 384 384 124 135 385 385 123 136 386 386 126 137 387 387 124 135 388 388 125 134 389 389 127 138 390 390 126 137 391 391 125 134 392 392 128 139 393 393 126 137 394 394 127 138 395 395 58 57 396 396 128 139 397 397 127 138 398 398 56 55 399 399 128 139 400 400 58 57 401 401 10 10 402 402 129 140 403 403 12 12 404 404 130 141 405 405 129 140 406 406 10 10 407 407 8 8 408 408 130 141 409 409 10 10 410 410 131 142 411 411 130 141 412 412 8 8 413 413 69 75 414 414 131 142 415 415 8 8 416 416 132 143 417 417 3 73 418 418 68 71 419 419 5 144 420 420 3 73 421 421 132 143 422 422 133 145 423 423 5 144 424 424 132 143 425 425 7 146 426 426 5 144 427 427 133 145 428 428 9 147 429 429 7 146 430 430 133 145 431 431 134 148 432 432 9 147 433 433 133 145 434 434 11 149 435 435 9 147 436 436 134 148 437 437 135 150 438 438 11 149 439 439 134 148 440 440 13 151 441 441 11 149 442 442 135 150 443 443 15 152 444 444 13 151 445 445 135 150 446 446 138 153 447 447 137 154 448 448 136 155 449 449 139 156 450 450 137 154 451 451 138 153 452 452 79 86 453 453 139 156 454 454 138 153 455 455 140 157 456 456 139 156 457 457 79 86 458 458 80 85 459 459 140 157 460 460 79 86 461 461 141 158 462 462 87 92 463 463 85 90 464 464 142 159 465 465 87 92 466 466 141 158 467 467 143 160 468 468 142 159 469 469 141 158 470 470 122 133 471 471 142 159 472 472 143 160 473 473 120 131 474 474 122 133 475 475 143 160 476 476 144 161 477 477 96 101 478 478 94 99 479 479 145 162 480 480 96 101 481 481 144 161 482 482 146 163 483 483 145 162 484 484 144 161 485 485 147 164 486 486 145 162 487 487 146 163 488 488 148 165 489 489 147 164 490 490 146 163 491 491 34 34 492 492 65 64 493 493 36 36 494 494 149 166 495 495 65 64 496 496 34 34 497 497 32 32 498 498 149 166 499 499 34 34 500 500 150 167 501 501 149 166 502 502 32 32 503 503 97 103 504 504 150 167 505 505 32 32 506 506 46 45 507 507 102 107 508 508 24 26 509 509 151 168 510 510 102 107 511 511 46 45 512 512 44 43 513 513 151 168 514 514 46 45 515 515 59 59 516 516 151 168 517 517 44 43 518 518 42 41 519 519 59 59 520 520 44 43 521 521 152 169 522 522 27 116 523 523 105 114 524 524 29 170 525 525 27 116 526 526 152 169 527 527 153 171 528 528 29 170 529 529 152 169 530 530 31 172 531 531 29 170 532 532 153 171 533 533 33 173 534 534 31 172 535 535 153 171 536 536 154 174 537 537 33 173 538 538 153 171 539 539 35 175 540 540 33 173 541 541 154 174 542 542 155 176 543 543 35 175 544 544 154 174 545 545 37 177 546 546 35 175 547 547 155 176 548 548 39 178 549 549 37 177 550 550 155 176 551 551 156 179 552 552 114 125 553 553 112 123 554 554 157 180 555 555 114 125 556 556 156 179 557 557 158 181 558 558 157 180 559 559 156 179 560 560 159 182 561 561 157 180 562 562 158 181 563 563 160 183 564 564 159 182 565 565 158 181 566 566 163 184 567 567 162 185 568 568 161 186 569 569 164 187 570 570 162 185 571 571 163 184 572 572 148 165 573 573 164 187 574 574 163 184 575 575 146 163 576 576 164 187 577 577 148 165 578 578 167 188 579 579 166 189 580 580 165 190 581 581 168 191 582 582 166 189 583 583 167 188 584 584 160 183 585 585 168 191 586 586 167 188 587 587 158 181 588 588 168 191 589 589 160 183 590 590 16 16 591 591 78 83 592 592 18 18 593 593 169 192 594 594 78 83 595 595 16 16 596 596 14 14 597 597 169 192 598 598 16 16 599 599 136 155 600 600 171 193 601 601 170 194 602 602 172 195 603 603 171 193 604 604 136 155 605 605 137 154 606 606 172 195 607 607 136 155 608 608 175 196 609 609 174 197 610 610 173 198 611 611 176 199 612 612 174 197 613 613 175 196 614 614 177 200 615 615 176 199 616 616 175 196 617 617 85 90 618 618 178 201 619 619 165 202 620 620 83 88 621 621 178 201 622 622 85 90 623 623 83 88 624 624 106 15 625 625 178 201 626 626 81 84 627 627 106 15 628 628 83 88 629 629 179 203 630 630 12 12 631 631 129 140 632 632 180 204 633 633 12 12 634 634 179 203 635 635 6 6 636 636 69 75 637 637 8 8 638 638 4 4 639 639 69 75 640 640 6 6 641 641 17 67 642 642 181 205 643 643 66 65 644 644 15 152 645 645 181 205 646 646 17 67 647 647 124 135 648 648 148 206 649 649 147 207 650 650 126 137 651 651 148 206 652 652 124 135 653 653 147 207 654 654 182 208 655 655 124 135 656 656 145 209 657 657 182 208 658 658 147 207 659 659 145 209 660 660 177 200 661 661 182 208 662 662 96 210 663 663 177 200 664 664 145 209 665 665 116 127 666 666 171 193 667 667 115 128 668 668 170 194 669 669 171 193 670 670 116 127 671 671 96 210 672 672 176 199 673 673 177 200 674 674 95 211 675 675 176 199 676 676 96 210 677 677 95 211 678 678 174 197 679 679 176 199 680 680 93 212 681 681 174 197 682 682 95 211 683 683 93 212 684 684 183 213 685 685 174 197 686 686 91 214 687 687 183 213 688 688 93 212 689 689 91 214 690 690 50 47 691 691 183 213 692 692 89 215 693 693 50 47 694 694 91 214 695 695 180 204 696 696 14 14 697 697 12 12 698 698 169 192 699 699 14 14 700 700 180 204 701 701 48 49 702 702 183 213 703 703 50 47 704 704 184 216 705 705 183 213 706 706 48 49 707 707 184 216 708 708 174 197 709 709 183 213 710 710 173 198 711 711 174 197 712 712 184 216 713 713 89 215 714 714 52 51 715 715 50 47 716 716 88 217 717 717 52 51 718 718 89 215 719 719 185 218 720 720 177 200 721 721 175 196 722 722 186 219 723 723 177 200 724 724 185 218 725 725 186 219 726 726 182 208 727 727 177 200 728 728 187 220 729 729 182 208 730 730 186 219 731 731 187 220 732 732 124 135 733 733 182 208 734 734 123 136 735 735 124 135 736 736 187 220 737 737 126 137 738 738 163 221 739 739 148 206 740 740 128 139 741 741 163 221 742 742 126 137 743 743 162 185 744 744 188 222 745 745 161 186 746 746 189 223 747 747 188 222 748 748 162 185 749 749 189 223 750 750 88 95 751 751 188 222 752 752 90 93 753 753 88 95 754 754 189 223 755 755 128 139 756 756 161 224 757 757 163 221 758 758 56 55 759 759 161 224 760 760 128 139 761 761 56 55 762 762 188 225 763 763 161 224 764 764 54 53 765 765 188 225 766 766 56 55 767 767 54 53 768 768 88 217 769 769 188 225 770 770 52 51 771 771 88 217 772 772 54 53 773 773 159 226 774 774 118 129 775 775 120 131 776 776 157 227 777 777 118 129 778 778 159 226 779 779 157 227 780 780 116 127 781 781 118 129 782 782 114 228 783 783 116 127 784 784 157 227 785 785 30 30 786 786 97 103 787 787 32 32 788 788 28 28 789 789 97 103 790 790 30 30 791 791 114 228 792 792 170 194 793 793 116 127 794 794 113 229 795 795 170 194 796 796 114 228 797 797 113 229 798 798 136 155 799 799 170 194 800 800 111 230 801 801 136 155 802 802 113 229 803 803 111 230 804 804 138 153 805 805 136 155 806 806 109 231 807 807 138 153 808 808 111 230 809 809 41 110 810 810 190 232 811 811 103 108 812 812 39 178 813 813 190 232 814 814 41 110 815 815 109 231 816 816 79 86 817 817 138 153 818 818 107 233 819 819 79 86 820 820 109 231 821 821 107 233 822 822 81 84 823 823 79 86 824 824 106 15 825 825 81 84 826 826 107 233 827 827 166 189 828 828 178 234 829 829 165 190 830 830 191 235 831 831 178 234 832 832 166 189 833 833 191 235 834 834 106 119 835 835 178 234 836 836 108 117 837 837 106 119 838 838 191 235 839 839 120 131 840 840 160 236 841 841 159 226 842 842 143 160 843 843 160 236 844 844 120 131 845 845 143 160 846 846 167 237 847 847 160 236 848 848 141 158 849 849 167 237 850 850 143 160 851 851 141 158 852 852 165 202 853 853 167 237 854 854 85 90 855 855 165 202 856 856 141 158 857 857 15 152 858 858 135 150 859 859 181 205 860 860 39 178 861 861 155 176 862 862 190 232 863 863</p>
        </triangles>
      </mesh>
    </geometry>
    <geometry id="polygon0-mesh" name="polygon0">
      <mesh>
        <source id="polygon0-mesh-positions">
          <float_array id="polygon0-mesh-positions-array" count="612">-76.27795 -7.726073 -48.89117 -76.25616 -4.335824 -54.18204 -49.09267 7.046786 -43.00001 -76.3055 1.009659 -57.44315 -76.37215 6.88933 -58.46222 -41.52489 23.4332 -42.96986 -41.55576 18.51066 -31.32253 -48.96355 7.046786 -43.00001 -41.5405 6.86418 -26.37311 -41.59358 -4.982103 -31.12645 -41.60041 -10.27164 -42.96983 -41.57124 -4.865117 -54.69744 -41.48712 6.867088 -59.17096 -76.32007 22.73948 -42.96131 -76.27415 21.51534 -37.02415 -76.27752 18.02968 -31.81736 -76.33079 12.71653 -28.59867 -76.29854 6.886547 -27.08185 -76.26202 0.924795 -28.27435 -76.22537 -4.447754 -31.62976 -76.22537 -7.976022 -36.93077 -76.04471 -9.47043 -42.96983 -76.33335 12.71171 -57.31182 -76.25278 18.03271 -54.10918 -76.31908 21.3052 -48.81245 41.55576 18.51066 -31.32253 41.52489 23.4332 -42.96986 48.96355 7.046786 -43.00001 41.57369 18.60269 -54.71016 41.48712 6.867088 -59.17096 35.25253 9.922992 64.05231 35.2286 13.73892 55.02337 40.995 1.036269 55 35.26643 9.994337 45.92236 35.19931 0.896968 42.46437 62.16602 12.2522 59.63244 62.20161 13.20115 55.02999 41.09509 1.036269 55 62.20083 12.0893 50.49422 62.14945 9.552487 46.38823 71.00781 -3.741241 -31.97315 71.00781 7.187854 -26.30371 75.87528 7.187854 -42.90224 71.00781 18.11695 -31.97315 71.00781 23.78642 -42.90224 -71.00781 7.187854 -26.30371 -71.00781 -3.741241 -31.97316 -75.87528 7.187854 -42.90224 -71.00781 -9.410693 -42.90222 -71.00781 -3.741241 -53.83131 -71.00781 7.187854 -59.50076 -71.00781 18.11695 -53.83131 -71.00781 23.78642 -42.90224 76.27415 21.51534 -37.02415 76.32007 22.73948 -42.96131 49.09267 7.046786 -43.00001 76.31908 21.3052 -48.81245 76.25278 18.03271 -54.10918 58.08358 -7.326543 63.54794 58.08358 1.145623 67.94286 61.85681 1.145623 55.07578 58.08358 9.617795 63.54794 58.08358 14.01273 55.07578 -35.2286 13.73892 55.02337 -35.25253 9.922993 64.05231 -40.995 1.036269 55 -35.2407 0.894713 67.88906 -35.28185 -8.288453 64.2043 -35.28714 -12.38887 55.02339 -35.26453 -8.197766 45.93222 -35.19931 0.896968 42.46437 -62.20161 13.20115 55.02999 -62.16602 12.2522 59.63244 -41.09509 1.036269 55 -62.16862 9.55014 63.66871 -62.20992 5.431415 66.16383 -62.18491 0.912052 67.33965 -62.1566 -3.709462 66.41524 -62.1282 -7.874228 63.81414 -62.1282 -10.60932 59.70483 -61.98814 -11.76777 55.02339 -62.16896 -10.41556 50.4332 -62.15207 -7.787461 46.33175 -62.19031 -3.643675 43.80376 -62.24197 0.914209 43.01378 -62.2119 5.427685 43.90556 -62.14945 9.552487 46.38823 -62.20084 12.0893 50.49422 -58.08358 1.145623 67.94286 -58.08358 -7.326543 63.54794 -61.85681 1.145623 55.07578 -58.08358 -11.72147 55.0758 -58.08358 -7.326542 46.60363 -58.08358 1.145623 42.20871 -58.08358 9.617789 46.60363 -58.08358 14.01273 55.07578 75.70531 24.0535 -49.96878 75.70531 25.76777 -43.00005 75.70531 -12.00423 -43.00003 76.04471 -9.47043 -42.96983 75.70531 -10.28994 -49.96878 76.27795 -7.726073 -48.89117 75.70531 -6.212738 -29.90553 76.22537 -4.447753 -31.62976 75.70531 -10.28995 -36.03129 76.22537 -7.976022 -36.93077 75.70531 6.881775 -24.21306 76.29854 6.886547 -27.08185 75.70531 -0.08697795 -25.82834 76.26202 0.924795 -28.27435 75.70531 19.97628 -29.90553 76.27752 18.02968 -31.81736 75.70531 13.85053 -25.82834 76.33079 12.71652 -28.59867 75.70531 24.0535 -36.03129 75.70531 19.97628 -56.09454 75.70531 13.85052 -60.17173 76.33335 12.71171 -57.31182 75.70531 -6.212736 -56.09454 76.25616 -4.335824 -54.18204 75.70531 -0.086986 -60.17173 76.3055 1.009659 -57.44315 -61.72505 -13.73196 54.99998 -61.72505 -12.40306 49.59785 -61.72505 -9.242435 65.15075 -61.72505 -12.40306 60.4021 -61.72505 0.908352 69.56351 -61.72505 -4.493782 68.31137 -61.72504 11.05913 65.15075 -61.72505 6.310489 68.31137 -61.72504 15.54866 54.99996 -61.72504 14.21977 60.4021 -61.72504 11.05913 44.8492 -61.72504 14.21977 49.59785 -61.72505 6.310483 41.68858 -61.72505 -9.242432 44.8492 -61.72505 -4.493788 41.68858 61.72504 -4.493788 41.68858 62.19031 -3.643675 43.80376 61.72504 0.908341 40.43642 62.24197 0.914209 43.01378 61.72504 -12.40306 49.59785 62.16895 -10.41556 50.4332 61.72504 -9.242431 44.8492 62.15207 -7.78746 46.33175 61.72504 -4.493782 68.31137 62.1566 -3.709462 66.41524 61.72504 -9.242432 65.15075 62.1282 -7.874227 63.81414 61.72504 6.310489 68.31137 62.20992 5.431415 66.16383 61.72504 0.908352 69.56351 62.18491 0.912052 67.33965 61.72504 14.21977 60.4021 61.72504 11.05913 65.15075 62.16862 9.55014 63.66871 61.72504 6.310483 41.68858 62.2119 5.427685 43.90556 61.72504 14.21977 49.59785 61.72504 15.54866 54.99996 61.72504 -13.73196 54.99998 61.98814 -11.76777 55.02339 61.72504 -12.40306 60.4021 62.1282 -10.60932 59.70483 61.72504 11.05913 44.8492 -61.72505 0.908341 40.43642 -75.70531 -10.28994 -49.96878 -75.70531 -6.212736 -56.09454 -75.70531 -10.28995 -36.03129 -75.70531 -12.00423 -43.00003 -41.57369 18.60269 -54.71016 -75.70531 -0.08697795 -25.82834 -75.70531 -6.212738 -29.90553 -75.70531 13.85053 -25.82834 -75.70531 6.881775 -24.21306 -75.70531 24.0535 -36.03129 -75.70531 19.97628 -29.90553 -75.70531 6.88176 -61.78703 -75.70531 13.85052 -60.17172 -75.70531 24.0535 -49.96878 -75.70531 25.76777 -43.00005 41.5405 6.86418 -26.37311 41.59358 -4.982102 -31.12645 41.60041 -10.27164 -42.96983 41.57124 -4.865117 -54.69744 35.2407 0.894713 67.88906 35.28185 -8.288452 64.2043 35.28714 -12.38887 55.02339 35.26453 -8.197765 45.93222 -71.00781 18.11695 -31.97316 -75.70531 19.97628 -56.09454 76.37215 6.88933 -58.46222 58.08358 -11.72147 55.0758 58.08358 -7.326543 46.60363 58.08358 1.145623 42.20871 58.08358 9.617788 46.60363 71.00781 -9.410693 -42.90222 71.00781 -3.741241 -53.83131 71.00781 7.187854 -59.50076 71.00781 18.11695 -53.83131 -75.70531 -0.08698695 -60.17172 -35.26643 9.994337 45.92236 75.70531 6.88176 -61.78703 -58.08358 9.617795 63.54794</float_array>
          <technique_common>
            <accessor source="#polygon0-mesh-positions-array" count="204" stride="3">
              <param name="X" type="float"/>
              <param name="Y" type="float"/>
              <param name="Z" type="float"/>
            </accessor>
          </technique_common>
        </source>
        <source id="polygon0-mesh-normals">
          <float_array id="polygon0-mesh-normals-array" count="804">-0.9998201 -0.01661217 0.009156763 -0.5064082 0.6020259 0.6173457 -0.5043088 0.7818613 0.3665592 -0.4983071 0.3007264 0.8131752 -0.4930222 -0.01147502 0.8699412 -1 0 4.49829e-7 -1 -2.20537e-6 -2.01464e-5 -0.9982725 -0.05875039 7.81342e-4 -0.9980995 0.002059698 -0.06158947 -0.9998212 0.0156815 -0.01056957 -0.9974877 0.07083195 -0.001179516 -0.999875 0.01489138 0.005327582 -0.9985324 1.05008e-4 0.05416005 -0.499062 -0.7999716 -0.3331407 -0.499254 -0.8662685 0.01800656 -0.4994469 -0.5971164 -0.6276981 -0.4939286 -0.3375969 -0.8012883 -0.5046897 -0.02787059 -0.8628509 -0.5061345 0.3152761 -0.8027632 -0.5118072 0.5974397 -0.6173486 -0.5124054 0.7829003 -0.3528568 -0.5223851 0.8524442 0.02127671 -0.4919075 -0.3091144 0.813926 -0.4986335 -0.6088549 0.6169769 -0.4922612 -0.8037791 0.334093 1 0 1.88127e-7 0.9982724 -0.05875039 7.81342e-4 1 -2.20537e-6 -2.01464e-5 1 5.06639e-6 -2.27988e-6 0.9985322 1.05083e-4 0.05416011 1 0 3.50177e-7 0.9982725 -0.05875074 7.81447e-4 1 -2.29478e-6 -2.01464e-5 1 4.67896e-6 -2.39909e-6 0.9985323 1.05485e-4 0.05416011 0.9998201 -0.01661217 0.009156644 0.4992541 -0.8662686 0.01800554 0.4990613 -0.8000062 -0.3330585 0.4922617 -0.8038479 0.3339267 0.4986335 -0.6088548 0.616977 1 0 -1.62175e-7 0.9595915 -1.6911e-7 0.2813973 0.9538196 -0.2124007 0.2124006 0.9538196 0.2124009 0.2124007 0.9595915 0.281397 0 -1 0 0 -0.9538196 -0.2124011 0.2124007 -0.9595914 0 0.2813974 -0.9595913 -0.2813973 2.57047e-7 -0.9538196 -0.2124007 -0.2124006 -0.9595913 1.62346e-7 -0.2813976 -0.9538196 0.2124005 -0.2124008 -0.9595916 0.2813968 0 0.9998201 -0.01661217 0.009156644 0.4992541 -0.8662686 0.01800656 0.4990609 -0.7999209 -0.3332642 0.492261 -0.8037618 0.3341348 0.4986333 -0.6088548 0.616977 1 -3.3612e-7 -1.25555e-7 0.9595915 -3.58513e-7 0.2813969 0.9538199 -0.2124 0.2124005 0.9538201 0.2123991 0.2124003 0.9595918 0.281396 -1.82639e-7 -1 0 6.01169e-7 -1 -2.29478e-6 -2.01166e-5 -0.9982724 -0.05875086 7.81462e-4 -0.9980995 0.002060174 -0.06158918 -0.9998213 0.01568156 -0.01056975 -0.9974876 0.07083153 -0.001179695 -0.999875 0.01489216 0.005327701 -0.9985323 1.05336e-4 0.05416005 -0.9998198 -0.01662522 0.009166002 -0.499062 -0.8000571 -0.3329351 -0.4992531 -0.8662673 0.01809448 -0.4994472 -0.5971168 -0.6276975 -0.4939287 -0.3375961 -0.8012886 -0.5046898 -0.02787184 -0.8628508 -0.5061334 0.3151509 -0.8028132 -0.511808 0.5975037 -0.617286 -0.5124046 0.7829005 -0.3528575 -0.5223847 0.8524434 0.02131956 -0.5043112 0.7818986 0.3664763 -0.5064086 0.6020569 0.6173151 -0.4983048 0.3006021 0.8132225 -0.4930222 -0.01147395 0.8699411 -0.4919065 -0.3089896 0.8139739 -0.4986336 -0.6088553 0.6169764 -0.4922614 -0.8038133 0.3340104 -1 -3.29581e-7 -1.3471e-7 -0.9538199 -0.2124 0.2124005 -0.9595915 -3.58513e-7 0.2813969 -0.9595916 -0.2813966 3.58513e-7 -0.9538198 -0.2124001 -0.2124003 -0.9595915 -2.63812e-7 -0.2813971 -0.9538199 0.2123998 -0.2124006 -0.9595918 0.281396 -1.96168e-7 0.9799801 0.1990954 -2.12979e-6 0.9798644 0.1825454 -0.08089023 0.9798519 0.182592 -0.08093482 0.9799898 0.199048 -4.45992e-5 0.9827582 -0.1707835 -0.07084697 0.9854509 -0.1699603 1.59867e-4 0.9854473 -0.1699813 1.63225e-4 0.9827622 -0.1707589 -0.07085126 0.982395 -0.172276 0.07225704 0.9785531 -0.1455171 0.1458043 0.9785282 -0.1458232 0.1456653 0.9823991 -0.172258 0.07224518 0.9785692 -0.08179455 0.1889767 0.9792646 3.30106e-4 0.2025852 0.9793015 5.23684e-5 0.2024068 0.9785847 -0.08157545 0.1889908 0.9787517 0.08142733 0.1881884 0.9787629 0.1448259 0.1450816 0.9787529 0.1449399 0.1450358 0.9788336 0.08122748 0.187848 0.9789159 0.1869615 0.08227467 0.9788684 0.1869897 0.08277332 0.980292 0.1397469 -0.1396366 0.9802926 0.1397438 -0.1396353 0.9801896 0.07906538 -0.1815956 0.9802052 0.07907736 -0.1815068 0.9797856 -0.07918596 -0.1837113 0.9796034 -0.1421079 -0.1420655 0.9795273 -0.1422494 -0.1424482 0.9797955 -0.07921594 -0.1836456 -0.9854521 -0.1699537 1.55346e-4 -0.9827576 -0.1707876 -0.07084679 -0.9854488 -0.1699728 1.62479e-4 -0.9827613 -0.1707646 -0.07085043 -0.9785462 -0.145473 0.1458944 -0.9823942 -0.17228 0.07225912 -0.9785282 -0.1458219 0.1456665 -0.9823985 -0.1722605 0.07224714 -0.9792662 2.32116e-4 0.202578 -0.9785763 -0.08169633 0.1889821 -0.9793019 5.22514e-5 0.202405 -0.9785788 -0.08145534 0.1890729 -0.9787634 0.144824 0.1450803 -0.9787609 0.08132982 0.1881825 -0.9787729 0.1447982 0.1450422 -0.9788336 0.0812264 0.1878484 -0.9799892 0.1990509 -4.46749e-5 -0.9789173 0.1869168 0.08236026 -0.9800094 0.198951 -3.10106e-4 -0.9789296 0.186875 0.08230829 -0.9802908 0.1397486 -0.1396437 -0.9798318 0.1826751 -0.08099234 -0.9802913 0.1397471 -0.1396409 -0.9798468 0.182603 -0.08097213 -0.98019 0.07906359 -0.1815946 -0.9801896 0.0790587 -0.181599 -0.9795362 -0.1423889 -0.142247 -0.9797919 -0.07934981 -0.1836071 -0.9795271 -0.1422486 -0.1424501 -0.9797881 -0.07940518 -0.1836038 0.9804514 5.1777e-5 -0.1967617 0.9797917 -0.07931089 -0.1836254 0.9797884 -0.07926762 -0.1836608 0.9804241 1.15681e-4 -0.1968978 0.979526 -0.1422533 -0.1424528 0.982762 -0.1707606 -0.07085031 0.9827578 -0.1707859 -0.07084655 0.9795351 -0.1423937 -0.1422499 0.9785633 -0.145498 0.1457542 0.9785889 -0.08165353 0.1889352 0.9785929 -0.08145451 0.1890003 0.9785634 -0.1455764 0.1456751 0.979301 5.07904e-5 0.2024097 0.9787632 0.08133471 0.1881687 0.9787696 0.08123332 0.188179 0.9792656 2.30276e-4 0.2025803 0.9787524 0.1449427 0.1450363 0.9788666 0.1869984 0.08277589 0.9789164 0.1869403 0.08231717 0.9787546 0.1447182 0.1452457 0.9802048 0.07907706 -0.1815091 0.980206 0.07907575 -0.1815032 0.9799801 0.199096 -2.1838e-6 0.9798474 0.1826009 -0.08096969 0.9798515 0.1825937 -0.08093583 0.9799893 0.1990507 -4.59368e-5 0.9854512 -0.169959 1.58578e-4 0.9854474 -0.1699814 1.65686e-4 0.9823932 -0.1722846 0.07226282 0.9823976 -0.1722645 0.07225024 0.9802825 0.139761 -0.1396896 0.9802913 0.1397474 -0.1396415 -0.980417 2.8387e-5 -0.1969331 -0.9804522 5.33737e-5 -0.1967574 -0.9827622 -0.1707587 -0.07085126 -0.9795275 -0.1422476 -0.142448 -0.9827583 -0.1707831 -0.07084703 -0.9795364 -0.1423897 -0.1422452 -0.9823991 -0.1722581 0.07224434 -0.9854475 -0.1699808 1.63224e-4 -0.9823951 -0.1722756 0.07225692 -0.9854508 -0.1699616 1.56598e-4 -1 5.21541e-6 -2.29478e-6 -0.9785852 -0.0815742 0.1889891 -0.9785281 -0.1458232 0.1456654 -0.9785764 -0.08169746 0.1889809 -0.9785463 -0.1454741 0.1458919 -0.9788336 0.08122771 0.1878482 -0.9793015 5.19804e-5 0.2024068 -0.9787698 0.08123344 0.1881775 -0.9792661 2.32028e-4 0.2025783 -0.9789299 0.1868756 0.08230328 -0.9787529 0.144939 0.145036 -0.9789173 0.1869159 0.08236116 -0.9787635 0.1448236 0.1450805 -0.9804245 1.17137e-4 -0.1968953 -0.9801811 0.07904994 -0.1816486 -0.9804519 5.27443e-5 -0.1967595 -0.9801813 0.07905822 -0.1816434 -0.9798476 0.1826003 -0.08096867 -0.9799802 0.1990953 -2.23287e-6 -0.9798233 0.1827093 -0.08101636 -0.9799898 0.1990479 -4.45977e-5 0.9980995 0.002059757 -0.06158947 0.9998212 0.01568168 -0.01056957 0.9974876 0.07083207 -0.001179397 0.999875 0.01489138 0.005327641 0.9980995 0.002060174 -0.06158918 0.9998212 0.01568168 -0.01056969 0.9974877 0.07083165 -0.001179635 0.999875 0.0148921 0.005327701 0.4994472 -0.5971168 -0.6276975 0.4939296 -0.3375959 -0.8012881 0.5046898 -0.0278719 -0.8628508 0.5061374 0.3156083 -0.8026309 0.5118083 0.5975036 -0.6172859 0.5124045 0.7829006 -0.3528575 0.5223857 0.852445 0.02123308 0.5043092 0.7818608 0.3665595 0.5064082 0.6020252 0.6173464 0.4983019 0.3005191 0.813255 -0.9538196 0.212401 0.2124007 -0.980292 0.139747 -0.1396367 -0.9802833 0.1397678 -0.1396771 0.4994444 -0.5967659 -0.6280332 0.493929 -0.3376387 -0.8012704 0.5046889 -0.02791482 -0.8628498 0.5061374 0.3156089 -0.8026307 0.5118083 0.5975028 -0.6172866 0.5124052 0.7829005 -0.3528569 0.5223851 0.8524442 0.02127671 0.5043093 0.781861 0.3665592 0.5064094 0.6021196 0.6172532 0.4983026 0.3005599 0.8132394 0.4930222 -0.01147502 0.8699412 0.4919061 -0.3089887 0.8139745 0.9595915 -0.2813968 2.90869e-7 0.9538198 -0.2124003 -0.2124003 0.9595915 -2.23225e-7 -0.2813971 0.9538199 0.2123998 -0.2124006 0.4930222 -0.01147401 0.8699411 0.4919062 -0.3089898 0.8139741 0.9595915 -0.2813972 2.16461e-7 0.9538196 -0.212401 -0.2124006 0.9595913 0 -0.2813976 0.9538196 0.2124005 -0.2124008 -0.9797889 -0.07926714 -0.1836587 -0.9797919 -0.07931077 -0.183624 -1 4.50015e-6 -2.32458e-6 0.9804518 5.22994e-5 -0.1967593 0.9804243 1.17382e-4 -0.1968967 -0.9538201 0.2123991 0.2124003</float_array>
          <technique_common>
            <accessor source="#polygon0-mesh-normals-array" count="268" stride="3">
              <param name="X" type="float"/>
              <param name="Y" type="float"/>
              <param name="Z" type="float"/>
            </accessor>
          </technique_common>
        </source>
        <source id="polygon0-mesh-map-0">
          <float_array id="polygon0-mesh-map-0-array" count="1536">0.889503 0.51637 0.9521 0.489076 0.920144 0.481741 0.974816 0.501578 0.9521 0.489076 0.889503 0.51637 0.978792 0.516076 0.974816 0.501578 0.889503 0.51637 -0.506797 0.769152 -0.699206 0.870435 -0.508112 0.908852 -0.773198 0.774389 -0.699206 0.870435 -0.506797 0.769152 -0.717513 0.66599 -0.773198 0.774389 -0.506797 0.769152 -0.506797 0.769152 -0.506601 0.614559 -0.717513 0.66599 -0.302508 0.659368 -0.506601 0.614559 -0.506797 0.769152 -0.233018 0.767891 -0.302508 0.659368 -0.506797 0.769152 0.889503 0.51637 0.855555 0.547299 0.888266 0.549402 0.827913 0.540964 0.855555 0.547299 0.889503 0.51637 0.810018 0.530993 0.827913 0.540964 0.889503 0.51637 0.889503 0.51637 0.797408 0.517594 0.810018 0.530993 0.80438 0.502689 0.797408 0.517594 0.889503 0.51637 0.822095 0.491033 0.80438 0.502689 0.889503 0.51637 0.889503 0.51637 0.852064 0.4827 0.822095 0.491033 0.887886 0.479656 0.852064 0.4827 0.889503 0.51637 0.920144 0.481741 0.887886 0.479656 0.889503 0.51637 0.889503 0.51637 0.968367 0.529509 0.978792 0.516076 0.947625 0.540432 0.968367 0.529509 0.889503 0.51637 0.919848 0.547242 0.947625 0.540432 0.889503 0.51637 -0.506797 0.769152 -0.508112 0.908852 -0.699206 0.870435 -0.315508 0.867285 -0.508112 0.908852 -0.506797 0.769152 -0.233018 0.767891 -0.315508 0.867285 -0.506797 0.769152 -0.506797 0.769152 -0.508112 0.908852 -0.699206 0.870435 -0.315508 0.867285 -0.508112 0.908852 -0.506797 0.769152 -0.233018 0.767891 -0.315508 0.867285 -0.506797 0.769152 0.889503 0.51637 0.888266 0.549402 0.855555 0.547299 0.919848 0.547242 0.888266 0.549402 0.889503 0.51637 0.947625 0.540432 0.919848 0.547242 0.889503 0.51637 -1.504669 0.762445 -1.50484 0.928025 -1.719056 0.873296 -1.288302 0.875227 -1.50484 0.928025 -1.504669 0.762445 -1.174098 0.762198 -1.288302 0.875227 -1.504669 0.762445 -1.504669 0.762445 -1.719056 0.873296 -1.50484 0.928025 -1.829298 0.757391 -1.719056 0.873296 -1.504669 0.762445 -1.71049 0.648934 -1.829298 0.757391 -1.504669 0.762445 -1.504669 0.762445 -1.505866 0.592874 -1.71049 0.648934 -1.286157 0.655771 -1.505866 0.592874 -1.504669 0.762445 -1.174098 0.762198 -1.286157 0.655771 -1.504669 0.762445 0.889503 0.51637 0.888266 0.549402 0.855555 0.547299 0.919848 0.547242 0.888266 0.549402 0.889503 0.51637 0.947625 0.540432 0.919848 0.547242 0.889503 0.51637 -1.504669 0.762445 -1.50484 0.928025 -1.719056 0.873296 -1.288302 0.875227 -1.50484 0.928025 -1.504669 0.762445 -1.174098 0.762198 -1.288302 0.875227 -1.504669 0.762445 -0.506797 0.769152 -0.699206 0.870435 -0.508112 0.908852 -0.773198 0.774389 -0.699206 0.870435 -0.506797 0.769152 -0.717513 0.66599 -0.773198 0.774389 -0.506797 0.769152 -0.506797 0.769152 -0.506601 0.614559 -0.717513 0.66599 -0.302508 0.659368 -0.506601 0.614559 -0.506797 0.769152 -0.233018 0.767891 -0.302508 0.659368 -0.506797 0.769152 0.889503 0.51637 0.855555 0.547299 0.888266 0.549402 0.827913 0.540964 0.855555 0.547299 0.889503 0.51637 0.810018 0.530993 0.827913 0.540964 0.889503 0.51637 0.889503 0.51637 0.797408 0.517594 0.810018 0.530993 0.80438 0.502689 0.797408 0.517594 0.889503 0.51637 0.822095 0.491033 0.80438 0.502689 0.889503 0.51637 0.889503 0.51637 0.852064 0.4827 0.822095 0.491033 0.887886 0.479656 0.852064 0.4827 0.889503 0.51637 0.920144 0.481741 0.887886 0.479656 0.889503 0.51637 0.889503 0.51637 0.9521 0.489076 0.920144 0.481741 0.974816 0.501578 0.9521 0.489076 0.889503 0.51637 0.978792 0.516076 0.974816 0.501578 0.889503 0.51637 0.889503 0.51637 0.968367 0.529509 0.978792 0.516076 0.947625 0.540432 0.968367 0.529509 0.889503 0.51637 0.919848 0.547242 0.947625 0.540432 0.889503 0.51637 -1.504669 0.762445 -1.719056 0.873296 -1.50484 0.928025 -1.829298 0.757391 -1.719056 0.873296 -1.504669 0.762445 -1.71049 0.648934 -1.829298 0.757391 -1.504669 0.762445 -1.504669 0.762445 -1.505866 0.592874 -1.71049 0.648934 -1.286157 0.655771 -1.505866 0.592874 -1.504669 0.762445 -1.174098 0.762198 -1.286157 0.655771 -1.504669 0.762445 0.01789999 0.479158 0.09315598 0.552086 0.09315598 0.479158 0.01789999 0.552086 0.09315598 0.552086 0.01789999 0.479158 0.01789999 0.479158 0.09315598 0.552086 0.09315598 0.479158 0.01789999 0.552086 0.09315598 0.552086 0.01789999 0.479158 0.01789999 0.479158 0.09315598 0.552086 0.09315598 0.479158 0.01789999 0.552086 0.09315598 0.552086 0.01789999 0.479158 0.01789999 0.479158 0.09315598 0.552086 0.09315598 0.479158 0.01789999 0.552086 0.09315598 0.552086 0.01789999 0.479158 0.01789999 0.479158 0.09315598 0.552086 0.09315598 0.479158 0.01789999 0.552086 0.09315598 0.552086 0.01789999 0.479158 0.01789999 0.479158 0.09315598 0.552086 0.09315598 0.479158 0.01789999 0.552086 0.09315598 0.552086 0.01789999 0.479158 0.01789999 0.479158 0.09315598 0.552086 0.09315598 0.479158 0.01789999 0.552086 0.09315598 0.552086 0.01789999 0.479158 0.01789999 0.479158 0.09315598 0.552086 0.09315598 0.479158 0.01789999 0.552086 0.09315598 0.552086 0.01789999 0.479158 0.01789999 0.479158 0.09315598 0.552086 0.09315598 0.479158 0.01789999 0.552086 0.09315598 0.552086 0.01789999 0.479158 0.09315598 0.552086 0.01789999 0.479158 0.09315598 0.479158 0.01789999 0.552086 0.01789999 0.479158 0.09315598 0.552086 0.09315598 0.552086 0.01789999 0.479158 0.09315598 0.479158 0.01789999 0.552086 0.01789999 0.479158 0.09315598 0.552086 0.09315598 0.552086 0.01789999 0.479158 0.09315598 0.479158 0.01789999 0.552086 0.01789999 0.479158 0.09315598 0.552086 0.09315598 0.552086 0.01789999 0.479158 0.09315598 0.479158 0.01789999 0.552086 0.01789999 0.479158 0.09315598 0.552086 0.09315598 0.552086 0.01789999 0.479158 0.09315598 0.479158 0.01789999 0.552086 0.01789999 0.479158 0.09315598 0.552086 0.09315598 0.552086 0.01789999 0.479158 0.09315598 0.479158 0.01789999 0.552086 0.01789999 0.479158 0.09315598 0.552086 0.09315598 0.552086 0.01789999 0.479158 0.09315598 0.479158 0.01789999 0.552086 0.01789999 0.479158 0.09315598 0.552086 0.09315598 0.552086 0.01789999 0.479158 0.09315598 0.479158 0.01789999 0.552086 0.01789999 0.479158 0.09315598 0.552086 0.01789999 0.479158 0.09315598 0.552086 0.09315598 0.479158 0.01789999 0.552086 0.09315598 0.552086 0.01789999 0.479158 0.01789999 0.479158 0.09315598 0.552086 0.09315598 0.479158 0.01789999 0.552086 0.09315598 0.552086 0.01789999 0.479158 0.01789999 0.479158 0.09315598 0.552086 0.09315598 0.479158 0.01789999 0.552086 0.09315598 0.552086 0.01789999 0.479158 0.01789999 0.479158 0.09315598 0.552086 0.09315598 0.479158 0.01789999 0.552086 0.09315598 0.552086 0.01789999 0.479158 0.01789999 0.479158 0.09315598 0.552086 0.09315598 0.479158 0.01789999 0.552086 0.09315598 0.552086 0.01789999 0.479158 0.01789999 0.479158 0.09315598 0.552086 0.09315598 0.479158 0.01789999 0.552086 0.09315598 0.552086 0.01789999 0.479158 0.01789999 0.479158 0.09315598 0.552086 0.09315598 0.479158 0.01789999 0.552086 0.09315598 0.552086 0.01789999 0.479158 0.01789999 0.479158 0.09315598 0.552086 0.09315598 0.479158 0.01789999 0.552086 0.09315598 0.552086 0.01789999 0.479158 0.01789999 0.479158 0.09315598 0.552086 0.09315598 0.479158 0.01789999 0.552086 0.09315598 0.552086 0.01789999 0.479158 0.01789999 0.479158 0.09315598 0.552086 0.09315598 0.479158 0.01789999 0.552086 0.09315598 0.552086 0.01789999 0.479158 0.01789999 0.479158 0.09315598 0.552086 0.09315598 0.479158 0.01789999 0.552086 0.09315598 0.552086 0.01789999 0.479158 0.01789999 0.479158 0.09315598 0.552086 0.09315598 0.479158 0.01789999 0.552086 0.09315598 0.552086 0.01789999 0.479158 0.01789999 0.479158 0.09315598 0.552086 0.09315598 0.479158 0.01789999 0.552086 0.09315598 0.552086 0.01789999 0.479158 0.01789999 0.479158 0.09315598 0.552086 0.09315598 0.479158 0.01789999 0.552086 0.09315598 0.552086 0.01789999 0.479158 0.01789999 0.479158 0.09315598 0.552086 0.09315598 0.479158 0.01789999 0.552086 0.09315598 0.552086 0.01789999 0.479158 0.01789999 0.479158 0.09315598 0.552086 0.09315598 0.479158 0.01789999 0.552086 0.09315598 0.552086 0.01789999 0.479158 0.09315598 0.552086 0.01789999 0.479158 0.09315598 0.479158 0.01789999 0.552086 0.01789999 0.479158 0.09315598 0.552086 0.09315598 0.552086 0.01789999 0.479158 0.09315598 0.479158 0.01789999 0.552086 0.01789999 0.479158 0.09315598 0.552086 0.09315598 0.552086 0.01789999 0.479158 0.09315598 0.479158 0.01789999 0.552086 0.01789999 0.479158 0.09315598 0.552086 0.09315598 0.552086 0.01789999 0.479158 0.09315598 0.479158 0.01789999 0.552086 0.01789999 0.479158 0.09315598 0.552086 0.09315598 0.552086 0.01789999 0.479158 0.09315598 0.479158 0.01789999 0.552086 0.01789999 0.479158 0.09315598 0.552086 0.09315598 0.552086 0.01789999 0.479158 0.09315598 0.479158 0.01789999 0.552086 0.01789999 0.479158 0.09315598 0.552086 0.09315598 0.552086 0.01789999 0.479158 0.09315598 0.479158 0.01789999 0.552086 0.01789999 0.479158 0.09315598 0.552086 0.09315598 0.552086 0.01789999 0.479158 0.09315598 0.479158 0.01789999 0.552086 0.01789999 0.479158 0.09315598 0.552086 0.09315598 0.552086 0.01789999 0.479158 0.09315598 0.479158 0.01789999 0.552086 0.01789999 0.479158 0.09315598 0.552086 -0.506797 0.769152 -0.315508 0.867285 -0.233018 0.767891 -0.508112 0.908852 -0.315508 0.867285 -0.506797 0.769152 0.09315598 0.552086 0.01789999 0.479158 0.09315598 0.479158 0.01789999 0.552086 0.01789999 0.479158 0.09315598 0.552086 0.09315598 0.552086 0.01789999 0.479158 0.09315598 0.479158 0.01789999 0.552086 0.01789999 0.479158 0.09315598 0.552086 0.09315598 0.552086 0.01789999 0.479158 0.09315598 0.479158 0.01789999 0.552086 0.01789999 0.479158 0.09315598 0.552086 0.09315598 0.552086 0.01789999 0.479158 0.09315598 0.479158 0.01789999 0.552086 0.01789999 0.479158 0.09315598 0.552086 0.09315598 0.552086 0.01789999 0.479158 0.09315598 0.479158 0.01789999 0.552086 0.01789999 0.479158 0.09315598 0.552086 0.09315598 0.552086 0.01789999 0.479158 0.09315598 0.479158 0.01789999 0.552086 0.01789999 0.479158 0.09315598 0.552086 -0.773198 0.774389 -0.506797 0.769152 -0.699206 0.870435 -0.717513 0.66599 -0.506797 0.769152 -0.773198 0.774389 -0.506601 0.614559 -0.506797 0.769152 -0.717513 0.66599 -0.302508 0.659368 -0.506797 0.769152 -0.506601 0.614559 0.09315598 0.552086 0.01789999 0.479158 0.09315598 0.479158 0.01789999 0.552086 0.01789999 0.479158 0.09315598 0.552086 -0.773198 0.774389 -0.506797 0.769152 -0.699206 0.870435 -0.717513 0.66599 -0.506797 0.769152 -0.773198 0.774389 -0.506601 0.614559 -0.506797 0.769152 -0.717513 0.66599 -0.302508 0.659368 -0.506797 0.769152 -0.506601 0.614559 0.09315598 0.552086 0.01789999 0.479158 0.09315598 0.479158 0.01789999 0.552086 0.01789999 0.479158 0.09315598 0.552086 0.827913 0.540964 0.889503 0.51637 0.855555 0.547299 0.810018 0.530993 0.889503 0.51637 0.827913 0.540964 0.797408 0.517594 0.889503 0.51637 0.810018 0.530993 0.80438 0.502689 0.889503 0.51637 0.797408 0.517594 0.822095 0.491033 0.889503 0.51637 0.80438 0.502689 0.852064 0.4827 0.889503 0.51637 0.822095 0.491033 0.887886 0.479656 0.889503 0.51637 0.852064 0.4827 0.920144 0.481741 0.889503 0.51637 0.887886 0.479656 0.9521 0.489076 0.889503 0.51637 0.920144 0.481741 0.974816 0.501578 0.889503 0.51637 0.9521 0.489076 0.09315598 0.552086 0.01789999 0.479158 0.09315598 0.479158 0.01789999 0.552086 0.01789999 0.479158 0.09315598 0.552086 0.09315598 0.552086 0.01789999 0.479158 0.09315598 0.479158 0.01789999 0.552086 0.01789999 0.479158 0.09315598 0.552086 0.09315598 0.552086 0.01789999 0.479158 0.09315598 0.479158 0.01789999 0.552086 0.01789999 0.479158 0.09315598 0.552086 -1.504669 0.762445 -1.288302 0.875227 -1.174098 0.762198 -1.50484 0.928025 -1.288302 0.875227 -1.504669 0.762445 0.09315598 0.552086 0.01789999 0.479158 0.09315598 0.479158 0.01789999 0.552086 0.01789999 0.479158 0.09315598 0.552086 0.827913 0.540964 0.889503 0.51637 0.855555 0.547299 0.810018 0.530993 0.889503 0.51637 0.827913 0.540964 0.797408 0.517594 0.889503 0.51637 0.810018 0.530993 0.80438 0.502689 0.889503 0.51637 0.797408 0.517594 0.822095 0.491033 0.889503 0.51637 0.80438 0.502689 0.852064 0.4827 0.889503 0.51637 0.822095 0.491033 0.887886 0.479656 0.889503 0.51637 0.852064 0.4827 0.920144 0.481741 0.889503 0.51637 0.887886 0.479656 0.9521 0.489076 0.889503 0.51637 0.920144 0.481741 0.974816 0.501578 0.889503 0.51637 0.9521 0.489076 0.978792 0.516076 0.889503 0.51637 0.974816 0.501578 0.968367 0.529509 0.889503 0.51637 0.978792 0.516076 0.09315598 0.552086 0.01789999 0.479158 0.09315598 0.479158 0.01789999 0.552086 0.01789999 0.479158 0.09315598 0.552086 -1.829298 0.757391 -1.504669 0.762445 -1.719056 0.873296 -1.71049 0.648934 -1.504669 0.762445 -1.829298 0.757391 -1.505866 0.592874 -1.504669 0.762445 -1.71049 0.648934 -1.286157 0.655771 -1.504669 0.762445 -1.505866 0.592874 0.978792 0.516076 0.889503 0.51637 0.974816 0.501578 0.968367 0.529509 0.889503 0.51637 0.978792 0.516076 -1.829298 0.757391 -1.504669 0.762445 -1.719056 0.873296 -1.71049 0.648934 -1.504669 0.762445 -1.829298 0.757391 -1.505866 0.592874 -1.504669 0.762445 -1.71049 0.648934 -1.286157 0.655771 -1.504669 0.762445 -1.505866 0.592874 0.09315598 0.552086 0.01789999 0.479158 0.09315598 0.479158 0.01789999 0.552086 0.01789999 0.479158 0.09315598 0.552086 0.09315598 0.552086 0.01789999 0.479158 0.09315598 0.479158 0.01789999 0.552086 0.01789999 0.479158 0.09315598 0.552086 -0.506797 0.769152 -0.315508 0.867285 -0.233018 0.767891 -0.508112 0.908852 -0.315508 0.867285 -0.506797 0.769152 0.01789999 0.479158 0.09315598 0.552086 0.09315598 0.479158 0.01789999 0.552086 0.09315598 0.552086 0.01789999 0.479158 0.01789999 0.479158 0.09315598 0.552086 0.09315598 0.479158 0.01789999 0.552086 0.09315598 0.552086 0.01789999 0.479158 0.01789999 0.479158 0.09315598 0.552086 0.09315598 0.479158 0.01789999 0.552086 0.09315598 0.552086 0.01789999 0.479158 0.01789999 0.479158 0.09315598 0.552086 0.09315598 0.479158 0.01789999 0.552086 0.09315598 0.552086 0.01789999 0.479158 0.01789999 0.479158 0.09315598 0.552086 0.09315598 0.479158 0.01789999 0.552086 0.09315598 0.552086 0.01789999 0.479158 0.01789999 0.479158 0.09315598 0.552086 0.09315598 0.479158 0.01789999 0.552086 0.09315598 0.552086 0.01789999 0.479158 0.01789999 0.479158 0.09315598 0.552086 0.09315598 0.479158 0.01789999 0.552086 0.09315598 0.552086 0.01789999 0.479158 -1.504669 0.762445 -1.288302 0.875227 -1.174098 0.762198 -1.50484 0.928025 -1.288302 0.875227 -1.504669 0.762445 0.919848 0.547242 0.889503 0.51637 0.888266 0.549402 -0.302508 0.659368 -0.233018 0.767891 -0.506797 0.769152 -0.302508 0.659368 -0.233018 0.767891 -0.506797 0.769152 0.968367 0.529509 0.947625 0.540432 0.889503 0.51637 0.968367 0.529509 0.947625 0.540432 0.889503 0.51637 -1.286157 0.655771 -1.174098 0.762198 -1.504669 0.762445 -1.286157 0.655771 -1.174098 0.762198 -1.504669 0.762445 0.919848 0.547242 0.889503 0.51637 0.888266 0.549402</float_array>
          <technique_common>
            <accessor source="#polygon0-mesh-map-0-array" count="768" stride="2">
              <param name="S" type="float"/>
              <param name="T" type="float"/>
            </accessor>
          </technique_common>
        </source>
        <source id="polygon0-mesh-colors-polygon0_Colors0" name="polygon0_Colors0">
          <float_array id="polygon0-mesh-colors-polygon0_Colors0-array" count="3072">1 1 1 1 0.6980392 0.6980392 0.6980392 1 0.6980392 0.6980392 0.6980392 1 0.6980392 0.6980392 0.6980392 1 0.6980392 0.6980392 0.6980392 1 1 1 1 1 0.6980392 0.6980392 0.6980392 1 0.6980392 0.6980392 0.6980392 1 1 1 1 1 0.2 0.2 0.2 1 0.4980392 0.4980392 0.4980392 1 0.4980392 0.4980392 0.4980392 1 0.4980392 0.4980392 0.4980392 1 0.4980392 0.4980392 0.4980392 1 0.2 0.2 0.2 1 0.4980392 0.4980392 0.4980392 1 0.4980392 0.4980392 0.4980392 1 0.2 0.2 0.2 1 0.2 0.2 0.2 1 0.4980392 0.4980392 0.4980392 1 0.4980392 0.4980392 0.4980392 1 0.4980392 0.4980392 0.4980392 1 0.4980392 0.4980392 0.4980392 1 0.2 0.2 0.2 1 0.4980392 0.4980392 0.4980392 1 0.4980392 0.4980392 0.4980392 1 0.2 0.2 0.2 1 1 1 1 1 0.6980392 0.6980392 0.6980392 1 0.6980392 0.6980392 0.6980392 1 0.6980392 0.6980392 0.6980392 1 0.6980392 0.6980392 0.6980392 1 1 1 1 1 0.6980392 0.6980392 0.6980392 1 0.6980392 0.6980392 0.6980392 1 1 1 1 1 1 1 1 1 0.6980392 0.6980392 0.6980392 1 0.6980392 0.6980392 0.6980392 1 0.6980392 0.6980392 0.6980392 1 0.6980392 0.6980392 0.6980392 1 1 1 1 1 0.6980392 0.6980392 0.6980392 1 0.6980392 0.6980392 0.6980392 1 1 1 1 1 1 1 1 1 0.6980392 0.6980392 0.6980392 1 0.6980392 0.6980392 0.6980392 1 0.6980392 0.6980392 0.6980392 1 0.6980392 0.6980392 0.6980392 1 1 1 1 1 0.6980392 0.6980392 0.6980392 1 0.6980392 0.6980392 0.6980392 1 1 1 1 1 1 1 1 1 0.6980392 0.6980392 0.6980392 1 0.6980392 0.6980392 0.6980392 1 0.6980392 0.6980392 0.6980392 1 0.6980392 0.6980392 0.6980392 1 1 1 1 1 0.6980392 0.6980392 0.6980392 1 0.6980392 0.6980392 0.6980392 1 1 1 1 1 0.2 0.2 0.2 1 0.4980392 0.4980392 0.4980392 1 0.4980392 0.4980392 0.4980392 1 0.4980392 0.4980392 0.4980392 1 0.4980392 0.4980392 0.4980392 1 0.2 0.2 0.2 1 0.4980392 0.4980392 0.4980392 1 0.4980392 0.4980392 0.4980392 1 0.2 0.2 0.2 1 0.2 0.2 0.2 1 0.4980392 0.4980392 0.4980392 1 0.4980392 0.4980392 0.4980392 1 0.4980392 0.4980392 0.4980392 1 0.4980392 0.4980392 0.4980392 1 0.2 0.2 0.2 1 0.4980392 0.4980392 0.4980392 1 0.4980392 0.4980392 0.4980392 1 0.2 0.2 0.2 1 1 1 1 1 0.6980392 0.6980392 0.6980392 1 0.6980392 0.6980392 0.6980392 1 0.6980392 0.6980392 0.6980392 1 0.6980392 0.6980392 0.6980392 1 1 1 1 1 0.6980392 0.6980392 0.6980392 1 0.6980392 0.6980392 0.6980392 1 1 1 1 1 0.9843137 0.9843137 0.9843137 1 0.6980392 0.6980392 0.6980392 1 0.6980392 0.6980392 0.6980392 1 0.6980392 0.6980392 0.6980392 1 0.6980392 0.6980392 0.6980392 1 0.9843137 0.9843137 0.9843137 1 0.6980392 0.6980392 0.6980392 1 0.6980392 0.6980392 0.6980392 1 0.9843137 0.9843137 0.9843137 1 0.9843137 0.9843137 0.9843137 1 0.6980392 0.6980392 0.6980392 1 0.6980392 0.6980392 0.6980392 1 0.6980392 0.6980392 0.6980392 1 0.6980392 0.6980392 0.6980392 1 0.9843137 0.9843137 0.9843137 1 0.6980392 0.6980392 0.6980392 1 0.6980392 0.6980392 0.6980392 1 0.9843137 0.9843137 0.9843137 1 0.9843137 0.9843137 0.9843137 1 0.6980392 0.6980392 0.6980392 1 0.6980392 0.6980392 0.6980392 1 0.6980392 0.6980392 0.6980392 1 0.6980392 0.6980392 0.6980392 1 0.9843137 0.9843137 0.9843137 1 0.6980392 0.6980392 0.6980392 1 0.6980392 0.6980392 0.6980392 1 0.9843137 0.9843137 0.9843137 1 1 1 1 1 0.6980392 0.6980392 0.6980392 1 0.6980392 0.6980392 0.6980392 1 0.6980392 0.6980392 0.6980392 1 0.6980392 0.6980392 0.6980392 1 1 1 1 1 0.6980392 0.6980392 0.6980392 1 0.6980392 0.6980392 0.6980392 1 1 1 1 1 0.9843137 0.9843137 0.9843137 1 0.6980392 0.6980392 0.6980392 1 0.6980392 0.6980392 0.6980392 1 0.6980392 0.6980392 0.6980392 1 0.6980392 0.6980392 0.6980392 1 0.9843137 0.9843137 0.9843137 1 0.6980392 0.6980392 0.6980392 1 0.6980392 0.6980392 0.6980392 1 0.9843137 0.9843137 0.9843137 1 0.2 0.2 0.2 1 0.4980392 0.4980392 0.4980392 1 0.4980392 0.4980392 0.4980392 1 0.4980392 0.4980392 0.4980392 1 0.4980392 0.4980392 0.4980392 1 0.2 0.2 0.2 1 0.4980392 0.4980392 0.4980392 1 0.4980392 0.4980392 0.4980392 1 0.2 0.2 0.2 1 0.2 0.2 0.2 1 0.4980392 0.4980392 0.4980392 1 0.4980392 0.4980392 0.4980392 1 0.4980392 0.4980392 0.4980392 1 0.4980392 0.4980392 0.4980392 1 0.2 0.2 0.2 1 0.4980392 0.4980392 0.4980392 1 0.4980392 0.4980392 0.4980392 1 0.2 0.2 0.2 1 1 1 1 1 0.6980392 0.6980392 0.6980392 1 0.6980392 0.6980392 0.6980392 1 0.6980392 0.6980392 0.6980392 1 0.6980392 0.6980392 0.6980392 1 1 1 1 1 0.6980392 0.6980392 0.6980392 1 0.6980392 0.6980392 0.6980392 1 1 1 1 1 1 1 1 1 0.6980392 0.6980392 0.6980392 1 0.6980392 0.6980392 0.6980392 1 0.6980392 0.6980392 0.6980392 1 0.6980392 0.6980392 0.6980392 1 1 1 1 1 0.6980392 0.6980392 0.6980392 1 0.6980392 0.6980392 0.6980392 1 1 1 1 1 1 1 1 1 0.6980392 0.6980392 0.6980392 1 0.6980392 0.6980392 0.6980392 1 0.6980392 0.6980392 0.6980392 1 0.6980392 0.6980392 0.6980392 1 1 1 1 1 0.6980392 0.6980392 0.6980392 1 0.6980392 0.6980392 0.6980392 1 1 1 1 1 1 1 1 1 0.6980392 0.6980392 0.6980392 1 0.6980392 0.6980392 0.6980392 1 0.6980392 0.6980392 0.6980392 1 0.6980392 0.6980392 0.6980392 1 1 1 1 1 0.6980392 0.6980392 0.6980392 1 0.6980392 0.6980392 0.6980392 1 1 1 1 1 1 1 1 1 0.6980392 0.6980392 0.6980392 1 0.6980392 0.6980392 0.6980392 1 0.6980392 0.6980392 0.6980392 1 0.6980392 0.6980392 0.6980392 1 1 1 1 1 0.6980392 0.6980392 0.6980392 1 0.6980392 0.6980392 0.6980392 1 1 1 1 1 0.9843137 0.9843137 0.9843137 1 0.6980392 0.6980392 0.6980392 1 0.6980392 0.6980392 0.6980392 1 0.6980392 0.6980392 0.6980392 1 0.6980392 0.6980392 0.6980392 1 0.9843137 0.9843137 0.9843137 1 0.6980392 0.6980392 0.6980392 1 0.6980392 0.6980392 0.6980392 1 0.9843137 0.9843137 0.9843137 1 0.9843137 0.9843137 0.9843137 1 0.6980392 0.6980392 0.6980392 1 0.6980392 0.6980392 0.6980392 1 0.6980392 0.6980392 0.6980392 1 0.6980392 0.6980392 0.6980392 1 0.9843137 0.9843137 0.9843137 1 0.6980392 0.6980392 0.6980392 1 0.6980392 0.6980392 0.6980392 1 0.9843137 0.9843137 0.9843137 1 1 1 1 1 0.6980392 0.6980392 0.6980392 1 1 1 1 1 0.6980392 0.6980392 0.6980392 1 0.6980392 0.6980392 0.6980392 1 1 1 1 1 1 1 1 1 0.6980392 0.6980392 0.6980392 1 1 1 1 1 0.6980392 0.6980392 0.6980392 1 0.6980392 0.6980392 0.6980392 1 1 1 1 1 1 1 1 1 0.6980392 0.6980392 0.6980392 1 1 1 1 1 0.6980392 0.6980392 0.6980392 1 0.6980392 0.6980392 0.6980392 1 1 1 1 1 1 1 1 1 0.6980392 0.6980392 0.6980392 1 1 1 1 1 0.6980392 0.6980392 0.6980392 1 0.6980392 0.6980392 0.6980392 1 1 1 1 1 1 1 1 1 0.6980392 0.6980392 0.6980392 1 1 1 1 1 0.6980392 0.6980392 0.6980392 1 0.6980392 0.6980392 0.6980392 1 1 1 1 1 1 1 1 1 0.6980392 0.6980392 0.6980392 1 1 1 1 1 0.6980392 0.6980392 0.6980392 1 0.6980392 0.6980392 0.6980392 1 1 1 1 1 1 1 1 1 0.6980392 0.6980392 0.6980392 1 1 1 1 1 0.6980392 0.6980392 0.6980392 1 0.6980392 0.6980392 0.6980392 1 1 1 1 1 1 1 1 1 0.6980392 0.6980392 0.6980392 1 1 1 1 1 0.6980392 0.6980392 0.6980392 1 0.6980392 0.6980392 0.6980392 1 1 1 1 1 1 1 1 1 0.6980392 0.6980392 0.6980392 1 1 1 1 1 0.6980392 0.6980392 0.6980392 1 0.6980392 0.6980392 0.6980392 1 1 1 1 1 0.6980392 0.6980392 0.6980392 1 1 1 1 1 1 1 1 1 0.6980392 0.6980392 0.6980392 1 1 1 1 1 0.6980392 0.6980392 0.6980392 1 0.6980392 0.6980392 0.6980392 1 1 1 1 1 1 1 1 1 0.6980392 0.6980392 0.6980392 1 1 1 1 1 0.6980392 0.6980392 0.6980392 1 0.6980392 0.6980392 0.6980392 1 1 1 1 1 1 1 1 1 0.6980392 0.6980392 0.6980392 1 1 1 1 1 0.6980392 0.6980392 0.6980392 1 0.6980392 0.6980392 0.6980392 1 1 1 1 1 1 1 1 1 0.6980392 0.6980392 0.6980392 1 1 1 1 1 0.6980392 0.6980392 0.6980392 1 0.6980392 0.6980392 0.6980392 1 1 1 1 1 1 1 1 1 0.6980392 0.6980392 0.6980392 1 1 1 1 1 0.6980392 0.6980392 0.6980392 1 0.6980392 0.6980392 0.6980392 1 1 1 1 1 1 1 1 1 0.6980392 0.6980392 0.6980392 1 1 1 1 1 0.6980392 0.6980392 0.6980392 1 0.6980392 0.6980392 0.6980392 1 1 1 1 1 1 1 1 1 0.6980392 0.6980392 0.6980392 1 1 1 1 1 0.6980392 0.6980392 0.6980392 1 0.6980392 0.6980392 0.6980392 1 1 1 1 1 1 1 1 1 0.6980392 0.6980392 0.6980392 1 1 1 1 1 0.6980392 0.6980392 0.6980392 1 1 1 1 1 0.6980392 0.6980392 0.6980392 1 1 1 1 1 0.6980392 0.6980392 0.6980392 1 0.6980392 0.6980392 0.6980392 1 1 1 1 1 1 1 1 1 0.6980392 0.6980392 0.6980392 1 1 1 1 1 0.6980392 0.6980392 0.6980392 1 0.6980392 0.6980392 0.6980392 1 1 1 1 1 1 1 1 1 0.6980392 0.6980392 0.6980392 1 1 1 1 1 0.6980392 0.6980392 0.6980392 1 0.6980392 0.6980392 0.6980392 1 1 1 1 1 1 1 1 1 0.6980392 0.6980392 0.6980392 1 1 1 1 1 0.6980392 0.6980392 0.6980392 1 0.6980392 0.6980392 0.6980392 1 1 1 1 1 1 1 1 1 0.6980392 0.6980392 0.6980392 1 1 1 1 1 0.6980392 0.6980392 0.6980392 1 0.6980392 0.6980392 0.6980392 1 1 1 1 1 1 1 1 1 0.6980392 0.6980392 0.6980392 1 1 1 1 1 0.6980392 0.6980392 0.6980392 1 0.6980392 0.6980392 0.6980392 1 1 1 1 1 1 1 1 1 0.6980392 0.6980392 0.6980392 1 1 1 1 1 0.6980392 0.6980392 0.6980392 1 0.6980392 0.6980392 0.6980392 1 1 1 1 1 1 1 1 1 0.6980392 0.6980392 0.6980392 1 1 1 1 1 0.6980392 0.6980392 0.6980392 1 0.6980392 0.6980392 0.6980392 1 1 1 1 1 1 1 1 1 0.6980392 0.6980392 0.6980392 1 1 1 1 1 0.6980392 0.6980392 0.6980392 1 0.6980392 0.6980392 0.6980392 1 1 1 1 1 1 1 1 1 0.6980392 0.6980392 0.6980392 1 1 1 1 1 0.6980392 0.6980392 0.6980392 1 0.6980392 0.6980392 0.6980392 1 1 1 1 1 1 1 1 1 0.6980392 0.6980392 0.6980392 1 1 1 1 1 0.6980392 0.6980392 0.6980392 1 0.6980392 0.6980392 0.6980392 1 1 1 1 1 1 1 1 1 0.6980392 0.6980392 0.6980392 1 1 1 1 1 0.6980392 0.6980392 0.6980392 1 0.6980392 0.6980392 0.6980392 1 1 1 1 1 1 1 1 1 0.6980392 0.6980392 0.6980392 1 1 1 1 1 0.6980392 0.6980392 0.6980392 1 0.6980392 0.6980392 0.6980392 1 1 1 1 1 1 1 1 1 0.6980392 0.6980392 0.6980392 1 1 1 1 1 0.6980392 0.6980392 0.6980392 1 0.6980392 0.6980392 0.6980392 1 1 1 1 1 1 1 1 1 0.6980392 0.6980392 0.6980392 1 1 1 1 1 0.6980392 0.6980392 0.6980392 1 0.6980392 0.6980392 0.6980392 1 1 1 1 1 1 1 1 1 0.6980392 0.6980392 0.6980392 1 1 1 1 1 0.6980392 0.6980392 0.6980392 1 0.6980392 0.6980392 0.6980392 1 1 1 1 1 0.6980392 0.6980392 0.6980392 1 1 1 1 1 1 1 1 1 0.6980392 0.6980392 0.6980392 1 1 1 1 1 0.6980392 0.6980392 0.6980392 1 0.6980392 0.6980392 0.6980392 1 1 1 1 1 1 1 1 1 0.6980392 0.6980392 0.6980392 1 1 1 1 1 0.6980392 0.6980392 0.6980392 1 0.6980392 0.6980392 0.6980392 1 1 1 1 1 1 1 1 1 0.6980392 0.6980392 0.6980392 1 1 1 1 1 0.6980392 0.6980392 0.6980392 1 0.6980392 0.6980392 0.6980392 1 1 1 1 1 1 1 1 1 0.6980392 0.6980392 0.6980392 1 1 1 1 1 0.6980392 0.6980392 0.6980392 1 0.6980392 0.6980392 0.6980392 1 1 1 1 1 1 1 1 1 0.6980392 0.6980392 0.6980392 1 1 1 1 1 0.6980392 0.6980392 0.6980392 1 0.6980392 0.6980392 0.6980392 1 1 1 1 1 1 1 1 1 0.6980392 0.6980392 0.6980392 1 1 1 1 1 0.6980392 0.6980392 0.6980392 1 0.6980392 0.6980392 0.6980392 1 1 1 1 1 1 1 1 1 0.6980392 0.6980392 0.6980392 1 1 1 1 1 0.6980392 0.6980392 0.6980392 1 0.6980392 0.6980392 0.6980392 1 1 1 1 1 1 1 1 1 0.6980392 0.6980392 0.6980392 1 1 1 1 1 0.6980392 0.6980392 0.6980392 1 0.6980392 0.6980392 0.6980392 1 1 1 1 1 1 1 1 1 0.6980392 0.6980392 0.6980392 1 1 1 1 1 0.6980392 0.6980392 0.6980392 1 0.2 0.2 0.2 1 0.4980392 0.4980392 0.4980392 1 0.4980392 0.4980392 0.4980392 1 0.4980392 0.4980392 0.4980392 1 0.4980392 0.4980392 0.4980392 1 0.2 0.2 0.2 1 0.6980392 0.6980392 0.6980392 1 1 1 1 1 1 1 1 1 0.6980392 0.6980392 0.6980392 1 1 1 1 1 0.6980392 0.6980392 0.6980392 1 0.6980392 0.6980392 0.6980392 1 1 1 1 1 1 1 1 1 0.6980392 0.6980392 0.6980392 1 1 1 1 1 0.6980392 0.6980392 0.6980392 1 0.6980392 0.6980392 0.6980392 1 1 1 1 1 1 1 1 1 0.6980392 0.6980392 0.6980392 1 1 1 1 1 0.6980392 0.6980392 0.6980392 1 0.6980392 0.6980392 0.6980392 1 1 1 1 1 1 1 1 1 0.6980392 0.6980392 0.6980392 1 1 1 1 1 0.6980392 0.6980392 0.6980392 1 0.6980392 0.6980392 0.6980392 1 1 1 1 1 1 1 1 1 0.6980392 0.6980392 0.6980392 1 1 1 1 1 0.6980392 0.6980392 0.6980392 1 0.6980392 0.6980392 0.6980392 1 1 1 1 1 1 1 1 1 0.6980392 0.6980392 0.6980392 1 1 1 1 1 0.6980392 0.6980392 0.6980392 1 0.4980392 0.4980392 0.4980392 1 0.2 0.2 0.2 1 0.4980392 0.4980392 0.4980392 1 0.4980392 0.4980392 0.4980392 1 0.2 0.2 0.2 1 0.4980392 0.4980392 0.4980392 1 0.4980392 0.4980392 0.4980392 1 0.2 0.2 0.2 1 0.4980392 0.4980392 0.4980392 1 0.4980392 0.4980392 0.4980392 1 0.2 0.2 0.2 1 0.4980392 0.4980392 0.4980392 1 0.6980392 0.6980392 0.6980392 1 1 1 1 1 1 1 1 1 0.6980392 0.6980392 0.6980392 1 1 1 1 1 0.6980392 0.6980392 0.6980392 1 0.4980392 0.4980392 0.4980392 1 0.2 0.2 0.2 1 0.4980392 0.4980392 0.4980392 1 0.4980392 0.4980392 0.4980392 1 0.2 0.2 0.2 1 0.4980392 0.4980392 0.4980392 1 0.4980392 0.4980392 0.4980392 1 0.2 0.2 0.2 1 0.4980392 0.4980392 0.4980392 1 0.4980392 0.4980392 0.4980392 1 0.2 0.2 0.2 1 0.4980392 0.4980392 0.4980392 1 0.6980392 0.6980392 0.6980392 1 1 1 1 1 1 1 1 1 0.6980392 0.6980392 0.6980392 1 1 1 1 1 0.6980392 0.6980392 0.6980392 1 0.6980392 0.6980392 0.6980392 1 1 1 1 1 0.6980392 0.6980392 0.6980392 1 0.6980392 0.6980392 0.6980392 1 1 1 1 1 0.6980392 0.6980392 0.6980392 1 0.6980392 0.6980392 0.6980392 1 1 1 1 1 0.6980392 0.6980392 0.6980392 1 0.6980392 0.6980392 0.6980392 1 1 1 1 1 0.6980392 0.6980392 0.6980392 1 0.6980392 0.6980392 0.6980392 1 1 1 1 1 0.6980392 0.6980392 0.6980392 1 0.6980392 0.6980392 0.6980392 1 1 1 1 1 0.6980392 0.6980392 0.6980392 1 0.6980392 0.6980392 0.6980392 1 1 1 1 1 0.6980392 0.6980392 0.6980392 1 0.6980392 0.6980392 0.6980392 1 1 1 1 1 0.6980392 0.6980392 0.6980392 1 0.6980392 0.6980392 0.6980392 1 1 1 1 1 0.6980392 0.6980392 0.6980392 1 0.6980392 0.6980392 0.6980392 1 1 1 1 1 0.6980392 0.6980392 0.6980392 1 0.6980392 0.6980392 0.6980392 1 1 1 1 1 1 1 1 1 0.6980392 0.6980392 0.6980392 1 1 1 1 1 0.6980392 0.6980392 0.6980392 1 0.6980392 0.6980392 0.6980392 1 1 1 1 1 1 1 1 1 0.6980392 0.6980392 0.6980392 1 1 1 1 1 0.6980392 0.6980392 0.6980392 1 0.6980392 0.6980392 0.6980392 1 1 1 1 1 1 1 1 1 0.6980392 0.6980392 0.6980392 1 1 1 1 1 0.6980392 0.6980392 0.6980392 1 0.9843137 0.9843137 0.9843137 1 0.6980392 0.6980392 0.6980392 1 0.6980392 0.6980392 0.6980392 1 0.6980392 0.6980392 0.6980392 1 0.6980392 0.6980392 0.6980392 1 0.9843137 0.9843137 0.9843137 1 0.6980392 0.6980392 0.6980392 1 1 1 1 1 1 1 1 1 0.6980392 0.6980392 0.6980392 1 1 1 1 1 0.6980392 0.6980392 0.6980392 1 0.6980392 0.6980392 0.6980392 1 1 1 1 1 0.6980392 0.6980392 0.6980392 1 0.6980392 0.6980392 0.6980392 1 1 1 1 1 0.6980392 0.6980392 0.6980392 1 0.6980392 0.6980392 0.6980392 1 1 1 1 1 0.6980392 0.6980392 0.6980392 1 0.6980392 0.6980392 0.6980392 1 1 1 1 1 0.6980392 0.6980392 0.6980392 1 0.6980392 0.6980392 0.6980392 1 1 1 1 1 0.6980392 0.6980392 0.6980392 1 0.6980392 0.6980392 0.6980392 1 1 1 1 1 0.6980392 0.6980392 0.6980392 1 0.6980392 0.6980392 0.6980392 1 1 1 1 1 0.6980392 0.6980392 0.6980392 1 0.6980392 0.6980392 0.6980392 1 1 1 1 1 0.6980392 0.6980392 0.6980392 1 0.6980392 0.6980392 0.6980392 1 1 1 1 1 0.6980392 0.6980392 0.6980392 1 0.6980392 0.6980392 0.6980392 1 1 1 1 1 0.6980392 0.6980392 0.6980392 1 0.6980392 0.6980392 0.6980392 1 1 1 1 1 0.6980392 0.6980392 0.6980392 1 0.6980392 0.6980392 0.6980392 1 1 1 1 1 0.6980392 0.6980392 0.6980392 1 0.6980392 0.6980392 0.6980392 1 1 1 1 1 1 1 1 1 0.6980392 0.6980392 0.6980392 1 1 1 1 1 0.6980392 0.6980392 0.6980392 1 0.6980392 0.6980392 0.6980392 1 0.9843137 0.9843137 0.9843137 1 0.6980392 0.6980392 0.6980392 1 0.6980392 0.6980392 0.6980392 1 0.9843137 0.9843137 0.9843137 1 0.6980392 0.6980392 0.6980392 1 0.6980392 0.6980392 0.6980392 1 0.9843137 0.9843137 0.9843137 1 0.6980392 0.6980392 0.6980392 1 0.6980392 0.6980392 0.6980392 1 0.9843137 0.9843137 0.9843137 1 0.6980392 0.6980392 0.6980392 1 0.6980392 0.6980392 0.6980392 1 1 1 1 1 0.6980392 0.6980392 0.6980392 1 0.6980392 0.6980392 0.6980392 1 1 1 1 1 0.6980392 0.6980392 0.6980392 1 0.6980392 0.6980392 0.6980392 1 0.9843137 0.9843137 0.9843137 1 0.6980392 0.6980392 0.6980392 1 0.6980392 0.6980392 0.6980392 1 0.9843137 0.9843137 0.9843137 1 0.6980392 0.6980392 0.6980392 1 0.6980392 0.6980392 0.6980392 1 0.9843137 0.9843137 0.9843137 1 0.6980392 0.6980392 0.6980392 1 0.6980392 0.6980392 0.6980392 1 0.9843137 0.9843137 0.9843137 1 0.6980392 0.6980392 0.6980392 1 0.6980392 0.6980392 0.6980392 1 1 1 1 1 1 1 1 1 0.6980392 0.6980392 0.6980392 1 1 1 1 1 0.6980392 0.6980392 0.6980392 1 0.6980392 0.6980392 0.6980392 1 1 1 1 1 1 1 1 1 0.6980392 0.6980392 0.6980392 1 1 1 1 1 0.6980392 0.6980392 0.6980392 1 0.2 0.2 0.2 1 0.4980392 0.4980392 0.4980392 1 0.4980392 0.4980392 0.4980392 1 0.4980392 0.4980392 0.4980392 1 0.4980392 0.4980392 0.4980392 1 0.2 0.2 0.2 1 1 1 1 1 0.6980392 0.6980392 0.6980392 1 1 1 1 1 0.6980392 0.6980392 0.6980392 1 0.6980392 0.6980392 0.6980392 1 1 1 1 1 1 1 1 1 0.6980392 0.6980392 0.6980392 1 1 1 1 1 0.6980392 0.6980392 0.6980392 1 0.6980392 0.6980392 0.6980392 1 1 1 1 1 1 1 1 1 0.6980392 0.6980392 0.6980392 1 1 1 1 1 0.6980392 0.6980392 0.6980392 1 0.6980392 0.6980392 0.6980392 1 1 1 1 1 1 1 1 1 0.6980392 0.6980392 0.6980392 1 1 1 1 1 0.6980392 0.6980392 0.6980392 1 0.6980392 0.6980392 0.6980392 1 1 1 1 1 1 1 1 1 0.6980392 0.6980392 0.6980392 1 1 1 1 1 0.6980392 0.6980392 0.6980392 1 0.6980392 0.6980392 0.6980392 1 1 1 1 1 1 1 1 1 0.6980392 0.6980392 0.6980392 1 1 1 1 1 0.6980392 0.6980392 0.6980392 1 0.6980392 0.6980392 0.6980392 1 1 1 1 1 1 1 1 1 0.6980392 0.6980392 0.6980392 1 1 1 1 1 0.6980392 0.6980392 0.6980392 1 0.6980392 0.6980392 0.6980392 1 1 1 1 1 0.9843137 0.9843137 0.9843137 1 0.6980392 0.6980392 0.6980392 1 0.6980392 0.6980392 0.6980392 1 0.6980392 0.6980392 0.6980392 1 0.6980392 0.6980392 0.6980392 1 0.9843137 0.9843137 0.9843137 1 0.6980392 0.6980392 0.6980392 1 1 1 1 1 0.6980392 0.6980392 0.6980392 1 0.4980392 0.4980392 0.4980392 1 0.4980392 0.4980392 0.4980392 1 0.2 0.2 0.2 1 0.4980392 0.4980392 0.4980392 1 0.4980392 0.4980392 0.4980392 1 0.2 0.2 0.2 1 0.6980392 0.6980392 0.6980392 1 0.6980392 0.6980392 0.6980392 1 1 1 1 1 0.6980392 0.6980392 0.6980392 1 0.6980392 0.6980392 0.6980392 1 1 1 1 1 0.6980392 0.6980392 0.6980392 1 0.6980392 0.6980392 0.6980392 1 0.9843137 0.9843137 0.9843137 1 0.6980392 0.6980392 0.6980392 1 0.6980392 0.6980392 0.6980392 1 0.9843137 0.9843137 0.9843137 1 0.6980392 0.6980392 0.6980392 1 1 1 1 1 0.6980392 0.6980392 0.6980392 1</float_array>
          <technique_common>
            <accessor source="#polygon0-mesh-colors-polygon0_Colors0-array" count="768" stride="4">
              <param name="R" type="float"/>
              <param name="G" type="float"/>
              <param name="B" type="float"/>
              <param name="A" type="float"/>
            </accessor>
          </technique_common>
        </source>
        <vertices id="polygon0-mesh-vertices">
          <input semantic="POSITION" source="#polygon0-mesh-positions"/>
        </vertices>
        <triangles material="mat_tire_rim-material" count="256">
          <input semantic="VERTEX" source="#polygon0-mesh-vertices" offset="0"/>
          <input semantic="NORMAL" source="#polygon0-mesh-normals" offset="1"/>
          <input semantic="TEXCOORD" source="#polygon0-mesh-map-0" offset="2" set="0"/>
          <input semantic="COLOR" source="#polygon0-mesh-colors-polygon0_Colors0" offset="3" set="0"/>
          <p>2 0 0 0 1 1 1 1 0 2 2 2 3 3 3 3 1 1 4 4 2 0 5 5 4 4 6 6 3 3 7 7 2 0 8 8 7 5 9 9 6 6 10 10 5 7 11 11 8 8 12 12 6 6 13 13 7 5 14 14 9 9 15 15 8 8 16 16 7 5 17 17 7 5 18 18 10 10 19 19 9 9 20 20 11 11 21 21 10 10 22 22 7 5 23 23 12 12 24 24 11 11 25 25 7 5 26 26 2 0 27 27 14 13 28 28 13 14 29 29 15 15 30 30 14 13 31 31 2 0 32 32 16 16 33 33 15 15 34 34 2 0 35 35 2 0 36 36 17 17 37 37 16 16 38 38 18 18 39 39 17 17 40 40 2 0 41 41 19 19 42 42 18 18 43 43 2 0 44 44 2 0 45 45 20 20 46 46 19 19 47 47 21 21 48 48 20 20 49 49 2 0 50 50 0 2 51 51 21 21 52 52 2 0 53 53 2 0 54 54 22 22 55 55 4 4 56 56 23 23 57 57 22 22 58 58 2 0 59 59 24 24 60 60 23 23 61 61 2 0 62 62 27 25 63 63 26 26 64 64 25 27 65 65 28 28 66 66 26 26 67 67 27 25 68 68 29 29 69 69 28 28 70 70 27 25 71 71 32 30 72 72 31 31 73 73 30 32 74 74 33 33 75 75 31 31 76 76 32 30 77 77 34 34 78 78 33 33 79 79 32 30 80 80 37 35 81 81 36 36 82 82 35 37 83 83 38 38 84 84 36 36 85 85 37 35 86 86 39 39 87 87 38 38 88 88 37 35 89 89 42 40 90 90 41 41 91 91 40 42 92 92 43 43 93 93 41 41 94 94 42 40 95 95 44 44 96 96 43 43 97 97 42 40 98 98 47 45 99 99 46 46 100 100 45 47 101 101 48 48 102 102 46 46 103 103 47 45 104 104 49 49 105 105 48 48 106 106 47 45 107 107 47 45 108 108 50 50 109 109 49 49 110 110 51 51 111 111 50 50 112 112 47 45 113 113 52 52 114 114 51 51 115 115 47 45 116 116 55 53 117 117 54 54 118 118 53 55 119 119 56 56 120 120 54 54 121 121 55 53 122 122 57 57 123 123 56 56 124 124 55 53 125 125 60 58 126 126 59 59 127 127 58 60 128 128 61 61 129 129 59 59 130 130 60 58 131 131 62 62 132 132 61 61 133 133 60 58 134 134 65 63 135 135 64 64 136 136 63 65 137 137 66 66 138 138 64 64 139 139 65 63 140 140 67 67 141 141 66 66 142 142 65 63 143 143 65 63 144 144 68 68 145 145 67 67 146 146 69 69 147 147 68 68 148 148 65 63 149 149 70 70 150 150 69 69 151 151 65 63 152 152 73 71 153 153 72 72 154 154 71 73 155 155 74 74 156 156 72 72 157 157 73 71 158 158 75 75 159 159 74 74 160 160 73 71 161 161 73 71 162 162 76 76 163 163 75 75 164 164 77 77 165 165 76 76 166 166 73 71 167 167 78 78 168 168 77 77 169 169 73 71 170 170 73 71 171 171 79 79 172 172 78 78 173 173 80 80 174 174 79 79 175 175 73 71 176 176 81 81 177 177 80 80 178 178 73 71 179 179 73 71 180 180 82 82 181 181 81 81 182 182 83 83 183 183 82 82 184 184 73 71 185 185 84 84 186 186 83 83 187 187 73 71 188 188 73 71 189 189 85 85 190 190 84 84 191 191 86 86 192 192 85 85 193 193 73 71 194 194 87 87 195 195 86 86 196 196 73 71 197 197 90 88 198 198 89 89 199 199 88 90 200 200 91 91 201 201 89 89 202 202 90 88 203 203 92 92 204 204 91 91 205 205 90 88 206 206 90 88 207 207 93 93 208 208 92 92 209 209 94 94 210 210 93 93 211 211 90 88 212 212 95 95 213 213 94 94 214 214 90 88 215 215 97 96 216 216 56 97 217 217 96 98 218 218 54 99 219 219 56 97 220 220 97 96 221 221 100 100 222 222 99 101 223 223 98 102 224 224 101 103 225 225 99 101 226 226 100 100 227 227 104 104 228 228 103 105 229 229 102 106 230 230 105 107 231 231 103 105 232 232 104 104 233 233 108 108 234 234 107 109 235 235 106 110 236 236 109 111 237 237 107 109 238 238 108 108 239 239 112 112 240 240 111 113 241 241 110 114 242 242 113 115 243 243 111 113 244 244 112 112 245 245 114 116 246 246 54 99 247 247 97 96 248 248 53 117 249 249 54 99 250 250 114 116 251 251 96 98 252 252 57 118 253 253 115 119 254 254 56 97 255 255 57 118 256 256 96 98 257 257 115 119 258 258 117 120 259 259 116 121 260 260 57 118 261 261 117 120 262 262 115 119 263 263 120 122 264 264 119 123 265 265 118 124 266 266 121 125 267 267 119 123 268 268 120 122 269 269 80 126 270 270 123 127 271 271 122 128 272 272 81 129 273 273 123 127 274 274 80 126 275 275 78 130 276 276 125 131 277 277 124 132 278 278 79 133 279 279 125 131 280 280 78 130 281 281 76 134 282 282 127 135 283 283 126 136 284 284 77 137 285 285 127 135 286 286 76 134 287 287 74 138 288 288 129 139 289 289 128 140 290 290 75 141 291 291 129 139 292 292 74 138 293 293 71 142 294 294 131 143 295 295 130 144 296 296 72 145 297 297 131 143 298 298 71 142 299 299 86 146 300 300 133 147 301 301 132 148 302 302 87 149 303 303 133 147 304 304 86 146 305 305 85 150 306 306 132 148 307 307 134 151 308 308 86 146 309 309 132 148 310 310 85 150 311 311 82 152 312 312 136 153 313 313 135 154 314 314 83 155 315 315 136 153 316 316 82 152 317 317 139 156 318 318 138 157 319 319 137 158 320 320 140 159 321 321 138 157 322 322 139 156 323 323 143 160 324 324 142 161 325 325 141 162 326 326 144 163 327 327 142 161 328 328 143 160 329 329 147 164 330 330 146 165 331 331 145 166 332 332 148 167 333 333 146 165 334 334 147 164 335 335 151 168 336 336 150 169 337 337 149 170 338 338 152 171 339 339 150 169 340 340 151 168 341 341 154 172 342 342 35 173 343 343 153 174 344 344 155 175 345 345 35 173 346 346 154 172 347 347 156 176 348 348 140 159 349 349 139 156 350 350 157 177 351 351 140 159 352 352 156 176 353 353 159 178 354 354 38 179 355 355 158 180 356 356 36 181 357 357 38 179 358 358 159 178 359 359 141 162 360 360 161 182 361 361 160 183 362 362 142 161 363 363 161 182 364 364 141 162 365 365 162 184 366 366 148 167 367 367 147 164 368 368 163 185 369 369 148 167 370 370 162 184 371 371 145 166 372 372 152 171 373 373 151 168 374 374 146 165 375 375 152 171 376 376 145 166 377 377 149 170 378 378 155 175 379 379 154 172 380 380 150 169 381 381 155 175 382 382 149 170 383 383 153 174 384 384 36 181 385 385 159 178 386 386 35 173 387 387 36 181 388 388 153 174 389 389 158 180 390 390 39 186 391 391 164 187 392 392 38 179 393 393 39 186 394 394 158 180 395 395 164 187 396 396 157 177 397 397 156 176 398 398 39 186 399 399 157 177 400 400 164 187 401 401 137 158 402 402 144 163 403 403 143 160 404 404 138 157 405 405 144 163 406 406 137 158 407 407 160 183 408 408 163 185 409 409 162 184 410 410 161 182 411 411 163 185 412 412 160 183 413 413 81 129 414 414 135 154 415 415 123 127 416 416 82 152 417 417 135 154 418 418 81 129 419 419 79 133 420 420 122 128 421 421 125 131 422 422 80 126 423 423 122 128 424 424 79 133 425 425 77 137 426 426 124 132 427 427 127 135 428 428 78 130 429 429 124 132 430 430 77 137 431 431 75 141 432 432 126 136 433 433 129 139 434 434 76 134 435 435 126 136 436 436 75 141 437 437 72 145 438 438 128 140 439 439 131 143 440 440 74 138 441 441 128 140 442 442 72 145 443 443 84 188 444 444 134 151 445 445 165 189 446 446 85 150 447 447 134 151 448 448 84 188 449 449 87 149 450 450 130 144 451 451 133 147 452 452 71 142 453 453 130 144 454 454 87 149 455 455 0 190 456 456 167 191 457 457 166 192 458 458 1 193 459 459 167 191 460 460 0 190 461 461 20 194 462 462 169 195 463 463 168 196 464 464 21 197 465 465 169 195 466 466 20 194 467 467 7 5 468 468 170 198 469 469 12 12 470 470 5 7 471 471 170 198 472 472 7 5 473 473 18 199 474 474 172 200 475 475 171 201 476 476 19 202 477 477 172 200 478 478 18 199 479 479 16 203 480 480 174 204 481 481 173 205 482 482 17 206 483 483 174 204 484 484 16 203 485 485 14 207 486 486 176 208 487 487 175 209 488 488 15 210 489 489 176 208 490 490 14 207 491 491 83 155 492 492 165 189 493 493 136 153 494 494 84 188 495 495 165 189 496 496 83 155 497 497 4 211 498 498 178 212 499 499 177 213 500 500 22 214 501 501 178 212 502 502 4 211 503 503 24 215 504 504 180 216 505 505 179 217 506 506 13 218 507 507 180 216 508 508 24 215 509 509 181 219 510 510 27 25 511 511 25 27 512 512 182 220 513 513 27 25 514 514 181 219 515 515 183 221 516 516 27 25 517 517 182 220 518 518 184 222 519 519 27 25 520 520 183 221 521 521 21 197 522 522 166 192 523 523 169 195 524 524 0 190 525 525 166 192 526 526 21 197 527 527 185 223 528 528 32 30 529 529 30 32 530 530 186 224 531 531 32 30 532 532 185 223 533 533 187 225 534 534 32 30 535 535 186 224 536 536 188 226 537 537 32 30 538 538 187 225 539 539 19 202 540 540 168 196 541 541 172 200 542 542 20 194 543 543 168 196 544 544 19 202 545 545 155 227 546 546 37 35 547 547 35 37 548 548 150 228 549 549 37 35 550 550 155 227 551 551 152 229 552 552 37 35 553 553 150 228 554 554 146 230 555 555 37 35 556 556 152 229 557 557 148 231 558 558 37 35 559 559 146 230 560 560 163 232 561 561 37 35 562 562 148 231 563 563 161 233 564 564 37 35 565 565 163 232 566 566 142 234 567 567 37 35 568 568 161 233 569 569 144 235 570 570 37 35 571 571 142 234 572 572 138 236 573 573 37 35 574 574 144 235 575 575 17 206 576 576 171 201 577 577 174 204 578 578 18 199 579 579 171 201 580 580 17 206 581 581 15 210 582 582 173 205 583 583 176 208 584 584 16 203 585 585 173 205 586 586 15 210 587 587 13 218 588 588 175 209 589 589 180 216 590 590 14 207 591 591 175 209 592 592 13 218 593 593 47 45 594 594 189 237 595 595 52 52 596 596 45 47 597 597 189 237 598 598 47 45 599 599 23 238 600 600 179 217 601 601 190 239 602 602 24 215 603 603 179 217 604 604 23 238 605 605 111 240 606 606 55 53 607 607 53 55 608 608 113 241 609 609 55 53 610 610 111 240 611 611 107 242 612 612 55 53 613 613 113 241 614 614 109 243 615 615 55 53 616 616 107 242 617 617 103 244 618 618 55 53 619 619 109 243 620 620 105 245 621 621 55 53 622 622 103 244 623 623 99 246 624 624 55 53 625 625 105 245 626 626 101 247 627 627 55 53 628 628 99 246 629 629 119 248 630 630 55 53 631 631 101 247 632 632 121 249 633 633 55 53 634 634 119 248 635 635 191 250 636 636 55 53 637 637 121 249 638 638 117 251 639 639 55 53 640 640 191 250 641 641 22 214 642 642 190 239 643 643 178 212 644 644 23 238 645 645 190 239 646 646 22 214 647 647 192 252 648 648 60 58 649 649 58 60 650 650 193 253 651 651 60 58 652 652 192 252 653 653 194 254 654 654 60 58 655 655 193 253 656 656 195 255 657 657 60 58 658 658 194 254 659 659 140 256 660 660 37 35 661 661 138 236 662 662 157 257 663 663 37 35 664 664 140 256 665 665 196 258 666 666 42 40 667 667 40 42 668 668 197 259 669 669 42 40 670 670 196 258 671 671 198 260 672 672 42 40 673 673 197 259 674 674 199 261 675 675 42 40 676 676 198 260 677 677 1 193 678 678 200 262 679 679 167 191 680 680 3 263 681 681 200 262 682 682 1 193 683 683 3 263 684 684 177 213 685 685 200 262 686 686 4 211 687 687 177 213 688 688 3 263 689 689 65 63 690 690 201 264 691 691 70 70 692 692 63 65 693 693 201 264 694 694 65 63 695 695 202 265 696 696 121 125 697 697 120 122 698 698 191 266 699 699 121 125 700 700 202 265 701 701 118 124 702 702 101 103 703 703 100 100 704 704 119 123 705 705 101 103 706 706 118 124 707 707 98 102 708 708 105 107 709 709 104 104 710 710 99 101 711 711 105 107 712 712 98 102 713 713 102 106 714 714 109 111 715 715 108 108 716 716 103 105 717 717 109 111 718 718 102 106 719 719 106 110 720 720 113 115 721 721 112 112 722 722 107 109 723 723 113 115 724 724 106 110 725 725 110 114 726 726 53 117 727 727 114 116 728 728 111 113 729 729 53 117 730 730 110 114 731 731 116 121 732 732 191 266 733 733 202 265 734 734 117 120 735 735 191 266 736 736 116 121 737 737 90 88 738 738 203 267 739 739 95 95 740 740 88 90 741 741 203 267 742 742 90 88 743 743 24 24 744 744 2 0 745 745 13 14 746 746 184 222 747 747 29 29 748 748 27 25 749 749 188 226 750 750 34 34 751 751 32 30 752 752 157 257 753 753 39 39 754 754 37 35 755 755 117 251 756 756 57 57 757 757 55 53 758 758 195 255 759 759 62 62 760 760 60 58 761 761 199 261 762 762 44 44 763 763 42 40 764 764 87 87 765 765 73 71 766 766 71 73 767 767</p>
        </triangles>
      </mesh>
    </geometry>
  </library_geometries>
  <library_controllers>
    <controller id="Armature_polygon2-skin" name="Armature">
      <skin source="#polygon2-mesh">
        <bind_shape_matrix>1 0 0 0 0 1 -1.42109e-14 0 0 1.42109e-14 1 0 0 0 0 1</bind_shape_matrix>
        <source id="Armature_polygon2-skin-joints">
          <Name_array id="Armature_polygon2-skin-joints-array" count="1">mdf_kart_all</Name_array>
          <technique_common>
            <accessor source="#Armature_polygon2-skin-joints-array" count="1" stride="1">
              <param name="JOINT" type="name"/>
            </accessor>
          </technique_common>
        </source>
        <source id="Armature_polygon2-skin-bind_poses">
          <float_array id="Armature_polygon2-skin-bind_poses-array" count="16">100 0 0 0 0 -1.62921e-5 100 0 0 -100 -1.62921e-5 0 0 0 0 1</float_array>
          <technique_common>
            <accessor source="#Armature_polygon2-skin-bind_poses-array" count="1" stride="16">
              <param name="TRANSFORM" type="float4x4"/>
            </accessor>
          </technique_common>
        </source>
        <source id="Armature_polygon2-skin-weights">
          <float_array id="Armature_polygon2-skin-weights-array" count="552">1 1 1 1 1 1 1 1 1 1 1 1 1 1 1 1 1 1 1 1 1 1 1 1 1 1 1 1 1 1 1 1 1 1 1 1 1 1 1 1 1 1 1 1 1 1 1 1 1 1 1 1 1 1 1 1 1 1 1 1 1 1 1 1 1 1 1 1 1 1 1 1 1 1 1 1 1 1 1 1 1 1 1 1 1 1 1 1 1 1 1 1 1 1 1 1 1 1 1 1 1 1 1 1 1 1 1 1 1 1 1 1 1 1 1 1 1 1 1 1 1 1 1 1 1 1 1 1 1 1 1 1 1 1 1 1 1 1 1 1 1 1 1 1 1 1 1 1 1 1 1 1 1 1 1 1 1 1 1 1 1 1 1 1 1 1 1 1 1 1 1 1 1 1 1 1 1 1 1 1 1 1 1 1 1 1 1 1 1 1 1 1 1 1 1 1 1 1 1 1 1 1 1 1 1 1 1 1 1 1 1 1 1 1 1 1 1 1 1 1 1 1 1 1 1 1 1 1 1 1 1 1 1 1 1 1 1 1 1 1 1 1 1 1 1 1 1 1 1 1 1 1 1 1 1 1 1 1 1 1 1 1 1 1 1 1 1 1 1 1 1 1 1 1 1 1 1 1 1 1 1 1 1 1 1 1 1 1 1 1 1 1 1 1 1 1 1 1 1 1 1 1 1 1 1 1 1 1 1 1 1 1 1 1 1 1 1 1 1 1 1 1 1 1 1 1 1 1 1 1 1 1 1 1 1 1 1 1 1 1 1 1 1 1 1 1 1 1 1 1 1 1 1 1 1 1 1 1 1 1 1 1 1 1 1 1 1 1 1 1 1 1 1 1 1 1 1 1 1 1 1 1 1 1 1 1 1 1 1 1 1 1 1 1 1 1 1 1 1 1 1 1 1 1 1 1 1 1 1 1 1 1 1 1 1 1 1 1 1 1 1 1 1 1 1 1 1 1 1 1 1 1 1 1 1 1 1 1 1 1 1 1 1 1 1 1 1 1 1 1 1 1 1 1 1 1 1 1 1 1 1 1 1 1 1 1 1 1 1 1 1 1 1 1 1 1 1 1 1 1 1 1 1 1 1 1 1 1 1 1 1 1 1 1 1 1 1 1 1 1 1 1 1 1 1 1 1 1 1 1 1 1 1 1 1 1 1 1 1 1 1 1 1 1 1 1 1 1 1 1 1 1 1 1 1 1 1 1 1 1 1 1 1 1 1 1 1 1 1 1 1 1</float_array>
          <technique_common>
            <accessor source="#Armature_polygon2-skin-weights-array" count="552" stride="1">
              <param name="WEIGHT" type="float"/>
            </accessor>
          </technique_common>
        </source>
        <joints>
          <input semantic="JOINT" source="#Armature_polygon2-skin-joints"/>
          <input semantic="INV_BIND_MATRIX" source="#Armature_polygon2-skin-bind_poses"/>
        </joints>
        <vertex_weights count="552">
          <input semantic="JOINT" source="#Armature_polygon2-skin-joints" offset="0"/>
          <input semantic="WEIGHT" source="#Armature_polygon2-skin-weights" offset="1"/>
          <vcount>1 1 1 1 1 1 1 1 1 1 1 1 1 1 1 1 1 1 1 1 1 1 1 1 1 1 1 1 1 1 1 1 1 1 1 1 1 1 1 1 1 1 1 1 1 1 1 1 1 1 1 1 1 1 1 1 1 1 1 1 1 1 1 1 1 1 1 1 1 1 1 1 1 1 1 1 1 1 1 1 1 1 1 1 1 1 1 1 1 1 1 1 1 1 1 1 1 1 1 1 1 1 1 1 1 1 1 1 1 1 1 1 1 1 1 1 1 1 1 1 1 1 1 1 1 1 1 1 1 1 1 1 1 1 1 1 1 1 1 1 1 1 1 1 1 1 1 1 1 1 1 1 1 1 1 1 1 1 1 1 1 1 1 1 1 1 1 1 1 1 1 1 1 1 1 1 1 1 1 1 1 1 1 1 1 1 1 1 1 1 1 1 1 1 1 1 1 1 1 1 1 1 1 1 1 1 1 1 1 1 1 1 1 1 1 1 1 1 1 1 1 1 1 1 1 1 1 1 1 1 1 1 1 1 1 1 1 1 1 1 1 1 1 1 1 1 1 1 1 1 1 1 1 1 1 1 1 1 1 1 1 1 1 1 1 1 1 1 1 1 1 1 1 1 1 1 1 1 1 1 1 1 1 1 1 1 1 1 1 1 1 1 1 1 1 1 1 1 1 1 1 1 1 1 1 1 1 1 1 1 1 1 1 1 1 1 1 1 1 1 1 1 1 1 1 1 1 1 1 1 1 1 1 1 1 1 1 1 1 1 1 1 1 1 1 1 1 1 1 1 1 1 1 1 1 1 1 1 1 1 1 1 1 1 1 1 1 1 1 1 1 1 1 1 1 1 1 1 1 1 1 1 1 1 1 1 1 1 1 1 1 1 1 1 1 1 1 1 1 1 1 1 1 1 1 1 1 1 1 1 1 1 1 1 1 1 1 1 1 1 1 1 1 1 1 1 1 1 1 1 1 1 1 1 1 1 1 1 1 1 1 1 1 1 1 1 1 1 1 1 1 1 1 1 1 1 1 1 1 1 1 1 1 1 1 1 1 1 1 1 1 1 1 1 1 1 1 1 1 1 1 1 1 1 1 1 1 1 1 1 1 1 1 1 1 1 1 1 1 1 1 1 1 1 1 1 1 1 1 1 1 1 1 1 1 1 1 1 1 1 1 1 1 1 1 1 1 1 1 1 1 1 1 1 1 1 1 1 1 1 1 1 1 1 1 1 1 1 1 1 1 1 </vcount>
          <v>0 0 0 1 0 2 0 3 0 4 0 5 0 6 0 7 0 8 0 9 0 10 0 11 0 12 0 13 0 14 0 15 0 16 0 17 0 18 0 19 0 20 0 21 0 22 0 23 0 24 0 25 0 26 0 27 0 28 0 29 0 30 0 31 0 32 0 33 0 34 0 35 0 36 0 37 0 38 0 39 0 40 0 41 0 42 0 43 0 44 0 45 0 46 0 47 0 48 0 49 0 50 0 51 0 52 0 53 0 54 0 55 0 56 0 57 0 58 0 59 0 60 0 61 0 62 0 63 0 64 0 65 0 66 0 67 0 68 0 69 0 70 0 71 0 72 0 73 0 74 0 75 0 76 0 77 0 78 0 79 0 80 0 81 0 82 0 83 0 84 0 85 0 86 0 87 0 88 0 89 0 90 0 91 0 92 0 93 0 94 0 95 0 96 0 97 0 98 0 99 0 100 0 101 0 102 0 103 0 104 0 105 0 106 0 107 0 108 0 109 0 110 0 111 0 112 0 113 0 114 0 115 0 116 0 117 0 118 0 119 0 120 0 121 0 122 0 123 0 124 0 125 0 126 0 127 0 128 0 129 0 130 0 131 0 132 0 133 0 134 0 135 0 136 0 137 0 138 0 139 0 140 0 141 0 142 0 143 0 144 0 145 0 146 0 147 0 148 0 149 0 150 0 151 0 152 0 153 0 154 0 155 0 156 0 157 0 158 0 159 0 160 0 161 0 162 0 163 0 164 0 165 0 166 0 167 0 168 0 169 0 170 0 171 0 172 0 173 0 174 0 175 0 176 0 177 0 178 0 179 0 180 0 181 0 182 0 183 0 184 0 185 0 186 0 187 0 188 0 189 0 190 0 191 0 192 0 193 0 194 0 195 0 196 0 197 0 198 0 199 0 200 0 201 0 202 0 203 0 204 0 205 0 206 0 207 0 208 0 209 0 210 0 211 0 212 0 213 0 214 0 215 0 216 0 217 0 218 0 219 0 220 0 221 0 222 0 223 0 224 0 225 0 226 0 227 0 228 0 229 0 230 0 231 0 232 0 233 0 234 0 235 0 236 0 237 0 238 0 239 0 240 0 241 0 242 0 243 0 244 0 245 0 246 0 247 0 248 0 249 0 250 0 251 0 252 0 253 0 254 0 255 0 256 0 257 0 258 0 259 0 260 0 261 0 262 0 263 0 264 0 265 0 266 0 267 0 268 0 269 0 270 0 271 0 272 0 273 0 274 0 275 0 276 0 277 0 278 0 279 0 280 0 281 0 282 0 283 0 284 0 285 0 286 0 287 0 288 0 289 0 290 0 291 0 292 0 293 0 294 0 295 0 296 0 297 0 298 0 299 0 300 0 301 0 302 0 303 0 304 0 305 0 306 0 307 0 308 0 309 0 310 0 311 0 312 0 313 0 314 0 315 0 316 0 317 0 318 0 319 0 320 0 321 0 322 0 323 0 324 0 325 0 326 0 327 0 328 0 329 0 330 0 331 0 332 0 333 0 334 0 335 0 336 0 337 0 338 0 339 0 340 0 341 0 342 0 343 0 344 0 345 0 346 0 347 0 348 0 349 0 350 0 351 0 352 0 353 0 354 0 355 0 356 0 357 0 358 0 359 0 360 0 361 0 362 0 363 0 364 0 365 0 366 0 367 0 368 0 369 0 370 0 371 0 372 0 373 0 374 0 375 0 376 0 377 0 378 0 379 0 380 0 381 0 382 0 383 0 384 0 385 0 386 0 387 0 388 0 389 0 390 0 391 0 392 0 393 0 394 0 395 0 396 0 397 0 398 0 399 0 400 0 401 0 402 0 403 0 404 0 405 0 406 0 407 0 408 0 409 0 410 0 411 0 412 0 413 0 414 0 415 0 416 0 417 0 418 0 419 0 420 0 421 0 422 0 423 0 424 0 425 0 426 0 427 0 428 0 429 0 430 0 431 0 432 0 433 0 434 0 435 0 436 0 437 0 438 0 439 0 440 0 441 0 442 0 443 0 444 0 445 0 446 0 447 0 448 0 449 0 450 0 451 0 452 0 453 0 454 0 455 0 456 0 457 0 458 0 459 0 460 0 461 0 462 0 463 0 464 0 465 0 466 0 467 0 468 0 469 0 470 0 471 0 472 0 473 0 474 0 475 0 476 0 477 0 478 0 479 0 480 0 481 0 482 0 483 0 484 0 485 0 486 0 487 0 488 0 489 0 490 0 491 0 492 0 493 0 494 0 495 0 496 0 497 0 498 0 499 0 500 0 501 0 502 0 503 0 504 0 505 0 506 0 507 0 508 0 509 0 510 0 511 0 512 0 513 0 514 0 515 0 516 0 517 0 518 0 519 0 520 0 521 0 522 0 523 0 524 0 525 0 526 0 527 0 528 0 529 0 530 0 531 0 532 0 533 0 534 0 535 0 536 0 537 0 538 0 539 0 540 0 541 0 542 0 543 0 544 0 545 0 546 0 547 0 548 0 549 0 550 0 551</v>
        </vertex_weights>
      </skin>
    </controller>
    <controller id="Armature_polygon1-skin" name="Armature">
      <skin source="#polygon1-mesh">
        <bind_shape_matrix>1 0 0 0 0 1 -1.42109e-14 0 0 1.42109e-14 1 0 0 0 0 1</bind_shape_matrix>
        <source id="Armature_polygon1-skin-joints">
          <Name_array id="Armature_polygon1-skin-joints-array" count="1">mdf_kart_all</Name_array>
          <technique_common>
            <accessor source="#Armature_polygon1-skin-joints-array" count="1" stride="1">
              <param name="JOINT" type="name"/>
            </accessor>
          </technique_common>
        </source>
        <source id="Armature_polygon1-skin-bind_poses">
          <float_array id="Armature_polygon1-skin-bind_poses-array" count="16">100 0 0 0 0 -1.62921e-5 100 0 0 -100 -1.62921e-5 0 0 0 0 1</float_array>
          <technique_common>
            <accessor source="#Armature_polygon1-skin-bind_poses-array" count="1" stride="16">
              <param name="TRANSFORM" type="float4x4"/>
            </accessor>
          </technique_common>
        </source>
        <source id="Armature_polygon1-skin-weights">
          <float_array id="Armature_polygon1-skin-weights-array" count="192">1 1 1 1 1 1 1 1 1 1 1 1 1 1 1 1 1 1 1 1 1 1 1 1 1 1 1 1 1 1 1 1 1 1 1 1 1 1 1 1 1 1 1 1 1 1 1 1 1 1 1 1 1 1 1 1 1 1 1 1 1 1 1 1 1 1 1 1 1 1 1 1 1 1 1 1 1 1 1 1 1 1 1 1 1 1 1 1 1 1 1 1 1 1 1 1 1 1 1 1 1 1 1 1 1 1 1 1 1 1 1 1 1 1 1 1 1 1 1 1 1 1 1 1 1 1 1 1 1 1 1 1 1 1 1 1 1 1 1 1 1 1 1 1 1 1 1 1 1 1 1 1 1 1 1 1 1 1 1 1 1 1 1 1 1 1 1 1 1 1 1 1 1 1 1 1 1 1 1 1 1 1 1 1 1 1 1 1 1 1 1 1</float_array>
          <technique_common>
            <accessor source="#Armature_polygon1-skin-weights-array" count="192" stride="1">
              <param name="WEIGHT" type="float"/>
            </accessor>
          </technique_common>
        </source>
        <joints>
          <input semantic="JOINT" source="#Armature_polygon1-skin-joints"/>
          <input semantic="INV_BIND_MATRIX" source="#Armature_polygon1-skin-bind_poses"/>
        </joints>
        <vertex_weights count="192">
          <input semantic="JOINT" source="#Armature_polygon1-skin-joints" offset="0"/>
          <input semantic="WEIGHT" source="#Armature_polygon1-skin-weights" offset="1"/>
          <vcount>1 1 1 1 1 1 1 1 1 1 1 1 1 1 1 1 1 1 1 1 1 1 1 1 1 1 1 1 1 1 1 1 1 1 1 1 1 1 1 1 1 1 1 1 1 1 1 1 1 1 1 1 1 1 1 1 1 1 1 1 1 1 1 1 1 1 1 1 1 1 1 1 1 1 1 1 1 1 1 1 1 1 1 1 1 1 1 1 1 1 1 1 1 1 1 1 1 1 1 1 1 1 1 1 1 1 1 1 1 1 1 1 1 1 1 1 1 1 1 1 1 1 1 1 1 1 1 1 1 1 1 1 1 1 1 1 1 1 1 1 1 1 1 1 1 1 1 1 1 1 1 1 1 1 1 1 1 1 1 1 1 1 1 1 1 1 1 1 1 1 1 1 1 1 1 1 1 1 1 1 1 1 1 1 1 1 1 1 1 1 1 1 </vcount>
          <v>0 0 0 1 0 2 0 3 0 4 0 5 0 6 0 7 0 8 0 9 0 10 0 11 0 12 0 13 0 14 0 15 0 16 0 17 0 18 0 19 0 20 0 21 0 22 0 23 0 24 0 25 0 26 0 27 0 28 0 29 0 30 0 31 0 32 0 33 0 34 0 35 0 36 0 37 0 38 0 39 0 40 0 41 0 42 0 43 0 44 0 45 0 46 0 47 0 48 0 49 0 50 0 51 0 52 0 53 0 54 0 55 0 56 0 57 0 58 0 59 0 60 0 61 0 62 0 63 0 64 0 65 0 66 0 67 0 68 0 69 0 70 0 71 0 72 0 73 0 74 0 75 0 76 0 77 0 78 0 79 0 80 0 81 0 82 0 83 0 84 0 85 0 86 0 87 0 88 0 89 0 90 0 91 0 92 0 93 0 94 0 95 0 96 0 97 0 98 0 99 0 100 0 101 0 102 0 103 0 104 0 105 0 106 0 107 0 108 0 109 0 110 0 111 0 112 0 113 0 114 0 115 0 116 0 117 0 118 0 119 0 120 0 121 0 122 0 123 0 124 0 125 0 126 0 127 0 128 0 129 0 130 0 131 0 132 0 133 0 134 0 135 0 136 0 137 0 138 0 139 0 140 0 141 0 142 0 143 0 144 0 145 0 146 0 147 0 148 0 149 0 150 0 151 0 152 0 153 0 154 0 155 0 156 0 157 0 158 0 159 0 160 0 161 0 162 0 163 0 164 0 165 0 166 0 167 0 168 0 169 0 170 0 171 0 172 0 173 0 174 0 175 0 176 0 177 0 178 0 179 0 180 0 181 0 182 0 183 0 184 0 185 0 186 0 187 0 188 0 189 0 190 0 191</v>
        </vertex_weights>
      </skin>
    </controller>
    <controller id="Armature_polygon0-skin" name="Armature">
      <skin source="#polygon0-mesh">
        <bind_shape_matrix>1 0 0 0 0 1 -1.42109e-14 0 0 1.42109e-14 1 0 0 0 0 1</bind_shape_matrix>
        <source id="Armature_polygon0-skin-joints">
          <Name_array id="Armature_polygon0-skin-joints-array" count="1">mdf_kart_all</Name_array>
          <technique_common>
            <accessor source="#Armature_polygon0-skin-joints-array" count="1" stride="1">
              <param name="JOINT" type="name"/>
            </accessor>
          </technique_common>
        </source>
        <source id="Armature_polygon0-skin-bind_poses">
          <float_array id="Armature_polygon0-skin-bind_poses-array" count="16">100 0 0 0 0 -1.62921e-5 100 0 0 -100 -1.62921e-5 0 0 0 0 1</float_array>
          <technique_common>
            <accessor source="#Armature_polygon0-skin-bind_poses-array" count="1" stride="16">
              <param name="TRANSFORM" type="float4x4"/>
            </accessor>
          </technique_common>
        </source>
        <source id="Armature_polygon0-skin-weights">
          <float_array id="Armature_polygon0-skin-weights-array" count="204">1 1 1 1 1 1 1 1 1 1 1 1 1 1 1 1 1 1 1 1 1 1 1 1 1 1 1 1 1 1 1 1 1 1 1 1 1 1 1 1 1 1 1 1 1 1 1 1 1 1 1 1 1 1 1 1 1 1 1 1 1 1 1 1 1 1 1 1 1 1 1 1 1 1 1 1 1 1 1 1 1 1 1 1 1 1 1 1 1 1 1 1 1 1 1 1 1 1 1 1 1 1 1 1 1 1 1 1 1 1 1 1 1 1 1 1 1 1 1 1 1 1 1 1 1 1 1 1 1 1 1 1 1 1 1 1 1 1 1 1 1 1 1 1 1 1 1 1 1 1 1 1 1 1 1 1 1 1 1 1 1 1 1 1 1 1 1 1 1 1 1 1 1 1 1 1 1 1 1 1 1 1 1 1 1 1 1 1 1 1 1 1 1 1 1 1 1 1 1 1 1 1 1 1</float_array>
          <technique_common>
            <accessor source="#Armature_polygon0-skin-weights-array" count="204" stride="1">
              <param name="WEIGHT" type="float"/>
            </accessor>
          </technique_common>
        </source>
        <joints>
          <input semantic="JOINT" source="#Armature_polygon0-skin-joints"/>
          <input semantic="INV_BIND_MATRIX" source="#Armature_polygon0-skin-bind_poses"/>
        </joints>
        <vertex_weights count="204">
          <input semantic="JOINT" source="#Armature_polygon0-skin-joints" offset="0"/>
          <input semantic="WEIGHT" source="#Armature_polygon0-skin-weights" offset="1"/>
          <vcount>1 1 1 1 1 1 1 1 1 1 1 1 1 1 1 1 1 1 1 1 1 1 1 1 1 1 1 1 1 1 1 1 1 1 1 1 1 1 1 1 1 1 1 1 1 1 1 1 1 1 1 1 1 1 1 1 1 1 1 1 1 1 1 1 1 1 1 1 1 1 1 1 1 1 1 1 1 1 1 1 1 1 1 1 1 1 1 1 1 1 1 1 1 1 1 1 1 1 1 1 1 1 1 1 1 1 1 1 1 1 1 1 1 1 1 1 1 1 1 1 1 1 1 1 1 1 1 1 1 1 1 1 1 1 1 1 1 1 1 1 1 1 1 1 1 1 1 1 1 1 1 1 1 1 1 1 1 1 1 1 1 1 1 1 1 1 1 1 1 1 1 1 1 1 1 1 1 1 1 1 1 1 1 1 1 1 1 1 1 1 1 1 1 1 1 1 1 1 1 1 1 1 1 1 </vcount>
          <v>0 0 0 1 0 2 0 3 0 4 0 5 0 6 0 7 0 8 0 9 0 10 0 11 0 12 0 13 0 14 0 15 0 16 0 17 0 18 0 19 0 20 0 21 0 22 0 23 0 24 0 25 0 26 0 27 0 28 0 29 0 30 0 31 0 32 0 33 0 34 0 35 0 36 0 37 0 38 0 39 0 40 0 41 0 42 0 43 0 44 0 45 0 46 0 47 0 48 0 49 0 50 0 51 0 52 0 53 0 54 0 55 0 56 0 57 0 58 0 59 0 60 0 61 0 62 0 63 0 64 0 65 0 66 0 67 0 68 0 69 0 70 0 71 0 72 0 73 0 74 0 75 0 76 0 77 0 78 0 79 0 80 0 81 0 82 0 83 0 84 0 85 0 86 0 87 0 88 0 89 0 90 0 91 0 92 0 93 0 94 0 95 0 96 0 97 0 98 0 99 0 100 0 101 0 102 0 103 0 104 0 105 0 106 0 107 0 108 0 109 0 110 0 111 0 112 0 113 0 114 0 115 0 116 0 117 0 118 0 119 0 120 0 121 0 122 0 123 0 124 0 125 0 126 0 127 0 128 0 129 0 130 0 131 0 132 0 133 0 134 0 135 0 136 0 137 0 138 0 139 0 140 0 141 0 142 0 143 0 144 0 145 0 146 0 147 0 148 0 149 0 150 0 151 0 152 0 153 0 154 0 155 0 156 0 157 0 158 0 159 0 160 0 161 0 162 0 163 0 164 0 165 0 166 0 167 0 168 0 169 0 170 0 171 0 172 0 173 0 174 0 175 0 176 0 177 0 178 0 179 0 180 0 181 0 182 0 183 0 184 0 185 0 186 0 187 0 188 0 189 0 190 0 191 0 192 0 193 0 194 0 195 0 196 0 197 0 198 0 199 0 200 0 201 0 202 0 203</v>
        </vertex_weights>
      </skin>
    </controller>
  </library_controllers>
  <library_visual_scenes>
    <visual_scene id="Scene" name="Scene">
      <node id="Armature" name="Armature" type="NODE">
        <matrix sid="transform">0.01 0 0 0 0 -1.62921e-9 -0.01 0 0 0.01 -1.62921e-9 0 0 0 0 1</matrix>
        <node id="Armature_mdf_kart_all" name="mdf_kart_all" sid="mdf_kart_all" type="JOINT">
          <matrix sid="transform">1 0 0 0 0 1 0 0 0 0 1 0 0 0 0 1</matrix>
          <extra>
            <technique profile="blender">
              <layer sid="layer" type="string">0</layer>
              <tip_x sid="tip_x" type="float">0</tip_x>
              <tip_y sid="tip_y" type="float">1</tip_y>
              <tip_z sid="tip_z" type="float">0</tip_z>
            </technique>
          </extra>
        </node>
        <node id="polygon0" name="polygon0" type="NODE">
          <matrix sid="transform">1 0 0 0 0 1 0 0 0 0 1 0 0 0 0 1</matrix>
          <instance_controller url="#Armature_polygon0-skin">
            <skeleton>#Armature_mdf_kart_all</skeleton>
            <bind_material>
              <technique_common>
                <instance_material symbol="mat_tire_rim-material" target="#mat_tire_rim-material">
                  <bind_vertex_input semantic="polygon0_UVs0" input_semantic="TEXCOORD" input_set="0"/>
                </instance_material>
              </technique_common>
            </bind_material>
          </instance_controller>
        </node>
        <node id="polygon1" name="polygon1" type="NODE">
          <matrix sid="transform">1 0 0 0 0 1 0 0 0 0 1 0 0 0 0 1</matrix>
          <instance_controller url="#Armature_polygon1-skin">
            <skeleton>#Armature_mdf_kart_all</skeleton>
            <bind_material>
              <technique_common>
                <instance_material symbol="mat_tire-material" target="#mat_tire-material">
                  <bind_vertex_input semantic="polygon1_UVs0" input_semantic="TEXCOORD" input_set="0"/>
                </instance_material>
              </technique_common>
            </bind_material>
          </instance_controller>
        </node>
        <node id="polygon2" name="polygon2" type="NODE">
          <matrix sid="transform">1 0 0 0 0 1 0 0 0 0 1 0 0 0 0 1</matrix>
          <instance_controller url="#Armature_polygon2-skin">
            <skeleton>#Armature_mdf_kart_all</skeleton>
            <bind_material>
              <technique_common>
                <instance_material symbol="mat_body-material" target="#mat_body-material">
                  <bind_vertex_input semantic="polygon2_UVs0" input_semantic="TEXCOORD" input_set="0"/>
                </instance_material>
              </technique_common>
            </bind_material>
          </instance_controller>
        </node>
      </node>
    </visual_scene>
  </library_visual_scenes>
  <scene>
    <instance_visual_scene url="#Scene"/>
  </scene>
</COLLADA>