<?xml version="1.0" encoding="utf-8"?>
<COLLADA xmlns="http://www.collada.org/2005/11/COLLADASchema" version="1.4.1" xmlns:xsi="http://www.w3.org/2001/XMLSchema-instance">
  <asset>
    <contributor>
      <author>Blender User</author>
      <authoring_tool>Blender 3.4.1 commit date:2022-12-19, commit time:17:00, hash:55485cb379f7</authoring_tool>
    </contributor>
    <created>2023-03-04T00:38:46</created>
    <modified>2023-03-04T00:38:46</modified>
    <unit name="meter" meter="1"/>
    <up_axis>Z_UP</up_axis>
  </asset>
  <library_effects>
    <effect id="mat_body-effect">
      <profile_COMMON>
        <newparam sid="body_wr_png-surface">
          <surface type="2D">
            <init_from>body_wr_png</init_from>
          </surface>
        </newparam>
        <newparam sid="body_wr_png-sampler">
          <sampler2D>
            <source>body_wr_png-surface</source>
          </sampler2D>
        </newparam>
        <technique sid="common">
          <lambert>
            <emission>
              <color sid="emission">0 0 0 1</color>
            </emission>
            <diffuse>
              <texture texture="body_wr_png-sampler" texcoord="polygon2-mesh-map-0"/>
            </diffuse>
            <index_of_refraction>
              <float sid="ior">1.45</float>
            </index_of_refraction>
          </lambert>
        </technique>
      </profile_COMMON>
    </effect>
    <effect id="mat_tire-effect">
      <profile_COMMON>
        <newparam sid="tire_png-surface">
          <surface type="2D">
            <init_from>tire_png</init_from>
          </surface>
        </newparam>
        <newparam sid="tire_png-sampler">
          <sampler2D>
            <source>tire_png-surface</source>
          </sampler2D>
        </newparam>
        <technique sid="common">
          <lambert>
            <emission>
              <color sid="emission">0 0 0 1</color>
            </emission>
            <diffuse>
              <texture texture="tire_png-sampler" texcoord="polygon1-mesh-map-0"/>
            </diffuse>
            <index_of_refraction>
              <float sid="ior">1.45</float>
            </index_of_refraction>
          </lambert>
        </technique>
      </profile_COMMON>
    </effect>
    <effect id="mat_tire_rim-effect">
      <profile_COMMON>
        <newparam sid="tire_png-surface">
          <surface type="2D">
            <init_from>tire_png</init_from>
          </surface>
        </newparam>
        <newparam sid="tire_png-sampler">
          <sampler2D>
            <source>tire_png-surface</source>
          </sampler2D>
        </newparam>
        <technique sid="common">
          <lambert>
            <emission>
              <color sid="emission">0 0 0 1</color>
            </emission>
            <diffuse>
              <texture texture="tire_png-sampler" texcoord="polygon0-mesh-map-0"/>
            </diffuse>
            <index_of_refraction>
              <float sid="ior">1.45</float>
            </index_of_refraction>
          </lambert>
        </technique>
      </profile_COMMON>
    </effect>
  </library_effects>
  <library_images>
    <image id="body_wr_png" name="body_wr_png">
      <init_from>body_wr.png</init_from>
    </image>
    <image id="tire_png" name="tire_png">
      <init_from>tire.png</init_from>
    </image>
  </library_images>
  <library_materials>
    <material id="mat_body-material" name="mat_body">
      <instance_effect url="#mat_body-effect"/>
    </material>
    <material id="mat_tire-material" name="mat_tire">
      <instance_effect url="#mat_tire-effect"/>
    </material>
    <material id="mat_tire_rim-material" name="mat_tire_rim">
      <instance_effect url="#mat_tire_rim-effect"/>
    </material>
  </library_materials>
  <library_geometries>
    <geometry id="polygon2-mesh" name="polygon2">
      <mesh>
        <source id="polygon2-mesh-positions">
          <float_array id="polygon2-mesh-positions-array" count="1656">38.3772 41.11254 -101.4154 44.94099 62.70992 -155.6699 39.83205 43.49112 -96.85597 44.73785 39.10355 -99.61956 40.36957 38.80987 -94.28111 40.18019 36.13481 -98.88322 31.91304 47.88911 -90.09814 28.72126 45.11185 -94.18092 -28.72126 45.11185 -94.18092 -29.72501 49.58648 -97.51773 -38.3772 41.11254 -101.4154 -39.83205 43.49112 -96.85597 -44.94099 62.70992 -155.6699 -44.73785 39.10355 -99.61956 -44.42778 36.13481 -98.88322 -40.36957 38.80987 -94.28111 -31.91304 47.88911 -90.09814 -31.72236 52.96532 -93.52767 31.72236 52.96532 -93.52767 29.72501 49.58648 -97.51773 -34.66843 51.41721 -162.6128 -37.29052 56.45561 -166.3322 -45.56606 46.72435 -163.7496 -46.02571 52.69396 -167.2433 -56.29456 51.41722 -161.5553 -54.62536 56.45562 -165.4845 -60.56927 62.74686 -157.3153 -58.05183 65.5371 -162.0858 -55.88613 74.07647 -153.5134 -54.29796 74.61858 -159.0383 -44.98848 78.76936 -152.3765 -45.56276 78.38025 -158.127 -34.25998 74.07645 -154.5708 -36.96312 74.61856 -159.8859 -29.98525 62.74685 -158.8108 -33.53661 65.53709 -163.2846 45.56606 46.72435 -163.7496 37.29052 56.45561 -166.3322 34.66843 51.41721 -162.6128 33.53661 65.53709 -163.2846 29.98525 62.74685 -158.8108 36.96312 74.61856 -159.8859 34.25998 74.07645 -154.5708 45.56276 78.38025 -158.127 44.98848 78.76936 -152.3765 54.29796 74.61858 -159.0383 55.88613 74.07647 -153.5134 58.05183 65.5371 -162.0858 60.56927 62.74686 -157.3153 54.62536 56.45562 -165.4845 56.29456 51.41722 -161.5553 46.02571 52.69396 -167.2433 -22.67639 71.10978 -136.2793 -24.70318 76.42056 -140.2961 -33.81836 68.17941 -137.8209 -33.28312 73.76077 -141.4346 -43.40729 72.62196 -135.0649 -41.73846 77.54819 -139.357 -46.57758 81.64713 -130.8642 -44.34361 85.56068 -135.2789 -41.56917 91.77212 -126.1002 -40.22802 93.10457 -131.5891 -31.09923 94.70531 -124.5663 -31.14702 95.76088 -130.449 -20.90902 90.25955 -127.3144 -23.25087 91.97668 -132.528 -17.8546 79.50563 -132.5805 -20.74095 83.96379 -136.606 -22.45144 41.59 124.898 -9e-6 39.80494 135.3706 -36.05371 32.68183 149.3128 -17.17547 30.12342 163.6015 -38.18741 21.06761 151.1193 -18.58839 19.82697 165.6701 -35.47947 8.349249 149.3971 -17.40704 9.50339 162.5725 -3e-6 7.74087 132.4756 0 9.978343 166.7109 17.85787 9.503393 162.6009 0 19.42277 170.3831 18.58839 19.82697 165.6701 -3e-6 28.81792 167.6427 17.17547 30.12342 163.6015 36.05371 32.68183 149.3127 22.45142 41.59 124.898 33.81836 68.17941 -137.8209 24.70318 76.42056 -140.2961 22.67639 71.10978 -136.2793 20.74095 83.96379 -136.606 17.8546 79.50563 -132.5805 23.25087 91.97668 -132.528 20.90902 90.25955 -127.3144 31.14702 95.76088 -130.449 31.09923 94.70531 -124.5663 40.22802 93.10457 -131.5891 41.56917 91.77212 -126.1002 44.34361 85.56068 -135.2789 46.57758 81.64713 -130.8642 41.73846 77.54819 -139.357 43.40729 72.62196 -135.0649 33.28312 73.76077 -141.4346 41.60619 11.80514 -44.98649 46.94523 17.67711 -46.61701 41.65054 17.73094 -50.98407 41.60622 22.66742 -46.5364 -41.60622 22.66742 -46.53642 -37.1626 17.82882 -41.94607 -25.10738 22.76146 64.41512 -41.6062 11.80515 -44.98649 -26.12219 10.01177 64.79008 -30.56818 17.62199 62.30643 -41.66167 16.50462 83.92503 -38.31614 18.84256 88.18907 -35.24865 16.85219 92.23116 32.93991 21.39142 -46.52835 29.27001 18.32504 -46.63937 38.4269 18.1261 -117.2066 32.93991 12.90528 -46.60688 43.49448 12.75264 -120.9225 47.16037 17.69545 -120.0507 43.5409 17.70303 -125.2855 43.49448 20.74398 -120.9225 -43.73854 17.70303 -125.2855 -43.6921 20.74398 -120.9225 -47.35801 17.69545 -120.0507 -32.90376 21.44575 -46.5235 -37.40009 17.01415 -46.72796 -13.64608 84.21263 102.4906 -17.76983 74.98244 91.3301 -16.11385 82.11086 92.18848 17.6806 74.94012 91.31101 16.02155 82.12188 92.18983 13.55189 84.21263 102.4906 12.42723 88.68147 98.95568 4.768546 87.89218 106.1764 3.865814 91.2298 103.8556 -3.788824 91.2095 103.8487 -12.52262 88.61683 98.93364 -4.875679 87.89217 106.1764 38.64318 16.53356 77.03156 42.58332 19.95723 79.6637 18.82323 17.82882 112.4231 21.28543 22.34093 116.7945 10e-7 20.14885 119.798 0 23.08489 124.0315 -21.28543 22.34093 116.7945 0 16.45129 131.8864 -23.22531 16.51925 121.2408 -21.28544 10.43232 117.1348 -42.55936 10.73336 79.61754 -38.64318 16.53355 77.03156 42.55935 10.73336 79.61754 21.28544 10.43233 117.1348 0 9.856375 123.1201 -18.82323 17.82882 112.4231 -42.58331 19.95722 79.66368 -46.40762 16.47751 80.7674 34.00364 24.42769 -81.14032 34.00364 31.47417 -73.55189 34.00364 38.52066 -81.14032 -34.10418 31.47417 -73.55189 -34.10418 38.52066 -81.14032 -34.10418 24.42769 -81.14032 -34.10418 31.47417 -88.72873 34.00364 31.47417 -88.72873 38.31615 18.84256 88.18909 35.24865 16.8522 92.23116 25.10738 22.76147 64.41515 20.29339 17.78918 64.7635 26.12219 10.01177 64.79008 30.56818 17.62199 62.30643 -17.31702 39.3463 -108.1655 -23.40326 70.63187 -110.2671 -17.31702 39.3463 -59.32558 -23.40326 70.63187 -57.05975 0 43.29114 -59.32558 0 73.78809 -57.05975 17.31702 39.3463 -59.32558 23.40326 70.63187 -57.05975 17.31702 39.3463 -108.1655 23.40326 70.63187 -110.2671 0 73.78809 -110.2671 -0.01045393 8.923077 133.5822 1.971429 29.9172 135.3454 17.25053 56.00393 104.4881 3.810325 54.48085 116.9576 13.72602 65.50054 115.0987 0.008533 57.04995 117.4272 -13.80929 65.50053 115.0986 -3.397015 54.4824 116.9739 -17.33314 56.00394 104.488 -2.052903 29.91719 135.3454 46.80827 22.06858 80.85356 46.77389 16.1219 80.86359 43.7657 10.44197 83.18388 50.92963 16.11636 77.70306 50.89272 10.39222 77.71381 45.13148 16.1366 71.37685 45.09456 10.41245 71.3876 40.9759 16.16439 74.53734 37.96757 10.4622 76.8577 38.05552 25.49929 76.83209 43.85366 25.47905 83.15831 35.79469 52.9506 -96.99447 32.8437 59.87392 -88.43877 34.79693 64.58636 -91.92529 25.12733 59.36513 -88.85113 23.88682 63.74801 -92.5763 25.83302 51.77987 -92.20931 24.88458 52.03619 -97.50388 33.54939 52.28867 -91.79699 51.2797 17.6818 2.387897 -51.2797 17.6818 2.387905 51.2797 14.52139 6.425539 -51.2797 14.52139 6.425539 51.2797 17.68689 10.74963 -51.2797 17.68689 10.78605 51.2797 21.12733 6.553602 -51.2797 21.12734 6.553604 10.31168 38.06384 83.66954 23.15361 37.54517 85.37022 10.29656 35.06447 85.89778 22.77162 34.06505 86.51807 10.30865 32.86348 83.22211 22.93825 32.56741 81.63617 10.37765 35.50307 81.26015 23.39088 37.33368 81.82224 -47.91587 49.66997 -107.1405 -46.53526 46.60656 -103.6333 -47.91587 38.52645 -111.5908 -46.53526 37.81807 -107.143 -36.53242 38.52645 -111.5908 -37.55754 37.81807 -107.143 -36.53242 49.66997 -107.1405 -37.55754 46.60656 -103.6332 -34.79693 64.58636 -91.92529 -32.8437 59.87392 -88.43877 -35.79469 52.9506 -96.99447 -33.54939 52.28867 -91.79699 -24.88458 52.03619 -97.50388 -25.83302 51.77987 -92.20931 -23.88682 63.74801 -92.5763 -25.12733 59.36513 -88.85113 -25.85132 19.10447 74.52862 -25.97412 31.20241 81.26716 -28.49396 18.60092 71.11799 -28.12061 34.87358 80.30987 -30.87414 14.85223 71.61936 -30.76494 33.53763 82.20669 -29.36991 15.10924 75.13404 -28.20373 32.28713 84.47502 -10.20424 35.06447 85.89778 -23.06127 37.54517 85.37022 -10.21936 38.06384 83.66954 -23.29855 37.33368 81.82224 -10.28533 35.50307 81.26015 -22.84592 32.56741 81.6362 -10.21632 32.86348 83.22211 -22.67929 34.06505 86.51808 47.91587 38.52645 -111.5908 46.53526 46.60656 -103.6333 47.91587 49.66997 -107.1405 37.55754 46.60656 -103.6332 36.53242 49.66997 -107.1405 37.55754 37.81807 -107.143 36.53242 38.52645 -111.5908 46.53526 37.81807 -107.143 -35.85078 44.60443 99.73054 -60.52737 41.6161 100.418 -49.61409 37.07641 128.8028 -62.87729 24.78857 100.794 -53.34593 23.38168 128.0829 -51.41668 7.771512 127.374 35.85076 7.76931 100.1997 23.64132 7.74087 120.5644 59.5074 7.753524 100.8517 51.41668 7.771534 127.374 62.8773 24.78857 100.794 53.34592 23.38168 128.0829 49.61409 37.07641 128.8028 -46.77389 16.1219 80.86359 -46.80827 22.06858 80.85356 -43.7657 10.44197 83.18388 -43.85366 25.47905 83.15831 -37.96757 10.4622 76.8577 -38.05552 25.49929 76.83209 -40.9759 16.16439 74.53734 -41.01013 22.08882 74.52737 -50.92963 16.11636 77.70306 -50.89272 10.39222 77.71381 -45.13148 16.1366 71.37685 -45.09456 10.41245 71.3876 34.36455 16.30676 -27.5305 25.40696 13.68462 38.49232 38.7712 44.61963 -29.43525 27.87474 33.21628 42.83977 -39.13102 44.61963 -29.43527 -28.00246 33.21628 42.83977 -33.7425 16.30676 -27.53053 -25.7668 13.68462 38.49231 -46.62396 22.13967 80.81437 -46.62396 16.10431 80.81437 -47.72024 22.13967 73.71303 -47.72024 16.10431 73.71303 -41.73208 22.13967 73.71303 -41.73208 16.10431 73.71303 -41.73208 22.13967 80.81437 -41.73208 16.10431 80.81437 -26.63166 50.4925 -81.28529 -28.29381 45.00717 -79.43436 31.28485 45.00717 -79.43436 28.2845 47.0531 -74.34945 31.45658 48.67464 -77.9209 28.26436 52.18926 -76.86703 31.92372 82.06689 -133.2631 26.63166 50.4925 -81.28529 13.07822 10.26079 -125.8824 13.07822 22.88242 -125.8824 8.545053 4.25933 -125.8824 8.64881 28.69957 -125.8824 -8.478177 4.25933 -125.8824 -8.478177 28.69957 -125.8824 -13.07822 10.09396 -125.8824 -13.07822 22.88242 -125.8824 -28.26436 52.18926 -76.86703 -31.92372 82.06689 -133.2631 -31.45658 48.67464 -77.9209 29.46222 15.10925 75.13401 25.94363 19.10446 74.52855 28.58629 18.60089 71.11793 30.96647 14.85224 71.61929 -48.99122 60.422 -45.79131 -43.29405 48.96349 49.92786 -81.8349 58.51781 -45.87133 -70.3727 46.45883 49.69848 -85.25079 29.7395 -45.60972 -73.53558 25.39009 49.71243 -81.51738 7.008947 -45.97701 -68.44537 6.431169 49.33411 -20.3012 29.11684 -86.63261 -20.30121 37.43755 -81.46771 -60.30348 34.68119 -81.37567 -20.3012 29.15164 -76.02017 -60.30349 30.76756 -78.97225 -60.30349 30.72642 -83.71098 -37.03967 47.01027 -46.85901 -22.62852 16.5641 -40.20079 -22.62852 46.92162 -54.8943 22.26867 46.92162 -54.8943 -15.94797 90.36365 -59.30928 15.58814 90.36363 -59.30928 22.26867 16.5641 -40.20079 36.67983 47.01027 -46.85897 38.78773 75.10813 -49.78054 41.01013 22.08882 74.52737 45.16571 22.05986 71.3669 45.1825 25.44954 71.36202 50.96387 22.03963 77.6931 50.98064 25.4293 77.68821 3e-6 67.73959 73.31729 -3.769975 66.02515 76.24105 -3.210172 53.68453 66.58788 3.769981 66.02515 76.24103 3.210177 53.68453 66.58788 -6.109766 78.0859 76.3121 -4.073179 80.6955 80.20931 -16.49571 87.58385 76.74258 -8.146363 73.79797 78.21276 -18.95449 83.69567 75.35379 0.02894395 67.44365 106.8932 5.944361 54.17364 97.18504 0.0289449 35.9715 126.6402 7.911695 30.60901 107.477 0.01929599 14.98411 129.2806 8.070806 22.95942 89.88693 5.944361 14.09797 91.85963 -45.16571 22.05986 71.3669 -45.1825 25.44954 71.36202 -50.96387 22.03963 77.6931 -50.98064 25.4293 77.68821 26.06644 31.20241 81.26715 28.29604 32.28713 84.47501 27.4071 36.32137 84.61771 37.1626 17.82882 -41.94607 -41.65054 17.73094 -50.98407 -28.96522 18.33385 -46.66315 -38.62454 18.1261 -117.2066 -43.69209 12.75264 -120.9225 -44.34149 25.82379 49.44271 -51.29437 6.058169 -45.97775 -45.65077 6.473479 49.08967 -23.64132 7.740873 120.5644 -35.85079 7.769319 100.1997 28.21292 34.87358 80.30987 30.85728 33.53763 82.20669 21.74 76.4893 -83.47324 6.175967 78.68375 -83.47324 -17.20384 63.77765 66.94864 -21.45283 80.59532 72.22622 -21.38855 58.2574 69.03482 -26.67109 80.88525 75.5845 -17.20384 60.6456 73.00047 -21.45283 78.84628 78.26871 4.073179 80.6955 80.2093 6.109766 78.08588 76.3121 16.62607 87.71958 76.69508 19.08331 83.83398 75.30693 8.146358 73.79798 78.21275 20.30121 37.43757 -81.46774 60.5637 34.66493 -81.37567 20.30121 29.15165 -76.02019 60.56372 30.78383 -78.99132 20.30121 29.29013 -86.55386 60.56373 30.74266 -83.69193 -21.74 76.4893 -83.47324 -6.175967 78.68375 -83.47324 -9.547406 94.91563 76.63467 -11.86975 98.75588 81.02069 -9.547414 93.16655 82.67722 -28.2845 47.0531 -74.34945 17.20384 63.77765 66.94864 0 54.29459 64.61333 21.38855 58.2574 69.03482 -10e-7 48.18706 66.11989 17.20384 60.6456 73.00047 0 52.54555 70.65587 19.77149 5.371358 -51.20142 -19.85331 5.371358 -51.20142 20.62488 9.418698 -42.20194 -20.4225 9.418697 -42.20194 20.62488 36.70058 -41.8532 -20.4225 36.70059 -41.8532 36.26806 8.349255 149.4539 38.1874 21.06761 151.1193 9.547408 94.91563 76.63466 11.86975 98.75588 81.02069 9.547408 93.16658 82.67722 23.22531 16.51926 121.2408 21.45283 80.59532 72.22622 26.67108 80.88528 75.5845 21.45284 78.84628 78.26871 -21.09044 42.56527 -51.23538 -21.46513 42.56525 -89.21648 0 46.26612 -51.21248 0 46.10627 -111.3592 21.66754 42.56525 -89.21648 18.25329 42.56524 -115.4761 -39.14756 75.10812 -49.78055 -38.28326 13.78987 88.30328 -20.29339 17.78918 64.7635 -59.50741 7.753522 100.8517 -51.07238 19.5185 83.45206 -51.07237 10.96157 75.49541 -69.27899 19.5185 75.49541 -51.07237 19.51849 67.53873 -51.07238 28.07541 75.49541 -27.31479 36.32137 84.61771 -29.61689 19.82303 -51.21591 25.61076 19.73555 -115.4999 18.05429 5.438137 -115.5 32.72348 20.07564 -89.21648 29.81962 19.82303 -51.21592 0 69.48548 74.77984 -4.347797 76.84801 76.91094 0 13.96857 146.7284 4.347799 76.84801 76.91094 -32.52103 20.07564 -89.21648 -17.85175 5.438137 -115.5 -25.40824 19.73555 -115.5 21.29286 42.56527 -51.23538 60.52737 41.6161 100.418 35.85076 44.60442 99.73052 -5.886471 14.3503 -47.82487 -8.012918 24.48951 -40.52948 -5.886471 14.09797 68.77902 -8.012918 23.24632 68.54409 -8.012918 22.95943 89.88694 -36.87469 16.04107 -42.12641 -13.87762 15.06159 118.6814 -0.002472937 16.04107 -41.95826 13.87983 15.06159 118.6814 36.8849 16.04107 -42.12651 0 43.29114 -108.1655 -46.94523 17.67711 -46.61701 51.07238 10.96157 75.49541 51.07238 19.5185 83.45206 69.27899 19.5185 75.49541 51.07238 28.07541 75.49541 51.07238 19.51849 67.53873 -5.886471 54.17364 97.18504 0.0289449 40.34435 91.72382 0.0289449 26.05783 88.42673 -18.05084 42.56525 -115.4761 0.200771 23.61757 -119.4356 24.91702 47.86273 -88.46806 24.91702 54.14567 -93.28568 24.91702 44.17076 -94.71601 24.91702 49.76139 -98.73845 45.65077 6.473479 49.08967 44.34149 25.82379 49.44271 68.44537 6.431169 49.33411 73.53558 25.39009 49.71243 70.3727 46.45883 49.69848 43.29405 48.96349 49.92786 85.25079 29.7395 -45.60972 81.51738 7.008947 -45.97701 -24.91702 49.76139 -98.73845 -24.91702 54.14567 -93.28568 -24.91702 44.17076 -94.71601 -24.91702 47.86273 -88.46806 8.070806 23.24631 68.54409 5.944361 14.09797 68.77901 5.944361 14.35029 -47.82488 8.070806 24.48951 -40.52948 43.95613 18.50866 73.80357 60.05087 21.29827 75.43034 41.81524 22.48243 75.46287 44.04762 18.50866 77.14736 -43.95613 18.50866 73.80357 -41.81524 22.48243 75.46287 -60.05087 21.2908 75.43468 -44.04762 18.50866 77.14736 13.87983 12.85646 118.6814 36.8849 13.83594 -42.12651 -13.87761 12.85646 118.6814 -36.8747 13.83595 -42.12641 25.70924 46.48143 -73.29686 25.70924 53.64444 -76.62444 25.70924 44.23557 -79.94211 25.70924 50.4589 -83.14113 -25.70924 50.4589 -83.14113 -25.70924 53.64444 -76.62444 -25.70924 44.23557 -79.94211 -25.70924 46.48143 -73.29686 51.29437 6.058169 -45.97958 48.99122 60.422 -45.79131 81.8349 58.51781 -45.87133 -7.853808 30.60902 107.477 46.70539 22.13967 80.81437 47.72024 22.13967 73.71303 46.70539 16.10431 80.81437 47.72024 16.10431 73.71303 41.73208 16.10431 80.81437 41.73208 16.10431 73.71303 41.73208 22.13967 80.81437 41.73208 22.13967 73.71303 46.40762 16.47751 80.76743 38.71767 13.78988 88.30328 41.66167 16.50463 83.92503 -32.90373 12.85096 -46.58311 37.3462 17.0237 -46.72647 -5.886471 14.09797 91.85965</float_array>
          <technique_common>
            <accessor source="#polygon2-mesh-positions-array" count="552" stride="3">
              <param name="X" type="float"/>
              <param name="Y" type="float"/>
              <param name="Z" type="float"/>
            </accessor>
          </technique_common>
        </source>
        <source id="polygon2-mesh-normals">
          <float_array id="polygon2-mesh-normals-array" count="1815">0.4899482 0.8302552 0.2657576 -0.7017459 -0.5048907 -0.5026312 -0.7798386 0.01630508 -0.6257683 0.9159045 -0.1939694 0.3514185 0.5710906 -0.2347593 0.7866026 -0.2040591 -0.9761164 -0.07454341 0.1038425 -0.1806536 0.9780496 -0.3456483 -0.9350298 -0.07903498 0.3456585 -0.9350256 -0.07904118 0.002617776 0.1215959 -0.9925763 0.7798472 0.01632171 -0.6257572 -0.489948 0.8302546 0.2657599 0.7017307 -0.5049083 -0.5026348 -0.9159206 -0.1939738 0.3513739 0.2040337 -0.976125 -0.0745002 -0.5711094 -0.2347499 0.7865918 -0.1038477 -0.180664 0.9780472 -0.3681079 0.9276542 0.06288272 0.3681057 0.9276551 0.06288504 -0.09339475 0.1312941 -0.9869344 -0.02288055 -0.8774883 -0.4790522 0.2747309 0.03575497 -0.9608561 0.6753557 -0.5311291 -0.5116607 -0.05072355 -0.2501472 -0.9668783 -0.7325599 -0.5683094 -0.3746738 -0.385732 0.01947885 -0.9224053 -0.9998902 0.01446181 0.003238558 -0.5455187 0.3123106 -0.7777348 -0.7072516 0.6865968 0.1684641 -0.411355 0.6452879 -0.6437317 -2.24821e-6 0.9626851 0.2706242 -0.02362364 0.9034138 -0.4281185 0.7065584 0.7073432 0.0210011 0.3253832 0.6364228 -0.6993511 0.9777554 0.06469494 -0.1995218 0.4325137 0.3189108 -0.8433433 -0.6750951 -0.531348 -0.5117774 -0.2747339 0.03575831 -0.9608552 0.02287918 -0.8774881 -0.4790523 -0.4325137 0.31891 -0.8433436 -0.9777557 0.06469178 -0.1995214 -0.3253778 0.6364287 -0.6993482 -0.7065565 0.7073449 0.02100473 0.02362638 0.9034139 -0.4281181 3.09013e-6 0.9626851 0.2706241 0.4113503 0.6452936 -0.6437292 0.7072517 0.6865969 0.1684632 0.5455188 0.3123025 -0.7777381 0.9998903 0.01445847 0.003237485 0.3857246 0.01946818 -0.9224085 0.7325602 -0.568309 -0.3746739 0.05072486 -0.2501472 -0.9668782 -0.1020503 -0.8198109 -0.5634678 0.3100455 0.07849645 -0.9474757 0.6311477 -0.5600061 -0.5366991 -0.07842791 -0.2363989 -0.9684858 -0.774006 -0.4832954 -0.4090728 -0.4254097 0.1140863 -0.8977812 -0.9975773 0.06378972 0.02776068 -0.5690702 0.4241365 -0.7044624 -0.6702149 0.6805418 0.2960997 -0.3873502 0.7551085 -0.528934 0.09075641 0.8865117 0.4537183 0.05321604 0.9657056 -0.2541273 0.779499 0.6015939 0.1745453 0.4081809 0.6993748 -0.5867395 0.9883086 -0.03033763 -0.1494184 0.5009366 0.3651201 -0.7846973 -0.4415385 0.7314371 0.5196572 0.03057247 0.9596478 -0.2795379 0.1364253 0.9905303 -0.01542598 -0.12647 0.763508 0.6332938 -0.6499284 0.04139775 0.7588673 -0.3338016 0.1524682 0.9302312 -0.2795465 -0.8172681 0.5039114 -0.2349129 -0.7548981 0.6123274 0.002265334 -0.9086969 -0.4174504 9.78081e-4 -0.8422127 0.5391448 0.2342371 -0.7490487 0.6197249 8.5167e-4 -0.05308663 0.9985896 0.3312914 0.1618196 0.9295486 -1.84199e-7 0.6180798 0.7861154 0.1264474 0.7634937 0.6333156 0.4317738 0.7612712 0.4837744 -0.1569522 0.985148 -0.06963777 -0.6311478 -0.5600063 -0.5366987 -0.3100347 0.07848805 -0.94748 0.1020455 -0.8198111 -0.5634685 -0.5009357 0.3651346 -0.7846912 -0.9883087 -0.03033608 -0.1494179 -0.4081752 0.6993809 -0.5867362 -0.779524 0.6015329 0.1746439 -0.0532248 0.965705 -0.254128 -0.09075236 0.8865109 0.4537206 0.3873564 0.755104 -0.528936 0.6702147 0.680542 0.2960995 0.5690746 0.4241203 -0.7044687 0.9975771 0.0637902 0.02776074 0.4254164 0.1140912 -0.8977774 0.7740062 -0.4832955 -0.409072 0.0784294 -0.2363988 -0.9684857 0.3496582 0.09299129 -0.932251 0.9228584 0.1150018 -0.367569 0.2125959 -0.9405342 -0.2649499 0.136892 0.9708944 -0.1965314 -0.1369231 0.9708853 -0.196555 0.7752434 0.135862 0.6168788 0.02386522 0.997071 0.07266253 -0.2125765 -0.9405445 -0.264929 0.008445322 -0.9986231 0.05177426 -0.9898122 0.1182236 -0.07934165 -0.915232 0.107977 -0.3881902 0.00423175 0.9895175 0.1443513 0.8107458 0.09532898 0.5775845 -0.7672042 0.2585489 0.586984 -0.9645646 0.1560083 -0.212783 0.04740649 0.998812 0.01128798 -0.05792975 -0.9982782 -0.009215116 0.1987662 -0.9324502 -0.3017095 0.9219954 0.08465969 -0.3778323 0.3515407 0.1045539 -0.930316 0.1758836 0.9541804 -0.2420841 -0.35158 0.1045573 -0.9303006 -0.1771729 0.9540398 -0.2416982 -0.9222078 0.0842936 -0.3773956 -0.05089819 0.9986379 0.01147317 -0.9743156 0.04846006 0.2199107 -0.7130915 0.449409 -0.5380821 -0.8349007 -0.1802238 -0.520058 -0.6886583 0.4225596 0.589231 0.8346588 -0.1811615 -0.5201204 0.7146746 0.4473349 -0.5377098 0.6890244 0.4185271 0.5916759 0.4769154 0.8270914 -0.297442 0.2246027 0.3893593 0.8932822 0.241901 0.94647 0.2137253 -0.2424896 0.9476732 0.2076405 -0.4742854 0.8275127 -0.3004598 -0.2251712 0.3946745 0.8908029 -0.6142678 0.2060192 -0.761729 0.1013711 0.9948418 -0.003701865 -0.9089277 0.147279 -0.3900761 0.09635424 0.994804 0.03287738 -5.92275e-6 0.2206296 -0.9753577 -5.29177e-6 0.9977885 0.06646931 -0.09635078 0.9948042 0.03288382 0 -0.007320463 0.9999732 -0.7051376 0.04156577 0.7078512 -0.01219469 -0.9970895 -0.07525879 -0.01770496 -0.9998025 0.009033083 0.9089276 0.1472775 -0.3900767 0.01219689 -0.9970893 -0.07526063 0.01770073 -0.9998026 0.009031593 -1.329e-6 -0.9891705 -0.1467714 0.6142635 0.206018 -0.7617329 -0.1013706 0.9948419 -0.003702223 -0.9298796 0.07526516 0.3600821 0.8457036 0.4636895 0.2641546 0.8480926 -1.63466e-5 0.5298479 1 0 0 -0.6248995 4.25476e-5 0.7807053 -0.84569 0.4636989 0.2641811 -0.8457164 -0.4636797 -0.2641306 -0.6248996 -2.97651e-6 -0.7807052 0.8456993 -0.4636991 -0.2641516 0.6248996 -3.23914e-6 -0.7807052 -0.0238384 0.9970734 0.07263809 -0.810752 0.09531098 0.5775786 0.00418967 0.9895176 0.1443514 -0.9771305 0.09082823 0.1922664 -0.008447408 -0.9986238 0.05176186 0.9898122 0.1182241 -0.07934039 -0.772302 -0.2555298 0.5815961 -0.7541373 0.5497238 -0.3592782 -0.7723023 -0.2555448 -0.5815892 -0.7541314 0.5497256 0.3592878 1.34017e-6 -0.1274327 0.9918472 -2.58237e-5 0.9290933 0.3698457 0.7723039 -0.2555385 0.5815899 0.7541407 0.5497123 0.3592887 0.7723187 -0.2555638 -0.5815591 0.7541097 0.5497485 -0.3592984 -3.46452e-5 0.9291014 -0.3698253 0.9542669 -0.2763375 0.1140725 0.5576941 0.4767693 0.6794618 -6.2176e-5 -0.9999751 -0.007059931 0.5894729 0.3165714 0.7431718 0.4980539 0.451095 0.7405779 -0.01006126 0.5961492 0.8028107 -0.4994437 0.4404941 0.7460033 -0.5956607 0.3061019 0.7426238 -0.9529563 -0.2791264 0.1181648 -0.5633178 0.4781305 0.6738429 0.2079911 -0.405712 0.890021 0.6394917 -0.004085004 0.7687872 0.6395087 -0.004087686 0.768773 0.9960765 -0.007378637 0.08818984 0.8085975 -0.583816 0.07300025 0.08820486 0.001078486 -0.9961019 0.06866836 -0.5775634 -0.8134527 -0.6395245 0.004088342 -0.7687599 -0.8381771 -0.4064303 -0.3636945 -0.833316 0.4148876 -0.3653121 0.2128639 0.4059405 0.8887639 0.6132152 0.4799118 0.6274169 0.3726263 0.05970317 0.9260591 0.7363829 -0.6763482 -0.01713109 -0.5201535 0.03167766 0.8534851 -0.7575731 0.4205324 0.499235 -0.4445826 -0.7622492 0.4704493 -0.637778 -0.7553804 -0.1504649 0.4555965 -0.700239 0.5496338 5.64898e-5 -0.9865676 -0.1633538 0 0.1569364 -0.9876087 0 0.1569214 -0.9876112 1.38816e-4 -0.9865742 -0.1633141 1.99537e-4 0.01433557 0.9998973 1.16534e-4 0.01432067 0.9998975 1.43084e-4 0.9997833 -0.02082276 6.20328e-5 0.9997836 -0.0208038 -0.4510592 0.05383527 0.8908689 0.1118647 0.7684838 0.6300151 -0.4345524 0.9006465 -5.53213e-4 0.06780332 -0.4487777 0.8910675 -0.4577878 -0.888061 0.04216867 -0.21058 -0.8675009 -0.4506642 -0.4088453 0.04643952 -0.9114213 0.09351253 0.7587201 -0.64467 -0.6741214 -0.7370594 0.04799747 -0.4643022 0.1303228 0.8760363 -0.6720171 0.5205188 0.5267384 -0.4662524 -0.7280307 0.5025735 0.6979314 -0.7123281 -0.07403099 0.4850042 -0.7299341 0.4816297 0.7117321 0.5684906 0.4126206 0.4829766 0.1466698 0.8632621 -0.7363842 -0.6763469 -0.01712918 -0.3726271 0.05970126 0.9260588 -0.613209 0.4799181 0.6274181 -0.4556002 -0.7002348 0.549636 0.63778 -0.7553792 -0.1504628 0.4445823 -0.7622502 0.470448 0.7575743 0.4205308 0.4992344 0.5201546 0.03167176 0.8534846 0.04530364 0.5433396 -0.8382899 0.8922237 -0.4145985 -0.1790114 0.7356035 0.5051862 0.4513033 -0.1609632 0.6679933 -0.7265507 -0.80317 -0.01391464 -0.5955875 -0.9180611 0.3595517 0.1669923 -0.05218911 -0.2254552 0.9728547 -0.1405522 -0.5232635 0.8405002 0.4345543 0.9006454 -5.65201e-4 -0.1118819 0.7684751 0.6300227 0.451058 0.05383592 0.8908696 -0.09351092 0.7587192 -0.6446713 0.4088424 0.0464524 -0.9114221 0.210552 -0.8674856 -0.4507068 0.4577828 -0.888064 0.04215836 -0.06779944 -0.4487773 0.891068 0.6720114 0.5205252 0.5267392 0.4643059 0.1303198 0.8760347 0.6741056 -0.7370703 0.0480538 -0.4829753 0.146672 0.8632625 -0.7117367 0.5684855 0.4126199 -0.4850025 -0.7299364 0.4816279 -0.6979305 -0.7123289 -0.07403123 0.4662473 -0.7280346 0.5025727 -0.4757222 0.8768912 -0.06892323 0.4442807 0.5674607 -0.6932555 -0.6206774 0.6621738 0.4198638 -0.9823211 0.1047765 -0.1551361 -0.8411581 0.1681538 0.5139819 -0.6976391 -0.5904221 0.4058344 0.3982784 -0.8735919 -0.2796633 -0.2901009 -0.907703 -0.303178 -0.3105586 -0.3675138 -0.8766339 0.703284 -0.5840877 0.4052571 0.9823176 0.1047776 -0.1551575 0.8411569 0.1681523 0.5139844 0.5846346 0.7016619 0.4072752 -0.20799 -0.4057107 0.8900219 -0.6395088 -0.004087626 0.768773 -0.6394918 -0.004085063 0.7687872 -0.2128422 0.4059141 0.8887811 0.8381848 -0.4064201 -0.3636882 0.8333198 0.4148826 -0.365309 0.6395245 0.004093587 -0.7687599 0.6394932 0.004090428 -0.768786 -0.9960764 -0.007378458 0.08819007 -0.8085976 -0.583816 0.07299977 -0.0882048 0.001078426 -0.9961018 -0.06866848 -0.5775634 -0.8134527 0.7763545 0.4500881 0.4412422 0.5905191 -0.3083056 0.7458116 0.7813612 -0.6072434 -0.14398 0.6062775 0.3263261 0.7252165 -0.7837998 0.4346958 0.443506 -0.6094806 0.3158831 0.7271529 -0.7654992 -0.6277189 -0.141351 -0.5885753 -0.3219018 0.7415918 -0.7554803 0 -0.6551715 -0.9899218 0 0.1416158 -0.9899218 0 0.1416158 -0.7555041 0 -0.655144 0.7071068 0 -0.7071068 0.7071068 0 -0.7071068 0.1987949 -0.9324437 -0.3017109 -0.1895623 -0.9354657 -0.2982786 0.7528663 0.2752722 -0.5978441 0.4965791 -0.300736 0.8142281 0.9432495 -0.09861916 0.3171036 0.1534551 0.8409758 0.5188557 -0.8665117 0.3007577 -0.3983747 -0.7528641 0.2752708 -0.5978475 5.53773e-4 3.66385e-4 -0.9999998 5.53764e-4 3.66395e-4 -0.9999998 5.53803e-4 3.66334e-4 -0.9999998 2.79198e-4 1.86157e-4 -1 2.792e-4 1.86155e-4 -1 2.79226e-4 1.86116e-4 -1 4.78647e-4 3.19094e-4 -0.9999998 4.78625e-4 3.19128e-4 -0.9999998 4.78629e-4 3.19121e-4 -0.9999998 4.78627e-4 3.19124e-4 -0.9999998 4.78626e-4 3.19126e-4 -0.9999998 4.7862e-4 3.19135e-4 -0.9999998 2.82525e-4 1.87672e-4 -1 2.82517e-4 1.87685e-4 -1 2.82508e-4 1.87699e-4 -1 3.98864e-4 2.65926e-4 -1 3.98852e-4 2.65943e-4 -1 3.98861e-4 2.6593e-4 -1 -0.1534201 0.8409904 0.5188425 0.866527 0.3006915 -0.3983913 -0.9432514 -0.0986247 0.3170963 -0.7356006 0.505199 0.4512934 0.05218809 -0.2254545 0.972855 -0.0453155 0.5433621 -0.8382746 0.80317 -0.01389837 -0.5955879 -0.4854998 0.8580841 -0.1672772 0.361944 0.7335913 0.5751872 0.693443 0.2283667 -0.6833634 -0.5339537 0.472104 0.7014351 -0.5843972 -0.05458849 -0.8096297 -0.6327006 -0.03759813 0.7734833 -0.5585304 -0.6584659 -0.5044467 -0.5276004 -0.58158 0.6191952 -0.07107752 0.9974125 -0.01079308 -0.07103586 0.9974152 -0.0108124 -0.06709212 0.02098405 -0.9975262 -0.06583499 0.04286521 0.9969094 -0.07907938 -0.4845569 0.871178 -0.07919782 -0.4963722 -0.8644897 -0.8229385 -0.1766363 -0.5399741 -0.4133452 -0.6058279 -0.679793 -0.3313571 -0.1155319 -0.9364053 0.331353 -0.1155548 -0.936404 -0.5325073 0.6807276 -0.5030368 0.532504 0.6807133 -0.5030595 0.4113678 -0.6002516 -0.6859115 0.8249599 -0.1632342 -0.5411061 0.9323754 0.3589706 -0.04261696 -0.6394932 0.004090487 -0.768786 0.08815467 9.81536e-4 -0.9961064 0.07549738 0.5746365 -0.8149191 0.9960741 -0.007398903 0.08821433 0.8154631 0.5744628 0.07079982 -0.6593156 0.2578468 -0.7062705 -0.8916459 -0.3822077 0.2426624 -0.003050446 0.279789 -0.9600567 0.8916462 -0.382192 0.242686 0.6593032 0.2578902 -0.7062663 0.3418475 0.6678498 -0.6611483 0.1509534 0.8148859 0.5596196 -0.00305891 0.2798019 -0.960053 -0.532868 -0.5879582 0.6085696 -0.2548489 -0.2477117 -0.9347144 1.78255e-4 0.6180739 0.7861201 0.756536 0.5350974 -0.3759309 -1.39417e-7 0.9626892 0.2706095 0.9787188 0.1317935 0.1572895 2.98396e-4 -0.1460966 0.9892703 0.9747385 0.1594947 -0.1563537 0.9783046 -0.2006802 0.05145418 -0.088198 0.001102805 -0.9961024 -0.07549709 0.5746365 -0.8149191 -0.9960845 -0.007323145 0.08810341 -0.8154631 0.5744627 0.07080048 0.1405498 -0.5232669 0.8404984 -0.8922241 -0.4146001 -0.1790056 0.537661 0.6900534 0.4845069 -0.7752566 0.1358915 0.6168558 -0.349681 0.09304255 -0.9322373 0.9641066 0.155453 -0.215251 0.7657346 0.2586126 0.588872 -0.1996571 -0.9324653 -0.3010739 0.8550136 -0.07562518 0.513062 0.6387399 -0.3475878 -0.6864359 0.5938202 -0.577441 0.5603029 0.2910857 -0.9076325 -0.3024441 0.3101 -0.3677639 -0.8766914 0.1609635 0.6679959 -0.7265482 0.9180607 0.3595509 0.1669965 0.3996149 0.9166831 1.08294e-5 -0.05128675 0.9986841 -4.05045e-5 -0.793923 -0.5822201 -0.1752317 0.4296184 0.1646134 -0.8878797 0.3693913 0.5327979 -0.7613649 -0.9758549 0.208197 0.06604003 0.337702 -0.01454007 0.9411408 0.4240673 -0.345099 0.8373014 -0.3465101 0.6650537 -0.6615394 -0.003048121 0.2798082 -0.9600511 -0.1521582 0.8144091 0.5599873 0.2522796 -0.2492548 -0.9350011 0.5331354 -0.587792 0.608496 0.06510406 0.0431497 0.9969452 0.07117486 0.9974119 -0.01019024 0.07116067 0.9974128 -0.0101971 0.07787489 -0.4895182 0.8685089 0.06589818 0.02212518 -0.9975811 0.07696443 -0.4916264 -0.8673984 -0.3995941 0.9166922 7.69645e-6 0.05127519 0.9986847 6.64801e-6 0.1918403 -0.1244097 -0.973509 -0.4394595 0.8611418 0.2555589 0.1918264 -0.6352328 0.7481191 -0.4966028 -0.3007214 0.8142189 0.7939344 -0.5822046 -0.1752315 1.7345e-5 0.7086164 -0.705594 -0.3693998 0.5328072 -0.7613543 -4.63426e-6 -0.9547893 -0.2972834 -0.3377458 -0.01452714 0.9411253 6.41681e-6 0.112725 0.9936263 0.4555703 -0.4321802 0.778252 -0.5187916 -0.8530662 0.05597782 0.5134223 -0.856554 0.05208355 -0.4555647 -0.4321675 0.7782623 0.3815218 0.608019 0.6962429 -0.3818851 0.6078647 0.6961783 0.2854875 -0.8084565 0.5146794 0.6519023 0.05500829 0.7563053 -0.1918398 -0.1244145 -0.9735084 0.4394161 0.8611695 0.2555399 -0.1918249 -0.6352342 0.7481182 0.7051364 0.04157191 0.707852 -0.4296175 0.1646082 -0.8878812 0.9758539 0.2082019 0.0660392 -0.4240949 -0.3451071 0.8372841 -5.47823e-4 0.974202 0.2256773 -0.9051468 0.4156608 -0.08908146 -0.7539162 0.6304877 0.1846507 -5.52775e-4 0.9362608 -0.3513056 0.9050054 0.4159657 -0.08909451 0.4077016 0.5132351 -0.7552279 -0.9323739 0.3589785 -0.04258507 0.0138328 -0.9949609 0.09930551 0.9771342 0.09084218 0.1922407 -0.3982718 -0.8735924 -0.279671 -1 0 7.83233e-7 0.2602847 -0.965532 -3.241e-6 0.2431859 7.54635e-7 0.9699797 0.2431859 -1.19656e-5 -0.9699798 0.2602847 0.965532 4.95091e-6 -0.5376607 0.6900544 0.484506 -0.6958162 -0.6778742 0.2373317 0.6993844 -0.6949738 -0.1669521 0.4531277 -0.654689 -0.605027 0.4819996 -0.4751285 -0.7361584 0.6958338 -0.6778742 0.2372803 -2.89082e-6 -0.5078378 0.8614527 -0.8645653 0.3999232 0.3042834 1.131e-5 -0.8864383 -0.4628469 0.8645653 0.3999231 0.3042834 -0.6994205 -0.6949295 -0.1669848 -0.4534411 -0.6535567 -0.6060156 -0.4820097 -0.4751811 -0.736118 0.7534754 0.6310002 0.1846987 0.4299907 0.9015712 -0.04772454 -0.4708006 0.5820884 -0.662963 -0.002961695 0.279743 -0.9600704 -0.003002762 0.2797666 -0.9600633 -0.003002762 0.2797667 -0.9600633 -0.9792289 -0.2027485 -0.001953423 -0.6091025 0.7930873 -0.002641081 -0.979208 -0.20285 -0.001887381 -0.8750938 0.4838221 0.01128286 -0.9747092 0.1595432 -0.1564871 -4.96485e-5 -0.9999759 -0.006954193 -4.97125e-5 -0.9999759 -0.006954193 -4.97027e-5 -0.9999759 -0.006954193 -5.34993e-5 -0.9999758 -0.006958425 -5.35019e-5 -0.9999758 -0.006958425 -5.34918e-5 -0.9999758 -0.006958425 -5.68981e-5 -0.9999759 -0.006957232 -5.68969e-5 -0.9999759 -0.006957232 -5.69389e-5 -0.9999759 -0.006957232 -2.42051e-6 -0.127466 -0.9918431 -0.9228581 0.1150004 -0.3675702 1 -1.23668e-7 6.18341e-7 -0.2431863 -1.11535e-5 0.9699797 -0.2602842 -0.9655321 1.29392e-6 -0.2602851 0.9655319 -3.75882e-6 -0.2431854 1.13025e-5 -0.9699799 -0.756536 0.5350975 -0.375931 2.05357e-7 0.2565906 -0.9665202 3.28205e-7 0.8058851 -0.592072 3.79059e-4 1.10538e-4 -1 -0.4081345 0.5130557 -0.7551161 1 3.17099e-7 0 0.5275878 -0.5815883 0.6191979 -0.8550208 -0.07561987 0.513051 -0.5938019 -0.5774629 0.5603 0.632681 -0.03760457 0.7734991 -0.361948 0.7335955 0.5751795 0.5339538 0.4721041 0.7014351 0.5585812 -0.658412 -0.5044609 0.5844607 -0.05456393 -0.8095853 -1 6.34197e-7 0 -1 0 0 0.8750935 0.4838223 0.01128745 0.9810161 -0.1939104 -0.002503097 0.9810141 -0.1939207 -0.002501308 0.6090956 0.7930925 -0.002649903 0.07117545 0.997412 -0.01017779 0.7948804 -0.6062009 -0.02618461 0.02586567 0.3962374 -0.9177837 0.1948904 -0.5269123 0.8272733 -0.7948461 -0.6062651 -0.02573972 -0.07105338 0.9974142 -0.0107879 -0.02640146 0.396359 -0.9177159 -0.1944456 -0.527006 0.8273184 -6.79117e-5 -0.9999741 -0.0071913 -6.80057e-5 -0.9999741 -0.0071913 -6.79007e-5 -0.9999741 -0.0071913 -5.32045e-5 -0.9999759 -0.006952166 -5.32178e-5 -0.9999759 -0.006952166 -5.31683e-5 -0.9999759 -0.006952166 -0.6387349 -0.3475739 -0.6864475 -0.6934562 0.2283754 -0.6833471 0.4855175 0.8580761 -0.1672672 -0.9786702 0.1321455 0.1572967 3.99398e-6 0.6451563 0.7640506 0 0.6451564 0.7640507 -2.25868e-6 0.6451564 0.7640507 0 0.6451569 0.7640502 3.11388e-6 0.6451569 0.7640502 5.42651e-7 0.6451569 0.7640502 1.28383e-6 -0.597534 -0.8018437 -1.62073e-7 -0.597534 -0.8018437 0 -0.597534 -0.8018437 -8.02987e-7 -0.597534 -0.8018437 -6.17467e-7 -0.597534 -0.8018437 0 -0.597534 -0.8018437 9.77422e-4 -0.8422195 0.5391339 9.78318e-4 -0.8422196 0.5391339 9.7726e-4 -0.8422196 0.5391339 9.75554e-4 -0.8422196 0.5391339 9.75149e-4 -0.8422196 0.5391339 9.75241e-4 -0.8422196 0.5391339 9.36445e-7 0.7902897 -0.6127335 7.08283e-7 0.7902897 -0.6127335 0 0.7902897 -0.6127335 -8.47817e-6 0.7902904 -0.6127327 0 0.7902904 -0.6127327 -8.69522e-7 0.7902904 -0.6127327 0.9913415 0 0.1313094 0.7521029 0 -0.6590458 0.9913414 0 0.1313094 0.7520815 0 -0.6590701 -0.7071068 0 -0.7071068 -0.7071068 0 -0.7071068 2.21981e-6 0.4478165 0.8941256 0 0.4478165 0.8941256 -1.41257e-6 0.4478165 0.8941256 0 0.4478165 0.8941256 1.13947e-6 0.4478165 0.8941256 -1.16921e-6 0.4478165 0.8941256 0 -0.4476822 -0.8941928 0 -0.4476822 -0.8941928 5.10796e-7 -0.4476822 -0.8941928 0 -0.4476817 -0.8941931 1.71596e-7 -0.4476817 -0.8941931 2.62947e-7 -0.4476817 -0.8941931 0 -0.9264298 0.3764678 -4.67038e-6 -0.9264298 0.3764678 2.86773e-6 -0.9264298 0.3764678 0 -0.9264302 0.3764666 -2.32738e-6 -0.9264303 0.3764666 -2.77589e-6 -0.9264303 0.3764666 9.68576e-7 0.910744 -0.4129717 -5.52537e-7 0.910744 -0.4129717 0 0.910744 -0.4129717 -1.38301e-6 0.910744 -0.4129717 0 0.910744 -0.4129717 -1.99261e-6 0.910744 -0.4129717 0.9298797 0.07526308 0.3600822 -0.01387512 -0.9949591 0.09931737 0.9152268 0.1079807 -0.3882012 0.05462318 -0.9984617 -0.009521305 0.9745219 0.049259 0.2188162 0.1843031 -0.9828583 -0.004699409 -0.1839065 -0.9829328 -0.004637897 -0.9783192 -0.2006756 0.05119419</float_array>
          <technique_common>
            <accessor source="#polygon2-mesh-normals-array" count="605" stride="3">
              <param name="X" type="float"/>
              <param name="Y" type="float"/>
              <param name="Z" type="float"/>
            </accessor>
          </technique_common>
        </source>
        <source id="polygon2-mesh-map-0">
          <float_array id="polygon2-mesh-map-0-array" count="5292">0.8914795 0.3015137 0.7799072 0.06420898 0.895874 0.2827148 0.7713623 0.3414307 0.7799072 0.06420898 0.8914795 0.3015137 0.8858643 0.3405762 0.7713623 0.3414307 0.8914795 0.3015137 0.8963623 0.2843018 0.7713623 0.3414307 0.8858643 0.3405762 0.9429932 0.34021 0.8963623 0.2843018 0.8858643 0.3405762 0.9481201 0.2825928 0.8963623 0.2843018 0.9429932 0.34021 0.9481201 0.2825928 0.9481201 0.2825928 0.9429932 0.34021 0.9455567 0.2824707 0.9481201 0.2825928 0.9481201 0.2825928 0.895874 0.2827148 0.9455567 0.2824707 0.9481201 0.2825928 0.8914795 0.3015137 0.9455567 0.2824707 0.895874 0.2827148 0.7799072 0.06420898 0.8914795 0.3015137 0.895874 0.2827148 0.7713623 0.3414307 0.8914795 0.3015137 0.7799072 0.06420898 0.8963623 0.2843018 0.7713623 0.3414307 0.7799072 0.06420898 0.8858643 0.3405762 0.7713623 0.3414307 0.8963623 0.2843018 0.9429932 0.34021 0.8858643 0.3405762 0.8963623 0.2843018 0.9466553 0.3012695 0.8858643 0.3405762 0.9429932 0.34021 0.9466553 0.3012695 0.9466553 0.3012695 0.9429932 0.34021 0.9455567 0.2824707 0.9466553 0.3012695 0.9466553 0.3012695 0.9455567 0.2824707 0.9455567 0.2824707 0.9466553 0.3012695 0.9481201 0.2825928 0.9455567 0.2824707 0.9455567 0.2824707 0.895874 0.2827148 0.9481201 0.2825928 0.9455567 0.2824707 0.8963623 0.2843018 0.9481201 0.2825928 0.895874 0.2827148 0.7799072 0.06420898 0.8963623 0.2843018 0.895874 0.2827148 0.7713623 0.3414307 0.8963623 0.2843018 0.7799072 0.06420898 0.1079102 0.01440423 0.1241455 -0.09143066 0.1241455 -0.09143066 0.1079102 0.01440423 0.1241455 -0.09143066 0.1079102 0.01440423 0.1317139 0.1066895 0.1079102 0.01440423 0.1079102 0.01440423 0.1317139 0.1066895 0.1079102 0.01440423 0.1317139 0.1066895 0.2009277 0.12854 0.1317139 0.1066895 0.1317139 0.1066895 0.2009277 0.12854 0.1317139 0.1066895 0.2009277 0.12854 0.2508545 0.08630371 0.2009277 0.12854 0.2009277 0.12854 0.2508545 0.08630371 0.2009277 0.12854 0.2508545 0.08630371 0.263916 -0.006225526 0.2508545 0.08630371 0.2508545 0.08630371 0.263916 -0.006225526 0.2508545 0.08630371 0.263916 -0.006225526 0.2496338 -0.08886718 0.263916 -0.006225526 0.263916 -0.006225526 0.2496338 -0.08886718 0.263916 -0.006225526 0.2496338 -0.08886718 0.1942139 -0.1318359 0.2496338 -0.08886718 0.2496338 -0.08886718 0.1942139 -0.1318359 0.2496338 -0.08886718 0.1942139 -0.1318359 0.1241455 -0.09143066 0.1942139 -0.1318359 0.1942139 -0.1318359 0.1241455 -0.09143066 0.1942139 -0.1318359 0.1241455 -0.09143066 0.1241455 -0.09143066 0.1241455 -0.09143066 0.1079102 0.01440423 0.1942139 -0.1318359 0.1241455 -0.09143066 0.1241455 -0.09143066 0.1942139 -0.1318359 0.1942139 -0.1318359 0.1241455 -0.09143066 0.2496338 -0.08886718 0.1942139 -0.1318359 0.1942139 -0.1318359 0.2496338 -0.08886718 0.2496338 -0.08886718 0.1942139 -0.1318359 0.263916 -0.006225526 0.2496338 -0.08886718 0.2496338 -0.08886718 0.263916 -0.006225526 0.263916 -0.006225526 0.2496338 -0.08886718 0.2508545 0.08630371 0.263916 -0.006225526 0.263916 -0.006225526 0.2508545 0.08630371 0.2508545 0.08630371 0.263916 -0.006225526 0.2009277 0.12854 0.2508545 0.08630371 0.2508545 0.08630371 0.2009277 0.12854 0.2009277 0.12854 0.2508545 0.08630371 0.1317139 0.1066895 0.2009277 0.12854 0.2009277 0.12854 0.1317139 0.1066895 0.1317139 0.1066895 0.2009277 0.12854 0.1079102 0.01440423 0.1317139 0.1066895 0.1317139 0.1066895 0.1079102 0.01440423 0.1079102 0.01440423 0.1317139 0.1066895 0.1241455 -0.09143066 0.1079102 0.01440423 0.1079102 0.01440423 0.1079102 0.01440423 0.1241455 -0.09143066 0.1241455 -0.09143066 0.1079102 0.01440423 0.1241455 -0.09143066 0.1079102 0.01440423 0.1317139 0.1066895 0.1079102 0.01440423 0.1079102 0.01440423 0.1385498 0.107666 0.1079102 0.01440423 0.1317139 0.1066895 0.2009277 0.12854 0.1385498 0.107666 0.1317139 0.1066895 0.2009277 0.12854 0.1385498 0.107666 0.2009277 0.12854 0.2508545 0.08630371 0.2009277 0.12854 0.2009277 0.12854 0.2508545 0.08630371 0.2009277 0.12854 0.2508545 0.08630371 0.263916 -0.006225526 0.2508545 0.08630371 0.2508545 0.08630371 0.263916 -0.006225526 0.2508545 0.08630371 0.263916 -0.006225526 0.2496338 -0.08886718 0.263916 -0.006225526 0.263916 -0.006225526 0.2496338 -0.08886718 0.263916 -0.006225526 0.2496338 -0.08886718 0.1942139 -0.1318359 0.2496338 -0.08886718 0.2496338 -0.08886718 0.1942139 -0.1318359 0.2496338 -0.08886718 0.1942139 -0.1318359 0.1241455 -0.09143066 0.1942139 -0.1318359 0.1942139 -0.1318359 0.1241455 -0.09143066 0.1942139 -0.1318359 0.1241455 -0.09143066 0.6478271 0.1643066 0.4893799 0.2912598 0.6016846 0.3348389 0.5574951 0.0581054 0.4893799 0.2912598 0.6478271 0.1643066 0.668457 0.009887695 0.5574951 0.0581054 0.6478271 0.1643066 0.5626221 -3.66211e-4 0.5574951 0.0581054 0.668457 0.009887695 0.6473389 -0.0614013 0.5626221 -3.66211e-4 0.668457 0.009887695 0.5596924 -0.06127923 0.5626221 -3.66211e-4 0.6473389 -0.0614013 0.4848633 -0.2004395 0.5596924 -0.06127923 0.6473389 -0.0614013 0.482666 -0.06103509 0.5596924 -0.06127923 0.4848633 -0.2004395 0.5596924 -0.06127923 0.482666 -0.06103509 0.4848633 -0.2004395 0.4815674 -4.88281e-4 0.482666 -0.06103509 0.5596924 -0.06127923 0.5626221 -3.66211e-4 0.4815674 -4.88281e-4 0.5596924 -0.06127923 0.4825439 0.0559082 0.4815674 -4.88281e-4 0.5626221 -3.66211e-4 0.5574951 0.0581054 0.4825439 0.0559082 0.5626221 -3.66211e-4 0.4893799 0.2912598 0.4825439 0.0559082 0.5574951 0.0581054 0.6478271 0.1643066 0.4893799 0.2912598 0.5574951 0.0581054 0.6016846 0.3348389 0.4893799 0.2912598 0.6478271 0.1643066 0.1241455 -0.09143066 0.1241455 -0.09143066 0.1079102 0.01440423 0.1942139 -0.1318359 0.1241455 -0.09143066 0.1241455 -0.09143066 0.1942139 -0.1318359 0.1942139 -0.1318359 0.1241455 -0.09143066 0.2496338 -0.08886718 0.1942139 -0.1318359 0.1942139 -0.1318359 0.2496338 -0.08886718 0.2496338 -0.08886718 0.1942139 -0.1318359 0.263916 -0.006225526 0.2496338 -0.08886718 0.2496338 -0.08886718 0.263916 -0.006225526 0.263916 -0.006225526 0.2496338 -0.08886718 0.2508545 0.08630371 0.263916 -0.006225526 0.263916 -0.006225526 0.2508545 0.08630371 0.2508545 0.08630371 0.263916 -0.006225526 0.2009277 0.12854 0.2508545 0.08630371 0.2508545 0.08630371 0.2009277 0.12854 0.2009277 0.12854 0.2508545 0.08630371 0.1385498 0.107666 0.2009277 0.12854 0.2009277 0.12854 0.1317139 0.1066895 0.1385498 0.107666 0.2009277 0.12854 0.1079102 0.01440423 0.1385498 0.107666 0.1317139 0.1066895 0.1079102 0.01440423 0.1079102 0.01440423 0.1317139 0.1066895 0.1241455 -0.09143066 0.1079102 0.01440423 0.1079102 0.01440423 0.7719727 0.3331299 0.7617188 0.2810059 0.7905273 0.2802734 0.7935791 0.2965088 0.7617188 0.2810059 0.7719727 0.3331299 0.7935791 0.2965088 0.7935791 0.2965088 0.7719727 0.3331299 0.8110352 0.2416992 0.7935791 0.2965088 0.7935791 0.2965088 0.7928467 -0.3012695 0.8110352 0.2416992 0.7935791 0.2965088 0.7905273 0.2802734 0.8110352 0.2416992 0.7928467 -0.3012695 0.7928467 -0.3044434 0.7905273 0.2802734 0.7928467 -0.3012695 0.7731934 -0.3491211 0.7905273 0.2802734 0.7928467 -0.3044434 0.850708 -0.3594971 0.7731934 -0.3491211 0.7928467 -0.3044434 0.7928467 -0.3012695 0.7731934 -0.3491211 0.850708 -0.3594971 0.8525391 -0.3012695 0.7928467 -0.3012695 0.850708 -0.3594971 0.864502 -0.2502441 0.7928467 -0.3012695 0.8525391 -0.3012695 0.815918 0.2824707 0.7667236 0.01416009 0.7800293 0.005859375 0.7872314 -7.32422e-4 0.7667236 0.01416009 0.815918 0.2824707 0.8013916 0.284668 0.7872314 -7.32422e-4 0.815918 0.2824707 0.7750244 0.2929688 0.7872314 -7.32422e-4 0.8013916 0.284668 0.789917 0.300415 0.7750244 0.2929688 0.8013916 0.284668 0.7967529 0.2678223 0.7750244 0.2929688 0.789917 0.300415 1.212158 0.3029785 0.7967529 0.2678223 0.789917 0.300415 1.202393 0.2681885 0.7967529 0.2678223 1.212158 0.3029785 1.225098 0.2888184 1.202393 0.2681885 1.212158 0.3029785 1.2229 0.004272401 1.202393 0.2681885 1.225098 0.2888184 1.243164 0.006469666 1.2229 0.004272401 1.225098 0.2888184 0.7255859 0.3897705 0.72229 0.3736572 0.7225342 0.3640137 0.7650146 0.373291 0.72229 0.3736572 0.7255859 0.3897705 0.760498 0.3897705 0.7650146 0.373291 0.7255859 0.3897705 0.7655029 0.3637695 0.7650146 0.373291 0.760498 0.3897705 0.7570801 0.4165039 0.7655029 0.3637695 0.760498 0.3897705 0.7543945 0.3730469 0.7655029 0.3637695 0.7570801 0.4165039 0.7526855 0.4162598 0.7543945 0.3730469 0.7570801 0.4165039 0.7351074 0.416626 0.7543945 0.3730469 0.7526855 0.4162598 0.7287598 0.4176025 0.7351074 0.416626 0.7526855 0.4162598 0.7333984 0.3735352 0.7351074 0.416626 0.7287598 0.4176025 0.7225342 0.3640137 0.7333984 0.3735352 0.7287598 0.4176025 0.9163818 -0.2502441 0.8587646 -0.3012695 0.8702393 -0.2502441 0.9090576 -0.3012695 0.8587646 -0.3012695 0.9163818 -0.2502441 1.025269 -0.2502441 0.9090576 -0.3012695 0.9163818 -0.2502441 1.027344 -0.3012695 0.9090576 -0.3012695 1.025269 -0.2502441 0.9090576 -0.3012695 1.027344 -0.3012695 1.025269 -0.2502441 1.02771 -0.3594971 1.027344 -0.3012695 0.9090576 -0.3012695 0.9078369 -0.3594971 1.02771 -0.3594971 0.9090576 -0.3012695 0.9090576 -0.3044434 1.02771 -0.3594971 0.9078369 -0.3594971 0.8587646 -0.3044434 0.9090576 -0.3044434 0.9078369 -0.3594971 0.8702393 -0.2502441 0.9090576 -0.3044434 0.8587646 -0.3044434 0.9090576 -0.3044434 0.8702393 -0.2502441 0.8587646 -0.3044434 0.9163818 -0.2502441 0.8702393 -0.2502441 0.9090576 -0.3044434 1.027344 -0.3044434 0.9163818 -0.2502441 0.9090576 -0.3044434 1.025269 -0.2502441 0.9163818 -0.2502441 1.027344 -0.3044434 0.9163818 -0.2502441 1.025269 -0.2502441 1.027344 -0.3044434 0.9090576 -0.3012695 1.025269 -0.2502441 0.9163818 -0.2502441 0.8587646 -0.3012695 0.9090576 -0.3012695 0.9163818 -0.2502441 0.9078369 -0.3594971 0.9090576 -0.3012695 0.8587646 -0.3012695 0.8570557 -0.3594971 0.9078369 -0.3594971 0.8587646 -0.3012695 0.8587646 -0.3044434 0.9078369 -0.3594971 0.8570557 -0.3594971 0.4500732 0.5238037 0.4500732 0.4969482 0.4500732 0.4702148 -0.4500732 0.4969482 0.4500732 0.4969482 0.4500732 0.5238037 -0.4500732 0.5238037 -0.4500732 0.4969482 0.4500732 0.5238037 -0.4500732 0.4702148 -0.4500732 0.4969482 -0.4500732 0.5238037 -0.4500732 0.4969482 -0.4500732 0.4702148 -0.4500732 0.5238037 0.4500732 0.4702148 -0.4500732 0.4702148 -0.4500732 0.4969482 0.4500732 0.4969482 0.4500732 0.4702148 -0.4500732 0.4969482 0.4500732 0.5238037 0.4500732 0.4702148 0.4500732 0.4969482 -0.4500732 0.5238037 0.4500732 0.5238037 0.4500732 0.4969482 0.7928467 -0.3012695 0.864502 -0.2502441 0.8525391 -0.3012695 0.8095703 -0.2502441 0.864502 -0.2502441 0.7928467 -0.3012695 0.7935791 0.2965088 0.8095703 -0.2502441 0.7928467 -0.3012695 0.7928467 -0.3044434 0.8095703 -0.2502441 0.7935791 0.2965088 0.7905273 0.2802734 0.7928467 -0.3044434 0.7935791 0.2965088 0.7731934 -0.3491211 0.7928467 -0.3044434 0.7905273 0.2802734 0.7617188 0.2810059 0.7731934 -0.3491211 0.7905273 0.2802734 0.7928467 -0.3012695 0.7731934 -0.3491211 0.7617188 0.2810059 0.7935791 0.2965088 0.7928467 -0.3012695 0.7617188 0.2810059 1.024048 0.1611328 1.155762 0.1611328 1.024048 0.1611328 1.155762 0.1611328 1.155762 0.1611328 1.024048 0.1611328 1.035278 0.01330566 1.155762 0.1611328 1.024048 0.1611328 1.155518 0.004272401 1.155762 0.1611328 1.035278 0.01330566 1.024048 0.1611328 1.155518 0.004272401 1.035278 0.01330566 1.155762 0.1611328 1.155518 0.004272401 1.024048 0.1611328 1.024048 0.1611328 1.155762 0.1611328 1.024048 0.1611328 1.155762 0.1611328 1.155762 0.1611328 1.024048 0.1611328 1.155518 0.004272401 1.155762 0.1611328 1.024048 0.1611328 0.7050781 0.4493408 0.7021484 0.4263916 0.7070313 0.4377441 0.6977539 0.4431152 0.7021484 0.4263916 0.7050781 0.4493408 0.6939697 0.4575195 0.6977539 0.4431152 0.7050781 0.4493408 0.6827393 0.4492188 0.6977539 0.4431152 0.6939697 0.4575195 0.6721191 0.4575195 0.6827393 0.4492188 0.6939697 0.4575195 0.6690674 0.442627 0.6827393 0.4492188 0.6721191 0.4575195 0.6616211 0.4493408 0.6690674 0.442627 0.6721191 0.4575195 0.6591797 0.4346924 0.6690674 0.442627 0.6616211 0.4493408 0.6673584 0.4273682 0.6591797 0.4346924 0.6616211 0.4493408 0.5975342 0.4117432 0.585083 0.440918 0.585083 0.479126 0.5722656 0.44104 0.585083 0.440918 0.5975342 0.4117432 0.5722656 0.4117432 0.5722656 0.44104 0.5975342 0.4117432 0.5841064 0.44104 0.5722656 0.44104 0.5722656 0.4117432 0.5841064 0.4117432 0.5841064 0.44104 0.5722656 0.4117432 0.5969238 0.44104 0.5841064 0.44104 0.5841064 0.4117432 0.6070557 0.4117432 0.5969238 0.44104 0.5841064 0.4117432 0.6070557 0.4951172 0.5969238 0.44104 0.6070557 0.4117432 0.5975342 0.4951172 0.6070557 0.4951172 0.6070557 0.4117432 0.1131592 -0.1258545 0.1131592 -0.1258545 0.2683105 -0.1256104 0.1131592 0.1306152 0.1131592 -0.1258545 0.1131592 -0.1258545 0.1131592 0.1306152 0.1131592 0.1306152 0.1131592 -0.1258545 0.2683105 0.1306152 0.1131592 0.1306152 0.1131592 0.1306152 0.2683105 0.1306152 0.2683105 0.1306152 0.1131592 0.1306152 0.2683105 -0.1256104 0.2683105 0.1306152 0.2683105 0.1306152 0.2683105 -0.1256104 0.2683105 -0.1256104 0.2683105 0.1306152 0.1131592 -0.1258545 0.2683105 -0.1256104 0.2683105 -0.1256104 1.106812 -0.2966309 0.8935547 -0.2608643 1.106201 -0.2608643 0.8920898 -0.2966309 0.8935547 -0.2608643 1.106812 -0.2966309 1.106812 -0.3527832 0.8920898 -0.2966309 1.106812 -0.2966309 0.8936768 -0.3531494 0.8920898 -0.2966309 1.106812 -0.3527832 1.111084 -0.3076172 0.8936768 -0.3531494 1.106812 -0.3527832 0.8898926 -0.3076172 0.8936768 -0.3531494 1.111084 -0.3076172 1.106201 -0.2608643 0.8898926 -0.3076172 1.111084 -0.3076172 0.8935547 -0.2608643 0.8898926 -0.3076172 1.106201 -0.2608643 -0.04187005 0.3046875 -0.1004639 0.2877197 -0.04199212 0.2529297 -0.09960937 0.3153076 -0.1004639 0.2877197 -0.04187005 0.3046875 -0.04187005 0.3046875 -0.09960937 0.3153076 -0.04187005 0.3046875 -0.09985351 0.2890625 -0.09960937 0.3153076 -0.04187005 0.3046875 -0.04199212 0.2529297 -0.09985351 0.2890625 -0.04187005 0.3046875 -0.09960937 0.2293701 -0.09985351 0.2890625 -0.04199212 0.2529297 -0.04199212 0.2529297 -0.09960937 0.2293701 -0.04199212 0.2529297 -0.1004639 0.2877197 -0.09960937 0.2293701 -0.04199212 0.2529297 0.2683105 -0.1256104 0.1131592 -0.1258545 0.1131592 -0.1258545 0.2683105 -0.1256104 0.1131592 -0.1258545 0.2683105 -0.1256104 0.2683105 0.1306152 0.2683105 -0.1256104 0.2683105 -0.1256104 0.2683105 0.1306152 0.2683105 -0.1256104 0.2683105 0.1306152 0.1131592 0.1306152 0.2683105 0.1306152 0.2683105 0.1306152 0.1131592 0.1306152 0.2683105 0.1306152 0.1131592 0.1306152 0.1131592 -0.1258545 0.1131592 0.1306152 0.1131592 0.1306152 0.1131592 -0.1258545 0.1131592 0.1306152 0.1131592 -0.1258545 0.2683105 -0.1256104 0.1131592 -0.1258545 0.1131592 -0.1258545 0.2683105 -0.1256104 0.1131592 -0.1258545 0.2683105 -0.1256104 0.2683105 0.1306152 0.2683105 -0.1256104 0.2683105 -0.1256104 0.2683105 0.1306152 0.2683105 -0.1256104 0.2683105 0.1306152 0.1131592 0.1306152 0.2683105 0.1306152 0.2683105 0.1306152 0.1131592 0.1306152 0.2683105 0.1306152 0.1131592 0.1306152 0.1131592 -0.1258545 0.1131592 0.1306152 0.1131592 0.1306152 0.1131592 -0.1258545 0.1131592 0.1306152 0.1131592 -0.1258545 0.01049798 0.2561035 0.01037591 0.2419434 0.01037591 0.2419434 0.01049798 0.2561035 0.01037591 0.2419434 0.01049798 0.2561035 0.01037591 0.2706299 0.01049798 0.2561035 0.01049798 0.2561035 0.01037591 0.2706299 0.01049798 0.2561035 0.01037591 0.2706299 0.01049798 0.2849121 0.01037591 0.2706299 0.01037591 0.2706299 0.01049798 0.2849121 0.01037591 0.2706299 0.01049798 0.2849121 0.01037591 0.2993164 0.01049798 0.2849121 0.01049798 0.2849121 0.01037591 0.2993164 0.01049798 0.2849121 0.01037591 0.2993164 -0.04199212 0.2529297 -0.1004639 0.2877197 -0.04187005 0.3046875 -0.09960937 0.2293701 -0.1004639 0.2877197 -0.04199212 0.2529297 -0.04199212 0.2529297 -0.09960937 0.2293701 -0.04199212 0.2529297 -0.09985351 0.2890625 -0.09960937 0.2293701 -0.04199212 0.2529297 -0.04187005 0.3046875 -0.09985351 0.2890625 -0.04199212 0.2529297 -0.09960937 0.3153076 -0.09985351 0.2890625 -0.04187005 0.3046875 -0.04187005 0.3046875 -0.09960937 0.3153076 -0.04187005 0.3046875 -0.1004639 0.2877197 -0.09960937 0.3153076 -0.04187005 0.3046875 0.1131592 -0.1258545 0.1131592 -0.1258545 0.2683105 -0.1256104 0.1131592 0.1306152 0.1131592 -0.1258545 0.1131592 -0.1258545 0.1131592 0.1306152 0.1131592 0.1306152 0.1131592 -0.1258545 0.2683105 0.1306152 0.1131592 0.1306152 0.1131592 0.1306152 0.2683105 0.1306152 0.2683105 0.1306152 0.1131592 0.1306152 0.2683105 -0.1256104 0.2683105 0.1306152 0.2683105 0.1306152 0.2683105 -0.1256104 0.2683105 -0.1256104 0.2683105 0.1306152 0.1131592 -0.1258545 0.2683105 -0.1256104 0.2683105 -0.1256104 0.6398926 -0.1774902 0.5882568 -0.1313477 0.6398926 -0.119751 0.5878906 -0.1873779 0.5882568 -0.1313477 0.6398926 -0.1774902 0.6403809 -0.2219238 0.5878906 -0.1873779 0.6398926 -0.1774902 0.5880127 -0.2219238 0.5878906 -0.1873779 0.6403809 -0.2219238 0.5877686 -0.2589111 0.5880127 -0.2219238 0.6403809 -0.2219238 0.5368652 -0.2218018 0.5880127 -0.2219238 0.5877686 -0.2589111 0.5369873 -0.2503662 0.5368652 -0.2218018 0.5877686 -0.2589111 0.6403809 -0.2662354 0.5875244 -0.3151855 0.6408691 -0.3303223 0.5877686 -0.2589111 0.5875244 -0.3151855 0.6403809 -0.2662354 0.6403809 -0.2219238 0.5877686 -0.2589111 0.6403809 -0.2662354 0.5880127 -0.2219238 0.5877686 -0.2589111 0.6403809 -0.2219238 0.5878906 -0.1873779 0.5880127 -0.2219238 0.6403809 -0.2219238 0.5368652 -0.1958008 0.5880127 -0.2219238 0.5878906 -0.1873779 0.5882568 -0.1313477 0.5368652 -0.1958008 0.5878906 -0.1873779 0.5975342 0.4117432 0.585083 0.479126 0.585083 0.440918 0.5975342 0.4951172 0.585083 0.479126 0.5975342 0.4117432 0.6070557 0.4117432 0.5975342 0.4951172 0.5975342 0.4117432 0.6070557 0.4951172 0.5975342 0.4951172 0.6070557 0.4117432 0.5969238 0.44104 0.6070557 0.4951172 0.6070557 0.4117432 0.5969238 0.479126 0.6070557 0.4951172 0.5969238 0.44104 0.5722656 0.44104 0.5975342 0.4117432 0.585083 0.440918 0.5722656 0.4117432 0.5975342 0.4117432 0.5722656 0.44104 0.5841064 0.44104 0.5722656 0.4117432 0.5722656 0.44104 0.5841064 0.4117432 0.5722656 0.4117432 0.5841064 0.44104 0.5969238 0.44104 0.5841064 0.4117432 0.5841064 0.44104 0.6070557 0.4117432 0.5841064 0.4117432 0.5969238 0.44104 0.2496338 -0.08886718 0.2508545 0.08630371 0.263916 -0.006225526 0.2009277 0.12854 0.2508545 0.08630371 0.2496338 -0.08886718 0.1942139 -0.1318359 0.2009277 0.12854 0.2496338 -0.08886718 0.1317139 0.1066895 0.2009277 0.12854 0.1942139 -0.1318359 0.1241455 -0.09143066 0.1317139 0.1066895 0.1942139 -0.1318359 0.1079102 0.01440423 0.1317139 0.1066895 0.1241455 -0.09143066 -0.3492432 0.692749 -0.3464355 0.583252 -0.3511963 0.6914063 -0.3497314 0.5949707 -0.3464355 0.583252 -0.3492432 0.692749 -0.3837891 0.6907959 -0.3497314 0.5949707 -0.3492432 0.692749 -0.3835449 0.5936279 -0.3497314 0.5949707 -0.3837891 0.6907959 -0.3909912 0.6942139 -0.3835449 0.5936279 -0.3837891 0.6907959 -0.3980713 0.6156006 -0.3835449 0.5936279 -0.3909912 0.6942139 0.574585 0.5030518 0.574585 0.4224854 0.574585 0.5030518 0.574585 0.4224854 0.574585 0.4224854 0.574585 0.5030518 0.6083984 0.5030518 0.574585 0.4224854 0.574585 0.5030518 0.6083984 0.4224854 0.574585 0.4224854 0.6083984 0.5030518 0.5740967 0.5030518 0.6083984 0.4224854 0.6083984 0.5030518 0.5740967 0.4224854 0.6083984 0.4224854 0.5740967 0.5030518 1.207031 0.2739258 1.207031 0.2739258 1.193604 0.2818604 1.229248 0.3381348 1.207031 0.2739258 1.207031 0.2739258 1.237549 0.2814941 1.229248 0.3381348 1.207031 0.2739258 1.222778 0.300415 1.229248 0.3381348 1.237549 0.2814941 1.206421 0.06408691 1.222778 0.300415 1.237549 0.2814941 1.193604 0.2818604 1.222778 0.300415 1.206421 0.06408691 0.1304932 0.1436768 0.1097412 0.2781982 0.1101074 0.1751708 0.1293945 0.3182373 0.1097412 0.2781982 0.1304932 0.1436768 0.2364502 0.1442871 0.1293945 0.3182373 0.1304932 0.1436768 0.2365723 0.3182373 0.1293945 0.3182373 0.2364502 0.1442871 0.2570801 0.1744385 0.2365723 0.3182373 0.2364502 0.1442871 0.2570801 0.2784424 0.2365723 0.3182373 0.2570801 0.1744385 0.1385498 0.107666 0.1241455 -0.09143066 0.1079102 0.01440423 0.1942139 -0.1318359 0.1241455 -0.09143066 0.1385498 0.107666 0.2009277 0.12854 0.1942139 -0.1318359 0.1385498 0.107666 0.2496338 -0.08886718 0.1942139 -0.1318359 0.2009277 0.12854 0.2508545 0.08630371 0.2496338 -0.08886718 0.2009277 0.12854 0.263916 -0.006225526 0.2496338 -0.08886718 0.2508545 0.08630371 1.207031 0.2739258 1.206421 0.06408691 1.237549 0.2814941 1.193604 0.2818604 1.206421 0.06408691 1.207031 0.2739258 1.193604 0.2818604 1.193604 0.2818604 1.207031 0.2739258 1.222778 0.300415 1.193604 0.2818604 1.193604 0.2818604 1.206421 0.06408691 1.222778 0.300415 1.193604 0.2818604 1.237549 0.2814941 1.222778 0.300415 1.206421 0.06408691 0.01306152 0.2949219 0.02905273 0.2922363 0.02905273 0.2922363 0.01306152 0.2949219 0.02905273 0.2922363 0.01306152 0.2949219 0.01440423 0.2478027 0.01306152 0.2949219 0.01306152 0.2949219 0.01440423 0.2478027 0.01306152 0.2949219 0.01440423 0.2478027 0.02990716 0.2478027 0.01440423 0.2478027 0.01440423 0.2478027 0.02990716 0.2478027 0.01440423 0.2478027 0.02990716 0.2478027 1.289795 0.7641602 1.05835 0.9892578 1.345215 0.9903564 1.042969 0.7391357 1.05835 0.9892578 1.289795 0.7641602 1.291504 0.6550293 1.042969 0.7391357 1.289795 0.7641602 1.042969 0.6352539 1.042969 0.7391357 1.291504 0.6550293 1.292114 0.5209961 1.042969 0.6352539 1.291504 0.6550293 1.043091 0.5234375 1.042969 0.6352539 1.292114 0.5209961 1.739502 -0.3916016 1.545166 -0.3900146 1.544922 -0.3363037 1.545166 -0.4360352 1.545166 -0.3900146 1.739502 -0.3916016 1.739502 -0.4324951 1.545166 -0.4360352 1.739502 -0.3916016 1.544922 -0.3363037 1.545166 -0.4360352 1.739502 -0.4324951 1.739502 -0.3361816 1.544922 -0.3363037 1.739502 -0.4324951 1.739502 -0.3916016 1.544922 -0.3363037 1.739502 -0.3361816 -0.5338135 0.6280518 -0.5628662 0.6168213 -0.5585938 0.703125 -0.5206299 0.5968018 -0.5628662 0.6168213 -0.5338135 0.6280518 -0.5206299 0.6224365 -0.5206299 0.5968018 -0.5338135 0.6280518 -0.4440918 0.6224365 -0.5206299 0.5968018 -0.5206299 0.6224365 -0.5090332 0.802002 -0.4440918 0.6224365 -0.5206299 0.6224365 -0.4620361 0.8081055 -0.4440918 0.6224365 -0.5090332 0.802002 -0.5206299 0.5968018 -0.4090576 0.6079102 -0.5628662 0.6168213 -0.4440918 0.5968018 -0.4090576 0.6079102 -0.5206299 0.5968018 -0.4440918 0.6224365 -0.4440918 0.5968018 -0.5206299 0.5968018 -0.4205322 0.6328125 -0.4440918 0.5968018 -0.4440918 0.6224365 -0.4620361 0.8081055 -0.4205322 0.6328125 -0.4440918 0.6224365 -0.4291992 0.7598877 -0.4205322 0.6328125 -0.4620361 0.8081055 0.6070557 0.4951172 0.5969238 0.479126 0.5969238 0.44104 0.5841064 0.479126 0.5969238 0.479126 0.6070557 0.4951172 0.5841064 0.4951172 0.5841064 0.479126 0.6070557 0.4951172 0.5722656 0.479126 0.5841064 0.479126 0.5841064 0.4951172 0.5722656 0.4951172 0.5722656 0.479126 0.5841064 0.4951172 0.5975342 0.4951172 0.5722656 0.479126 0.5722656 0.4951172 0.7380371 0.133667 0.7445068 0.3223877 0.717041 0.3223877 0.6896973 0.3223877 0.7445068 0.3223877 0.7380371 0.133667 0.6960449 0.133667 0.6896973 0.3223877 0.7380371 0.133667 0.717041 0.3223877 0.6896973 0.3223877 0.6960449 0.133667 0.7380371 0.133667 0.717041 0.3223877 0.6960449 0.133667 0.699585 0.1350098 0.6896973 0.3237305 0.717041 0.3237305 0.7445068 0.3237305 0.6896973 0.3237305 0.699585 0.1350098 0.7346191 0.1350098 0.7445068 0.3237305 0.699585 0.1350098 0.717041 0.3237305 0.7445068 0.3237305 0.7346191 0.1350098 0.699585 0.1350098 0.717041 0.3237305 0.7346191 0.1350098 0.8653564 0.3293457 0.9078369 0.3231201 0.9017334 0.3323975 0.8896484 0.3195801 0.9078369 0.3231201 0.8653564 0.3293457 0.7874756 0.3278809 0.8896484 0.3195801 0.8653564 0.3293457 0.9173584 0.3122559 0.8896484 0.3195801 0.7874756 0.3278809 0.9155273 0.2969971 0.9173584 0.3122559 0.7874756 0.3278809 0.5841064 0.479126 0.6070557 0.4951172 0.5969238 0.479126 0.5841064 0.4951172 0.6070557 0.4951172 0.5841064 0.479126 0.5722656 0.479126 0.5841064 0.4951172 0.5841064 0.479126 0.5722656 0.4951172 0.5841064 0.4951172 0.5722656 0.479126 0.5975342 0.4951172 0.5722656 0.4951172 0.5722656 0.479126 0.01049798 0.2849121 -0.02905273 0.2993164 0.009033203 0.2993164 -0.02905273 0.2849121 -0.02905273 0.2993164 0.01049798 0.2849121 0.009033203 0.2706299 -0.02905273 0.2849121 0.01049798 0.2849121 -0.02905273 0.2706299 -0.02905273 0.2849121 0.009033203 0.2706299 -0.02905273 0.2561035 -0.02905273 0.2706299 0.009033203 0.2706299 0.7905273 0.2802734 0.8110352 0.2416992 0.8110352 0.2416992 0.7905273 0.2802734 0.8110352 0.2416992 0.7905273 0.2802734 0.7719727 0.3331299 0.7905273 0.2802734 0.7905273 0.2802734 0.7719727 0.3331299 0.7905273 0.2802734 0.7719727 0.3331299 0.7935791 0.2965088 0.7719727 0.3331299 0.7719727 0.3331299 1.230835 0.01428216 1.202393 0.2681885 1.2229 0.004272401 1.187256 0.2810059 1.202393 0.2681885 1.230835 0.01428216 1.198608 0.284668 1.187256 0.2810059 1.230835 0.01428216 0.8013916 0.284668 1.187256 0.2810059 1.198608 0.284668 0.789917 0.300415 0.8013916 0.284668 1.198608 0.284668 0.9813232 0.7385254 0.9390869 0.741333 0.9813232 0.7376709 0.9388428 0.7441406 0.9390869 0.741333 0.9813232 0.7385254 0.9813232 0.739624 0.9388428 0.7441406 0.9813232 0.7385254 0.9388428 0.7617188 0.9388428 0.7441406 0.9813232 0.739624 0.9813232 0.7539063 0.9388428 0.7617188 0.9813232 0.739624 0.5380859 -0.09521484 0.5380859 -0.03405755 0.5957031 -0.09521484 0.5953369 -0.03405755 0.5380859 -0.03405755 0.5380859 -0.09521484 0.5957031 -0.09521484 0.5953369 -0.03405755 0.5380859 -0.09521484 0.6494141 -0.03405755 0.5953369 -0.03405755 0.5957031 -0.09521484 0.6494141 -0.09521484 0.6494141 -0.03405755 0.5957031 -0.09521484 0.01049798 0.2561035 0.01037591 0.2706299 0.01049798 0.2561035 0.01037591 0.2706299 0.01037591 0.2706299 0.01049798 0.2561035 0.009033203 0.2706299 0.01037591 0.2706299 0.01049798 0.2561035 0.01049798 0.2849121 0.01037591 0.2706299 0.009033203 0.2706299 1.87793 1.118896 1.82605 1 1.820801 1.118896 1.858643 1 1.82605 1 1.87793 1.118896 1.87793 0.8811035 1.858643 1 1.87793 1.118896 1.820801 0.8811035 1.858643 1 1.87793 0.8811035 0.6206055 0.7109375 0.5828857 0.5595703 0.5827637 0.7059326 0.6206055 0.5533447 0.5828857 0.5595703 0.6206055 0.7109375 0.6412354 0.7113037 0.6206055 0.5533447 0.6206055 0.7109375 0.6412354 0.5533447 0.6206055 0.5533447 0.6412354 0.7113037 0.699585 0.1350098 0.717041 0.3237305 0.6896973 0.3237305 0.7346191 0.1350098 0.717041 0.3237305 0.699585 0.1350098 0.6896973 0.3237305 0.7346191 0.1350098 0.699585 0.1350098 0.7445068 0.3237305 0.7346191 0.1350098 0.6896973 0.3237305 0.4528809 0.4320068 -0.1350098 0.4324951 0.4526367 0.4135742 -0.1350098 0.4324951 -0.1350098 0.4324951 0.4528809 0.4320068 0.4526367 0.428833 -0.1350098 0.4324951 0.4528809 0.4320068 0.4520264 0.3903809 -0.1350098 0.4324951 0.4526367 0.428833 1.545166 -0.4360352 1.739502 -0.3916016 1.545166 -0.3900146 1.739502 -0.4324951 1.739502 -0.3916016 1.545166 -0.4360352 1.545166 -0.3359375 1.739502 -0.4324951 1.545166 -0.4360352 1.739502 -0.3361816 1.739502 -0.4324951 1.545166 -0.3359375 1.87793 0.8811035 1.82605 1 1.820801 0.8811035 1.858643 1 1.82605 1 1.87793 0.8811035 1.87793 1.118896 1.858643 1 1.87793 0.8811035 1.820801 1.118896 1.858643 1 1.87793 1.118896 0.6206055 0.7109375 0.5828857 0.5595703 0.5827637 0.7059326 0.6206055 0.5533447 0.5828857 0.5595703 0.6206055 0.7109375 0.6412354 0.7113037 0.6206055 0.5533447 0.6206055 0.7109375 0.6412354 0.5533447 0.6206055 0.5533447 0.6412354 0.7113037 1.222778 0.300415 1.222778 0.300415 1.193604 0.2818604 1.229248 0.3381348 1.222778 0.300415 1.222778 0.300415 1.237549 0.2814941 1.229248 0.3381348 1.222778 0.300415 1.207031 0.2739258 1.229248 0.3381348 1.237549 0.2814941 0.6206055 0.7109375 0.5828857 0.5595703 0.5827637 0.7059326 0.6206055 0.5533447 0.5828857 0.5595703 0.6206055 0.7109375 0.6412354 0.7113037 0.6206055 0.5533447 0.6206055 0.7109375 0.6412354 0.5533447 0.6206055 0.5533447 0.6412354 0.7113037 0.6206055 0.7109375 0.5828857 0.5595703 0.5827637 0.7059326 0.6206055 0.5533447 0.5828857 0.5595703 0.6206055 0.7109375 0.6412354 0.7113037 0.6206055 0.5533447 0.6206055 0.7109375 0.6412354 0.5533447 0.6206055 0.5533447 0.6412354 0.7113037 0.09509277 1.066284 -0.09228515 1.122681 0.08813476 1.122681 -0.0961914 1.066284 -0.09228515 1.122681 0.09509277 1.066284 0.1009521 0.8743896 -0.0961914 1.066284 0.09509277 1.066284 -0.1049805 0.8743896 -0.0961914 1.066284 0.1009521 0.8743896 0.4528809 0.4320068 -0.1350098 0.4324951 0.4526367 0.4135742 -0.1350098 0.4324951 -0.1350098 0.4324951 0.4528809 0.4320068 0.4526367 0.428833 -0.1350098 0.4324951 0.4528809 0.4320068 0.4520264 0.3903809 -0.1350098 0.4324951 0.4526367 0.428833 0.5877686 -0.2589111 0.5369873 -0.2503662 0.5875244 -0.3151855 0.5368652 -0.2218018 0.5369873 -0.2503662 0.5877686 -0.2589111 0.5880127 -0.2219238 0.5368652 -0.2218018 0.5877686 -0.2589111 0.5368652 -0.1958008 0.5368652 -0.2218018 0.5880127 -0.2219238 0.2669678 -0.005371034 0.1369629 -0.1169434 0.2539063 -0.1169434 0.1054688 -0.005493164 0.1369629 -0.1169434 0.2669678 -0.005371034 0.2519531 0.1165771 0.1054688 -0.005493164 0.2669678 -0.005371034 0.1474609 0.1125488 0.1054688 -0.005493164 0.2519531 0.1165771 0.6206055 0.7109375 0.5828857 0.5595703 0.5827637 0.7059326 0.6206055 0.5533447 0.5828857 0.5595703 0.6206055 0.7109375 0.6412354 0.7113037 0.6206055 0.5533447 0.6206055 0.7109375 0.6412354 0.5533447 0.6206055 0.5533447 0.6412354 0.7113037 1.02771 -0.3594971 0.9090576 -0.3012695 1.027344 -0.3012695 0.9078369 -0.3594971 0.9090576 -0.3012695 1.02771 -0.3594971 0.9090576 -0.3044434 0.9078369 -0.3594971 1.02771 -0.3594971 0.8587646 -0.3044434 0.9078369 -0.3594971 0.9090576 -0.3044434 0.6206055 0.7109375 0.5828857 0.5595703 0.5827637 0.7059326 0.6206055 0.5533447 0.5828857 0.5595703 0.6206055 0.7109375 0.6412354 0.7113037 0.6206055 0.5533447 0.6206055 0.7109375 0.6412354 0.5533447 0.6206055 0.5533447 0.6412354 0.7113037 0.6206055 0.7109375 0.5828857 0.5595703 0.5827637 0.7059326 0.6206055 0.5533447 0.5828857 0.5595703 0.6206055 0.7109375 0.6412354 0.7113037 0.6206055 0.5533447 0.6206055 0.7109375 0.6412354 0.5533447 0.6206055 0.5533447 0.6412354 0.7113037 -0.1054688 0.2154541 0.04675287 0.1921387 -0.1057129 0.1921387 0.05090332 0.2154541 0.04675287 0.1921387 -0.1054688 0.2154541 0.04675287 0.1921387 0.05090332 0.2154541 -0.1054688 0.2154541 0.09436035 0.1737061 0.05090332 0.2154541 0.04675287 0.1921387 -0.3837891 0.6907959 -0.3743896 0.829834 -0.3842773 0.7940674 -0.3609619 0.8312988 -0.3743896 0.829834 -0.3837891 0.6907959 -0.3492432 0.692749 -0.3609619 0.8312988 -0.3837891 0.6907959 -0.3499756 0.8074951 -0.3609619 0.8312988 -0.3492432 0.692749 0.7928467 -0.3044434 0.8525391 -0.3044434 0.850708 -0.3594971 0.8095703 -0.2502441 0.8525391 -0.3044434 0.7928467 -0.3044434 0.7928467 -0.3012695 0.8095703 -0.2502441 0.7928467 -0.3044434 0.864502 -0.2502441 0.8095703 -0.2502441 0.7928467 -0.3012695 -0.1359863 0.3421631 0.4512939 0.355835 -0.1359863 0.3421631 0.451416 0.3459473 0.4512939 0.355835 -0.1359863 0.3421631 0.4520264 0.3903809 0.451416 0.3459473 -0.1359863 0.3421631 0.2260742 0.8824463 0.2592773 1.116211 0.2611084 0.8823242 0.1900635 1.110474 0.2592773 1.116211 0.2260742 0.8824463 0.1921387 0.890625 0.1900635 1.110474 0.2260742 0.8824463 0.3684082 0.3924561 0.3684082 0.3724365 0.3299561 0.3924561 0.4068604 0.3924561 0.3684082 0.3724365 0.3684082 0.3924561 0.3684082 0.4124756 0.4068604 0.3924561 0.3684082 0.3924561 0.009033203 0.2706299 -0.02905273 0.2561035 0.01049798 0.2561035 -0.02905273 0.2706299 -0.02905273 0.2561035 0.009033203 0.2706299 -0.02905273 0.2849121 -0.02905273 0.2706299 0.009033203 0.2706299 -0.1231689 0.9775391 -0.09851074 1.071533 -0.1231689 1.112305 -0.100708 0.9251709 -0.09851074 1.071533 -0.1231689 0.9775391 -0.1230469 0.8925781 -0.100708 0.9251709 -0.1231689 0.9775391 0.4200439 0.9664307 0.4633789 0.9882813 0.463501 0.9710693 0.3587646 0.9906006 0.4633789 0.9882813 0.4200439 0.9664307 0.3587646 0.9742432 0.3587646 0.9906006 0.4200439 0.9664307 1.233398 0.3242188 0.9683838 0.3189697 0.9682617 0.338623 0.9686279 0.307251 0.9683838 0.3189697 1.233398 0.3242188 0.9682617 0.338623 0.9686279 0.307251 1.233398 0.3242188 0.4195557 1.036011 0.3587646 1.010864 0.3588867 1.027222 0.4632568 1.014282 0.3587646 1.010864 0.4195557 1.036011 0.4631348 1.032104 0.4632568 1.014282 0.4195557 1.036011 -0.1231689 0.9775391 -0.100708 0.9251709 -0.1230469 0.8925781 -0.09851074 1.071533 -0.100708 0.9251709 -0.1231689 0.9775391 -0.1231689 1.112305 -0.09851074 1.071533 -0.1231689 0.9775391 1.877319 1.000122 1.903931 0.9376221 1.876709 0.8760986 1.903931 1.057861 1.903931 0.9376221 1.877319 1.000122 1.876709 1.119507 1.903931 1.057861 1.877319 1.000122 0.2592773 1.116211 0.2260742 0.8824463 0.2611084 0.8823242 0.1921387 0.890625 0.2260742 0.8824463 0.2592773 1.116211 0.1900635 1.110474 0.1921387 0.890625 0.2592773 1.116211 -0.5338135 0.6280518 -0.5090332 0.802002 -0.5206299 0.6224365 -0.5371094 0.7581787 -0.5090332 0.802002 -0.5338135 0.6280518 -0.5585938 0.703125 -0.5371094 0.7581787 -0.5338135 0.6280518 0.6473389 -0.0614013 0.4848633 -0.2004395 0.5997314 -0.199585 0.5596924 -0.06127923 0.4848633 -0.2004395 0.6473389 -0.0614013 0.5626221 -3.66211e-4 0.5596924 -0.06127923 0.6473389 -0.0614013 0.5877686 -0.2589111 0.5875244 -0.3151855 0.5369873 -0.2503662 0.6403809 -0.2662354 0.5875244 -0.3151855 0.5877686 -0.2589111 0.6403809 -0.2219238 0.6403809 -0.2662354 0.5877686 -0.2589111 0.5368652 -0.1958008 0.5880127 -0.2219238 0.5368652 -0.2218018 0.5878906 -0.1873779 0.5880127 -0.2219238 0.5368652 -0.1958008 0.5882568 -0.1313477 0.5878906 -0.1873779 0.5368652 -0.1958008 -0.1359863 0.3421631 0.4512939 0.355835 -0.1359863 0.3421631 0.451416 0.3459473 0.4512939 0.355835 -0.1359863 0.3421631 0.4520264 0.3903809 0.451416 0.3459473 -0.1359863 0.3421631 0.6398926 -0.1774902 0.5878906 -0.1873779 0.6403809 -0.2219238 0.5882568 -0.1313477 0.5878906 -0.1873779 0.6398926 -0.1774902 0.6398926 -0.119751 0.5882568 -0.1313477 0.6398926 -0.1774902 0.6105957 0.7365723 0.5874023 0.8060303 0.631958 0.8070068 0.581543 0.7773438 0.5874023 0.8060303 0.6105957 0.7365723 0.5964355 0.7368164 0.581543 0.7773438 0.6105957 0.7365723 0.1907958 1.011963 0.2617188 0.8809814 0.1959229 0.8878174 0.2614746 0.9987793 0.2617188 0.8809814 0.1907958 1.011963 0.2609863 1.112183 0.2614746 0.9987793 0.1907958 1.011963 0.5957031 -0.09521484 0.6494141 -0.03405755 0.6494141 -0.09521484 0.5953369 -0.03405755 0.6494141 -0.03405755 0.5957031 -0.09521484 0.5380859 -0.03405755 0.5953369 -0.03405755 0.5957031 -0.09521484 0.7463379 0.03649902 0.6890869 0.08923339 0.7419434 0.0994873 0.6883545 0.03649902 0.6890869 0.08923339 0.7463379 0.03649902 0.6882324 -0.1433105 0.6883545 0.03649902 0.7463379 0.03649902 0.7287598 0.4176025 0.7255859 0.3897705 0.7225342 0.3640137 0.7570801 0.4165039 0.7255859 0.3897705 0.7287598 0.4176025 0.7526855 0.4162598 0.7570801 0.4165039 0.7287598 0.4176025 0.3018799 1.124023 0.2858887 0.8748779 0.2845459 1.123169 0.3204346 0.8752441 0.2858887 0.8748779 0.3018799 1.124023 0.321167 1.124634 0.3204346 0.8752441 0.3018799 1.124023 -0.1359863 0.3421631 0.4512939 0.355835 -0.1359863 0.3421631 0.451416 0.3459473 0.4512939 0.355835 -0.1359863 0.3421631 0.4520264 0.3903809 0.451416 0.3459473 -0.1359863 0.3421631 -0.1350098 0.4324951 0.4520264 0.3903809 -0.1359863 0.3421631 0.4526367 0.4135742 0.4520264 0.3903809 -0.1350098 0.4324951 0.4528809 0.4320068 0.4526367 0.4135742 -0.1350098 0.4324951 -0.1350098 0.4324951 0.4528809 0.4320068 -0.1350098 0.4324951 0.4526367 0.428833 0.4528809 0.4320068 -0.1350098 0.4324951 0.4520264 0.3903809 0.4526367 0.428833 -0.1350098 0.4324951 0.9163818 -0.2502441 0.8702393 -0.2502441 0.8587646 -0.3012695 0.9090576 -0.3044434 0.8702393 -0.2502441 0.9163818 -0.2502441 1.027344 -0.3044434 0.9090576 -0.3044434 0.9163818 -0.2502441 -0.4205322 0.6328125 -0.4090576 0.6079102 -0.4440918 0.5968018 -0.4091797 0.7009277 -0.4090576 0.6079102 -0.4205322 0.6328125 -0.4291992 0.7598877 -0.4091797 0.7009277 -0.4205322 0.6328125 -0.1359863 0.3421631 0.4520264 0.3903809 -0.1350098 0.4324951 0.451416 0.3459473 0.4520264 0.3903809 -0.1359863 0.3421631 0.4512939 0.355835 0.451416 0.3459473 -0.1359863 0.3421631 1.155518 0.004272401 1.024048 0.1611328 1.155762 0.1611328 1.035278 0.01330566 1.024048 0.1611328 1.155518 0.004272401 1.024048 0.1611328 1.035278 0.01330566 1.155518 0.004272401 -0.1359863 0.3421631 0.4512939 0.355835 -0.1359863 0.3421631 0.451416 0.3459473 0.4512939 0.355835 -0.1359863 0.3421631 0.4520264 0.3903809 0.451416 0.3459473 -0.1359863 0.3421631 0.7617188 0.2810059 0.7719727 0.3331299 0.7905273 0.2802734 0.7935791 0.2965088 0.7719727 0.3331299 0.7617188 0.2810059 0.7928467 -0.3012695 0.7935791 0.2965088 0.7617188 0.2810059 -0.1350098 0.4324951 0.4520264 0.3903809 -0.1359863 0.3421631 0.4526367 0.4135742 0.4520264 0.3903809 -0.1350098 0.4324951 0.4528809 0.4320068 0.4526367 0.4135742 -0.1350098 0.4324951 -0.1350098 0.4324951 0.4528809 0.4320068 -0.1350098 0.4324951 0.4526367 0.428833 0.4528809 0.4320068 -0.1350098 0.4324951 0.4520264 0.3903809 0.4526367 0.428833 -0.1350098 0.4324951 -0.1359863 0.3421631 0.4520264 0.3903809 -0.1350098 0.4324951 0.451416 0.3459473 0.4520264 0.3903809 -0.1359863 0.3421631 0.4512939 0.355835 0.451416 0.3459473 -0.1359863 0.3421631 0.3684082 0.3924561 0.3299561 0.3924561 0.3684082 0.3724365 0.3684082 0.4124756 0.3299561 0.3924561 0.3684082 0.3924561 0.4068604 0.3924561 0.3684082 0.4124756 0.3684082 0.3924561 0.815918 0.2824707 1.187256 0.2810059 0.8013916 0.284668 1.202393 0.2681885 1.187256 0.2810059 0.815918 0.2824707 0.7967529 0.2678223 1.202393 0.2681885 0.815918 0.2824707 0.8874512 0.3825684 0.8875732 0.4699707 0.8543701 0.4312744 0.9411621 0.4261475 0.8875732 0.4699707 0.8874512 0.3825684 0.9309082 0.4263916 0.9411621 0.4261475 0.8874512 0.3825684 0.1899414 1.015503 0.2576904 0.8820801 0.2009277 0.8814697 0.2618408 1.117432 0.2576904 0.8820801 0.1899414 1.015503 0.2012939 1.114502 0.2618408 1.117432 0.1899414 1.015503 0.001708984 0.001098573 -0.09643554 0.1810303 0.09838867 0.1807861 -0.09704589 -0.001953125 -0.09643554 0.1810303 0.001708984 0.001098573 -0.09509277 -0.2011719 -0.09704589 -0.001953125 0.001708984 0.001098573 0.001708984 0.001098573 0.09570312 -0.201416 -0.09509277 -0.2011719 0.09777832 -0.002441406 0.09570312 -0.201416 0.001708984 0.001098573 0.09838867 0.1807861 0.09777832 -0.002441406 0.001708984 0.001098573 0.9466553 0.3012695 0.8858643 0.3405762 0.8914795 0.3015137 0.9429932 0.34021 0.8858643 0.3405762 0.9466553 0.3012695 0.9429932 0.34021 0.9429932 0.34021 0.9466553 0.3012695 0.2508545 0.08630371 0.2496338 -0.08886718 0.263916 -0.006225526 0.2009277 0.12854 0.2496338 -0.08886718 0.2508545 0.08630371 0.3587646 0.9906006 0.4632568 1.014282 0.4633789 0.9882813 0.3587646 1.010864 0.4632568 1.014282 0.3587646 0.9906006 0.2508545 0.08630371 0.2496338 -0.08886718 0.263916 -0.006225526 0.2009277 0.12854 0.2496338 -0.08886718 0.2508545 0.08630371 0.1241455 -0.09143066 0.1317139 0.1066895 0.1079102 0.01440423 0.1942139 -0.1318359 0.1317139 0.1066895 0.1241455 -0.09143066 0.6801758 0.3824463 0.6877441 0.4041748 0.6879883 0.3817139 0.6798096 0.4029541 0.6877441 0.4041748 0.6801758 0.3824463 0.5474854 0.3908691 0.4855957 0.5042725 0.4863281 0.3935547 0.5511475 0.4969482 0.4855957 0.5042725 0.5474854 0.3908691 0.8283691 0.3653564 0.7772217 0.4794922 0.7770996 0.3660889 0.8287354 0.4793701 0.7772217 0.4794922 0.8283691 0.3653564 0.2015381 1.113892 0.2614746 0.9987793 0.2609863 1.112183 0.1907958 1.011963 0.2614746 0.9987793 0.2015381 1.113892 0.2617188 0.8809814 0.1907958 1.011963 0.1959229 0.8878174 0.2614746 0.9987793 0.1907958 1.011963 0.2617188 0.8809814 1.042969 0.6352539 1.292114 0.5209961 1.291504 0.6550293 1.043091 0.5234375 1.292114 0.5209961 1.042969 0.6352539 0.7772217 0.4794922 0.8283691 0.3653564 0.7770996 0.3660889 0.8284912 0.4793701 0.8283691 0.3653564 0.7772217 0.4794922 0.5474854 0.3908691 0.4855957 0.5042725 0.5511475 0.4969482 0.4863281 0.3935547 0.4855957 0.5042725 0.5474854 0.3908691 0.7474365 -0.1561279 0.6883545 0.03649902 0.6882324 -0.1433105 0.7463379 0.03649902 0.6883545 0.03649902 0.7474365 -0.1561279 0.007202148 0.8637695 0.3209229 0.5804443 0.3209229 0.8636475 0.006835937 0.5808105 0.3209229 0.5804443 0.007202148 0.8637695 0.7419434 0.0994873 0.6883545 0.03649902 0.7463379 0.03649902 0.6890869 0.08923339 0.6883545 0.03649902 0.7419434 0.0994873 0.9285889 0.3848877 0.9309082 0.4263916 0.8874512 0.3825684 0.9552002 0.3846436 0.9309082 0.4263916 0.9285889 0.3848877 1.088989 0.3835449 0.9309082 0.4263916 0.9552002 0.3846436 1.08728 0.4719238 0.9309082 0.4263916 1.088989 0.3835449 0.9550781 0.4700928 0.9309082 0.4263916 1.08728 0.4719238 0.9289551 0.4696045 0.9309082 0.4263916 0.9550781 0.4700928 0.9309082 0.4263916 0.8875732 0.4699707 0.9246826 0.4265137 0.9289551 0.4696045 0.8875732 0.4699707 0.9309082 0.4263916 -0.3835449 0.5936279 -0.3531494 0.5827637 -0.3497314 0.5949707 -0.3817139 0.5814209 -0.3531494 0.5827637 -0.3835449 0.5936279 0.5865479 0.5389404 0.5864258 0.4810791 0.6085205 0.5389404 0.5664063 0.5390625 0.5864258 0.4810791 0.5865479 0.5389404 0.5864258 0.4810791 0.5865479 0.5389404 0.6085205 0.5389404 0.5664063 0.5390625 0.5865479 0.5389404 0.5864258 0.4810791 0.8254395 -0.1268311 0.8582764 -0.2430419 0.8256836 -0.2434082 0.8581543 -0.1256104 0.8582764 -0.2430419 0.8254395 -0.1268311 0.8254395 -0.1268311 0.8582764 -0.2430419 0.8581543 -0.1256104 0.8256836 -0.2434082 0.8582764 -0.2430419 0.8254395 -0.1268311 0.3292236 1.056641 0.6364746 0.8410645 0.3291016 0.9428711 0.6350098 1.157959 0.6364746 0.8410645 0.3292236 1.056641 0.451416 0.3459473 -0.1359863 0.3421631 0.4512939 0.355835 0.4520264 0.3903809 -0.1359863 0.3421631 0.451416 0.3459473 0.4520264 0.3903809 -0.1350098 0.4324951 -0.1359863 0.3421631 0.4526367 0.4135742 -0.1350098 0.4324951 0.4520264 0.3903809 -0.4128418 0.003295898 -0.2843018 -0.2839355 -0.2841797 0.003417909 -0.413208 -0.2839355 -0.2843018 -0.2839355 -0.4128418 0.003295898 -0.4128418 0.003295898 -0.2843018 -0.2839355 -0.413208 -0.2839355 -0.2841797 0.003417909 -0.2843018 -0.2839355 -0.4128418 0.003295898 0.5574951 0.0581054 0.4825439 0.0559082 0.4893799 0.2912598 0.5626221 -3.66211e-4 0.4825439 0.0559082 0.5574951 0.0581054 0.5574951 0.0581054 0.668457 0.009887695 0.6478271 0.1643066 0.5626221 -3.66211e-4 0.668457 0.009887695 0.5574951 0.0581054 0.5626221 -3.66211e-4 0.4815674 -4.88281e-4 0.4825439 0.0559082 0.5596924 -0.06127923 0.4815674 -4.88281e-4 0.5626221 -3.66211e-4 0.5474854 0.3908691 0.4855957 0.5042725 0.4863281 0.3935547 0.5511475 0.4969482 0.4855957 0.5042725 0.5474854 0.3908691 0.5474854 0.3908691 0.4855957 0.5042725 0.5511475 0.4969482 0.4863281 0.3935547 0.4855957 0.5042725 0.5474854 0.3908691 1.206421 0.06408691 1.207031 0.2739258 1.237549 0.2814941 1.193604 0.2818604 1.207031 0.2739258 1.206421 0.06408691 -0.02905273 0.2993164 0.01049798 0.2849121 0.009033203 0.2993164 -0.02905273 0.2849121 0.01049798 0.2849121 -0.02905273 0.2993164 0.2570801 0.8811035 0.1896973 1.014648 0.2001953 0.8804932 0.260498 1.116333 0.1896973 1.014648 0.2570801 0.8811035 1.739502 -0.3916016 1.545166 -0.3359375 1.545166 -0.3900146 1.739502 -0.3361816 1.545166 -0.3359375 1.739502 -0.3916016 0.9390869 0.741333 0.9813232 0.7385254 0.9813232 0.7376709 0.9388428 0.7441406 0.9813232 0.7385254 0.9390869 0.741333 0.9388428 0.7441406 0.9813232 0.739624 0.9813232 0.7385254 0.9388428 0.7617188 0.9813232 0.739624 0.9388428 0.7441406 1.05835 0.9892578 1.289795 0.7641602 1.345215 0.9903564 1.042969 0.7391357 1.289795 0.7641602 1.05835 0.9892578 1.042969 0.7391357 1.291504 0.6550293 1.289795 0.7641602 1.042969 0.6352539 1.291504 0.6550293 1.042969 0.7391357 0.9078369 0.3231201 0.8896484 0.3195801 0.8653564 0.3293457 0.9173584 0.3122559 0.8896484 0.3195801 0.9078369 0.3231201 0.451416 0.3459473 -0.1359863 0.3421631 0.4512939 0.355835 0.4520264 0.3903809 -0.1359863 0.3421631 0.451416 0.3459473 0.4520264 0.3903809 -0.1350098 0.4324951 -0.1359863 0.3421631 0.4526367 0.4135742 -0.1350098 0.4324951 0.4520264 0.3903809 0.8896484 0.3195801 0.7874756 0.3278809 0.8653564 0.3293457 0.9173584 0.3122559 0.7874756 0.3278809 0.8896484 0.3195801 0.6716309 0.4368896 0.6827393 0.4492188 0.6690674 0.442627 0.6951904 0.4367676 0.6827393 0.4492188 0.6716309 0.4368896 -0.4500732 0.4702148 0.4500732 0.4969482 -0.4500732 0.4969482 0.4500732 0.4702148 0.4500732 0.4969482 -0.4500732 0.4702148 0.01037591 0.2706299 0.009033203 0.2706299 0.01049798 0.2561035 0.01049798 0.2849121 0.009033203 0.2706299 0.01037591 0.2706299 0.2009277 0.12854 0.1942139 -0.1318359 0.2496338 -0.08886718 0.1385498 0.107666 0.1942139 -0.1318359 0.2009277 0.12854 0.2009277 0.12854 0.1942139 -0.1318359 0.2496338 -0.08886718 0.1317139 0.1066895 0.1942139 -0.1318359 0.2009277 0.12854 -0.3912354 0.1612549 -0.338501 0.1800537 -0.3912354 0.1800537 -0.338501 0.1612549 -0.338501 0.1800537 -0.3912354 0.1612549 -0.3912354 0.1800537 -0.338501 0.1612549 -0.3912354 0.1612549 -0.338501 0.1800537 -0.338501 0.1612549 -0.3912354 0.1800537 -0.3417969 -0.0670166 -0.3876953 -0.04553216 -0.3876953 -0.0670166 -0.3417969 -0.04553216 -0.3876953 -0.04553216 -0.3417969 -0.0670166 -0.3417969 -0.0670166 -0.3876953 -0.04553216 -0.3876953 -0.0670166 -0.3417969 -0.04553216 -0.3876953 -0.04553216 -0.3417969 -0.0670166 -0.1186523 0.1348876 -0.2542725 -0.1334229 -0.2734375 0.1229248 -0.1000977 -0.1235352 -0.2542725 -0.1334229 -0.1186523 0.1348876 0.574585 0.4224854 0.574585 0.5030518 0.574585 0.5030518 0.574585 0.4224854 0.574585 0.5030518 0.574585 0.4224854 0.5740967 0.5030518 0.6083984 0.4224854 0.5740967 0.4224854 0.6083984 0.5030518 0.6083984 0.4224854 0.5740967 0.5030518 0.574585 0.4224854 0.6083984 0.5030518 0.574585 0.5030518 0.6083984 0.4224854 0.6083984 0.5030518 0.574585 0.4224854 0.1567383 0.880249 0.1552734 1.000366 0.1273193 0.942627 0.1831055 0.9423828 0.1552734 1.000366 0.1567383 0.880249 0.1131592 -0.1258545 0.2683105 0.1306152 0.2683105 -0.1256104 0.1131592 0.1306152 0.2683105 0.1306152 0.1131592 -0.1258545 0.1273193 0.942627 0.1831055 0.9423828 0.1567383 0.880249 0.1552734 1.000366 0.1831055 0.9423828 0.1273193 0.942627 0.1552734 1.000366 0.1567383 0.880249 0.1273193 0.942627 0.1831055 0.9423828 0.1567383 0.880249 0.1552734 1.000366 0.1131592 -0.1258545 0.2683105 0.1306152 0.2683105 -0.1256104 0.1131592 0.1306152 0.2683105 0.1306152 0.1131592 -0.1258545 0.1831055 0.9423828 0.1273193 0.942627 0.1567383 0.880249 0.1552734 1.000366 0.1273193 0.942627 0.1831055 0.9423828 -0.3901367 0.1606445 -0.3370361 0.1806641 -0.3901367 0.1806641 -0.3370361 0.1606445 -0.3370361 0.1806641 -0.3901367 0.1606445 -0.3901367 0.1806641 -0.3370361 0.1606445 -0.3901367 0.1606445 -0.3370361 0.1806641 -0.3370361 0.1606445 -0.3901367 0.1806641 0.5975342 0.4117432 0.5975342 0.4951172 0.6070557 0.4117432 0.585083 0.479126 0.5975342 0.4951172 0.5975342 0.4117432 -0.3417969 -0.0670166 -0.3876953 -0.04553216 -0.3876953 -0.0670166 -0.3417969 -0.04553216 -0.3876953 -0.04553216 -0.3417969 -0.0670166 -0.3417969 -0.0670166 -0.3876953 -0.04553216 -0.3876953 -0.0670166 -0.3417969 -0.04553216 -0.3876953 -0.04553216 -0.3417969 -0.0670166 1.229248 0.3381348 1.229248 0.3381348 1.222778 0.300415 1.207031 0.2739258 1.229248 0.3381348 1.229248 0.3381348 -0.2542725 -0.1334229 -0.1186523 0.1348876 -0.2734375 0.1229248 -0.1000977 -0.1235352 -0.1186523 0.1348876 -0.2542725 -0.1334229 0.009033203 0.2419434 -0.02905273 0.2561035 -0.02905273 0.2419434 0.01049798 0.2561035 -0.02905273 0.2561035 0.009033203 0.2419434 -0.07751464 0.2364502 -0.08251953 0.2669678 -0.08422851 0.2440186 -0.07263183 0.2541504 -0.08251953 0.2669678 -0.07751464 0.2364502 1.02771 -0.3594971 1.027344 -0.3044434 0.9090576 -0.3044434 0.9090576 -0.3044434 1.027344 -0.3044434 1.02771 -0.3594971 0.8570557 -0.3594971 0.9078369 -0.3594971 0.8587646 -0.3044434 0.8587646 -0.3012695 0.9078369 -0.3594971 0.8570557 -0.3594971 0.01037591 0.2419434 0.01049798 0.2561035 0.01037591 0.2419434 0.01049798 0.2561035 0.01049798 0.2561035 0.01037591 0.2419434 0.01049798 0.2561035 -0.02905273 0.2561035 0.009033203 0.2706299 0.009033203 0.2419434 -0.02905273 0.2561035 0.01049798 0.2561035 0.8095703 -0.2502441 0.8525391 -0.3044434 0.864502 -0.2502441 0.7928467 -0.3044434 0.8525391 -0.3044434 0.8095703 -0.2502441 0.7928467 -0.3044434 0.850708 -0.3594971 0.8525391 -0.3044434 0.7731934 -0.3491211 0.850708 -0.3594971 0.7928467 -0.3044434 0.850708 -0.3594971 0.7928467 -0.3012695 0.8525391 -0.3012695 0.7731934 -0.3491211 0.7928467 -0.3012695 0.850708 -0.3594971 0.01037591 0.2706299 0.01049798 0.2849121 0.01037591 0.2706299 0.01049798 0.2849121 0.01049798 0.2849121 0.01037591 0.2706299 0.01049798 0.2849121 0.01037591 0.2993164 0.01049798 0.2849121 0.01037591 0.2993164 0.01037591 0.2993164 0.01049798 0.2849121 0.6237793 0.7368164 0.631958 0.8070068 0.6380615 0.7783203 0.6105957 0.7365723 0.631958 0.8070068 0.6237793 0.7368164 0.8110352 0.2416992 0.7935791 0.2965088 0.8110352 0.2416992 0.7905273 0.2802734 0.7935791 0.2965088 0.8110352 0.2416992 0.623291 0.831543 0.5874023 0.8060303 0.5958252 0.831543 0.631958 0.8070068 0.5874023 0.8060303 0.623291 0.831543 0.7617188 0.2810059 0.7731934 -0.3491211 0.7928467 -0.3012695 0.7905273 0.2802734 0.7731934 -0.3491211 0.7617188 0.2810059 0.5891113 0.6989746 0.6080322 0.5625 0.6082764 0.7071533 0.5889893 0.5543213 0.6080322 0.5625 0.5891113 0.6989746 0.2683105 0.1306152 0.1131592 -0.1258545 0.2683105 -0.1256104 0.1131592 0.1306152 0.1131592 -0.1258545 0.2683105 0.1306152 0.5891113 0.6989746 0.6080322 0.5625 0.6082764 0.7071533 0.5889893 0.5543213 0.6080322 0.5625 0.5891113 0.6989746 0.5891113 0.6989746 0.6080322 0.5625 0.6082764 0.7071533 0.5889893 0.5543213 0.6080322 0.5625 0.5891113 0.6989746 0.5891113 0.6989746 0.6080322 0.5625 0.6082764 0.7071533 0.5889893 0.5543213 0.6080322 0.5625 0.5891113 0.6989746 1.215698 -0.002441406 1.198608 0.284668 1.230835 0.01428216 1.243164 0.006469666 1.198608 0.284668 1.215698 -0.002441406 1.225098 0.2888184 1.198608 0.284668 1.243164 0.006469666 1.212158 0.3029785 1.198608 0.284668 1.225098 0.2888184 0.5891113 0.6989746 0.6080322 0.5625 0.6082764 0.7071533 0.5889893 0.5543213 0.6080322 0.5625 0.5891113 0.6989746 0.7800293 0.005859375 0.7967529 0.2678223 0.815918 0.2824707 0.7559814 0.006469666 0.7967529 0.2678223 0.7800293 0.005859375 0.7559814 0.006469666 0.7750244 0.2929688 0.7967529 0.2678223 0.7872314 -7.32422e-4 0.7750244 0.2929688 0.7559814 0.006469666 0.5891113 0.6989746 0.6080322 0.5625 0.6082764 0.7071533 0.5889893 0.5543213 0.6080322 0.5625 0.5891113 0.6989746 0.2683105 0.1306152 0.1131592 -0.1258545 0.2683105 -0.1256104 0.1131592 0.1306152 0.1131592 -0.1258545 0.2683105 0.1306152 0.5891113 0.6989746 0.6080322 0.5625 0.6082764 0.7071533 0.5889893 0.5543213 0.6080322 0.5625 0.5891113 0.6989746 -0.08251953 0.2669678 -0.07751464 0.2364502 -0.08422851 0.2440186 -0.07263183 0.2541504 -0.07751464 0.2364502 -0.08251953 0.2669678 0.7655029 0.3637695 0.7333984 0.3735352 0.7225342 0.3640137 0.7543945 0.3730469 0.7333984 0.3735352 0.7655029 0.3637695 0.895874 0.2827148 0.8963623 0.2843018 0.7799072 0.06420898 0.9481201 0.2825928 0.8963623 0.2843018 0.895874 0.2827148 0.8858643 0.3405762 0.8914795 0.3015137 0.7713623 0.3414307 0.9466553 0.3012695 0.8914795 0.3015137 0.8858643 0.3405762 0.9481201 0.2825928 0.9429932 0.34021 0.8963623 0.2843018 0.9429932 0.34021 0.9429932 0.34021 0.9481201 0.2825928 0.9455567 0.2824707 0.8914795 0.3015137 0.895874 0.2827148 0.9466553 0.3012695 0.8914795 0.3015137 0.9455567 0.2824707 0.1241455 -0.09143066 0.1385498 0.107666 0.1079102 0.01440423 0.1942139 -0.1318359 0.1385498 0.107666 0.1241455 -0.09143066 0.7532959 0.4682617 0.7329102 0.4686279 0.7431641 0.4138184 0.5664063 0.5390625 0.6085205 0.5389404 0.5872803 0.4810791 0.5664063 0.5390625 0.5872803 0.4810791 0.6085205 0.5389404 -0.09631347 0.1811523 0.0982666 0.1806641 -0.001220703 0.2113037 0.04675287 0.1921387 -0.1054688 0.2154541 -0.1057129 0.1921387 0.09436035 0.1737061 0.04675287 0.1921387 0.05090332 0.2154541 0.4848633 -0.2004395 0.6473389 -0.0614013 0.5997314 -0.199585 0.6473389 -0.0614013 0.668457 0.009887695 0.5626221 -3.66211e-4 0.4815674 -4.88281e-4 0.5596924 -0.06127923 0.482666 -0.06103509 0.5875244 -0.3151855 0.6403809 -0.2662354 0.6408691 -0.3303223 0.1896973 1.014648 0.260498 1.116333 0.2026367 1.114014 0.9173584 0.3122559 0.9078369 0.3231201 0.8896484 0.3195801 0.9173584 0.3122559 0.9155273 0.2969971 0.7874756 0.3278809 0.9017334 0.3323975 0.9078369 0.3231201 0.8653564 0.3293457 1.820801 0.8811035 1.820801 1.118896 1.82605 1 1.820801 1.118896 1.820801 0.8811035 1.82605 1 0.6827393 0.4492188 0.6951904 0.4367676 0.6977539 0.4431152 -0.4500732 0.4969482 -0.4500732 0.5238037 0.4500732 0.4969482 0.864502 -0.2502441 0.8525391 -0.3044434 0.8095703 -0.2502441 0.009033203 0.2419434 -0.02905273 0.2419434 -0.02905273 0.2561035 0.1907958 1.011963 0.2015381 1.113892 0.2609863 1.112183 0.9388428 0.7617188 0.9813232 0.7539063 0.9813232 0.739624 0.7474365 -0.1561279 0.6882324 -0.1433105 0.7463379 0.03649902 1.820801 1.118896 1.82605 1 1.858643 1 1.820801 0.8811035 1.82605 1 1.858643 1 0.7351074 0.416626 0.7333984 0.3735352 0.7543945 0.3730469 0.760498 0.3897705 0.7255859 0.3897705 0.7570801 0.4165039 0.4520264 0.3903809 -0.1359863 0.3421631 -0.1350098 0.4324951 0.3684082 0.3924561 0.3684082 0.3724365 0.4068604 0.3924561 0.4520264 0.3903809 -0.1359863 0.3421631 -0.1350098 0.4324951 0.3684082 0.3924561 0.3299561 0.3924561 0.3684082 0.4124756 0.01049798 0.2849121 -0.02905273 0.2849121 0.009033203 0.2706299 0.7346191 0.1350098 0.7445068 0.3237305 0.717041 0.3237305 0.585083 0.479126 0.5722656 0.479126 0.5975342 0.4951172 0.585083 0.479126 0.5975342 0.4951172 0.5722656 0.479126 0.9090576 -0.3012695 0.9078369 -0.3594971 0.8587646 -0.3012695 1.212158 0.3029785 0.789917 0.300415 1.198608 0.284668 0.9466553 0.3012695 0.9455567 0.2824707 0.8914795 0.3015137</float_array>
          <technique_common>
            <accessor source="#polygon2-mesh-map-0-array" count="2646" stride="2">
              <param name="S" type="float"/>
              <param name="T" type="float"/>
            </accessor>
          </technique_common>
        </source>
        <source id="polygon2-mesh-colors-polygon2_Colors0" name="polygon2_Colors0">
          <float_array id="polygon2-mesh-colors-polygon2_Colors0-array" count="10584">0.8 0.8 0.8 1 0 0 0 1 0.5019608 0.5019608 0.5019608 1 0.8 0.8 0.8 1 0 0 0 1 0.8 0.8 0.8 1 0.8 0.8 0.8 1 0.8 0.8 0.8 1 0.8 0.8 0.8 1 0 0 0 1 0.8 0.8 0.8 1 0.8 0.8 0.8 1 0.8 0.8 0.8 1 0 0 0 1 0.8 0.8 0.8 1 0 0 0 1 0 0 0 1 0.8 0.8 0.8 1 0 0 0 1 0 0 0 1 0.8 0.8 0.8 1 0.5019608 0.5019608 0.5019608 1 0 0 0 1 0 0 0 1 0.5019608 0.5019608 0.5019608 1 0.5019608 0.5019608 0.5019608 1 0 0 0 1 0.8 0.8 0.8 1 0.5019608 0.5019608 0.5019608 1 0.5019608 0.5019608 0.5019608 1 0 0 0 1 0.8 0.8 0.8 1 0.5019608 0.5019608 0.5019608 1 0.8 0.8 0.8 1 0.8 0.8 0.8 1 0 0 0 1 0 0 0 1 0.8 0.8 0.8 1 0 0 0 1 0.8 0.8 0.8 1 0.8 0.8 0.8 1 0 0 0 1 0.8 0.8 0.8 1 0.8 0.8 0.8 1 0 0 0 1 0.8 0.8 0.8 1 0.8 0.8 0.8 1 0.8 0.8 0.8 1 0.8 0.8 0.8 1 0.8 0.8 0.8 1 0.8 0.8 0.8 1 0.5019608 0.5019608 0.5019608 1 0.8 0.8 0.8 1 0.8 0.8 0.8 1 0.5019608 0.5019608 0.5019608 1 0.5019608 0.5019608 0.5019608 1 0.8 0.8 0.8 1 0 0 0 1 0.5019608 0.5019608 0.5019608 1 0.5019608 0.5019608 0.5019608 1 0.5019608 0.5019608 0.5019608 1 0 0 0 1 0.5019608 0.5019608 0.5019608 1 0 0 0 1 0 0 0 1 0.5019608 0.5019608 0.5019608 1 0 0 0 1 0 0 0 1 0.5019608 0.5019608 0.5019608 1 0.8 0.8 0.8 1 0 0 0 1 0 0 0 1 0.2980392 0.2980392 0.2980392 1 0.2980392 0.2980392 0.2980392 1 0.2980392 0.2980392 0.2980392 1 0.2980392 0.2980392 0.2980392 1 0.2980392 0.2980392 0.2980392 1 0.2980392 0.2980392 0.2980392 1 0.2980392 0.2980392 0.2980392 1 0.2980392 0.2980392 0.2980392 1 0.2980392 0.2980392 0.2980392 1 0.2980392 0.2980392 0.2980392 1 0.2980392 0.2980392 0.2980392 1 0.2980392 0.2980392 0.2980392 1 0.6 0.6 0.6 1 0.2980392 0.2980392 0.2980392 1 0.2980392 0.2980392 0.2980392 1 0.6 0.6 0.6 1 0.2980392 0.2980392 0.2980392 1 0.6 0.6 0.6 1 0.8980392 0.8980392 0.8980392 1 0.6 0.6 0.6 1 0.6 0.6 0.6 1 0.6980392 0.6980392 0.6980392 1 0.6 0.6 0.6 1 0.8980392 0.8980392 0.8980392 1 0.8980392 0.8980392 0.8980392 1 0.6980392 0.6980392 0.6980392 1 0.8980392 0.8980392 0.8980392 1 0.6980392 0.6980392 0.6980392 1 0.6980392 0.6980392 0.6980392 1 0.8980392 0.8980392 0.8980392 1 0.8980392 0.8980392 0.8980392 1 0.6980392 0.6980392 0.6980392 1 0.8980392 0.8980392 0.8980392 1 0.6980392 0.6980392 0.6980392 1 0.6980392 0.6980392 0.6980392 1 0.8980392 0.8980392 0.8980392 1 0.6 0.6 0.6 1 0.6980392 0.6980392 0.6980392 1 0.8980392 0.8980392 0.8980392 1 0.6 0.6 0.6 1 0.6980392 0.6980392 0.6980392 1 0.6 0.6 0.6 1 0.2980392 0.2980392 0.2980392 1 0.6 0.6 0.6 1 0.6 0.6 0.6 1 0.2980392 0.2980392 0.2980392 1 0.6 0.6 0.6 1 0.2980392 0.2980392 0.2980392 1 0.2980392 0.2980392 0.2980392 1 0.2980392 0.2980392 0.2980392 1 0.2980392 0.2980392 0.2980392 1 0.6 0.6 0.6 1 0.2980392 0.2980392 0.2980392 1 0.2980392 0.2980392 0.2980392 1 0.6 0.6 0.6 1 0.6 0.6 0.6 1 0.2980392 0.2980392 0.2980392 1 0.6980392 0.6980392 0.6980392 1 0.6 0.6 0.6 1 0.6 0.6 0.6 1 0.8980392 0.8980392 0.8980392 1 0.6980392 0.6980392 0.6980392 1 0.6 0.6 0.6 1 0.6980392 0.6980392 0.6980392 1 0.6980392 0.6980392 0.6980392 1 0.8980392 0.8980392 0.8980392 1 0.8980392 0.8980392 0.8980392 1 0.6980392 0.6980392 0.6980392 1 0.8980392 0.8980392 0.8980392 1 0.6980392 0.6980392 0.6980392 1 0.6980392 0.6980392 0.6980392 1 0.8980392 0.8980392 0.8980392 1 0.8980392 0.8980392 0.8980392 1 0.6980392 0.6980392 0.6980392 1 0.8980392 0.8980392 0.8980392 1 0.6 0.6 0.6 1 0.6980392 0.6980392 0.6980392 1 0.8980392 0.8980392 0.8980392 1 0.6 0.6 0.6 1 0.6 0.6 0.6 1 0.8980392 0.8980392 0.8980392 1 0.2980392 0.2980392 0.2980392 1 0.6 0.6 0.6 1 0.6 0.6 0.6 1 0.2980392 0.2980392 0.2980392 1 0.2980392 0.2980392 0.2980392 1 0.6 0.6 0.6 1 0.2980392 0.2980392 0.2980392 1 0.2980392 0.2980392 0.2980392 1 0.2980392 0.2980392 0.2980392 1 0.2980392 0.2980392 0.2980392 1 0.2980392 0.2980392 0.2980392 1 0.2980392 0.2980392 0.2980392 1 0.2980392 0.2980392 0.2980392 1 0.2980392 0.2980392 0.2980392 1 0.2980392 0.2980392 0.2980392 1 0.2980392 0.2980392 0.2980392 1 0.2980392 0.2980392 0.2980392 1 0.2980392 0.2980392 0.2980392 1 0.2980392 0.2980392 0.2980392 1 0.2980392 0.2980392 0.2980392 1 0.2980392 0.2980392 0.2980392 1 0.2980392 0.2980392 0.2980392 1 0.2980392 0.2980392 0.2980392 1 0.2980392 0.2980392 0.2980392 1 0.2980392 0.2980392 0.2980392 1 0.2980392 0.2980392 0.2980392 1 0.2980392 0.2980392 0.2980392 1 0.6 0.6 0.6 1 0.2980392 0.2980392 0.2980392 1 0.2980392 0.2980392 0.2980392 1 0.4980392 0.4980392 0.4980392 1 0.2980392 0.2980392 0.2980392 1 0.6 0.6 0.6 1 0.8980392 0.8980392 0.8980392 1 0.4980392 0.4980392 0.4980392 1 0.6 0.6 0.6 1 0.6980392 0.6980392 0.6980392 1 0.4980392 0.4980392 0.4980392 1 0.8980392 0.8980392 0.8980392 1 0.8980392 0.8980392 0.8980392 1 0.6980392 0.6980392 0.6980392 1 0.8980392 0.8980392 0.8980392 1 0.6980392 0.6980392 0.6980392 1 0.6980392 0.6980392 0.6980392 1 0.8980392 0.8980392 0.8980392 1 0.8980392 0.8980392 0.8980392 1 0.6980392 0.6980392 0.6980392 1 0.8980392 0.8980392 0.8980392 1 0.6980392 0.6980392 0.6980392 1 0.6980392 0.6980392 0.6980392 1 0.8980392 0.8980392 0.8980392 1 0.6 0.6 0.6 1 0.6980392 0.6980392 0.6980392 1 0.8980392 0.8980392 0.8980392 1 0.4980392 0.4980392 0.4980392 1 0.6980392 0.6980392 0.6980392 1 0.6 0.6 0.6 1 0.2980392 0.2980392 0.2980392 1 0.4980392 0.4980392 0.4980392 1 0.6 0.6 0.6 1 0.2980392 0.2980392 0.2980392 1 0.4980392 0.4980392 0.4980392 1 0.2980392 0.2980392 0.2980392 1 1 1 1 1 0.8 0.8 0.8 1 0.8 0.8 0.8 1 1 1 1 1 0.8 0.8 0.8 1 1 1 1 1 0.6980392 0.6980392 0.6980392 1 1 1 1 1 1 1 1 1 0.6980392 0.6980392 0.6980392 1 1 1 1 1 0.6980392 0.6980392 0.6980392 1 0.2 0.2 0.2 1 0.6980392 0.6980392 0.6980392 1 0.6980392 0.6980392 0.6980392 1 0.2 0.2 0.2 1 0.6980392 0.6980392 0.6980392 1 0.2 0.2 0.2 1 0.2 0.2 0.2 1 0.2 0.2 0.2 1 0.2 0.2 0.2 1 0.2 0.2 0.2 1 0.2 0.2 0.2 1 0.2 0.2 0.2 1 0.2 0.2 0.2 1 0.2 0.2 0.2 1 0.2 0.2 0.2 1 0.6980392 0.6980392 0.6980392 1 0.2 0.2 0.2 1 0.2 0.2 0.2 1 0.6980392 0.6980392 0.6980392 1 0.6980392 0.6980392 0.6980392 1 0.2 0.2 0.2 1 1 1 1 1 0.6980392 0.6980392 0.6980392 1 0.6980392 0.6980392 0.6980392 1 1 1 1 1 1 1 1 1 0.6980392 0.6980392 0.6980392 1 0.8 0.8 0.8 1 1 1 1 1 1 1 1 1 1 1 1 1 0.8 0.8 0.8 1 1 1 1 1 0.8 0.8 0.8 1 0.8 0.8 0.8 1 1 1 1 1 0.2980392 0.2980392 0.2980392 1 0.2980392 0.2980392 0.2980392 1 0.2980392 0.2980392 0.2980392 1 0.4980392 0.4980392 0.4980392 1 0.2980392 0.2980392 0.2980392 1 0.2980392 0.2980392 0.2980392 1 0.6 0.6 0.6 1 0.4980392 0.4980392 0.4980392 1 0.2980392 0.2980392 0.2980392 1 0.6980392 0.6980392 0.6980392 1 0.4980392 0.4980392 0.4980392 1 0.6 0.6 0.6 1 0.8980392 0.8980392 0.8980392 1 0.6980392 0.6980392 0.6980392 1 0.6 0.6 0.6 1 0.6980392 0.6980392 0.6980392 1 0.6980392 0.6980392 0.6980392 1 0.8980392 0.8980392 0.8980392 1 0.8980392 0.8980392 0.8980392 1 0.6980392 0.6980392 0.6980392 1 0.8980392 0.8980392 0.8980392 1 0.6980392 0.6980392 0.6980392 1 0.6980392 0.6980392 0.6980392 1 0.8980392 0.8980392 0.8980392 1 0.8980392 0.8980392 0.8980392 1 0.6980392 0.6980392 0.6980392 1 0.8980392 0.8980392 0.8980392 1 0.4980392 0.4980392 0.4980392 1 0.6980392 0.6980392 0.6980392 1 0.8980392 0.8980392 0.8980392 1 0.6 0.6 0.6 1 0.4980392 0.4980392 0.4980392 1 0.8980392 0.8980392 0.8980392 1 0.2980392 0.2980392 0.2980392 1 0.4980392 0.4980392 0.4980392 1 0.6 0.6 0.6 1 0.2980392 0.2980392 0.2980392 1 0.2980392 0.2980392 0.2980392 1 0.6 0.6 0.6 1 0.2980392 0.2980392 0.2980392 1 0.2980392 0.2980392 0.2980392 1 0.2980392 0.2980392 0.2980392 1 0.2980392 0.2980392 0.2980392 1 0.2980392 0.2980392 0.2980392 1 0.2980392 0.2980392 0.2980392 1 0.2980392 0.2980392 0.2980392 1 0.2980392 0.2980392 0.2980392 1 0.2980392 0.2980392 0.2980392 1 0.2 0.2 0.2 1 0.3019608 0.3019608 0.3019608 1 0 0 0 1 1 1 1 1 0.3019608 0.3019608 0.3019608 1 0.2 0.2 0.2 1 1 1 1 1 1 1 1 1 0.2 0.2 0.2 1 0.4 0.4 0.4 1 1 1 1 1 1 1 1 1 0.9019608 0.9019608 0.9019608 1 0.4 0.4 0.4 1 1 1 1 1 0.2 0.2 0.2 1 0.4 0.4 0.4 1 0.9019608 0.9019608 0.9019608 1 0.2 0.2 0.2 1 0.2 0.2 0.2 1 0.9019608 0.9019608 0.9019608 1 0.3019608 0.3019608 0.3019608 1 0.2 0.2 0.2 1 0.2 0.2 0.2 1 0 0 0 1 0.3019608 0.3019608 0.3019608 1 0.2 0.2 0.2 1 0.9019608 0.9019608 0.9019608 1 0.3019608 0.3019608 0.3019608 1 0 0 0 1 0.7019608 0.7019608 0.7019608 1 0.9019608 0.9019608 0.9019608 1 0 0 0 1 0.3019608 0.3019608 0.3019608 1 0.9019608 0.9019608 0.9019608 1 0.7019608 0.7019608 0.7019608 1 0.3019608 0.3019608 0.3019608 1 0.8 0.8 0.8 1 0.8 0.8 0.8 1 0 0 0 1 0.8 0.8 0.8 1 0.3019608 0.3019608 0.3019608 1 0.1019608 0.1019608 0.1019608 1 0 0 0 1 0.3019608 0.3019608 0.3019608 1 0.3019608 0.3019608 0.3019608 1 0 0 0 1 0.1019608 0.1019608 0.1019608 1 0.6 0.6 0.6 1 0.3019608 0.3019608 0.3019608 1 0.1019608 0.1019608 0.1019608 1 1 1 1 1 0.3019608 0.3019608 0.3019608 1 0.6 0.6 0.6 1 0.6 0.6 0.6 1 1 1 1 1 0.6 0.6 0.6 1 1 1 1 1 1 1 1 1 0.6 0.6 0.6 1 0.3019608 0.3019608 0.3019608 1 1 1 1 1 0.6 0.6 0.6 1 0.8 0.8 0.8 1 1 1 1 1 0.3019608 0.3019608 0.3019608 1 0.5019608 0.5019608 0.5019608 1 0.8 0.8 0.8 1 0.3019608 0.3019608 0.3019608 1 0.8980392 0.8980392 0.8980392 1 0.6980392 0.6980392 0.6980392 1 0.8980392 0.8980392 0.8980392 1 0.6980392 0.6980392 0.6980392 1 0.6980392 0.6980392 0.6980392 1 0.8980392 0.8980392 0.8980392 1 0.8980392 0.8980392 0.8980392 1 0.6980392 0.6980392 0.6980392 1 0.8980392 0.8980392 0.8980392 1 0.8980392 0.8980392 0.8980392 1 0.6980392 0.6980392 0.6980392 1 0.8980392 0.8980392 0.8980392 1 0.8980392 0.8980392 0.8980392 1 0.8980392 0.8980392 0.8980392 1 0.8980392 0.8980392 0.8980392 1 0.8980392 0.8980392 0.8980392 1 0.8980392 0.8980392 0.8980392 1 0.8980392 0.8980392 0.8980392 1 0.8980392 0.8980392 0.8980392 1 0.8980392 0.8980392 0.8980392 1 0.8980392 0.8980392 0.8980392 1 0.8980392 0.8980392 0.8980392 1 0.8980392 0.8980392 0.8980392 1 0.8980392 0.8980392 0.8980392 1 0.8980392 0.8980392 0.8980392 1 0.8980392 0.8980392 0.8980392 1 0.8980392 0.8980392 0.8980392 1 0.8980392 0.8980392 0.8980392 1 0.8980392 0.8980392 0.8980392 1 0.8980392 0.8980392 0.8980392 1 0.8980392 0.8980392 0.8980392 1 0.8980392 0.8980392 0.8980392 1 0.8980392 0.8980392 0.8980392 1 0.2 0.2 0.2 1 0.8 0.8 0.8 1 0.2 0.2 0.2 1 0.8 0.8 0.8 1 0.8 0.8 0.8 1 0.2 0.2 0.2 1 0.2 0.2 0.2 1 0.8 0.8 0.8 1 0.2 0.2 0.2 1 0.8 0.8 0.8 1 0.8 0.8 0.8 1 0.2 0.2 0.2 1 0.8 0.8 0.8 1 0.8 0.8 0.8 1 0.2 0.2 0.2 1 0.2 0.2 0.2 1 0.8 0.8 0.8 1 0.8 0.8 0.8 1 0.2 0.2 0.2 1 0.2 0.2 0.2 1 0.8 0.8 0.8 1 0.2 0.2 0.2 1 0.2 0.2 0.2 1 0.2 0.2 0.2 1 0.2 0.2 0.2 1 0.2 0.2 0.2 1 0.2 0.2 0.2 1 0.2 0.2 0.2 1 0.2 0.2 0.2 1 0.2 0.2 0.2 1 0.2 0.2 0.2 1 0.2 0.2 0.2 1 0.2 0.2 0.2 1 0.2 0.2 0.2 1 0.2 0.2 0.2 1 0.2 0.2 0.2 1 0.2 0.2 0.2 1 0.2 0.2 0.2 1 0.2 0.2 0.2 1 0.2 0.2 0.2 1 0.2 0.2 0.2 1 0.2 0.2 0.2 1 0.2 0.2 0.2 1 0.2 0.2 0.2 1 0.2 0.2 0.2 1 0.8 0.8 0.8 1 0.2 0.2 0.2 1 0.2 0.2 0.2 1 0.8 0.8 0.8 1 0.8 0.8 0.8 1 0.2 0.2 0.2 1 0.2 0.2 0.2 1 0.8 0.8 0.8 1 0.8 0.8 0.8 1 0.8 0.8 0.8 1 0.2 0.2 0.2 1 0.8 0.8 0.8 1 0.2 0.2 0.2 1 0.2 0.2 0.2 1 0.8 0.8 0.8 1 0.8 0.8 0.8 1 0.6 0.6 0.6 1 0.4 0.4 0.4 1 0.6 0.6 0.6 1 0.6 0.6 0.6 1 0.8 0.8 0.8 1 0.8 0.8 0.8 1 0.6 0.6 0.6 1 0.8 0.8 0.8 1 0.4 0.4 0.4 1 0.6 0.6 0.6 1 0.8 0.8 0.8 1 0.6 0.6 0.6 1 0.4 0.4 0.4 1 0.8 0.8 0.8 1 0.4 0.4 0.4 1 0.4 0.4 0.4 1 0.6 0.6 0.6 1 0.6 0.6 0.6 1 0.4 0.4 0.4 1 0.6 0.6 0.6 1 0.8 0.8 0.8 1 0.4 0.4 0.4 1 0.6 0.6 0.6 1 0.8 0.8 0.8 1 0.8 0.8 0.8 1 0.6 0.6 0.6 1 0.9019608 0.9019608 0.9019608 1 0.3019608 0.3019608 0.3019608 1 0.7019608 0.7019608 0.7019608 1 0 0 0 1 0.3019608 0.3019608 0.3019608 1 0.9019608 0.9019608 0.9019608 1 1 1 1 1 0 0 0 1 0.9019608 0.9019608 0.9019608 1 0.2 0.2 0.2 1 0 0 0 1 1 1 1 1 0.2 0.2 0.2 1 0.2 0.2 0.2 1 1 1 1 1 0.3019608 0.3019608 0.3019608 1 0.2 0.2 0.2 1 0.2 0.2 0.2 1 0.3019608 0.3019608 0.3019608 1 0.3019608 0.3019608 0.3019608 1 0.2 0.2 0.2 1 0.9019608 0.9019608 0.9019608 1 0.3019608 0.3019608 0.3019608 1 0.3019608 0.3019608 0.3019608 1 1 1 1 1 0.9019608 0.9019608 0.9019608 1 0.3019608 0.3019608 0.3019608 1 1 1 1 1 1 1 1 1 1 1 1 1 1 1 1 1 1 1 1 1 1 1 1 1 1 1 1 1 1 1 1 1 1 1 1 1 1 1 1 1 1 1 1 1 1 1 1 1 1 1 1 1 1 1 1 1 1 1 1 1 1 1 1 1 1 1 1 1 1 1 1 1 1 1 1 1 1 1 1 1 1 1 1 1 1 1 1 1 1 1 1 1 1 1 1 1 1 1 1 1 1 1 1 1 1 1 1 1 0.6980392 0.6980392 0.6980392 1 0.6 0.6 0.6 1 0 0 0 1 0.8980392 0.8980392 0.8980392 1 0.6 0.6 0.6 1 0.6980392 0.6980392 0.6980392 1 0.8980392 0.8980392 0.8980392 1 0.8980392 0.8980392 0.8980392 1 0.6980392 0.6980392 0.6980392 1 0.8980392 0.8980392 0.8980392 1 0.8980392 0.8980392 0.8980392 1 0.8980392 0.8980392 0.8980392 1 0.8980392 0.8980392 0.8980392 1 0.8980392 0.8980392 0.8980392 1 0.8980392 0.8980392 0.8980392 1 0.8980392 0.8980392 0.8980392 1 0.8980392 0.8980392 0.8980392 1 0.8980392 0.8980392 0.8980392 1 0.6980392 0.6980392 0.6980392 1 0.8980392 0.8980392 0.8980392 1 0.8980392 0.8980392 0.8980392 1 0.6 0.6 0.6 1 0.8980392 0.8980392 0.8980392 1 0.6980392 0.6980392 0.6980392 1 0 0 0 1 0.6 0.6 0.6 1 0.6980392 0.6980392 0.6980392 1 0.4980392 0.4980392 0.4980392 1 0.6980392 0.6980392 0.6980392 1 0.8980392 0.8980392 0.8980392 1 0.6980392 0.6980392 0.6980392 1 0.6980392 0.6980392 0.6980392 1 0.4980392 0.4980392 0.4980392 1 0.4980392 0.4980392 0.4980392 1 0.6980392 0.6980392 0.6980392 1 0.4980392 0.4980392 0.4980392 1 0.6980392 0.6980392 0.6980392 1 0.6980392 0.6980392 0.6980392 1 0.4980392 0.4980392 0.4980392 1 0.4980392 0.4980392 0.4980392 1 0.6980392 0.6980392 0.6980392 1 0.4980392 0.4980392 0.4980392 1 0.6980392 0.6980392 0.6980392 1 0.6980392 0.6980392 0.6980392 1 0.4980392 0.4980392 0.4980392 1 0.4980392 0.4980392 0.4980392 1 0.6980392 0.6980392 0.6980392 1 0.4980392 0.4980392 0.4980392 1 0.8 0.8 0.8 1 0.6980392 0.6980392 0.6980392 1 0.4980392 0.4980392 0.4980392 1 0.8980392 0.8980392 0.8980392 1 0.8 0.8 0.8 1 0.4980392 0.4980392 0.4980392 1 0.6980392 0.6980392 0.6980392 1 0.6980392 0.6980392 0.6980392 1 0.4 0.4 0.4 1 0.6980392 0.6980392 0.6980392 1 0.6980392 0.6980392 0.6980392 1 0.6980392 0.6980392 0.6980392 1 0.6980392 0.6980392 0.6980392 1 0.6980392 0.6980392 0.6980392 1 0.6980392 0.6980392 0.6980392 1 0.4156863 0.4156863 0.4156863 1 0.6980392 0.6980392 0.6980392 1 0.6980392 0.6980392 0.6980392 1 0.4156863 0.4156863 0.4156863 1 0.4156863 0.4156863 0.4156863 1 0.6980392 0.6980392 0.6980392 1 0.4 0.4 0.4 1 0.4156863 0.4156863 0.4156863 1 0.4156863 0.4156863 0.4156863 1 0.4 0.4 0.4 1 0.4 0.4 0.4 1 0.4156863 0.4156863 0.4156863 1 0.6980392 0.6980392 0.6980392 1 0.4 0.4 0.4 1 0.4 0.4 0.4 1 0 0 0 1 0.3019608 0.3019608 0.3019608 1 0.3019608 0.3019608 0.3019608 1 0 0 0 1 0.3019608 0.3019608 0.3019608 1 0 0 0 1 0.3019608 0.3019608 0.3019608 1 0 0 0 1 0 0 0 1 0.3019608 0.3019608 0.3019608 1 0 0 0 1 0.3019608 0.3019608 0.3019608 1 0.8 0.8 0.8 1 0.3019608 0.3019608 0.3019608 1 0.3019608 0.3019608 0.3019608 1 0.8 0.8 0.8 1 0.3019608 0.3019608 0.3019608 1 0.8 0.8 0.8 1 0.3019608 0.3019608 0.3019608 1 0.8 0.8 0.8 1 0.8 0.8 0.8 1 0.3019608 0.3019608 0.3019608 1 0.8 0.8 0.8 1 0.3019608 0.3019608 0.3019608 1 0.4980392 0.4980392 0.4980392 1 1 1 1 1 1 1 1 1 0.4980392 0.4980392 0.4980392 1 1 1 1 1 0.4980392 0.4980392 0.4980392 1 0.2 0.2 0.2 1 0.4980392 0.4980392 0.4980392 1 0.4980392 0.4980392 0.4980392 1 0.2 0.2 0.2 1 0.4980392 0.4980392 0.4980392 1 0.2 0.2 0.2 1 0.8 0.8 0.8 1 0.2 0.2 0.2 1 0.2 0.2 0.2 1 0.8 0.8 0.8 1 0.2 0.2 0.2 1 0.8 0.8 0.8 1 1 1 1 1 0.8 0.8 0.8 1 0.8 0.8 0.8 1 1 1 1 1 0.8 0.8 0.8 1 1 1 1 1 0.4 0.4 0.4 1 0.6980392 0.6980392 0.6980392 1 0.6980392 0.6980392 0.6980392 1 0.4 0.4 0.4 1 0.6980392 0.6980392 0.6980392 1 0.4 0.4 0.4 1 0.4117647 0.4117647 0.4117647 1 0.4 0.4 0.4 1 0.4 0.4 0.4 1 0.4117647 0.4117647 0.4117647 1 0.4 0.4 0.4 1 0.4117647 0.4117647 0.4117647 1 0.6980392 0.6980392 0.6980392 1 0.4117647 0.4117647 0.4117647 1 0.4117647 0.4117647 0.4117647 1 0.6980392 0.6980392 0.6980392 1 0.4117647 0.4117647 0.4117647 1 0.6980392 0.6980392 0.6980392 1 0.6980392 0.6980392 0.6980392 1 0.6980392 0.6980392 0.6980392 1 0.6980392 0.6980392 0.6980392 1 0.6980392 0.6980392 0.6980392 1 0.6980392 0.6980392 0.6980392 1 0.6980392 0.6980392 0.6980392 1 0.4 0.4 0.4 1 0.6980392 0.6980392 0.6980392 1 0.6980392 0.6980392 0.6980392 1 0.4 0.4 0.4 1 0.6980392 0.6980392 0.6980392 1 0.4 0.4 0.4 1 0.4156863 0.4156863 0.4156863 1 0.4 0.4 0.4 1 0.4 0.4 0.4 1 0.4156863 0.4156863 0.4156863 1 0.4 0.4 0.4 1 0.4156863 0.4156863 0.4156863 1 0.6980392 0.6980392 0.6980392 1 0.4156863 0.4156863 0.4156863 1 0.4156863 0.4156863 0.4156863 1 0.6980392 0.6980392 0.6980392 1 0.4156863 0.4156863 0.4156863 1 0.6980392 0.6980392 0.6980392 1 0.6980392 0.6980392 0.6980392 1 0.6980392 0.6980392 0.6980392 1 0.6980392 0.6980392 0.6980392 1 0.6980392 0.6980392 0.6980392 1 0.6980392 0.6980392 0.6980392 1 0.6980392 0.6980392 0.6980392 1 1 1 1 1 0.2 0.2 0.2 1 0.4980392 0.4980392 0.4980392 1 0.8 0.8 0.8 1 0.2 0.2 0.2 1 1 1 1 1 0 0 0 1 0.8 0.8 0.8 1 1 1 1 1 0.6980392 0.6980392 0.6980392 1 0.8 0.8 0.8 1 0 0 0 1 0 0 0 1 0.6980392 0.6980392 0.6980392 1 0 0 0 1 0.4980392 0.4980392 0.4980392 1 0.6980392 0.6980392 0.6980392 1 0 0 0 1 0.4980392 0.4980392 0.4980392 1 0.4980392 0.4980392 0.4980392 1 0 0 0 1 0.2 0.2 0.2 1 0.4980392 0.4980392 0.4980392 1 0.4980392 0.4980392 0.4980392 1 1 1 1 1 1 1 1 1 0.4980392 0.4980392 0.4980392 1 0.8 0.8 0.8 1 1 1 1 1 1 1 1 1 0.8 0.8 0.8 1 0.8 0.8 0.8 1 1 1 1 1 0.2 0.2 0.2 1 0.8 0.8 0.8 1 0.8 0.8 0.8 1 0.2 0.2 0.2 1 0.2 0.2 0.2 1 0.8 0.8 0.8 1 0.4980392 0.4980392 0.4980392 1 0.2 0.2 0.2 1 0.2 0.2 0.2 1 0.4980392 0.4980392 0.4980392 1 0.4980392 0.4980392 0.4980392 1 0.2 0.2 0.2 1 1 1 1 1 0.4980392 0.4980392 0.4980392 1 0.4980392 0.4980392 0.4980392 1 0.6980392 0.6980392 0.6980392 1 0.6980392 0.6980392 0.6980392 1 0.4 0.4 0.4 1 0.6980392 0.6980392 0.6980392 1 0.6980392 0.6980392 0.6980392 1 0.6980392 0.6980392 0.6980392 1 0.6980392 0.6980392 0.6980392 1 0.6980392 0.6980392 0.6980392 1 0.6980392 0.6980392 0.6980392 1 0.4117647 0.4117647 0.4117647 1 0.6980392 0.6980392 0.6980392 1 0.6980392 0.6980392 0.6980392 1 0.4117647 0.4117647 0.4117647 1 0.4117647 0.4117647 0.4117647 1 0.6980392 0.6980392 0.6980392 1 0.4 0.4 0.4 1 0.4117647 0.4117647 0.4117647 1 0.4117647 0.4117647 0.4117647 1 0.4 0.4 0.4 1 0.4 0.4 0.4 1 0.4117647 0.4117647 0.4117647 1 0.6980392 0.6980392 0.6980392 1 0.4 0.4 0.4 1 0.4 0.4 0.4 1 1 1 1 1 0.8 0.8 0.8 1 0.8 0.8 0.8 1 1 1 1 1 0.8 0.8 0.8 1 1 1 1 1 0.6980392 0.6980392 0.6980392 1 1 1 1 1 1 1 1 1 0.6980392 0.6980392 0.6980392 1 1 1 1 1 0.6980392 0.6980392 0.6980392 1 0.2 0.2 0.2 1 0.6980392 0.6980392 0.6980392 1 0.6980392 0.6980392 0.6980392 1 0.6980392 0.6980392 0.6980392 1 0.6980392 0.6980392 0.6980392 1 0.2 0.2 0.2 1 0.2 0.2 0.2 1 0.6980392 0.6980392 0.6980392 1 0.2 0.2 0.2 1 0.2 0.2 0.2 1 0.2 0.2 0.2 1 0.2 0.2 0.2 1 0.2 0.2 0.2 1 0.2 0.2 0.2 1 0.2 0.2 0.2 1 0.6980392 0.6980392 0.6980392 1 0.2 0.2 0.2 1 0.2 0.2 0.2 1 0.6980392 0.6980392 0.6980392 1 0.2 0.2 0.2 1 0.6980392 0.6980392 0.6980392 1 1 1 1 1 0.6980392 0.6980392 0.6980392 1 0.6980392 0.6980392 0.6980392 1 1 1 1 1 0.6980392 0.6980392 0.6980392 1 1 1 1 1 0.8 0.8 0.8 1 1 1 1 1 1 1 1 1 0.4980392 0.4980392 0.4980392 1 0.8980392 0.8980392 0.8980392 1 0.6980392 0.6980392 0.6980392 1 0.8980392 0.8980392 0.8980392 1 0.8980392 0.8980392 0.8980392 1 0.4980392 0.4980392 0.4980392 1 0.4980392 0.4980392 0.4980392 1 0.8980392 0.8980392 0.8980392 1 0.4980392 0.4980392 0.4980392 1 0.8 0.8 0.8 1 0.8980392 0.8980392 0.8980392 1 0.4980392 0.4980392 0.4980392 1 0.6980392 0.6980392 0.6980392 1 0.8 0.8 0.8 1 0.4980392 0.4980392 0.4980392 1 0.8 0.8 0.8 1 0.8 0.8 0.8 1 0.6980392 0.6980392 0.6980392 1 0.6980392 0.6980392 0.6980392 1 0.4980392 0.4980392 0.4980392 1 0.6980392 0.6980392 0.6980392 1 0.4980392 0.4980392 0.4980392 1 0.4980392 0.4980392 0.4980392 1 0.6980392 0.6980392 0.6980392 1 0.6980392 0.6980392 0.6980392 1 0.4980392 0.4980392 0.4980392 1 0.6980392 0.6980392 0.6980392 1 0.4980392 0.4980392 0.4980392 1 0.4980392 0.4980392 0.4980392 1 0.6980392 0.6980392 0.6980392 1 0.6980392 0.6980392 0.6980392 1 0.4980392 0.4980392 0.4980392 1 0.6980392 0.6980392 0.6980392 1 0.4980392 0.4980392 0.4980392 1 0.4980392 0.4980392 0.4980392 1 0.6980392 0.6980392 0.6980392 1 0.8980392 0.8980392 0.8980392 1 0.8980392 0.8980392 0.8980392 1 0.8980392 0.8980392 0.8980392 1 0.8 0.8 0.8 1 0.8980392 0.8980392 0.8980392 1 0.8980392 0.8980392 0.8980392 1 0.8 0.8 0.8 1 0.8 0.8 0.8 1 0.8980392 0.8980392 0.8980392 1 0.6 0.6 0.6 1 0.8 0.8 0.8 1 0.8 0.8 0.8 1 0.6 0.6 0.6 1 0.6 0.6 0.6 1 0.8 0.8 0.8 1 0.6 0.6 0.6 1 0.6 0.6 0.6 1 0.6 0.6 0.6 1 0.6980392 0.6980392 0.6980392 1 0.2980392 0.2980392 0.2980392 1 0.2980392 0.2980392 0.2980392 1 0.6 0.6 0.6 1 0.2980392 0.2980392 0.2980392 1 0.6980392 0.6980392 0.6980392 1 0.6980392 0.6980392 0.6980392 1 0.6 0.6 0.6 1 0.6980392 0.6980392 0.6980392 1 0.6 0.6 0.6 1 0.6 0.6 0.6 1 0.6980392 0.6980392 0.6980392 1 0.2980392 0.2980392 0.2980392 1 0.6 0.6 0.6 1 0.6980392 0.6980392 0.6980392 1 0.2980392 0.2980392 0.2980392 1 0.6 0.6 0.6 1 0.2980392 0.2980392 0.2980392 1 0.8980392 0.8980392 0.8980392 1 0.6980392 0.6980392 0.6980392 1 0.8980392 0.8980392 0.8980392 1 0.8 0.8 0.8 1 0.6980392 0.6980392 0.6980392 1 0.8980392 0.8980392 0.8980392 1 0.8980392 0.8980392 0.8980392 1 0.8 0.8 0.8 1 0.8980392 0.8980392 0.8980392 1 0.8 0.8 0.8 1 0.8 0.8 0.8 1 0.8980392 0.8980392 0.8980392 1 0.8980392 0.8980392 0.8980392 1 0.8 0.8 0.8 1 0.8980392 0.8980392 0.8980392 1 0.6980392 0.6980392 0.6980392 1 0.8 0.8 0.8 1 0.8980392 0.8980392 0.8980392 1 0.7019608 0.7019608 0.7019608 1 0.7019608 0.7019608 0.7019608 1 0.6 0.6 0.6 1 0.7019608 0.7019608 0.7019608 1 0.7019608 0.7019608 0.7019608 1 0.7019608 0.7019608 0.7019608 1 0.7019608 0.7019608 0.7019608 1 0.7019608 0.7019608 0.7019608 1 0.7019608 0.7019608 0.7019608 1 0.9019608 0.9019608 0.9019608 1 0.7019608 0.7019608 0.7019608 1 0.7019608 0.7019608 0.7019608 1 0.1019608 0.1019608 0.1019608 1 0.9019608 0.9019608 0.9019608 1 0.7019608 0.7019608 0.7019608 1 0.6 0.6 0.6 1 0.9019608 0.9019608 0.9019608 1 0.1019608 0.1019608 0.1019608 1 0.4980392 0.4980392 0.4980392 1 0.8 0.8 0.8 1 0.6 0.6 0.6 1 0.8980392 0.8980392 0.8980392 1 0.8 0.8 0.8 1 0.4980392 0.4980392 0.4980392 1 0.4980392 0.4980392 0.4980392 1 0.8980392 0.8980392 0.8980392 1 0.4980392 0.4980392 0.4980392 1 0.8980392 0.8980392 0.8980392 1 0.8980392 0.8980392 0.8980392 1 0.4980392 0.4980392 0.4980392 1 0.6 0.6 0.6 1 0.8980392 0.8980392 0.8980392 1 0.4980392 0.4980392 0.4980392 1 0.8 0.8 0.8 1 0.8980392 0.8980392 0.8980392 1 0.6 0.6 0.6 1 0.6 0.6 0.6 1 0.6 0.6 0.6 1 0.6 0.6 0.6 1 0.8 0.8 0.8 1 0.6 0.6 0.6 1 0.6 0.6 0.6 1 0.8 0.8 0.8 1 0.8 0.8 0.8 1 0.6 0.6 0.6 1 0.8980392 0.8980392 0.8980392 1 0.8 0.8 0.8 1 0.8 0.8 0.8 1 0.8980392 0.8980392 0.8980392 1 0.8980392 0.8980392 0.8980392 1 0.8 0.8 0.8 1 0.8980392 0.8980392 0.8980392 1 0.8980392 0.8980392 0.8980392 1 0.8980392 0.8980392 0.8980392 1 0.7019608 0.7019608 0.7019608 1 0.1019608 0.1019608 0.1019608 1 0.4 0.4 0.4 1 0.6 0.6 0.6 1 0.1019608 0.1019608 0.1019608 1 0.7019608 0.7019608 0.7019608 1 0.6 0.6 0.6 1 0.6 0.6 0.6 1 0.7019608 0.7019608 0.7019608 1 0.9019608 0.9019608 0.9019608 1 0.6 0.6 0.6 1 0.6 0.6 0.6 1 0.1019608 0.1019608 0.1019608 1 0.9019608 0.9019608 0.9019608 1 0.6 0.6 0.6 1 0.7019608 0.7019608 0.7019608 1 0.9019608 0.9019608 0.9019608 1 0.1019608 0.1019608 0.1019608 1 0.4980392 0.4980392 0.4980392 1 0 0 0 1 0 0 0 1 0.4980392 0.4980392 0.4980392 1 0 0 0 1 0.4980392 0.4980392 0.4980392 1 1 1 1 1 0.4980392 0.4980392 0.4980392 1 0.4980392 0.4980392 0.4980392 1 1 1 1 1 0.4980392 0.4980392 0.4980392 1 1 1 1 1 0 0 0 1 1 1 1 1 1 1 1 1 0 0 0 1 1 1 1 1 0 0 0 1 1 1 1 1 0.8980392 0.8980392 0.8980392 1 0.8980392 0.8980392 0.8980392 1 1 1 1 1 0.8980392 0.8980392 0.8980392 1 1 1 1 1 0.6980392 0.6980392 0.6980392 1 1 1 1 1 1 1 1 1 0.6980392 0.6980392 0.6980392 1 1 1 1 1 0.6980392 0.6980392 0.6980392 1 0.2 0.2 0.2 1 0.6980392 0.6980392 0.6980392 1 0.6980392 0.6980392 0.6980392 1 0.2 0.2 0.2 1 0.6980392 0.6980392 0.6980392 1 0.2 0.2 0.2 1 0.9019608 0.9019608 0.9019608 1 0.8980392 0.8980392 0.8980392 1 0.4 0.4 0.4 1 0.4 0.4 0.4 1 0.8980392 0.8980392 0.8980392 1 0.9019608 0.9019608 0.9019608 1 0.4 0.4 0.4 1 0.4 0.4 0.4 1 0.9019608 0.9019608 0.9019608 1 0.4 0.4 0.4 1 0.4 0.4 0.4 1 0.4 0.4 0.4 1 0.4 0.4 0.4 1 0.4 0.4 0.4 1 0.4 0.4 0.4 1 0.9019608 0.9019608 0.9019608 1 0.4 0.4 0.4 1 0.4 0.4 0.4 1 0.6 0.6 0.6 1 0.2980392 0.2980392 0.2980392 1 0.6980392 0.6980392 0.6980392 1 0.2 0.2 0.2 1 0.2980392 0.2980392 0.2980392 1 0.6 0.6 0.6 1 0.6 0.6 0.6 1 0.2 0.2 0.2 1 0.6 0.6 0.6 1 0.6 0.6 0.6 1 0.2 0.2 0.2 1 0.6 0.6 0.6 1 0.8980392 0.8980392 0.8980392 1 0.6 0.6 0.6 1 0.6 0.6 0.6 1 0.8980392 0.8980392 0.8980392 1 0.6 0.6 0.6 1 0.8980392 0.8980392 0.8980392 1 0.2 0.2 0.2 1 0.2980392 0.2980392 0.2980392 1 0.2980392 0.2980392 0.2980392 1 0.2 0.2 0.2 1 0.2980392 0.2980392 0.2980392 1 0.2 0.2 0.2 1 0.6 0.6 0.6 1 0.2 0.2 0.2 1 0.2 0.2 0.2 1 0.6 0.6 0.6 1 0.2 0.2 0.2 1 0.6 0.6 0.6 1 0.8980392 0.8980392 0.8980392 1 0.6 0.6 0.6 1 0.6 0.6 0.6 1 0.8 0.8 0.8 1 0.6 0.6 0.6 1 0.8980392 0.8980392 0.8980392 1 0.8 0.8 0.8 1 0.8 0.8 0.8 1 0.6980392 0.6980392 0.6980392 1 0.8 0.8 0.8 1 0.8 0.8 0.8 1 0.8 0.8 0.8 1 0.8980392 0.8980392 0.8980392 1 0.8 0.8 0.8 1 0.8 0.8 0.8 1 0.6 0.6 0.6 1 0.8 0.8 0.8 1 0.8980392 0.8980392 0.8980392 1 0.8 0.8 0.8 1 0.6 0.6 0.6 1 0.8980392 0.8980392 0.8980392 1 0.8980392 0.8980392 0.8980392 1 0.6 0.6 0.6 1 0.8 0.8 0.8 1 0.4980392 0.4980392 0.4980392 1 0.8980392 0.8980392 0.8980392 1 0.8980392 0.8980392 0.8980392 1 0.8980392 0.8980392 0.8980392 1 0.8980392 0.8980392 0.8980392 1 0.4980392 0.4980392 0.4980392 1 0.4980392 0.4980392 0.4980392 1 0.8980392 0.8980392 0.8980392 1 0.4980392 0.4980392 0.4980392 1 0.8980392 0.8980392 0.8980392 1 0.8980392 0.8980392 0.8980392 1 0.4980392 0.4980392 0.4980392 1 0.4980392 0.4980392 0.4980392 1 0.8980392 0.8980392 0.8980392 1 0.4980392 0.4980392 0.4980392 1 0.4980392 0.4980392 0.4980392 1 0.8980392 0.8980392 0.8980392 1 0.8980392 0.8980392 0.8980392 1 0.8980392 0.8980392 0.8980392 1 0.8980392 0.8980392 0.8980392 1 0.4980392 0.4980392 0.4980392 1 0.4980392 0.4980392 0.4980392 1 0.8980392 0.8980392 0.8980392 1 0.4980392 0.4980392 0.4980392 1 0.8980392 0.8980392 0.8980392 1 0.8980392 0.8980392 0.8980392 1 0.4980392 0.4980392 0.4980392 1 0.4980392 0.4980392 0.4980392 1 0.8980392 0.8980392 0.8980392 1 0.4980392 0.4980392 0.4980392 1 0.5686275 0.5686275 0.5686275 1 0.8980392 0.8980392 0.8980392 1 0.6 0.6 0.6 1 0.8 0.8 0.8 1 0.8980392 0.8980392 0.8980392 1 0.5686275 0.5686275 0.5686275 1 0.2 0.2 0.2 1 0.8 0.8 0.8 1 0.5686275 0.5686275 0.5686275 1 0.7294118 0.7294118 0.7294118 1 0.8 0.8 0.8 1 0.2 0.2 0.2 1 0.05490195 0.05490195 0.05490195 1 0.7294118 0.7294118 0.7294118 1 0.2 0.2 0.2 1 0.8 0.8 0.8 1 0.8 0.8 0.8 1 0.8 0.8 0.8 1 0.8980392 0.8980392 0.8980392 1 0.8 0.8 0.8 1 0.8 0.8 0.8 1 0.6 0.6 0.6 1 0.8980392 0.8980392 0.8980392 1 0.8 0.8 0.8 1 0.8 0.8 0.8 1 0.8980392 0.8980392 0.8980392 1 0.6 0.6 0.6 1 0.8980392 0.8980392 0.8980392 1 0.8 0.8 0.8 1 0.6 0.6 0.6 1 0.4980392 0.4980392 0.4980392 1 0.2 0.2 0.2 1 0.2 0.2 0.2 1 0.4980392 0.4980392 0.4980392 1 0.2 0.2 0.2 1 0.4980392 0.4980392 0.4980392 1 1 1 1 1 0.4980392 0.4980392 0.4980392 1 0.4980392 0.4980392 0.4980392 1 1 1 1 1 0.4980392 0.4980392 0.4980392 1 1 1 1 1 0.8 0.8 0.8 1 1 1 1 1 1 1 1 1 0.2 0.2 0.2 1 0.4 0.4 0.4 1 0.4 0.4 0.4 1 0.2 0.2 0.2 1 0.4 0.4 0.4 1 0.2 0.2 0.2 1 0.2 0.2 0.2 1 0.2 0.2 0.2 1 0.2 0.2 0.2 1 0.2 0.2 0.2 1 0.2 0.2 0.2 1 0.2 0.2 0.2 1 1 1 1 1 0.2 0.2 0.2 1 0.2 0.2 0.2 1 0.8 0.8 0.8 1 1 1 1 1 0.8 0.8 0.8 1 0.3019608 0.3019608 0.3019608 1 1 1 1 1 0.8 0.8 0.8 1 0.1019608 0.1019608 0.1019608 1 0.3019608 0.3019608 0.3019608 1 0.8 0.8 0.8 1 0.1019608 0.1019608 0.1019608 1 0.3019608 0.3019608 0.3019608 1 0.1019608 0.1019608 0.1019608 1 0.6 0.6 0.6 1 0.1019608 0.1019608 0.1019608 1 0.1019608 0.1019608 0.1019608 1 0.6 0.6 0.6 1 0.6 0.6 0.6 1 0.6 0.6 0.6 1 0.2 0.2 0.2 1 0.6 0.6 0.6 1 0.6 0.6 0.6 1 0.2 0.2 0.2 1 0.2 0.2 0.2 1 0.6 0.6 0.6 1 0.2 0.2 0.2 1 0.2 0.2 0.2 1 0.2 0.2 0.2 1 0.2 0.2 0.2 1 0.2 0.2 0.2 1 0.2 0.2 0.2 1 0.2 0.2 0.2 1 0.6 0.6 0.6 1 0.2 0.2 0.2 1 0.4980392 0.4980392 0.4980392 1 0.6 0.6 0.6 1 0.2 0.2 0.2 1 0.2 0.2 0.2 1 0.4980392 0.4980392 0.4980392 1 0.2 0.2 0.2 1 0.4980392 0.4980392 0.4980392 1 0.4980392 0.4980392 0.4980392 1 0.2 0.2 0.2 1 0.4980392 0.4980392 0.4980392 1 0.4980392 0.4980392 0.4980392 1 0.2 0.2 0.2 1 0.8 0.8 0.8 1 0 0 0 1 1 1 1 1 0.6980392 0.6980392 0.6980392 1 0 0 0 1 0.8 0.8 0.8 1 1 1 1 1 0.6980392 0.6980392 0.6980392 1 0.8 0.8 0.8 1 0.4980392 0.4980392 0.4980392 1 0.6980392 0.6980392 0.6980392 1 1 1 1 1 1 1 1 1 1 1 1 1 1 1 1 1 1 1 1 1 1 1 1 1 1 1 1 1 1 1 1 1 1 1 1 1 1 1 1 1 1 1 1 1 1 1 1 1 1 1 1 1 0.6980392 0.6980392 0.6980392 1 0.6 0.6 0.6 1 0.4 0.4 0.4 1 0.8980392 0.8980392 0.8980392 1 0.6 0.6 0.6 1 0.6980392 0.6980392 0.6980392 1 0.4 0.4 0.4 1 0.8980392 0.8980392 0.8980392 1 0.6980392 0.6980392 0.6980392 1 0.6 0.6 0.6 1 0.8980392 0.8980392 0.8980392 1 0.4 0.4 0.4 1 0.4980392 0.4980392 0.4980392 1 0.8980392 0.8980392 0.8980392 1 0.8980392 0.8980392 0.8980392 1 0.4980392 0.4980392 0.4980392 1 0.8980392 0.8980392 0.8980392 1 0.4980392 0.4980392 0.4980392 1 0.8980392 0.8980392 0.8980392 1 0.4980392 0.4980392 0.4980392 1 0.4980392 0.4980392 0.4980392 1 0.8980392 0.8980392 0.8980392 1 0.4980392 0.4980392 0.4980392 1 0.8980392 0.8980392 0.8980392 1 0.2980392 0.2980392 0.2980392 1 0.4 0.4 0.4 1 0.2980392 0.2980392 0.2980392 1 0.4117647 0.4117647 0.4117647 1 0.4 0.4 0.4 1 0.2980392 0.2980392 0.2980392 1 0.2980392 0.2980392 0.2980392 1 0.4117647 0.4117647 0.4117647 1 0.2980392 0.2980392 0.2980392 1 0.6 0.6 0.6 1 0.4117647 0.4117647 0.4117647 1 0.2980392 0.2980392 0.2980392 1 0.4 0.4 0.4 1 0.9019608 0.9019608 0.9019608 1 0.8980392 0.8980392 0.8980392 1 0.4 0.4 0.4 1 0.9019608 0.9019608 0.9019608 1 0.4 0.4 0.4 1 0.4 0.4 0.4 1 0.4 0.4 0.4 1 0.4 0.4 0.4 1 0.4 0.4 0.4 1 0.4 0.4 0.4 1 0.4 0.4 0.4 1 1 1 1 1 1 1 1 1 1 1 1 1 1 1 1 1 1 1 1 1 1 1 1 1 1 1 1 1 1 1 1 1 1 1 1 1 1 1 1 1 1 1 1 1 1 1 1 1 0.8980392 0.8980392 0.8980392 1 0.6 0.6 0.6 1 0.6 0.6 0.6 1 0.8980392 0.8980392 0.8980392 1 0.6 0.6 0.6 1 0.8980392 0.8980392 0.8980392 1 0.6 0.6 0.6 1 0.8980392 0.8980392 0.8980392 1 0.8980392 0.8980392 0.8980392 1 0.6 0.6 0.6 1 0.8980392 0.8980392 0.8980392 1 0.6 0.6 0.6 1 0.9019608 0.9019608 0.9019608 1 0.9019608 0.9019608 0.9019608 1 0.6 0.6 0.6 1 0.7019608 0.7019608 0.7019608 1 0.9019608 0.9019608 0.9019608 1 0.9019608 0.9019608 0.9019608 1 0.7019608 0.7019608 0.7019608 1 0.7019608 0.7019608 0.7019608 1 0.9019608 0.9019608 0.9019608 1 0.7019608 0.7019608 0.7019608 1 0.7019608 0.7019608 0.7019608 1 0.7019608 0.7019608 0.7019608 1 0.6980392 0.6980392 0.6980392 1 0.4 0.4 0.4 1 0.4 0.4 0.4 1 0.6980392 0.6980392 0.6980392 1 0.4 0.4 0.4 1 0.6980392 0.6980392 0.6980392 1 0.4 0.4 0.4 1 0.6980392 0.6980392 0.6980392 1 0.6980392 0.6980392 0.6980392 1 0.4 0.4 0.4 1 0.6980392 0.6980392 0.6980392 1 0.4 0.4 0.4 1 0.6980392 0.6980392 0.6980392 1 0.4 0.4 0.4 1 0.4 0.4 0.4 1 0.6980392 0.6980392 0.6980392 1 0.4 0.4 0.4 1 0.6980392 0.6980392 0.6980392 1 0.4 0.4 0.4 1 0.6980392 0.6980392 0.6980392 1 0.6980392 0.6980392 0.6980392 1 0.4 0.4 0.4 1 0.6980392 0.6980392 0.6980392 1 0.4 0.4 0.4 1 0.2980392 0.2980392 0.2980392 1 0.2980392 0.2980392 0.2980392 1 0.2980392 0.2980392 0.2980392 1 0.2980392 0.2980392 0.2980392 1 0.2980392 0.2980392 0.2980392 1 0.2980392 0.2980392 0.2980392 1 0.6980392 0.6980392 0.6980392 1 0.2980392 0.2980392 0.2980392 1 0.2980392 0.2980392 0.2980392 1 0.6980392 0.6980392 0.6980392 1 0.2980392 0.2980392 0.2980392 1 0.6980392 0.6980392 0.6980392 1 0.2980392 0.2980392 0.2980392 1 0.4 0.4 0.4 1 0.2980392 0.2980392 0.2980392 1 0.4156863 0.4156863 0.4156863 1 0.4 0.4 0.4 1 0.2980392 0.2980392 0.2980392 1 0.2980392 0.2980392 0.2980392 1 0.4156863 0.4156863 0.4156863 1 0.2980392 0.2980392 0.2980392 1 0.6 0.6 0.6 1 0.4156863 0.4156863 0.4156863 1 0.2980392 0.2980392 0.2980392 1 0.2 0.2 0.2 1 0.2 0.2 0.2 1 0.2 0.2 0.2 1 0.6980392 0.6980392 0.6980392 1 0.2 0.2 0.2 1 0.2 0.2 0.2 1 0.6980392 0.6980392 0.6980392 1 0.6980392 0.6980392 0.6980392 1 0.2 0.2 0.2 1 1 1 1 1 0.6980392 0.6980392 0.6980392 1 0.6980392 0.6980392 0.6980392 1 0.8980392 0.8980392 0.8980392 1 0.8980392 0.8980392 0.8980392 1 0.8980392 0.8980392 0.8980392 1 0.8980392 0.8980392 0.8980392 1 0.8980392 0.8980392 0.8980392 1 0.8980392 0.8980392 0.8980392 1 0.8980392 0.8980392 0.8980392 1 0.8980392 0.8980392 0.8980392 1 0.8980392 0.8980392 0.8980392 1 0.8980392 0.8980392 0.8980392 1 0.8980392 0.8980392 0.8980392 1 0.8980392 0.8980392 0.8980392 1 0.8980392 0.8980392 0.8980392 1 0.6 0.6 0.6 1 0.6 0.6 0.6 1 0.8980392 0.8980392 0.8980392 1 0.6 0.6 0.6 1 0.8980392 0.8980392 0.8980392 1 0.6 0.6 0.6 1 0.8980392 0.8980392 0.8980392 1 0.8980392 0.8980392 0.8980392 1 0.6 0.6 0.6 1 0.8980392 0.8980392 0.8980392 1 0.6 0.6 0.6 1 0.2 0.2 0.2 1 0.8 0.8 0.8 1 0.8 0.8 0.8 1 0.2 0.2 0.2 1 0.8 0.8 0.8 1 0.2 0.2 0.2 1 0.2 0.2 0.2 1 0.2 0.2 0.2 1 0.2 0.2 0.2 1 0.2 0.2 0.2 1 0.2 0.2 0.2 1 0.2 0.2 0.2 1 0.8980392 0.8980392 0.8980392 1 0.6 0.6 0.6 1 0.6 0.6 0.6 1 0.8980392 0.8980392 0.8980392 1 0.6 0.6 0.6 1 0.8980392 0.8980392 0.8980392 1 0.6 0.6 0.6 1 0.8980392 0.8980392 0.8980392 1 0.8980392 0.8980392 0.8980392 1 0.6 0.6 0.6 1 0.8980392 0.8980392 0.8980392 1 0.6 0.6 0.6 1 0.8980392 0.8980392 0.8980392 1 0.4 0.4 0.4 1 0.6 0.6 0.6 1 0.6980392 0.6980392 0.6980392 1 0.4 0.4 0.4 1 0.8980392 0.8980392 0.8980392 1 0.6 0.6 0.6 1 0.6980392 0.6980392 0.6980392 1 0.8980392 0.8980392 0.8980392 1 0.4 0.4 0.4 1 0.6980392 0.6980392 0.6980392 1 0.6 0.6 0.6 1 0.8980392 0.8980392 0.8980392 1 0.8980392 0.8980392 0.8980392 1 0.8980392 0.8980392 0.8980392 1 0.8980392 0.8980392 0.8980392 1 0.8980392 0.8980392 0.8980392 1 0.8980392 0.8980392 0.8980392 1 0.8980392 0.8980392 0.8980392 1 0.8980392 0.8980392 0.8980392 1 0.8980392 0.8980392 0.8980392 1 0.8980392 0.8980392 0.8980392 1 0.8980392 0.8980392 0.8980392 1 0.8980392 0.8980392 0.8980392 1 0.6980392 0.6980392 0.6980392 1 0.8980392 0.8980392 0.8980392 1 0.8 0.8 0.8 1 0.8980392 0.8980392 0.8980392 1 0.8980392 0.8980392 0.8980392 1 0.6980392 0.6980392 0.6980392 1 0.6980392 0.6980392 0.6980392 1 0.8980392 0.8980392 0.8980392 1 0.6980392 0.6980392 0.6980392 1 0.8 0.8 0.8 1 0.8980392 0.8980392 0.8980392 1 0.6980392 0.6980392 0.6980392 1 0.2 0.2 0.2 1 0.3019608 0.3019608 0.3019608 1 0 0 0 1 0 0 0 1 0.3019608 0.3019608 0.3019608 1 0.2 0.2 0.2 1 0.9019608 0.9019608 0.9019608 1 0 0 0 1 0.2 0.2 0.2 1 0.3019608 0.3019608 0.3019608 1 0 0 0 1 0.9019608 0.9019608 0.9019608 1 0.6980392 0.6980392 0.6980392 1 0.8980392 0.8980392 0.8980392 1 0.6980392 0.6980392 0.6980392 1 0.8980392 0.8980392 0.8980392 1 0.8980392 0.8980392 0.8980392 1 0.6980392 0.6980392 0.6980392 1 0.6 0.6 0.6 1 0.8980392 0.8980392 0.8980392 1 0.6980392 0.6980392 0.6980392 1 0.4980392 0.4980392 0.4980392 1 0.4980392 0.4980392 0.4980392 1 0.4980392 0.4980392 0.4980392 1 0.4 0.4 0.4 1 0.4980392 0.4980392 0.4980392 1 0.4980392 0.4980392 0.4980392 1 0.4980392 0.4980392 0.4980392 1 0.4 0.4 0.4 1 0.4980392 0.4980392 0.4980392 1 0.0980392 0.0980392 0.0980392 1 0.4980392 0.4980392 0.4980392 1 0.8980392 0.8980392 0.8980392 1 0.8980392 0.8980392 0.8980392 1 0.4980392 0.4980392 0.4980392 1 0.0980392 0.0980392 0.0980392 1 0.8980392 0.8980392 0.8980392 1 0.8980392 0.8980392 0.8980392 1 0.0980392 0.0980392 0.0980392 1 1 1 1 1 0.8 0.8 0.8 1 0.8 0.8 0.8 1 1 1 1 1 0.8 0.8 0.8 1 1 1 1 1 0.4980392 0.4980392 0.4980392 1 1 1 1 1 1 1 1 1 0.2980392 0.2980392 0.2980392 1 0.6980392 0.6980392 0.6980392 1 0.8980392 0.8980392 0.8980392 1 0.2980392 0.2980392 0.2980392 1 0.6980392 0.6980392 0.6980392 1 0.2980392 0.2980392 0.2980392 1 0.2980392 0.2980392 0.2980392 1 0.2980392 0.2980392 0.2980392 1 0.2980392 0.2980392 0.2980392 1 0.2980392 0.2980392 0.2980392 1 0.2980392 0.2980392 0.2980392 1 0.2980392 0.2980392 0.2980392 1 0.2980392 0.2980392 0.2980392 1 0.2980392 0.2980392 0.2980392 1 0.2980392 0.2980392 0.2980392 1 0.2980392 0.2980392 0.2980392 1 0.2980392 0.2980392 0.2980392 1 0.2980392 0.2980392 0.2980392 1 0 0 0 1 0.8 0.8 0.8 1 0.8 0.8 0.8 1 0.8 0.8 0.8 1 0.8 0.8 0.8 1 0 0 0 1 0.8 0.8 0.8 1 0.8 0.8 0.8 1 0 0 0 1 0.2980392 0.2980392 0.2980392 1 0.2980392 0.2980392 0.2980392 1 0.2980392 0.2980392 0.2980392 1 0.2980392 0.2980392 0.2980392 1 0.2980392 0.2980392 0.2980392 1 0.2980392 0.2980392 0.2980392 1 0.2980392 0.2980392 0.2980392 1 0.2980392 0.2980392 0.2980392 1 0.2980392 0.2980392 0.2980392 1 0.2980392 0.2980392 0.2980392 1 0.2980392 0.2980392 0.2980392 1 0.2980392 0.2980392 0.2980392 1 0.6980392 0.6980392 0.6980392 1 0.2980392 0.2980392 0.2980392 1 0.2980392 0.2980392 0.2980392 1 0.8980392 0.8980392 0.8980392 1 0.6980392 0.6980392 0.6980392 1 0.2980392 0.2980392 0.2980392 1 0.8980392 0.8980392 0.8980392 1 0.6980392 0.6980392 0.6980392 1 0.8980392 0.8980392 0.8980392 1 0.6980392 0.6980392 0.6980392 1 0.6980392 0.6980392 0.6980392 1 0.8980392 0.8980392 0.8980392 1 0.8980392 0.8980392 0.8980392 1 0.6980392 0.6980392 0.6980392 1 0.8980392 0.8980392 0.8980392 1 0.4980392 0.4980392 0.4980392 1 0.4980392 0.4980392 0.4980392 1 0.4980392 0.4980392 0.4980392 1 0.4980392 0.4980392 0.4980392 1 0.4980392 0.4980392 0.4980392 1 0.4980392 0.4980392 0.4980392 1 0.4 0.4 0.4 1 0.4980392 0.4980392 0.4980392 1 0.4980392 0.4980392 0.4980392 1 0.6 0.6 0.6 1 0.8980392 0.8980392 0.8980392 1 0.6 0.6 0.6 1 0.8 0.8 0.8 1 0.8980392 0.8980392 0.8980392 1 0.6 0.6 0.6 1 0.6980392 0.6980392 0.6980392 1 0.8 0.8 0.8 1 0.6 0.6 0.6 1 0.2 0.2 0.2 1 0.2 0.2 0.2 1 0.2 0.2 0.2 1 0.2 0.2 0.2 1 0.2 0.2 0.2 1 0.2 0.2 0.2 1 0.6980392 0.6980392 0.6980392 1 0.2 0.2 0.2 1 0.2 0.2 0.2 1 0.2 0.2 0.2 1 0.2 0.2 0.2 1 0.2 0.2 0.2 1 0.2 0.2 0.2 1 0.2 0.2 0.2 1 0.2 0.2 0.2 1 0.6980392 0.6980392 0.6980392 1 0.2 0.2 0.2 1 0.2 0.2 0.2 1 1 1 1 1 0.6980392 0.6980392 0.6980392 1 0.6980392 0.6980392 0.6980392 1 1 1 1 1 0.6980392 0.6980392 0.6980392 1 1 1 1 1 0.8 0.8 0.8 1 1 1 1 1 1 1 1 1 0.6980392 0.6980392 0.6980392 1 0.8980392 0.8980392 0.8980392 1 0.6980392 0.6980392 0.6980392 1 0.8980392 0.8980392 0.8980392 1 0.8980392 0.8980392 0.8980392 1 0.6980392 0.6980392 0.6980392 1 0.6 0.6 0.6 1 0.8980392 0.8980392 0.8980392 1 0.6980392 0.6980392 0.6980392 1 1 1 1 1 1 1 1 1 0.6980392 0.6980392 0.6980392 1 0.8 0.8 0.8 1 1 1 1 1 1 1 1 1 0.8 0.8 0.8 1 0.8 0.8 0.8 1 1 1 1 1 0.8980392 0.8980392 0.8980392 1 0.8980392 0.8980392 0.8980392 1 0.8980392 0.8980392 0.8980392 1 0.8980392 0.8980392 0.8980392 1 0.8980392 0.8980392 0.8980392 1 0.8980392 0.8980392 0.8980392 1 0.8980392 0.8980392 0.8980392 1 0.8980392 0.8980392 0.8980392 1 0.8980392 0.8980392 0.8980392 1 0.6980392 0.6980392 0.6980392 1 0.8980392 0.8980392 0.8980392 1 1 1 1 1 0.6980392 0.6980392 0.6980392 1 0.8980392 0.8980392 0.8980392 1 0.6980392 0.6980392 0.6980392 1 0.4980392 0.4980392 0.4980392 1 0.6980392 0.6980392 0.6980392 1 0.6980392 0.6980392 0.6980392 1 0.2 0.2 0.2 1 0.4980392 0.4980392 0.4980392 1 0.2 0.2 0.2 1 0.4980392 0.4980392 0.4980392 1 0.4980392 0.4980392 0.4980392 1 0.2 0.2 0.2 1 0.6 0.6 0.6 1 0.4980392 0.4980392 0.4980392 1 0.2 0.2 0.2 1 0.06274509 0.06274509 0.06274509 1 0.4313725 0.4313725 0.4313725 1 0.06274509 0.06274509 0.06274509 1 0.6745098 0.6745098 0.6745098 1 0.4313725 0.4313725 0.4313725 1 0.06274509 0.06274509 0.06274509 1 0.7333334 0.7333334 0.7333334 1 0.6745098 0.6745098 0.6745098 1 0.06274509 0.06274509 0.06274509 1 0.8980392 0.8980392 0.8980392 1 0.8980392 0.8980392 0.8980392 1 0.8980392 0.8980392 0.8980392 1 0.8980392 0.8980392 0.8980392 1 0.8980392 0.8980392 0.8980392 1 0.8980392 0.8980392 0.8980392 1 0.8980392 0.8980392 0.8980392 1 0.8980392 0.8980392 0.8980392 1 0.8980392 0.8980392 0.8980392 1 0.6980392 0.6980392 0.6980392 1 0.6980392 0.6980392 0.6980392 1 0.6980392 0.6980392 0.6980392 1 0.6980392 0.6980392 0.6980392 1 0.6980392 0.6980392 0.6980392 1 0.6980392 0.6980392 0.6980392 1 0.6980392 0.6980392 0.6980392 1 0.6980392 0.6980392 0.6980392 1 0.6980392 0.6980392 0.6980392 1 0.6980392 0.6980392 0.6980392 1 0.8980392 0.8980392 0.8980392 1 0.6980392 0.6980392 0.6980392 1 0.8980392 0.8980392 0.8980392 1 0.8980392 0.8980392 0.8980392 1 0.6980392 0.6980392 0.6980392 1 0.6 0.6 0.6 1 0.8980392 0.8980392 0.8980392 1 0.6980392 0.6980392 0.6980392 1 0.4 0.4 0.4 1 0.6 0.6 0.6 1 0.6980392 0.6980392 0.6980392 1 0.2980392 0.2980392 0.2980392 1 0.6 0.6 0.6 1 0.4 0.4 0.4 1 0.2980392 0.2980392 0.2980392 1 0.2980392 0.2980392 0.2980392 1 0.4 0.4 0.4 1 0.4156863 0.4156863 0.4156863 1 0.2980392 0.2980392 0.2980392 1 0.4 0.4 0.4 1 0.2980392 0.2980392 0.2980392 1 0.2980392 0.2980392 0.2980392 1 0.4156863 0.4156863 0.4156863 1 0.6 0.6 0.6 1 0.2980392 0.2980392 0.2980392 1 0.4156863 0.4156863 0.4156863 1 0.2 0.2 0.2 1 0.2 0.2 0.2 1 0.8 0.8 0.8 1 0.2 0.2 0.2 1 0.2 0.2 0.2 1 0.2 0.2 0.2 1 0.2 0.2 0.2 1 0.2 0.2 0.2 1 0.2 0.2 0.2 1 0.6 0.6 0.6 1 0.2980392 0.2980392 0.2980392 1 0.2 0.2 0.2 1 0.6980392 0.6980392 0.6980392 1 0.2980392 0.2980392 0.2980392 1 0.6 0.6 0.6 1 0.8 0.8 0.8 1 0.6980392 0.6980392 0.6980392 1 0.6 0.6 0.6 1 0.6980392 0.6980392 0.6980392 1 0.6 0.6 0.6 1 0.4156863 0.4156863 0.4156863 1 0.8980392 0.8980392 0.8980392 1 0.6 0.6 0.6 1 0.6980392 0.6980392 0.6980392 1 0.8980392 0.8980392 0.8980392 1 0.8980392 0.8980392 0.8980392 1 0.6980392 0.6980392 0.6980392 1 1 1 1 1 1 1 1 1 1 1 1 1 1 1 1 1 1 1 1 1 1 1 1 1 1 1 1 1 1 1 1 1 1 1 1 1 0.6980392 0.6980392 0.6980392 1 0.8980392 0.8980392 0.8980392 1 0.6980392 0.6980392 0.6980392 1 0.8980392 0.8980392 0.8980392 1 0.8980392 0.8980392 0.8980392 1 0.6980392 0.6980392 0.6980392 1 0.6 0.6 0.6 1 0.8980392 0.8980392 0.8980392 1 0.6980392 0.6980392 0.6980392 1 0.3019608 0.3019608 0.3019608 1 0.2 0.2 0.2 1 0.2 0.2 0.2 1 1 1 1 1 0.2 0.2 0.2 1 0.3019608 0.3019608 0.3019608 1 0.9019608 0.9019608 0.9019608 1 1 1 1 1 0.3019608 0.3019608 0.3019608 1 0.4 0.4 0.4 1 0.6 0.6 0.6 1 0.6980392 0.6980392 0.6980392 1 0.2980392 0.2980392 0.2980392 1 0.6 0.6 0.6 1 0.4 0.4 0.4 1 0.2980392 0.2980392 0.2980392 1 0.2980392 0.2980392 0.2980392 1 0.4 0.4 0.4 1 0.4117647 0.4117647 0.4117647 1 0.2980392 0.2980392 0.2980392 1 0.4 0.4 0.4 1 0.2980392 0.2980392 0.2980392 1 0.2980392 0.2980392 0.2980392 1 0.4117647 0.4117647 0.4117647 1 0.6 0.6 0.6 1 0.2980392 0.2980392 0.2980392 1 0.4117647 0.4117647 0.4117647 1 0.6980392 0.6980392 0.6980392 1 0.6 0.6 0.6 1 0.4117647 0.4117647 0.4117647 1 0.8980392 0.8980392 0.8980392 1 0.6 0.6 0.6 1 0.6980392 0.6980392 0.6980392 1 0.8980392 0.8980392 0.8980392 1 0.8980392 0.8980392 0.8980392 1 0.6980392 0.6980392 0.6980392 1 0.0980392 0.0980392 0.0980392 1 0.8980392 0.8980392 0.8980392 1 0.4980392 0.4980392 0.4980392 1 0.8980392 0.8980392 0.8980392 1 0.8980392 0.8980392 0.8980392 1 0.0980392 0.0980392 0.0980392 1 0.8980392 0.8980392 0.8980392 1 0.8980392 0.8980392 0.8980392 1 0.0980392 0.0980392 0.0980392 1 0.3019608 0.3019608 0.3019608 1 0.3019608 0.3019608 0.3019608 1 0.1019608 0.1019608 0.1019608 1 1 1 1 1 0.3019608 0.3019608 0.3019608 1 0.3019608 0.3019608 0.3019608 1 1 1 1 1 1 1 1 1 0.3019608 0.3019608 0.3019608 1 0.8980392 0.8980392 0.8980392 1 0.8980392 0.8980392 0.8980392 1 0.6 0.6 0.6 1 0.6 0.6 0.6 1 0.8980392 0.8980392 0.8980392 1 0.8980392 0.8980392 0.8980392 1 0.6196079 0.6196079 0.6196079 1 0.6 0.6 0.6 1 0.8980392 0.8980392 0.8980392 1 0.6980392 0.6980392 0.6980392 1 0.4980392 0.4980392 0.4980392 1 0.4980392 0.4980392 0.4980392 1 0.6 0.6 0.6 1 0.4980392 0.4980392 0.4980392 1 0.6980392 0.6980392 0.6980392 1 0.6980392 0.6980392 0.6980392 1 0.6 0.6 0.6 1 0.6980392 0.6980392 0.6980392 1 0.6 0.6 0.6 1 0.8980392 0.8980392 0.8980392 1 0.8980392 0.8980392 0.8980392 1 0.2980392 0.2980392 0.2980392 1 0.8980392 0.8980392 0.8980392 1 0.6 0.6 0.6 1 0.2980392 0.2980392 0.2980392 1 0.2980392 0.2980392 0.2980392 1 0.6 0.6 0.6 1 0.6 0.6 0.6 1 0.2980392 0.2980392 0.2980392 1 0.2980392 0.2980392 0.2980392 1 0.2980392 0.2980392 0.2980392 1 0.2980392 0.2980392 0.2980392 1 0.6 0.6 0.6 1 0.8980392 0.8980392 0.8980392 1 0.2980392 0.2980392 0.2980392 1 0.6 0.6 0.6 1 0.8 0.8 0.8 1 0.8 0.8 0.8 1 0.8 0.8 0.8 1 0.8 0.8 0.8 1 0.8 0.8 0.8 1 0.8 0.8 0.8 1 0.8 0.8 0.8 1 0.8 0.8 0.8 1 0.8 0.8 0.8 1 0.8980392 0.8980392 0.8980392 1 0.8980392 0.8980392 0.8980392 1 0.8980392 0.8980392 0.8980392 1 0.8 0.8 0.8 1 0.8980392 0.8980392 0.8980392 1 0.8980392 0.8980392 0.8980392 1 0.2980392 0.2980392 0.2980392 1 0.2980392 0.2980392 0.2980392 1 0.2980392 0.2980392 0.2980392 1 0.2980392 0.2980392 0.2980392 1 0.2980392 0.2980392 0.2980392 1 0.2980392 0.2980392 0.2980392 1 0.8980392 0.8980392 0.8980392 1 0.8980392 0.8980392 0.8980392 1 0.8980392 0.8980392 0.8980392 1 0.8 0.8 0.8 1 0.8980392 0.8980392 0.8980392 1 0.8980392 0.8980392 0.8980392 1 0.6 0.6 0.6 1 0.6 0.6 0.6 1 0.6 0.6 0.6 1 0.8 0.8 0.8 1 0.6 0.6 0.6 1 0.6 0.6 0.6 1 0.6980392 0.6980392 0.6980392 1 0.4980392 0.4980392 0.4980392 1 0.4980392 0.4980392 0.4980392 1 0.6980392 0.6980392 0.6980392 1 0.4980392 0.4980392 0.4980392 1 0.6980392 0.6980392 0.6980392 1 0.4 0.4 0.4 1 0.8 0.8 0.8 1 0.4 0.4 0.4 1 0.8 0.8 0.8 1 0.8 0.8 0.8 1 0.4 0.4 0.4 1 0.6980392 0.6980392 0.6980392 1 0.6980392 0.6980392 0.6980392 1 0.8980392 0.8980392 0.8980392 1 0.4980392 0.4980392 0.4980392 1 0.6980392 0.6980392 0.6980392 1 0.6980392 0.6980392 0.6980392 1 0.4980392 0.4980392 0.4980392 1 0.6980392 0.6980392 0.6980392 1 0.4980392 0.4980392 0.4980392 1 0.6980392 0.6980392 0.6980392 1 0.6980392 0.6980392 0.6980392 1 0.4980392 0.4980392 0.4980392 1 0.8980392 0.8980392 0.8980392 1 0.6980392 0.6980392 0.6980392 1 1 1 1 1 0.6980392 0.6980392 0.6980392 1 0.6980392 0.6980392 0.6980392 1 0.8980392 0.8980392 0.8980392 1 0.6980392 0.6980392 0.6980392 1 0.2 0.2 0.2 1 0.6980392 0.6980392 0.6980392 1 0.2 0.2 0.2 1 0.2 0.2 0.2 1 0.6980392 0.6980392 0.6980392 1 0.6980392 0.6980392 0.6980392 1 0.6980392 0.6980392 0.6980392 1 0.8980392 0.8980392 0.8980392 1 0.4980392 0.4980392 0.4980392 1 0.6980392 0.6980392 0.6980392 1 0.6980392 0.6980392 0.6980392 1 0.4 0.4 0.4 1 0.8 0.8 0.8 1 0.8 0.8 0.8 1 0.4 0.4 0.4 1 0.8 0.8 0.8 1 0.4 0.4 0.4 1 0.05490195 0.05490195 0.05490195 1 0.6705883 0.6705883 0.6705883 1 0.7294118 0.7294118 0.7294118 1 0.05490195 0.05490195 0.05490195 1 0.6705883 0.6705883 0.6705883 1 0.05490195 0.05490195 0.05490195 1 0.6980392 0.6980392 0.6980392 1 0.8980392 0.8980392 0.8980392 1 0.6980392 0.6980392 0.6980392 1 0.8980392 0.8980392 0.8980392 1 0.8980392 0.8980392 0.8980392 1 0.6980392 0.6980392 0.6980392 1 0.05490195 0.05490195 0.05490195 1 0.6705883 0.6705883 0.6705883 1 0.05490195 0.05490195 0.05490195 1 0.427451 0.427451 0.427451 1 0.6705883 0.6705883 0.6705883 1 0.05490195 0.05490195 0.05490195 1 0.7294118 0.7294118 0.7294118 1 0.6196079 0.6196079 0.6196079 1 0.8980392 0.8980392 0.8980392 1 0.6705883 0.6705883 0.6705883 1 0.6196079 0.6196079 0.6196079 1 0.7294118 0.7294118 0.7294118 1 0.427451 0.427451 0.427451 1 0.6196079 0.6196079 0.6196079 1 0.6705883 0.6705883 0.6705883 1 0.4313725 0.4313725 0.4313725 1 0.6196079 0.6196079 0.6196079 1 0.427451 0.427451 0.427451 1 0.6745098 0.6745098 0.6745098 1 0.6196079 0.6196079 0.6196079 1 0.4313725 0.4313725 0.4313725 1 0.7333334 0.7333334 0.7333334 1 0.6196079 0.6196079 0.6196079 1 0.6745098 0.6745098 0.6745098 1 0.6196079 0.6196079 0.6196079 1 0.8980392 0.8980392 0.8980392 1 0.6 0.6 0.6 1 0.7333334 0.7333334 0.7333334 1 0.8980392 0.8980392 0.8980392 1 0.6196079 0.6196079 0.6196079 1 0.6 0.6 0.6 1 0.2980392 0.2980392 0.2980392 1 0.6 0.6 0.6 1 0.2980392 0.2980392 0.2980392 1 0.2980392 0.2980392 0.2980392 1 0.6 0.6 0.6 1 0.8980392 0.8980392 0.8980392 1 0.7019608 0.7019608 0.7019608 1 0.8980392 0.8980392 0.8980392 1 0.8980392 0.8980392 0.8980392 1 0.7019608 0.7019608 0.7019608 1 0.8980392 0.8980392 0.8980392 1 0.7019608 0.7019608 0.7019608 1 0.8980392 0.8980392 0.8980392 1 0.8980392 0.8980392 0.8980392 1 0.8980392 0.8980392 0.8980392 1 0.8980392 0.8980392 0.8980392 1 0.7019608 0.7019608 0.7019608 1 0.2980392 0.2980392 0.2980392 1 0.8980392 0.8980392 0.8980392 1 0.2980392 0.2980392 0.2980392 1 0.8980392 0.8980392 0.8980392 1 0.8980392 0.8980392 0.8980392 1 0.2980392 0.2980392 0.2980392 1 0.2980392 0.2980392 0.2980392 1 0.8980392 0.8980392 0.8980392 1 0.8980392 0.8980392 0.8980392 1 0.2980392 0.2980392 0.2980392 1 0.8980392 0.8980392 0.8980392 1 0.2980392 0.2980392 0.2980392 1 0.4980392 0.4980392 0.4980392 1 0.4980392 0.4980392 0.4980392 1 0.4980392 0.4980392 0.4980392 1 0.4980392 0.4980392 0.4980392 1 0.4980392 0.4980392 0.4980392 1 0.4980392 0.4980392 0.4980392 1 0.8980392 0.8980392 0.8980392 1 0.6980392 0.6980392 0.6980392 1 0.8980392 0.8980392 0.8980392 1 0.6 0.6 0.6 1 0.6980392 0.6980392 0.6980392 1 0.8980392 0.8980392 0.8980392 1 0.6 0.6 0.6 1 0.4 0.4 0.4 1 0.6980392 0.6980392 0.6980392 1 0.2980392 0.2980392 0.2980392 1 0.4 0.4 0.4 1 0.6 0.6 0.6 1 0.2980392 0.2980392 0.2980392 1 0.8980392 0.8980392 0.8980392 1 0.8980392 0.8980392 0.8980392 1 0.2980392 0.2980392 0.2980392 1 0.8980392 0.8980392 0.8980392 1 0.2980392 0.2980392 0.2980392 1 0.2980392 0.2980392 0.2980392 1 0.8980392 0.8980392 0.8980392 1 0.2980392 0.2980392 0.2980392 1 0.8980392 0.8980392 0.8980392 1 0.8980392 0.8980392 0.8980392 1 0.2980392 0.2980392 0.2980392 1 1 1 1 1 1 1 1 1 0.8 0.8 0.8 1 0.6980392 0.6980392 0.6980392 1 1 1 1 1 1 1 1 1 1 1 1 1 0.6980392 0.6980392 0.6980392 1 1 1 1 1 0.6980392 0.6980392 0.6980392 1 0.6980392 0.6980392 0.6980392 1 1 1 1 1 0.6980392 0.6980392 0.6980392 1 0.6980392 0.6980392 0.6980392 1 1 1 1 1 0.2 0.2 0.2 1 0.6980392 0.6980392 0.6980392 1 0.6980392 0.6980392 0.6980392 1 0.4 0.4 0.4 1 0.8 0.8 0.8 1 0.4 0.4 0.4 1 0.8 0.8 0.8 1 0.8 0.8 0.8 1 0.4 0.4 0.4 1 0.4 0.4 0.4 1 0.8 0.8 0.8 1 0.8 0.8 0.8 1 0.4 0.4 0.4 1 0.8 0.8 0.8 1 0.4 0.4 0.4 1 0.1019608 0.1019608 0.1019608 1 0.7019608 0.7019608 0.7019608 1 0.4 0.4 0.4 1 0.6 0.6 0.6 1 0.7019608 0.7019608 0.7019608 1 0.1019608 0.1019608 0.1019608 1 0.2 0.2 0.2 1 0.4980392 0.4980392 0.4980392 1 0.2 0.2 0.2 1 0.4980392 0.4980392 0.4980392 1 0.4980392 0.4980392 0.4980392 1 0.2 0.2 0.2 1 0.4980392 0.4980392 0.4980392 1 0.6980392 0.6980392 0.6980392 1 0.4980392 0.4980392 0.4980392 1 0.6 0.6 0.6 1 0.6980392 0.6980392 0.6980392 1 0.4980392 0.4980392 0.4980392 1 0.9019608 0.9019608 0.9019608 1 0.4 0.4 0.4 1 0.8980392 0.8980392 0.8980392 1 0.4 0.4 0.4 1 0.4 0.4 0.4 1 0.9019608 0.9019608 0.9019608 1 0.6 0.6 0.6 1 0.6 0.6 0.6 1 0.6 0.6 0.6 1 0.2 0.2 0.2 1 0.6 0.6 0.6 1 0.6 0.6 0.6 1 0.2 0.2 0.2 1 0.2 0.2 0.2 1 0.6 0.6 0.6 1 0.2 0.2 0.2 1 0.2 0.2 0.2 1 0.2 0.2 0.2 1 0.8980392 0.8980392 0.8980392 1 1 1 1 1 0.8980392 0.8980392 0.8980392 1 1 1 1 1 1 1 1 1 0.8980392 0.8980392 0.8980392 1 1 1 1 1 0.6980392 0.6980392 0.6980392 1 1 1 1 1 0.6980392 0.6980392 0.6980392 1 0.6980392 0.6980392 0.6980392 1 1 1 1 1 0.8980392 0.8980392 0.8980392 1 0.8 0.8 0.8 1 0.5333334 0.5333334 0.5333334 1 0.7333334 0.7333334 0.7333334 1 0.8 0.8 0.8 1 0.8980392 0.8980392 0.8980392 1 0.8980392 0.8980392 0.8980392 1 0.6980392 0.6980392 0.6980392 1 0.8980392 0.8980392 0.8980392 1 0.6 0.6 0.6 1 0.6980392 0.6980392 0.6980392 1 0.8980392 0.8980392 0.8980392 1 0.6 0.6 0.6 1 0.4 0.4 0.4 1 0.6980392 0.6980392 0.6980392 1 0.2980392 0.2980392 0.2980392 1 0.4 0.4 0.4 1 0.6 0.6 0.6 1 0.8 0.8 0.8 1 0.2 0.2 0.2 1 0.5647059 0.5647059 0.5647059 1 0.7333334 0.7333334 0.7333334 1 0.2 0.2 0.2 1 0.8 0.8 0.8 1 0.6 0.6 0.6 1 0.8980392 0.8980392 0.8980392 1 0.8980392 0.8980392 0.8980392 1 0.6 0.6 0.6 1 0.8980392 0.8980392 0.8980392 1 0.6 0.6 0.6 1 0.4 0.4 0.4 1 0.6 0.6 0.6 1 0.6 0.6 0.6 1 0.4 0.4 0.4 1 0.6 0.6 0.6 1 0.4 0.4 0.4 1 0.6980392 0.6980392 0.6980392 1 1 1 1 1 0.8 0.8 0.8 1 0.4980392 0.4980392 0.4980392 1 1 1 1 1 0.6980392 0.6980392 0.6980392 1 0.8 0.8 0.8 1 0.8 0.8 0.8 1 0.8980392 0.8980392 0.8980392 1 0.6 0.6 0.6 1 0.8 0.8 0.8 1 0.8 0.8 0.8 1 0.8 0.8 0.8 1 0.8 0.8 0.8 1 0.8980392 0.8980392 0.8980392 1 0.6 0.6 0.6 1 0.8 0.8 0.8 1 0.8 0.8 0.8 1 1 1 1 1 1 1 1 1 1 1 1 1 1 1 1 1 1 1 1 1 1 1 1 1 1 1 1 1 1 1 1 1 1 1 1 1 1 1 1 1 1 1 1 1 1 1 1 1 0.4 0.4 0.4 1 0.4 0.4 0.4 1 0.4 0.4 0.4 1 0.4 0.4 0.4 1 0.4 0.4 0.4 1 0.4 0.4 0.4 1 0.8 0.8 0.8 1 0.8 0.8 0.8 1 0.8 0.8 0.8 1 0.8 0.8 0.8 1 0.8 0.8 0.8 1 0.8 0.8 0.8 1 0.8980392 0.8980392 0.8980392 1 0.4980392 0.4980392 0.4980392 1 0.8980392 0.8980392 0.8980392 1 0.8980392 0.8980392 0.8980392 1 0.4980392 0.4980392 0.4980392 1 0.8980392 0.8980392 0.8980392 1 0.6980392 0.6980392 0.6980392 1 0.8980392 0.8980392 0.8980392 1 0.8980392 0.8980392 0.8980392 1 0.8 0.8 0.8 1 0.8980392 0.8980392 0.8980392 1 0.6980392 0.6980392 0.6980392 1 0.8980392 0.8980392 0.8980392 1 0.8 0.8 0.8 1 0.6980392 0.6980392 0.6980392 1 0.8980392 0.8980392 0.8980392 1 0.8 0.8 0.8 1 0.8980392 0.8980392 0.8980392 1 0.8 0.8 0.8 1 0.8980392 0.8980392 0.8980392 1 0.8980392 0.8980392 0.8980392 1 0.8 0.8 0.8 1 0.8980392 0.8980392 0.8980392 1 0.8 0.8 0.8 1 0.4980392 0.4980392 0.4980392 1 0.4980392 0.4980392 0.4980392 1 0.4980392 0.4980392 0.4980392 1 0.4980392 0.4980392 0.4980392 1 0.4980392 0.4980392 0.4980392 1 0.4980392 0.4980392 0.4980392 1 0.6980392 0.6980392 0.6980392 1 0.4156863 0.4156863 0.4156863 1 0.4 0.4 0.4 1 0.6980392 0.6980392 0.6980392 1 0.4156863 0.4156863 0.4156863 1 0.6980392 0.6980392 0.6980392 1 0.8 0.8 0.8 1 0.8 0.8 0.8 1 0.8980392 0.8980392 0.8980392 1 0.8980392 0.8980392 0.8980392 1 0.8 0.8 0.8 1 0.8 0.8 0.8 1 0.4980392 0.4980392 0.4980392 1 0.4980392 0.4980392 0.4980392 1 0.4980392 0.4980392 0.4980392 1 0.4980392 0.4980392 0.4980392 1 0.4980392 0.4980392 0.4980392 1 0.4980392 0.4980392 0.4980392 1 0.6980392 0.6980392 0.6980392 1 0.4117647 0.4117647 0.4117647 1 0.4 0.4 0.4 1 0.6980392 0.6980392 0.6980392 1 0.4117647 0.4117647 0.4117647 1 0.6980392 0.6980392 0.6980392 1 0.8 0.8 0.8 1 0.8 0.8 0.8 1 0.8980392 0.8980392 0.8980392 1 0.8980392 0.8980392 0.8980392 1 0.8 0.8 0.8 1 0.8 0.8 0.8 1 1 1 1 1 1 1 1 1 1 1 1 1 1 1 1 1 1 1 1 1 1 1 1 1 1 1 1 1 1 1 1 1 1 1 1 1 1 1 1 1 1 1 1 1 1 1 1 1 0.4980392 0.4980392 0.4980392 1 0.8980392 0.8980392 0.8980392 1 0.4980392 0.4980392 0.4980392 1 0.8980392 0.8980392 0.8980392 1 0.8980392 0.8980392 0.8980392 1 0.4980392 0.4980392 0.4980392 1 0.4 0.4 0.4 1 0.4 0.4 0.4 1 0.4 0.4 0.4 1 0.4 0.4 0.4 1 0.4 0.4 0.4 1 0.4 0.4 0.4 1 0.8 0.8 0.8 1 0.8 0.8 0.8 1 0.8 0.8 0.8 1 0.8 0.8 0.8 1 0.8 0.8 0.8 1 0.8 0.8 0.8 1 0.7019608 0.7019608 0.7019608 1 0.7019608 0.7019608 0.7019608 1 0.9019608 0.9019608 0.9019608 1 0.7019608 0.7019608 0.7019608 1 0.7019608 0.7019608 0.7019608 1 0.7019608 0.7019608 0.7019608 1 0.4980392 0.4980392 0.4980392 1 0.8980392 0.8980392 0.8980392 1 0.8980392 0.8980392 0.8980392 1 0.8980392 0.8980392 0.8980392 1 0.8980392 0.8980392 0.8980392 1 0.4980392 0.4980392 0.4980392 1 0.2 0.2 0.2 1 0.8 0.8 0.8 1 0.2 0.2 0.2 1 0.8 0.8 0.8 1 0.8 0.8 0.8 1 0.2 0.2 0.2 1 1 1 1 1 0.2 0.2 0.2 1 0.4980392 0.4980392 0.4980392 1 0.8 0.8 0.8 1 0.2 0.2 0.2 1 1 1 1 1 0.2 0.2 0.2 1 0.2 0.2 0.2 1 0.2 0.2 0.2 1 0.2 0.2 0.2 1 0.2 0.2 0.2 1 0.2 0.2 0.2 1 0.8 0.8 0.8 1 0.2 0.2 0.2 1 0.2 0.2 0.2 1 0.8 0.8 0.8 1 0.2 0.2 0.2 1 0.8 0.8 0.8 1 0.2 0.2 0.2 1 1 1 1 1 0.4980392 0.4980392 0.4980392 1 0.8 0.8 0.8 1 1 1 1 1 0.2 0.2 0.2 1 0.8 0.8 0.8 1 0.8 0.8 0.8 1 1 1 1 1 0.2 0.2 0.2 1 0.8 0.8 0.8 1 0.8 0.8 0.8 1 0 0 0 1 0.3019608 0.3019608 0.3019608 1 0.3019608 0.3019608 0.3019608 1 0.2 0.2 0.2 1 0.3019608 0.3019608 0.3019608 1 0 0 0 1 0.2 0.2 0.2 1 0 0 0 1 0.3019608 0.3019608 0.3019608 1 0.3019608 0.3019608 0.3019608 1 0 0 0 1 0.2 0.2 0.2 1 0 0 0 1 0.9019608 0.9019608 0.9019608 1 0.7019608 0.7019608 0.7019608 1 0.3019608 0.3019608 0.3019608 1 0.9019608 0.9019608 0.9019608 1 0 0 0 1 0.6980392 0.6980392 0.6980392 1 0 0 0 1 0 0 0 1 0.4980392 0.4980392 0.4980392 1 0 0 0 1 0.6980392 0.6980392 0.6980392 1 0.4980392 0.4980392 0.4980392 1 0.4980392 0.4980392 0.4980392 1 0 0 0 1 0.2 0.2 0.2 1 0.4980392 0.4980392 0.4980392 1 0.4980392 0.4980392 0.4980392 1 0.8980392 0.8980392 0.8980392 1 0.8980392 0.8980392 0.8980392 1 0.8980392 0.8980392 0.8980392 1 0.8980392 0.8980392 0.8980392 1 0.8980392 0.8980392 0.8980392 1 0.8980392 0.8980392 0.8980392 1 0.4 0.4 0.4 1 1 1 1 1 0.4 0.4 0.4 1 0.2 0.2 0.2 1 1 1 1 1 0.4 0.4 0.4 1 0.8980392 0.8980392 0.8980392 1 0.8980392 0.8980392 0.8980392 1 0.8980392 0.8980392 0.8980392 1 0.8980392 0.8980392 0.8980392 1 0.8980392 0.8980392 0.8980392 1 0.8980392 0.8980392 0.8980392 1 0.3019608 0.3019608 0.3019608 1 0.3019608 0.3019608 0.3019608 1 0.9019608 0.9019608 0.9019608 1 0.2 0.2 0.2 1 0.3019608 0.3019608 0.3019608 1 0.3019608 0.3019608 0.3019608 1 0.4 0.4 0.4 1 0.4 0.4 0.4 1 0.4 0.4 0.4 1 0.4 0.4 0.4 1 0.4 0.4 0.4 1 0.4 0.4 0.4 1 0.4156863 0.4156863 0.4156863 1 0.6980392 0.6980392 0.6980392 1 0.4 0.4 0.4 1 0.6980392 0.6980392 0.6980392 1 0.6980392 0.6980392 0.6980392 1 0.4156863 0.4156863 0.4156863 1 0.4 0.4 0.4 1 0.4 0.4 0.4 1 0.4 0.4 0.4 1 0.4 0.4 0.4 1 0.4 0.4 0.4 1 0.4 0.4 0.4 1 0.6 0.6 0.6 1 0.4 0.4 0.4 1 0.6 0.6 0.6 1 0.4 0.4 0.4 1 0.4 0.4 0.4 1 0.6 0.6 0.6 1 0.6 0.6 0.6 1 0.6 0.6 0.6 1 0.6 0.6 0.6 1 0.6 0.6 0.6 1 0.6 0.6 0.6 1 0.6 0.6 0.6 1 0 0 0 1 0.1019608 0.1019608 0.1019608 1 0.8 0.8 0.8 1 0.5019608 0.5019608 0.5019608 1 0.1019608 0.1019608 0.1019608 1 0 0 0 1 0.3019608 0.3019608 0.3019608 1 0.1019608 0.1019608 0.1019608 1 0.5019608 0.5019608 0.5019608 1 0.6 0.6 0.6 1 0.1019608 0.1019608 0.1019608 1 0.3019608 0.3019608 0.3019608 1 0.6 0.6 0.6 1 0.6 0.6 0.6 1 0.6 0.6 0.6 1 0.6 0.6 0.6 1 0.6 0.6 0.6 1 0.6 0.6 0.6 1 0.8 0.8 0.8 1 1 1 1 1 0.3019608 0.3019608 0.3019608 1 0.5019608 0.5019608 0.5019608 1 1 1 1 1 0.8 0.8 0.8 1 0.5019608 0.5019608 0.5019608 1 0.3019608 0.3019608 0.3019608 1 1 1 1 1 0 0 0 1 0.3019608 0.3019608 0.3019608 1 0.5019608 0.5019608 0.5019608 1 0.6 0.6 0.6 1 0.8 0.8 0.8 1 0.6 0.6 0.6 1 0.6 0.6 0.6 1 0.8 0.8 0.8 1 0.6 0.6 0.6 1 0.4117647 0.4117647 0.4117647 1 0.6980392 0.6980392 0.6980392 1 0.4 0.4 0.4 1 0.6980392 0.6980392 0.6980392 1 0.6980392 0.6980392 0.6980392 1 0.4117647 0.4117647 0.4117647 1 0.4 0.4 0.4 1 0.6 0.6 0.6 1 0.4 0.4 0.4 1 0.6 0.6 0.6 1 0.6 0.6 0.6 1 0.4 0.4 0.4 1 0.2 0.2 0.2 1 1 1 1 1 0.4980392 0.4980392 0.4980392 1 0.8 0.8 0.8 1 1 1 1 1 0.2 0.2 0.2 1 0.6980392 0.6980392 0.6980392 1 0.8980392 0.8980392 0.8980392 1 0.6980392 0.6980392 0.6980392 1 0.8980392 0.8980392 0.8980392 1 0.8980392 0.8980392 0.8980392 1 0.6980392 0.6980392 0.6980392 1 0.5019608 0.5019608 0.5019608 1 0 0 0 1 0 0 0 1 0 0 0 1 0 0 0 1 0.5019608 0.5019608 0.5019608 1 0.8 0.8 0.8 1 0.8 0.8 0.8 1 0.8 0.8 0.8 1 0.8 0.8 0.8 1 0.8 0.8 0.8 1 0.8 0.8 0.8 1 0 0 0 1 0.8 0.8 0.8 1 0 0 0 1 0.8 0.8 0.8 1 0.8 0.8 0.8 1 0 0 0 1 0.5019608 0.5019608 0.5019608 1 0.8 0.8 0.8 1 0.5019608 0.5019608 0.5019608 1 0.8 0.8 0.8 1 0.8 0.8 0.8 1 0.5019608 0.5019608 0.5019608 1 0.6 0.6 0.6 1 0.6 0.6 0.6 1 0.6 0.6 0.6 1 0.8 0.8 0.8 1 0.6 0.6 0.6 1 0.6 0.6 0.6 1 0.6980392 0.6980392 0.6980392 1 0.6980392 0.6980392 0.6980392 1 0 0 0 1 0.8980392 0.8980392 0.8980392 1 0.8980392 0.8980392 0.8980392 1 0.6 0.6 0.6 1 0.8980392 0.8980392 0.8980392 1 0.6 0.6 0.6 1 0.8980392 0.8980392 0.8980392 1 0.8980392 0.8980392 0.8980392 1 0.8980392 0.8980392 0.8980392 1 0.8980392 0.8980392 0.8980392 1 0.8980392 0.8980392 0.8980392 1 0.8980392 0.8980392 0.8980392 1 0.8980392 0.8980392 0.8980392 1 0.8980392 0.8980392 0.8980392 1 0.8980392 0.8980392 0.8980392 1 0.8980392 0.8980392 0.8980392 1 0.2 0.2 0.2 1 0.2 0.2 0.2 1 0.2 0.2 0.2 1 0.2 0.2 0.2 1 0.6980392 0.6980392 0.6980392 1 0.6980392 0.6980392 0.6980392 1 0.6980392 0.6980392 0.6980392 1 0.2 0.2 0.2 1 0.2 0.2 0.2 1 0.2 0.2 0.2 1 0.2 0.2 0.2 1 0.2 0.2 0.2 1 0.6980392 0.6980392 0.6980392 1 0.6 0.6 0.6 1 0.6980392 0.6980392 0.6980392 1 0.7294118 0.7294118 0.7294118 1 0.8980392 0.8980392 0.8980392 1 0.8 0.8 0.8 1 0.7333334 0.7333334 0.7333334 1 0.06274509 0.06274509 0.06274509 1 0.2 0.2 0.2 1 0.6 0.6 0.6 1 0.8980392 0.8980392 0.8980392 1 0.5647059 0.5647059 0.5647059 1 1 1 1 1 1 1 1 1 1 1 1 1 1 1 1 1 1 1 1 1 1 1 1 1 0.8980392 0.8980392 0.8980392 1 0.6 0.6 0.6 1 0.8980392 0.8980392 0.8980392 1 0.6 0.6 0.6 1 0.8 0.8 0.8 1 0.6 0.6 0.6 1 0.3019608 0.3019608 0.3019608 1 0.3019608 0.3019608 0.3019608 1 0 0 0 1 0.2 0.2 0.2 1 0.2 0.2 0.2 1 0.8 0.8 0.8 1 0.6980392 0.6980392 0.6980392 1 0.4980392 0.4980392 0.4980392 1 0.4980392 0.4980392 0.4980392 1 0.2 0.2 0.2 1 0.2 0.2 0.2 1 0.2 0.2 0.2 1 0.06274509 0.06274509 0.06274509 1 0.7333334 0.7333334 0.7333334 1 0.06274509 0.06274509 0.06274509 1 1 1 1 1 1 1 1 1 1 1 1 1 1 1 1 1 1 1 1 1 1 1 1 1 0.8980392 0.8980392 0.8980392 1 0.8980392 0.8980392 0.8980392 1 0.8980392 0.8980392 0.8980392 1 0.8980392 0.8980392 0.8980392 1 0.8980392 0.8980392 0.8980392 1 0.8980392 0.8980392 0.8980392 1 0.6 0.6 0.6 1 0.6980392 0.6980392 0.6980392 1 0.4117647 0.4117647 0.4117647 1 0.0980392 0.0980392 0.0980392 1 0.4980392 0.4980392 0.4980392 1 0.8980392 0.8980392 0.8980392 1 0.6 0.6 0.6 1 0.6980392 0.6980392 0.6980392 1 0.4156863 0.4156863 0.4156863 1 0.0980392 0.0980392 0.0980392 1 0.8980392 0.8980392 0.8980392 1 0.8980392 0.8980392 0.8980392 1 0.4980392 0.4980392 0.4980392 1 0.4980392 0.4980392 0.4980392 1 1 1 1 1 0.4980392 0.4980392 0.4980392 1 0.8980392 0.8980392 0.8980392 1 0.8980392 0.8980392 0.8980392 1 0.8980392 0.8980392 0.8980392 1 0.6 0.6 0.6 1 0.8980392 0.8980392 0.8980392 1 0.8980392 0.8980392 0.8980392 1 0.8980392 0.8980392 0.8980392 1 0.6 0.6 0.6 1 0.8 0.8 0.8 1 0.2 0.2 0.2 1 0.8 0.8 0.8 1 0.6 0.6 0.6 1 0.6 0.6 0.6 1 0.1019608 0.1019608 0.1019608 1 0.8 0.8 0.8 1 0.5019608 0.5019608 0.5019608 1 0.8 0.8 0.8 1</float_array>
          <technique_common>
            <accessor source="#polygon2-mesh-colors-polygon2_Colors0-array" count="2646" stride="4">
              <param name="R" type="float"/>
              <param name="G" type="float"/>
              <param name="B" type="float"/>
              <param name="A" type="float"/>
            </accessor>
          </technique_common>
        </source>
        <vertices id="polygon2-mesh-vertices">
          <input semantic="POSITION" source="#polygon2-mesh-positions"/>
        </vertices>
        <triangles material="mat_body-material" count="882">
          <input semantic="VERTEX" source="#polygon2-mesh-vertices" offset="0"/>
          <input semantic="NORMAL" source="#polygon2-mesh-normals" offset="1"/>
          <input semantic="TEXCOORD" source="#polygon2-mesh-map-0" offset="2" set="0"/>
          <input semantic="COLOR" source="#polygon2-mesh-colors-polygon2_Colors0" offset="3" set="0"/>
          <p>2 0 0 0 1 1 1 1 0 2 2 2 3 3 3 3 1 1 4 4 2 0 5 5 4 4 6 6 3 3 7 7 2 0 8 8 5 5 9 9 3 3 10 10 4 4 11 11 6 6 12 12 5 5 13 13 4 4 14 14 7 7 15 15 5 5 16 16 6 6 17 17 8 8 18 18 7 7 19 19 6 6 20 20 9 9 21 21 7 7 22 22 8 8 23 23 10 10 24 24 9 9 25 25 8 8 26 26 11 11 27 27 9 9 28 28 10 10 29 29 12 12 30 30 11 11 31 31 10 10 32 32 13 13 33 33 11 11 34 34 12 12 35 35 14 14 36 36 13 13 37 37 12 12 38 38 15 15 39 39 13 13 40 40 14 14 41 41 16 16 42 42 15 15 43 43 14 14 44 44 17 17 45 45 15 15 46 46 16 16 47 47 18 18 48 48 17 17 49 49 16 16 50 50 9 9 51 51 17 17 52 52 18 18 53 53 19 19 54 54 9 9 55 55 18 18 56 56 7 7 57 57 9 9 58 58 19 19 59 59 0 2 60 60 7 7 61 61 19 19 62 62 5 5 63 63 7 7 64 64 0 2 65 65 1 1 66 66 5 5 67 67 0 2 68 68 3 3 69 69 5 5 70 70 1 1 71 71 22 20 72 72 21 21 73 73 20 22 74 74 23 23 75 75 21 21 76 76 22 20 77 77 24 24 78 78 23 23 79 79 22 20 80 80 25 25 81 81 23 23 82 82 24 24 83 83 26 26 84 84 25 25 85 85 24 24 86 86 27 27 87 87 25 25 88 88 26 26 89 89 28 28 90 90 27 27 91 91 26 26 92 92 29 29 93 93 27 27 94 94 28 28 95 95 30 30 96 96 29 29 97 97 28 28 98 98 31 31 99 99 29 29 100 100 30 30 101 101 32 32 102 102 31 31 103 103 30 30 104 104 33 33 105 105 31 31 106 106 32 32 107 107 34 34 108 108 33 33 109 109 32 32 110 110 35 35 111 111 33 33 112 112 34 34 113 113 20 22 114 114 35 35 115 115 34 34 116 116 21 21 117 117 35 35 118 118 20 22 119 119 38 36 120 120 37 37 121 121 36 38 122 122 39 39 123 123 37 37 124 124 38 36 125 125 40 40 126 126 39 39 127 127 38 36 128 128 41 41 129 129 39 39 130 130 40 40 131 131 42 42 132 132 41 41 133 133 40 40 134 134 43 43 135 135 41 41 136 136 42 42 137 137 44 44 138 138 43 43 139 139 42 42 140 140 45 45 141 141 43 43 142 142 44 44 143 143 46 46 144 144 45 45 145 145 44 44 146 146 47 47 147 147 45 45 148 148 46 46 149 149 48 48 150 150 47 47 151 151 46 46 152 152 49 49 153 153 47 47 154 154 48 48 155 155 50 50 156 156 49 49 157 157 48 48 158 158 51 51 159 159 49 49 160 160 50 50 161 161 36 38 162 162 51 51 163 163 50 50 164 164 37 37 165 165 51 51 166 166 36 38 167 167 54 52 168 168 53 53 169 169 52 54 170 170 55 55 171 171 53 53 172 172 54 52 173 173 56 56 174 174 55 55 175 175 54 52 176 176 57 57 177 177 55 55 178 178 56 56 179 179 58 58 180 180 57 57 181 181 56 56 182 182 59 59 183 183 57 57 184 184 58 58 185 185 60 60 186 186 59 59 187 187 58 58 188 188 61 61 189 189 59 59 190 190 60 60 191 191 62 62 192 192 61 61 193 193 60 60 194 194 63 63 195 195 61 61 196 196 62 62 197 197 64 64 198 198 63 63 199 199 62 62 200 200 65 65 201 201 63 63 202 202 64 64 203 203 66 66 204 204 65 65 205 205 64 64 206 206 67 67 207 207 65 65 208 208 66 66 209 209 52 54 210 210 67 67 211 211 66 66 212 212 53 53 213 213 67 67 214 214 52 54 215 215 70 68 216 216 69 69 217 217 68 70 218 218 71 71 219 219 69 69 220 220 70 68 221 221 72 72 222 222 71 71 223 223 70 68 224 224 73 73 225 225 71 71 226 226 72 72 227 227 74 74 228 228 73 73 229 229 72 72 230 230 75 75 231 231 73 73 232 232 74 74 233 233 76 76 234 234 75 75 235 235 74 74 236 236 77 77 237 237 75 75 238 238 76 76 239 239 78 78 240 240 77 77 241 241 76 76 242 242 79 79 243 243 77 77 244 244 78 78 245 245 80 80 246 246 79 79 247 247 78 78 248 248 81 81 249 249 79 79 250 250 80 80 251 251 82 82 252 252 81 81 253 253 80 80 254 254 69 69 255 255 81 81 256 256 82 82 257 257 83 83 258 258 69 69 259 259 82 82 260 260 84 84 261 261 69 69 262 262 83 83 263 263 87 85 264 264 86 86 265 265 85 87 266 266 88 88 267 267 86 86 268 268 87 85 269 269 89 89 270 270 88 88 271 271 87 85 272 272 90 90 273 273 88 88 274 274 89 89 275 275 91 91 276 276 90 90 277 277 89 89 278 278 92 92 279 279 90 90 280 280 91 91 281 281 93 93 282 282 92 92 283 283 91 91 284 284 94 94 285 285 92 92 286 286 93 93 287 287 95 95 288 288 94 94 289 289 93 93 290 290 96 96 291 291 94 94 292 292 95 95 293 293 97 97 294 294 96 96 295 295 95 95 296 296 98 98 297 297 96 96 298 298 97 97 299 299 99 99 300 300 98 98 301 301 97 97 302 302 100 100 303 303 98 98 304 304 99 99 305 305 85 87 306 306 100 100 307 307 99 99 308 308 86 86 309 309 100 100 310 310 85 87 311 311 103 101 312 312 102 102 313 313 101 103 314 314 104 104 315 315 102 102 316 316 103 101 317 317 105 105 318 318 104 104 319 319 103 101 320 320 106 106 321 321 104 104 322 322 105 105 323 323 107 107 324 324 106 106 325 325 105 105 326 326 108 108 327 327 106 106 328 328 107 107 329 329 109 109 330 330 108 108 331 331 107 107 332 332 110 110 333 333 108 108 334 334 109 109 335 335 111 111 336 336 110 110 337 337 109 109 338 338 107 107 339 339 110 110 340 340 111 111 341 341 112 112 342 342 107 107 343 343 111 111 344 344 113 113 345 345 107 107 346 346 112 112 347 347 116 114 348 348 115 115 349 349 114 116 350 350 117 117 351 351 115 115 352 352 116 114 353 353 118 118 354 354 117 117 355 355 116 114 356 356 119 119 357 357 117 117 358 358 118 118 359 359 120 120 360 360 119 119 361 361 118 118 362 362 121 121 363 363 119 119 364 364 120 120 365 365 122 122 366 366 121 121 367 367 120 120 368 368 123 123 369 369 121 121 370 370 122 122 371 371 124 124 372 372 123 123 373 373 122 122 374 374 125 125 375 375 123 123 376 376 124 124 377 377 126 126 378 378 125 125 379 379 124 124 380 380 129 127 381 381 128 128 382 382 127 129 383 383 130 130 384 384 128 128 385 385 129 127 386 386 131 131 387 387 130 130 388 388 129 127 389 389 132 132 390 390 130 130 391 391 131 131 392 392 133 133 393 393 132 132 394 394 131 131 395 395 134 134 396 396 132 132 397 397 133 133 398 398 135 135 399 399 134 134 400 400 133 133 401 401 136 136 402 402 134 134 403 403 135 135 404 404 137 137 405 405 136 136 406 406 135 135 407 407 138 138 408 408 136 136 409 409 137 137 410 410 127 129 411 411 138 138 412 412 137 137 413 413 141 139 414 414 140 140 415 415 139 141 416 416 142 142 417 417 140 140 418 418 141 139 419 419 143 143 420 420 142 142 421 421 141 139 422 422 144 144 423 423 142 142 424 424 143 143 425 425 145 145 426 426 144 144 427 427 143 143 428 428 146 146 429 429 144 144 430 430 145 145 431 431 147 147 432 432 146 146 433 433 145 145 434 434 148 148 435 435 146 146 436 436 147 147 437 437 149 149 438 438 148 148 439 439 147 147 440 440 150 150 441 441 148 148 442 442 149 149 443 443 152 151 444 444 139 141 445 445 151 152 446 446 141 139 447 447 139 141 448 448 152 151 449 449 153 153 450 450 141 139 451 451 152 151 452 452 143 143 453 453 141 139 454 454 153 153 455 455 154 154 456 456 143 143 457 457 153 153 458 458 145 145 459 459 143 143 460 460 154 154 461 461 155 155 462 462 145 145 463 463 154 154 464 464 147 147 465 465 145 145 466 466 155 155 467 467 156 156 468 468 147 147 469 469 155 155 470 470 149 149 471 471 147 147 472 472 156 156 473 473 159 157 474 474 158 158 475 475 157 159 476 476 160 160 477 477 158 158 478 478 159 157 479 479 161 161 480 480 160 160 481 481 159 157 482 482 162 162 483 483 160 160 484 484 161 161 485 485 163 163 486 486 162 162 487 487 161 161 488 488 157 164 489 489 162 162 490 490 163 163 491 491 164 165 492 492 157 164 493 493 163 163 494 494 159 157 495 495 157 164 496 496 164 165 497 497 161 161 498 498 159 157 499 499 164 165 500 500 167 166 501 501 166 167 502 502 165 168 503 503 168 169 504 504 166 167 505 505 167 166 506 506 104 104 507 507 168 169 508 508 167 166 509 509 169 170 510 510 168 169 511 511 104 104 512 512 101 103 513 513 169 170 514 514 104 104 515 515 170 171 516 516 169 170 517 517 101 103 518 518 102 102 519 519 170 171 520 520 101 103 521 521 167 166 522 522 170 171 523 523 102 102 524 524 104 104 525 525 167 166 526 526 102 102 527 527 173 172 528 528 172 173 529 529 171 174 530 530 174 175 531 531 172 173 532 532 173 172 533 533 175 176 534 534 174 175 535 535 173 172 536 536 176 177 537 537 174 175 538 538 175 176 539 539 177 178 540 540 176 177 541 541 175 176 542 542 178 179 543 543 176 177 544 544 177 178 545 545 179 180 546 546 178 179 547 547 177 178 548 548 180 181 549 549 178 179 550 550 179 180 551 551 181 182 552 552 180 181 553 553 179 180 554 554 184 183 555 555 183 184 556 556 182 185 557 557 185 186 558 558 183 184 559 559 184 183 560 560 186 187 561 561 185 186 562 562 184 183 563 563 187 188 564 564 185 186 565 565 186 187 566 566 188 189 567 567 187 188 568 568 186 187 569 569 189 190 570 570 187 188 571 571 188 189 572 572 190 191 573 573 189 190 574 574 188 189 575 575 191 192 576 576 189 190 577 577 190 191 578 578 182 185 579 579 191 192 580 580 190 191 581 581 194 193 582 582 193 194 583 583 192 195 584 584 195 196 585 585 193 194 586 586 194 193 587 587 196 197 588 588 195 196 589 589 194 193 590 590 197 198 591 591 195 196 592 592 196 197 593 593 198 199 594 594 197 198 595 595 196 197 596 596 199 200 597 597 197 198 598 598 198 199 599 599 200 201 600 600 199 200 601 601 198 199 602 602 201 202 603 603 199 200 604 604 200 201 605 605 202 203 606 606 201 202 607 607 200 201 608 608 205 204 609 609 204 205 610 610 203 206 611 611 206 207 612 612 204 205 613 613 205 204 614 614 207 208 615 615 206 207 616 616 205 204 617 617 208 209 618 618 206 207 619 619 207 208 620 620 209 210 621 621 208 209 622 622 207 208 623 623 210 211 624 624 208 209 625 625 209 210 626 626 203 206 627 627 210 211 628 628 209 210 629 629 204 205 630 630 210 211 631 631 203 206 632 632 213 212 633 633 212 213 634 634 211 214 635 635 214 215 636 636 212 213 637 637 213 212 638 638 215 216 639 639 214 215 640 640 213 212 641 641 216 217 642 642 214 215 643 643 215 216 644 644 217 218 645 645 216 217 646 646 215 216 647 647 218 219 648 648 216 217 649 649 217 218 650 650 211 214 651 651 218 219 652 652 217 218 653 653 212 213 654 654 218 219 655 655 211 214 656 656 221 220 657 657 220 221 658 658 219 222 659 659 222 223 660 660 220 221 661 661 221 220 662 662 223 224 663 663 222 223 664 664 221 220 665 665 224 225 666 666 222 223 667 667 223 224 668 668 225 226 669 669 224 225 670 670 223 224 671 671 226 227 672 672 224 225 673 673 225 226 674 674 219 222 675 675 226 227 676 676 225 226 677 677 220 221 678 678 226 227 679 679 219 222 680 680 229 228 681 681 228 229 682 682 227 230 683 683 230 231 684 684 228 229 685 685 229 228 686 686 231 232 687 687 230 231 688 688 229 228 689 689 232 233 690 690 230 231 691 691 231 232 692 692 233 234 693 693 232 233 694 694 231 232 695 695 234 235 696 696 232 233 697 697 233 234 698 698 227 230 699 699 234 235 700 700 233 234 701 701 228 229 702 702 234 235 703 703 227 230 704 704 237 236 705 705 236 237 706 706 235 238 707 707 238 239 708 708 236 237 709 709 237 236 710 710 239 240 711 711 238 239 712 712 237 236 713 713 240 241 714 714 238 239 715 715 239 240 716 716 241 242 717 717 240 241 718 718 239 240 719 719 242 243 720 720 240 241 721 721 241 242 722 722 235 238 723 723 242 243 724 724 241 242 725 725 236 237 726 726 242 243 727 727 235 238 728 728 245 244 729 729 244 245 730 730 243 246 731 731 246 247 732 732 244 245 733 733 245 244 734 734 247 248 735 735 246 247 736 736 245 244 737 737 248 249 738 738 246 247 739 739 247 248 740 740 249 250 741 741 248 249 742 742 247 248 743 743 250 251 744 744 248 249 745 745 249 250 746 746 243 246 747 747 250 251 748 748 249 250 749 749 244 245 750 750 250 251 751 751 243 246 752 752 253 252 753 753 252 253 754 754 251 254 755 755 254 255 756 756 252 253 757 757 253 252 758 758 255 256 759 759 254 255 760 760 253 252 761 761 256 257 762 762 254 255 763 763 255 256 764 764 257 258 765 765 256 257 766 766 255 256 767 767 258 259 768 768 256 257 769 769 257 258 770 770 251 254 771 771 258 259 772 772 257 258 773 773 252 253 774 774 258 259 775 775 251 254 776 776 261 260 777 777 260 261 778 778 259 262 779 779 262 263 780 780 260 261 781 781 261 260 782 782 263 264 783 783 262 263 784 784 261 260 785 785 264 265 786 786 262 263 787 787 263 264 788 788 265 266 789 789 264 265 790 790 263 264 791 791 266 267 792 792 264 265 793 793 265 266 794 794 259 262 795 795 266 267 796 796 265 266 797 797 260 261 798 798 266 267 799 799 259 262 800 800 268 268 801 801 68 70 802 802 267 269 803 803 269 270 804 804 68 70 805 805 268 268 806 806 270 271 807 807 269 270 808 808 268 268 809 809 271 272 810 810 269 270 811 811 270 271 812 812 272 273 813 813 271 272 814 814 270 271 815 815 72 72 816 816 271 272 817 817 272 273 818 818 74 74 819 819 72 72 820 820 272 273 821 821 275 274 822 822 274 275 823 823 273 276 824 824 276 277 825 825 274 275 826 826 275 274 827 827 277 278 828 828 276 277 829 829 275 274 830 830 278 279 831 831 276 277 832 832 277 278 833 833 279 280 834 834 278 279 835 835 277 278 836 836 83 83 837 837 278 279 838 838 279 280 839 839 84 84 840 840 83 83 841 841 279 280 842 842 282 281 843 843 281 282 844 844 280 283 845 845 283 284 846 846 281 282 847 847 282 281 848 848 284 285 849 849 283 284 850 850 282 281 851 851 285 286 852 852 283 284 853 853 284 285 854 854 286 287 855 855 285 286 856 856 284 285 857 857 287 288 858 858 285 286 859 859 286 287 860 860 288 289 861 861 282 281 862 862 280 283 863 863 289 290 864 864 282 281 865 865 288 289 866 866 290 291 867 867 289 290 868 868 288 289 869 869 291 292 870 870 289 290 871 871 290 291 872 872 286 287 873 873 291 292 874 874 290 291 875 875 284 285 876 876 291 292 877 877 286 287 878 878 33 33 879 879 29 29 880 880 31 31 881 881 27 27 882 882 29 29 883 883 33 33 884 884 35 35 885 885 27 27 886 886 33 33 887 887 25 25 888 888 27 27 889 889 35 35 890 890 21 21 891 891 25 25 892 892 35 35 893 893 23 23 894 894 25 25 895 895 21 21 896 896 294 293 897 897 293 294 898 898 292 295 899 899 295 296 900 900 293 294 901 901 294 293 902 902 296 297 903 903 295 296 904 904 294 293 905 905 297 298 906 906 295 296 907 907 296 297 908 908 298 299 909 909 297 298 910 910 296 297 911 911 299 300 912 912 297 298 913 913 298 299 914 914 302 301 915 915 301 302 916 916 300 303 917 917 303 304 918 918 301 302 919 919 302 301 920 920 304 305 921 921 303 304 922 922 302 301 923 923 305 306 924 924 303 304 925 925 304 305 926 926 306 159 927 927 305 306 928 928 304 305 929 929 307 159 930 930 305 306 931 931 306 159 932 932 310 307 933 933 309 308 934 934 308 309 935 935 311 310 936 936 309 308 937 937 310 307 938 938 312 311 939 939 311 310 940 940 310 307 941 941 313 312 942 942 311 310 943 943 312 311 944 944 314 313 945 945 313 312 946 946 312 311 947 947 315 314 948 948 313 312 949 949 314 313 950 950 318 315 951 951 317 316 952 952 316 317 953 953 319 318 954 954 317 319 955 955 318 320 956 956 320 321 957 957 319 322 958 958 318 323 959 959 321 324 960 960 319 325 961 961 320 326 962 962 322 327 963 963 321 328 964 964 320 329 965 965 323 330 966 966 321 331 967 967 322 332 968 968 57 57 969 969 53 53 970 970 55 55 971 971 67 67 972 972 53 53 973 973 57 57 974 974 59 59 975 975 67 67 976 976 57 57 977 977 65 65 978 978 67 67 979 979 59 59 980 980 61 61 981 981 65 65 982 982 59 59 983 983 63 63 984 984 65 65 985 985 61 61 986 986 310 307 987 987 314 313 988 988 312 311 989 989 315 314 990 990 314 313 991 991 310 307 992 992 308 309 993 993 315 314 994 994 310 307 995 995 324 333 996 996 315 314 997 997 308 309 998 998 325 334 999 999 324 333 1000 1000 308 309 1001 1001 326 335 1002 1002 324 333 1003 1003 325 334 1004 1004 328 336 1005 1005 249 250 1006 1006 327 337 1007 1007 243 246 1008 1008 249 250 1009 1009 328 336 1010 1010 329 338 1011 1011 243 246 1012 1012 328 336 1013 1013 245 244 1014 1014 243 246 1015 1015 329 338 1016 1016 330 339 1017 1017 245 244 1018 1018 329 338 1019 1019 247 248 1020 1020 245 244 1021 1021 330 339 1022 1022 333 340 1023 1023 332 341 1024 1024 331 342 1025 1025 334 343 1026 1026 332 341 1027 1027 333 340 1028 1028 335 344 1029 1029 334 343 1030 1030 333 340 1031 1031 336 345 1032 1032 334 343 1033 1033 335 344 1034 1034 337 346 1035 1035 336 345 1036 1036 335 344 1037 1037 338 347 1038 1038 336 345 1039 1039 337 346 1040 1040 341 348 1041 1041 340 349 1042 1042 339 350 1043 1043 342 351 1044 1044 340 349 1045 1045 341 348 1046 1046 343 352 1047 1047 342 351 1048 1048 341 348 1049 1049 339 350 1050 1050 342 351 1051 1051 343 352 1052 1052 344 353 1053 1053 339 350 1054 1054 343 352 1055 1055 341 348 1056 1056 339 350 1057 1057 344 353 1058 1058 345 354 1059 1059 298 299 1060 1060 296 297 1061 1061 346 355 1062 1062 298 299 1063 1063 345 354 1064 1064 347 356 1065 1065 346 355 1066 1066 345 354 1067 1067 348 357 1068 1068 346 355 1069 1069 347 356 1070 1070 349 358 1071 1071 348 357 1072 1072 347 356 1073 1073 350 359 1074 1074 348 357 1075 1075 349 358 1076 1076 346 355 1077 1077 292 295 1078 1078 298 299 1079 1079 351 360 1080 1080 292 295 1081 1081 346 355 1082 1082 348 357 1083 1083 351 360 1084 1084 346 355 1085 1085 352 361 1086 1086 351 360 1087 1087 348 357 1088 1088 350 359 1089 1089 352 361 1090 1090 348 357 1091 1091 353 362 1092 1092 352 361 1093 1093 350 359 1094 1094 201 202 1095 1095 354 363 1096 1096 199 200 1097 1097 355 364 1098 1098 354 363 1099 1099 201 202 1100 1100 356 365 1101 1101 355 364 1102 1102 201 202 1103 1103 357 366 1104 1104 355 364 1105 1105 356 365 1106 1106 358 367 1107 1107 357 366 1108 1108 356 365 1109 1109 202 203 1110 1110 357 366 1111 1111 358 367 1112 1112 361 368 1113 1113 360 369 1114 1114 359 370 1115 1115 362 371 1116 1116 360 369 1117 1117 361 368 1118 1118 363 372 1119 1119 362 371 1120 1120 361 368 1121 1121 359 370 1122 1122 362 371 1123 1123 363 372 1124 1124 361 368 1125 1125 359 370 1126 1126 363 372 1127 1127 366 373 1128 1128 365 374 1129 1129 364 375 1130 1130 367 376 1131 1131 365 374 1132 1132 366 373 1133 1133 368 377 1134 1134 367 376 1135 1135 366 373 1136 1136 364 375 1137 1137 367 376 1138 1138 368 377 1139 1139 366 373 1140 1140 364 375 1141 1141 368 377 1142 1142 371 378 1143 1143 370 379 1144 1144 369 380 1145 1145 372 381 1146 1146 370 379 1147 1147 371 378 1148 1148 373 382 1149 1149 372 381 1150 1150 371 378 1151 1151 374 383 1152 1152 372 381 1153 1153 373 382 1154 1154 375 384 1155 1155 374 383 1156 1156 373 382 1157 1157 376 385 1158 1158 285 286 1159 1159 287 288 1160 1160 377 386 1161 1161 285 286 1162 1162 376 385 1163 1163 378 387 1164 1164 377 386 1165 1165 376 385 1166 1166 379 388 1167 1167 377 386 1168 1168 378 387 1169 1169 283 284 1170 1170 379 388 1171 1171 378 387 1172 1172 381 389 1173 1173 224 225 1174 1174 380 390 1175 1175 222 223 1176 1176 224 225 1177 1177 381 389 1178 1178 382 391 1179 1179 222 223 1180 1180 381 389 1181 1181 220 221 1182 1182 222 223 1183 1183 382 391 1184 1184 226 227 1185 1185 220 221 1186 1186 382 391 1187 1187 108 108 1188 1188 383 392 1189 1189 106 106 1190 1190 101 103 1191 1191 383 392 1192 1192 108 108 1193 1193 384 393 1194 1194 101 103 1195 1195 108 108 1196 1196 103 101 1197 1197 101 103 1198 1198 384 393 1199 1199 105 105 1200 1200 103 101 1201 1201 384 393 1202 1202 385 394 1203 1203 123 123 1204 1204 125 125 1205 1205 386 395 1206 1206 123 123 1207 1207 385 394 1208 1208 387 396 1209 1209 386 395 1210 1210 385 394 1211 1211 118 118 1212 1212 386 395 1213 1213 387 396 1214 1214 120 120 1215 1215 118 118 1216 1216 387 396 1217 1217 388 397 1218 1218 331 342 1219 1219 332 341 1220 1220 389 398 1221 1221 331 342 1222 1222 388 397 1223 1223 390 399 1224 1224 389 398 1225 1225 388 397 1226 1226 337 346 1227 1227 389 398 1228 1228 390 399 1229 1229 338 347 1230 1230 337 346 1231 1231 390 399 1232 1232 76 76 1233 1233 69 69 1234 1234 274 275 1235 1235 68 70 1236 1236 69 69 1237 1237 76 76 1238 1238 391 400 1239 1239 68 70 1240 1240 76 76 1241 1241 267 269 1242 1242 68 70 1243 1243 391 400 1244 1244 392 401 1245 1245 267 269 1246 1246 391 400 1247 1247 393 402 1248 1248 330 339 1249 1249 329 338 1250 1250 394 403 1251 1251 330 339 1252 1252 393 402 1253 1253 382 391 1254 1254 394 403 1255 1255 393 402 1256 1256 381 389 1257 1257 394 403 1258 1258 382 391 1259 1259 181 182 1260 1260 395 404 1261 1261 180 181 1262 1262 396 405 1263 1263 395 404 1264 1264 181 182 1265 1265 176 177 1266 1266 396 405 1267 1267 181 182 1268 1268 178 179 1269 1269 396 405 1270 1270 176 177 1271 1271 399 406 1272 1272 398 407 1273 1273 397 408 1274 1274 400 409 1275 1275 398 407 1276 1276 399 406 1277 1277 401 410 1278 1278 400 409 1279 1279 399 406 1280 1280 402 411 1281 1281 400 409 1282 1282 401 410 1283 1283 405 412 1284 1284 404 413 1285 1285 403 414 1286 1286 406 415 1287 1287 404 413 1288 1288 405 412 1289 1289 403 414 1290 1290 406 415 1291 1291 405 412 1292 1292 407 416 1293 1293 406 415 1294 1294 403 414 1295 1295 22 20 1296 1296 229 228 1297 1297 24 24 1298 1298 231 232 1299 1299 229 228 1300 1300 22 20 1301 1301 20 22 1302 1302 231 232 1303 1303 22 20 1304 1304 34 34 1305 1305 231 232 1306 1306 20 22 1307 1307 410 417 1308 1308 409 418 1309 1309 408 419 1310 1310 411 420 1311 1311 409 418 1312 1312 410 417 1313 1313 412 421 1314 1314 411 420 1315 1315 410 417 1316 1316 413 422 1317 1317 411 420 1318 1318 412 421 1319 1319 176 177 1320 1320 414 423 1321 1321 174 175 1322 1322 415 424 1323 1323 414 423 1324 1324 176 177 1325 1325 181 182 1326 1326 415 424 1327 1327 176 177 1328 1328 172 173 1329 1329 415 424 1330 1330 181 182 1331 1331 400 409 1332 1332 416 425 1333 1333 398 407 1334 1334 417 426 1335 1335 416 425 1336 1336 400 409 1337 1337 402 411 1338 1338 417 426 1339 1339 400 409 1340 1340 418 427 1341 1341 417 426 1342 1342 402 411 1343 1343 324 333 1344 1344 313 312 1345 1345 315 314 1346 1346 419 428 1347 1347 313 312 1348 1348 324 333 1349 1349 326 335 1350 1350 419 428 1351 1351 324 333 1352 1352 309 308 1353 1353 419 428 1354 1354 326 335 1355 1355 422 429 1356 1356 421 430 1357 1357 420 431 1358 1358 423 432 1359 1359 421 430 1360 1360 422 429 1361 1361 424 433 1362 1362 423 432 1363 1363 422 429 1364 1364 425 434 1365 1365 423 432 1366 1366 424 433 1367 1367 423 432 1368 1368 397 408 1369 1369 421 430 1370 1370 399 406 1371 1371 397 408 1372 1372 423 432 1373 1373 425 434 1374 1374 399 406 1375 1375 423 432 1376 1376 401 410 1377 1377 399 406 1378 1378 425 434 1379 1379 428 435 1380 1380 427 436 1381 1381 426 437 1382 1382 429 438 1383 1383 427 436 1384 1384 428 435 1385 1385 430 439 1386 1386 429 438 1387 1387 428 435 1388 1388 431 440 1389 1389 429 438 1390 1390 430 439 1391 1391 54 52 1392 1392 237 236 1393 1393 56 56 1394 1394 239 240 1395 1395 237 236 1396 1396 54 52 1397 1397 52 54 1398 1398 239 240 1399 1399 54 52 1400 1400 66 66 1401 1401 239 240 1402 1402 52 54 1403 1403 276 277 1404 1404 432 441 1405 1405 274 275 1406 1406 433 442 1407 1407 432 441 1408 1408 276 277 1409 1409 278 279 1410 1410 433 442 1411 1411 276 277 1412 1412 83 83 1413 1413 433 442 1414 1414 278 279 1415 1415 407 416 1416 1416 360 369 1417 1417 362 371 1418 1418 367 376 1419 1419 360 369 1420 1420 407 416 1421 1421 403 414 1422 1422 367 376 1423 1423 407 416 1424 1424 365 374 1425 1425 367 376 1426 1426 403 414 1427 1427 417 426 1428 1428 434 443 1429 1429 416 425 1430 1430 435 444 1431 1431 434 443 1432 1432 417 426 1433 1433 418 427 1434 1434 435 444 1435 1435 417 426 1436 1436 436 445 1437 1437 435 444 1438 1438 418 427 1439 1439 146 146 1440 1440 142 142 1441 1441 144 144 1442 1442 437 446 1443 1443 142 142 1444 1444 146 146 1445 1445 152 151 1446 1446 437 446 1447 1447 146 146 1448 1448 151 152 1449 1449 437 446 1450 1450 152 151 1451 1451 435 444 1452 1452 438 447 1453 1453 434 443 1454 1454 439 448 1455 1455 438 447 1456 1456 435 444 1457 1457 436 445 1458 1458 439 448 1459 1459 435 444 1460 1460 440 449 1461 1461 439 448 1462 1462 436 445 1463 1463 439 448 1464 1464 420 431 1465 1465 438 447 1466 1466 422 429 1467 1467 420 431 1468 1468 439 448 1469 1469 440 449 1470 1470 422 429 1471 1471 439 448 1472 1472 424 433 1473 1473 422 429 1474 1474 440 449 1475 1475 443 450 1476 1476 442 451 1477 1477 441 452 1478 1478 444 453 1479 1479 442 451 1480 1480 443 450 1481 1481 445 454 1482 1482 444 453 1483 1483 443 450 1484 1484 446 455 1485 1485 444 453 1486 1486 445 454 1487 1487 296 297 1488 1488 349 358 1489 1489 447 456 1490 1490 350 359 1491 1491 349 358 1492 1492 296 297 1493 1493 294 293 1494 1494 350 359 1495 1495 296 297 1496 1496 353 362 1497 1497 350 359 1498 1498 294 293 1499 1499 109 109 1500 1500 448 457 1501 1501 111 111 1502 1502 449 458 1503 1503 448 457 1504 1504 109 109 1505 1505 107 107 1506 1506 449 458 1507 1507 109 109 1508 1508 113 113 1509 1509 449 458 1510 1510 107 107 1511 1511 241 242 1512 1512 62 62 1513 1513 235 238 1514 1514 64 64 1515 1515 62 62 1516 1516 241 242 1517 1517 66 66 1518 1518 64 64 1519 1519 241 242 1520 1520 270 271 1521 1521 392 401 1522 1522 450 459 1523 1523 267 269 1524 1524 392 401 1525 1525 270 271 1526 1526 268 268 1527 1527 267 269 1528 1528 270 271 1529 1529 453 460 1530 1530 452 461 1531 1531 451 462 1532 1532 454 463 1533 1533 452 461 1534 1534 453 460 1535 1535 455 464 1536 1536 454 463 1537 1537 453 460 1538 1538 456 465 1539 1539 254 255 1540 1540 246 247 1541 1541 252 253 1542 1542 254 255 1543 1543 456 465 1544 1544 258 259 1545 1545 252 253 1546 1546 456 465 1547 1547 457 466 1548 1548 431 440 1549 1549 441 452 1550 1550 429 438 1551 1551 431 440 1552 1552 457 466 1553 1553 427 436 1554 1554 429 438 1555 1555 457 466 1556 1556 460 467 1557 1557 459 468 1558 1558 458 469 1559 1559 426 437 1560 1560 459 468 1561 1561 460 467 1562 1562 461 470 1563 1563 426 437 1564 1564 460 467 1565 1565 464 471 1566 1566 463 472 1567 1567 462 473 1568 1568 465 474 1569 1569 463 472 1570 1570 464 471 1571 1571 462 473 1572 1572 465 474 1573 1573 464 471 1574 1574 466 475 1575 1575 427 436 1576 1576 457 466 1577 1577 467 476 1578 1578 427 436 1579 1579 466 475 1580 1580 468 477 1581 1581 467 476 1582 1582 466 475 1583 1583 461 470 1584 1584 428 435 1585 1585 426 437 1586 1586 430 439 1587 1587 428 435 1588 1588 461 470 1589 1589 469 478 1590 1590 430 439 1591 1591 461 470 1592 1592 443 450 1593 1593 430 439 1594 1594 469 478 1595 1595 431 440 1596 1596 430 439 1597 1597 443 450 1598 1598 441 452 1599 1599 431 440 1600 1600 443 450 1601 1601 273 276 1602 1602 277 278 1603 1603 275 274 1604 1604 470 479 1605 1605 277 278 1606 1606 273 276 1607 1607 471 480 1608 1608 470 479 1609 1609 273 276 1610 1610 345 354 1611 1611 349 358 1612 1612 347 356 1613 1613 447 456 1614 1614 349 358 1615 1615 345 354 1616 1616 296 297 1617 1617 447 456 1618 1618 345 354 1619 1619 432 441 1620 1620 76 76 1621 1621 274 275 1622 1622 78 78 1623 1623 76 76 1624 1624 432 441 1625 1625 80 80 1626 1626 78 78 1627 1627 432 441 1628 1628 272 273 1629 1629 391 400 1630 1630 74 74 1631 1631 450 459 1632 1632 391 400 1633 1633 272 273 1634 1634 270 271 1635 1635 450 459 1636 1636 272 273 1637 1637 70 68 1638 1638 271 272 1639 1639 72 72 1640 1640 269 270 1641 1641 271 272 1642 1642 70 68 1643 1643 68 70 1644 1644 269 270 1645 1645 70 68 1646 1646 233 234 1647 1647 30 30 1648 1648 227 230 1649 1649 32 32 1650 1650 30 30 1651 1651 233 234 1652 1652 34 34 1653 1653 32 32 1654 1654 233 234 1655 1655 470 479 1656 1656 279 280 1657 1657 277 278 1658 1658 84 84 1659 1659 279 280 1660 1660 470 479 1661 1661 471 480 1662 1662 84 84 1663 1663 470 479 1664 1664 359 481 1665 1665 364 482 1666 1666 404 483 1667 1667 367 376 1668 1668 364 375 1669 1669 359 370 1670 1670 360 369 1671 1671 367 376 1672 1672 359 370 1673 1673 336 345 1674 1674 332 341 1675 1675 334 343 1676 1676 388 397 1677 1677 332 341 1678 1678 336 345 1679 1679 390 399 1680 1680 388 397 1681 1681 336 345 1682 1682 274 275 1683 1683 471 480 1684 1684 273 276 1685 1685 84 84 1686 1686 471 480 1687 1687 274 275 1688 1688 69 69 1689 1689 84 84 1690 1690 274 275 1691 1691 474 484 1692 1692 473 485 1693 1693 472 486 1694 1694 475 487 1695 1695 473 485 1696 1696 474 484 1697 1697 476 488 1698 1698 475 487 1699 1699 474 484 1700 1700 137 137 1701 1701 129 127 1702 1702 127 129 1703 1703 133 133 1704 1704 129 127 1705 1705 137 137 1706 1706 135 135 1707 1707 133 133 1708 1708 137 137 1709 1709 479 489 1710 1710 478 490 1711 1711 477 491 1712 1712 480 492 1713 1713 478 493 1714 1714 479 494 1715 1715 481 495 1716 1716 480 496 1717 1717 479 497 1718 1718 205 204 1719 1719 93 93 1720 1720 207 208 1721 1721 95 95 1722 1722 93 93 1723 1723 205 204 1724 1724 97 97 1725 1725 95 95 1726 1726 205 204 1727 1727 203 206 1728 1728 97 97 1729 1729 205 204 1730 1730 99 99 1731 1731 97 97 1732 1732 203 206 1733 1733 85 87 1734 1734 99 99 1735 1735 203 206 1736 1736 209 210 1737 1737 85 87 1738 1738 203 206 1739 1739 87 85 1740 1740 85 87 1741 1741 209 210 1742 1742 89 89 1743 1743 87 85 1744 1744 209 210 1745 1745 154 154 1746 1746 150 150 1747 1747 155 155 1748 1748 148 148 1749 1749 150 150 1750 1750 154 154 1751 1751 153 153 1752 1752 148 148 1753 1753 154 154 1754 1754 352 361 1755 1755 292 295 1756 1756 351 360 1757 1757 294 293 1758 1758 292 295 1759 1759 352 361 1760 1760 353 362 1761 1761 294 293 1762 1762 352 361 1763 1763 207 208 1764 1764 89 89 1765 1765 209 210 1766 1766 91 91 1767 1767 89 89 1768 1768 207 208 1769 1769 93 93 1770 1770 91 91 1771 1771 207 208 1772 1772 181 182 1773 1773 171 174 1774 1774 172 173 1775 1775 482 498 1776 1776 171 174 1777 1777 181 182 1778 1778 179 180 1779 1779 482 498 1780 1780 181 182 1781 1781 261 260 1782 1782 44 44 1783 1783 263 264 1784 1784 46 46 1785 1785 44 44 1786 1786 261 260 1787 1787 48 48 1788 1788 46 46 1789 1789 261 260 1790 1790 483 499 1791 1791 384 393 1792 1792 108 108 1793 1793 105 105 1794 1794 384 393 1795 1795 483 499 1796 1796 107 107 1797 1797 105 105 1798 1798 483 499 1799 1799 259 262 1800 1800 48 48 1801 1801 261 260 1802 1802 50 50 1803 1803 48 48 1804 1804 259 262 1805 1805 36 38 1806 1806 50 50 1807 1807 259 262 1808 1808 265 266 1809 1809 36 38 1810 1810 259 262 1811 1811 38 36 1812 1812 36 38 1813 1813 265 266 1814 1814 40 40 1815 1815 38 36 1816 1816 265 266 1817 1817 263 264 1818 1818 40 40 1819 1819 265 266 1820 1820 42 42 1821 1821 40 40 1822 1822 263 264 1823 1823 44 44 1824 1824 42 42 1825 1825 263 264 1826 1826 486 500 1827 1827 485 501 1828 1828 484 502 1829 1829 487 503 1830 1830 485 501 1831 1831 486 500 1832 1832 488 504 1833 1833 487 503 1834 1834 486 500 1835 1835 116 114 1836 1836 386 395 1837 1837 118 118 1838 1838 123 123 1839 1839 386 395 1840 1840 116 114 1841 1841 121 121 1842 1842 123 123 1843 1843 116 114 1844 1844 370 379 1845 1845 489 505 1846 1846 369 380 1847 1847 490 506 1848 1848 489 505 1849 1849 370 379 1850 1850 491 507 1851 1851 490 506 1852 1852 370 379 1853 1853 335 344 1854 1854 389 398 1855 1855 337 346 1856 1856 331 342 1857 1857 389 398 1858 1858 335 344 1859 1859 333 340 1860 1860 331 342 1861 1861 335 344 1862 1862 493 508 1863 1863 492 509 1864 1864 446 455 1865 1865 468 477 1866 1866 492 509 1867 1867 493 508 1868 1868 467 476 1869 1869 468 477 1870 1870 493 508 1871 1871 493 508 1872 1872 459 468 1873 1873 467 476 1874 1874 458 469 1875 1875 459 468 1876 1876 493 508 1877 1877 446 455 1878 1878 458 469 1879 1879 493 508 1880 1880 18 18 1881 1881 4 4 1882 1882 2 0 1883 1883 6 6 1884 1884 4 4 1885 1885 18 18 1886 1886 16 16 1887 1887 6 6 1888 1888 18 18 1889 1889 94 94 1890 1890 90 90 1891 1891 92 92 1892 1892 96 96 1893 1893 90 90 1894 1894 94 94 1895 1895 426 437 1896 1896 467 476 1897 1897 459 468 1898 1898 427 436 1899 1899 467 476 1900 1900 426 437 1901 1901 45 45 1902 1902 41 41 1903 1903 43 43 1904 1904 47 47 1905 1905 41 41 1906 1906 45 45 1907 1907 37 37 1908 1908 49 49 1909 1909 51 51 1910 1910 39 39 1911 1911 49 49 1912 1912 37 37 1913 1913 184 183 1914 1914 128 128 1915 1915 130 130 1916 1916 190 191 1917 1917 128 128 1918 1918 184 183 1919 1919 496 159 1920 1920 495 159 1921 1921 494 159 1922 1922 497 510 1923 1923 495 510 1924 1924 496 510 1925 1925 184 183 1926 1926 132 132 1927 1927 186 187 1928 1928 130 130 1929 1929 132 132 1930 1930 184 183 1931 1931 500 511 1932 1932 499 512 1933 1933 498 513 1934 1934 501 514 1935 1935 499 512 1936 1936 500 511 1937 1937 503 515 1938 1938 501 514 1939 1939 502 516 1940 1940 499 512 1941 1941 501 514 1942 1942 503 515 1943 1943 501 514 1944 1944 505 517 1945 1945 504 518 1946 1946 500 511 1947 1947 505 517 1948 1948 501 514 1949 1949 127 129 1950 1950 190 191 1951 1951 188 189 1952 1952 128 128 1953 1953 190 191 1954 1954 127 129 1955 1955 508 519 1956 1956 507 519 1957 1957 506 519 1958 1958 509 520 1959 1959 507 520 1960 1960 508 520 1961 1961 375 384 1962 1962 510 521 1963 1963 374 383 1964 1964 511 522 1965 1965 510 521 1966 1966 375 384 1967 1967 127 129 1968 1968 186 187 1969 1969 132 132 1970 1970 188 189 1971 1971 186 187 1972 1972 127 129 1973 1973 512 523 1974 1974 510 521 1975 1975 511 522 1976 1976 513 524 1977 1977 510 521 1978 1978 512 523 1979 1979 374 383 1980 1980 491 507 1981 1981 370 379 1982 1982 510 521 1983 1983 491 507 1984 1984 374 383 1985 1985 513 524 1986 1986 491 507 1987 1987 510 521 1988 1988 473 485 1989 1989 491 507 1990 1990 513 524 1991 1991 475 487 1992 1992 491 507 1993 1993 473 485 1994 1994 476 488 1995 1995 491 507 1996 1996 475 487 1997 1997 491 507 1998 1998 489 505 1999 1999 490 506 2000 2000 476 488 2001 2001 489 505 2002 2002 491 507 2003 2003 297 298 2004 2004 293 294 2005 2005 295 296 2006 2006 299 300 2007 2007 293 294 2008 2008 297 298 2009 2009 516 525 2010 2010 515 526 2011 2011 514 527 2012 2012 517 528 2013 2013 515 526 2014 2014 516 525 2015 2015 520 529 2016 2016 519 530 2017 2017 518 531 2018 2018 521 532 2019 2019 519 530 2020 2020 520 529 2021 2021 460 467 2022 2022 469 478 2023 2023 461 470 2024 2024 445 454 2025 2025 469 478 2026 2026 460 467 2027 2027 466 475 2028 2028 441 452 2029 2029 442 451 2030 2030 457 466 2031 2031 441 452 2032 2032 466 475 2033 2033 524 533 2034 2034 523 534 2035 2035 522 535 2036 2036 525 536 2037 2037 523 537 2038 2038 524 538 2039 2039 28 28 2040 2040 227 230 2041 2041 30 30 2042 2042 26 26 2043 2043 227 230 2044 2044 28 28 2045 2045 26 26 2046 2046 229 228 2047 2047 227 230 2048 2048 24 24 2049 2049 229 228 2050 2050 26 26 2051 2051 460 467 2052 2052 446 455 2053 2053 445 454 2054 2054 458 469 2055 2055 446 455 2056 2056 460 467 2057 2057 466 475 2058 2058 492 509 2059 2059 468 477 2060 2060 442 451 2061 2061 492 509 2062 2062 466 475 2063 2063 71 71 2064 2064 81 81 2065 2065 69 69 2066 2066 73 73 2067 2067 81 81 2068 2068 71 71 2069 2069 82 82 2070 2070 433 442 2071 2071 83 83 2072 2072 80 80 2073 2073 433 442 2074 2074 82 82 2075 2075 73 73 2076 2076 79 79 2077 2077 81 81 2078 2078 75 75 2079 2079 79 79 2080 2080 73 73 2081 2081 528 159 2082 2082 527 159 2083 2083 526 159 2084 2084 529 159 2085 2085 527 159 2086 2086 528 159 2087 2087 532 520 2088 2088 531 520 2089 2089 530 520 2090 2090 533 520 2091 2091 531 520 2092 2092 532 520 2093 2093 325 334 2094 2094 309 308 2095 2095 326 335 2096 2096 308 309 2097 2097 309 308 2098 2098 325 334 2099 2099 256 257 2100 2100 250 251 2101 2101 244 245 2102 2102 258 259 2103 2103 250 251 2104 2104 256 257 2105 2105 534 539 2106 2106 504 518 2107 2107 505 517 2108 2108 535 540 2109 2109 504 518 2110 2110 534 539 2111 2111 409 418 2112 2112 412 421 2113 2113 408 419 2114 2114 413 422 2115 2115 412 421 2116 2116 409 418 2117 2117 535 540 2118 2118 499 512 2119 2119 503 515 2120 2120 534 539 2121 2121 499 512 2122 2122 535 540 2123 2123 534 539 2124 2124 498 513 2125 2125 499 512 2126 2126 505 517 2127 2127 498 513 2128 2128 534 539 2129 2129 503 515 2130 2130 536 541 2131 2131 535 540 2132 2132 502 516 2133 2133 536 541 2134 2134 503 515 2135 2135 502 516 2136 2136 504 518 2137 2137 536 541 2138 2138 501 514 2139 2139 504 518 2140 2140 502 516 2141 2141 489 505 2142 2142 537 542 2143 2143 371 378 2144 2144 476 488 2145 2145 537 542 2146 2146 489 505 2147 2147 60 60 2148 2148 235 238 2149 2149 62 62 2150 2150 58 58 2151 2151 235 238 2152 2152 60 60 2153 2153 58 58 2154 2154 237 236 2155 2155 235 238 2156 2156 56 56 2157 2157 237 236 2158 2158 58 58 2159 2159 537 542 2160 2160 373 382 2161 2161 371 378 2162 2162 476 488 2163 2163 373 382 2164 2164 537 542 2165 2165 191 192 2166 2166 187 188 2167 2167 189 190 2168 2168 183 184 2169 2169 187 188 2170 2170 191 192 2171 2171 162 162 2172 2172 158 158 2173 2173 160 160 2174 2174 157 164 2175 2175 158 158 2176 2176 162 162 2177 2177 248 249 2178 2178 456 465 2179 2179 246 247 2180 2180 250 251 2181 2181 456 465 2182 2182 248 249 2183 2183 96 96 2184 2184 88 88 2185 2185 90 90 2186 2186 98 98 2187 2187 88 88 2188 2188 96 96 2189 2189 47 47 2190 2190 39 39 2191 2191 41 41 2192 2192 49 49 2193 2193 39 39 2194 2194 47 47 2195 2195 507 543 2196 2196 494 544 2197 2197 495 545 2198 2198 509 546 2199 2199 494 547 2200 2200 507 548 2201 2201 497 549 2202 2202 508 550 2203 2203 506 551 2204 2204 496 552 2205 2205 508 553 2206 2206 497 554 2207 2207 508 555 2208 2208 494 556 2209 2209 509 557 2210 2210 496 558 2211 2211 494 559 2212 2212 508 560 2213 2213 507 561 2214 2214 497 562 2215 2215 506 563 2216 2216 495 564 2217 2217 497 565 2218 2218 507 566 2219 2219 487 503 2220 2220 484 502 2221 2221 485 501 2222 2222 488 504 2223 2223 484 502 2224 2224 487 503 2225 2225 540 567 2226 2226 539 568 2227 2227 538 569 2228 2228 541 570 2229 2229 539 568 2230 2230 540 567 2231 2231 544 520 2232 2232 543 571 2233 2233 542 520 2234 2234 545 572 2235 2235 543 571 2236 2236 544 520 2237 2237 541 570 2238 2238 545 572 2239 2239 539 568 2240 2240 543 571 2241 2241 545 572 2242 2242 541 570 2243 2243 198 199 2244 2244 194 193 2245 2245 200 201 2246 2246 196 197 2247 2247 194 193 2248 2248 198 199 2249 2249 204 205 2250 2250 208 209 2251 2251 210 211 2252 2252 206 207 2253 2253 208 209 2254 2254 204 205 2255 2255 201 202 2256 2256 358 367 2257 2257 356 365 2258 2258 202 203 2259 2259 358 367 2260 2260 201 202 2261 2261 282 281 2262 2262 291 292 2263 2263 284 285 2264 2264 289 290 2265 2265 291 292 2266 2266 282 281 2267 2267 260 261 2268 2268 264 265 2269 2269 266 267 2270 2270 262 263 2271 2271 264 265 2272 2272 260 261 2273 2273 379 388 2274 2274 285 286 2275 2275 377 386 2276 2276 283 284 2277 2277 285 286 2278 2278 379 388 2279 2279 531 573 2280 2280 526 574 2281 2281 527 575 2282 2282 533 576 2283 2283 526 577 2284 2284 531 578 2285 2285 529 579 2286 2286 532 580 2287 2287 530 581 2288 2288 528 582 2289 2289 532 583 2290 2290 529 584 2291 2291 194 193 2292 2292 202 203 2293 2293 200 201 2294 2294 192 195 2295 2295 202 203 2296 2296 194 193 2297 2297 532 585 2298 2298 526 586 2299 2299 533 587 2300 2300 528 588 2301 2301 526 589 2302 2302 532 590 2303 2303 531 591 2304 2304 529 592 2305 2305 530 593 2306 2306 527 594 2307 2307 529 595 2308 2308 531 596 2309 2309 419 428 2310 2310 311 310 2311 2311 313 312 2312 2312 309 308 2313 2313 311 310 2314 2314 419 428 2315 2315 452 461 2316 2316 455 464 2317 2317 451 462 2318 2318 454 463 2319 2319 455 464 2320 2320 452 461 2321 2321 244 245 2322 2322 254 255 2323 2323 256 257 2324 2324 246 247 2325 2325 254 255 2326 2326 244 245 2327 2327 219 222 2328 2328 223 224 2329 2329 221 220 2330 2330 225 226 2331 2331 223 224 2332 2332 219 222 2333 2333 146 146 2334 2334 153 153 2335 2335 152 151 2336 2336 148 148 2337 2337 153 153 2338 2338 146 146 2339 2339 546 597 2340 2340 437 446 2341 2341 151 152 2342 2342 140 140 2343 2343 437 446 2344 2344 546 597 2345 2345 380 390 2346 2346 329 338 2347 2347 328 336 2348 2348 393 402 2349 2349 329 338 2350 2350 380 390 2351 2351 393 402 2352 2352 226 227 2353 2353 382 391 2354 2354 380 390 2355 2355 226 227 2356 2356 393 402 2357 2357 168 169 2358 2358 547 598 2359 2359 166 167 2360 2360 169 170 2361 2361 547 598 2362 2362 168 169 2363 2363 169 170 2364 2364 548 599 2365 2365 547 598 2366 2366 170 171 2367 2367 548 599 2368 2368 169 170 2369 2369 548 599 2370 2370 167 166 2371 2371 165 168 2372 2372 170 171 2373 2373 167 166 2374 2374 548 599 2375 2375 394 403 2376 2376 327 337 2377 2377 330 339 2378 2378 381 389 2379 2379 327 337 2380 2380 394 403 2381 2381 381 389 2382 2382 328 336 2383 2383 327 337 2384 2384 380 390 2385 2385 328 336 2386 2386 381 389 2387 2387 362 371 2388 2388 404 413 2389 2389 407 416 2390 2390 359 370 2391 2391 404 413 2392 2392 362 371 2393 2393 383 392 2394 2394 104 104 2395 2395 106 106 2396 2396 101 103 2397 2397 104 104 2398 2398 383 392 2399 2399 403 414 2400 2400 364 375 2401 2401 365 374 2402 2402 404 413 2403 2403 364 375 2404 2404 403 414 2405 2405 483 499 2406 2406 110 110 2407 2407 107 107 2408 2408 108 108 2409 2409 110 110 2410 2410 483 499 2411 2411 421 430 2412 2412 401 410 2413 2413 425 434 2414 2414 397 408 2415 2415 401 410 2416 2416 421 430 2417 2417 240 241 2418 2418 236 237 2419 2419 238 239 2420 2420 242 243 2421 2421 236 237 2422 2422 240 241 2423 2423 420 431 2424 2424 425 434 2425 2425 424 433 2426 2426 421 430 2427 2427 425 434 2428 2428 420 431 2429 2429 438 447 2430 2430 424 433 2431 2431 440 449 2432 2432 420 431 2433 2433 424 433 2434 2434 438 447 2435 2435 434 443 2436 2436 440 449 2437 2437 436 445 2438 2438 438 447 2439 2439 440 449 2440 2440 434 443 2441 2441 549 600 2442 2442 387 396 2443 2443 385 394 2444 2444 126 126 2445 2445 387 396 2446 2446 549 600 2447 2447 124 124 2448 2448 387 396 2449 2449 126 126 2450 2450 122 122 2451 2451 387 396 2452 2452 124 124 2453 2453 416 425 2454 2454 436 445 2455 2455 418 427 2456 2456 434 443 2457 2457 436 445 2458 2458 416 425 2459 2459 114 116 2460 2460 121 121 2461 2461 116 114 2462 2462 550 601 2463 2463 121 121 2464 2464 114 116 2465 2465 550 601 2466 2466 119 119 2467 2467 121 121 2468 2468 117 117 2469 2469 119 119 2470 2470 550 601 2471 2471 398 407 2472 2472 418 427 2473 2473 402 411 2474 2474 416 425 2475 2475 418 427 2476 2476 398 407 2477 2477 232 233 2478 2478 228 229 2479 2479 230 231 2480 2480 234 235 2481 2481 228 229 2482 2482 232 233 2483 2483 397 408 2484 2484 402 411 2485 2485 401 410 2486 2486 398 407 2487 2487 402 411 2488 2488 397 408 2489 2489 257 258 2490 2490 253 252 2491 2491 251 254 2492 2492 255 256 2493 2493 253 252 2494 2494 257 258 2495 2495 132 132 2496 2496 138 138 2497 2497 127 129 2498 2498 134 134 2499 2499 138 138 2500 2500 132 132 2501 2501 10 10 2502 2502 14 14 2503 2503 12 12 2504 2504 8 8 2505 2505 14 14 2506 2506 10 10 2507 2507 15 15 2508 2508 11 11 2509 2509 13 13 2510 2510 17 17 2511 2511 11 11 2512 2512 15 15 2513 2513 8 8 2514 2514 16 16 2515 2515 14 14 2516 2516 6 6 2517 2517 16 16 2518 2518 8 8 2519 2519 19 19 2520 2520 2 0 2521 2521 0 2 2522 2522 18 18 2523 2523 2 0 2524 2524 19 19 2525 2525 86 86 2526 2526 98 98 2527 2527 100 100 2528 2528 88 88 2529 2529 98 98 2530 2530 86 86 2531 2531 190 191 2532 2532 184 183 2533 2533 182 185 2534 2534 517 528 2535 2535 514 602 2536 2536 515 526 2537 2537 521 532 2538 2538 520 529 2539 2539 518 603 2540 2540 446 455 2541 2541 492 509 2542 2542 444 453 2543 2543 445 454 2544 2544 443 450 2545 2545 469 478 2546 2546 492 509 2547 2547 442 451 2548 2548 444 453 2549 2549 76 76 2550 2550 74 74 2551 2551 391 400 2552 2552 432 441 2553 2553 433 442 2554 2554 80 80 2555 2555 79 79 2556 2556 75 75 2557 2557 77 77 2558 2558 391 400 2559 2559 450 459 2560 2560 392 401 2561 2561 504 518 2562 2562 535 540 2563 2563 536 541 2564 2564 374 383 2565 2565 370 379 2566 2566 372 381 2567 2567 476 488 2568 2568 551 604 2569 2569 373 382 2570 2570 369 380 2571 2571 489 505 2572 2572 371 378 2573 2573 172 173 2574 2574 174 175 2575 2575 414 423 2576 2576 178 179 2577 2577 180 181 2578 2578 395 404 2579 2579 187 188 2580 2580 183 184 2581 2581 185 186 2582 2582 163 163 2583 2583 161 161 2584 2584 164 165 2585 2585 113 113 2586 2586 448 457 2587 2587 449 458 2588 2588 380 390 2589 2589 224 225 2590 2590 226 227 2591 2591 336 345 2592 2592 338 347 2593 2593 390 399 2594 2594 505 517 2595 2595 500 511 2596 2596 498 513 2597 2597 551 604 2598 2598 476 488 2599 2599 474 484 2600 2600 172 173 2601 2601 414 423 2602 2602 415 424 2603 2603 178 179 2604 2604 395 404 2605 2605 396 405 2606 2606 136 136 2607 2607 138 138 2608 2608 134 134 2609 2609 131 131 2610 2610 129 127 2611 2611 133 133 2612 2612 34 34 2613 2613 233 234 2614 2614 231 232 2615 2615 486 500 2616 2616 484 502 2617 2617 488 504 2618 2618 66 66 2619 2619 241 242 2620 2620 239 240 2621 2621 453 460 2622 2622 451 462 2623 2623 455 464 2624 2624 250 251 2625 2625 258 259 2626 2626 456 465 2627 2627 406 415 2628 2628 407 416 2629 2629 404 413 2630 2630 192 195 2631 2631 357 366 2632 2632 202 203 2633 2633 281 282 2634 2634 283 284 2635 2635 378 387 2636 2636 142 142 2637 2637 437 446 2638 2638 140 140 2639 2639 122 122 2640 2640 120 120 2641 2641 387 396 2642 2642 17 17 2643 2643 9 9 2644 2644 11 11 2645 2645</p>
        </triangles>
      </mesh>
    </geometry>
    <geometry id="polygon1-mesh" name="polygon1">
      <mesh>
        <source id="polygon1-mesh-positions">
          <float_array id="polygon1-mesh-positions-array" count="576">-87.41489 62.55141 -81.50006 -53.77414 62.55142 -81.50003 -87.41489 58.30573 -65.65491 -53.77414 58.30573 -65.6549 -87.4149 46.7063 -54.05553 -53.77413 46.70631 -54.0555 -87.4149 30.86116 -49.80979 -53.77413 30.86117 -49.80977 -87.4149 15.01603 -54.05553 -53.77414 15.01603 -54.05548 -87.41489 3.416595 -65.65489 -53.77415 3.416593 -65.65489 -87.41489 -0.829106 -81.50003 -53.77415 -0.829102 -81.50002 -87.41489 3.416595 -97.34514 -53.77415 3.416595 -97.34514 -87.41489 15.01602 -108.9446 -53.77415 15.01602 -108.9446 -87.41489 30.86115 -113.1903 -53.77415 30.86115 -113.1903 -87.41489 46.70627 -108.9446 -53.77414 46.70628 -108.9446 -87.41489 58.30572 -97.34517 -53.77414 58.30573 -97.34517 -74.60992 42.03427 74.99995 -52.18275 42.03428 74.99998 -74.60992 39.20382 85.56339 -52.18275 39.20382 85.56339 -74.60993 31.47087 93.29632 -52.18275 31.47087 93.29634 -74.60993 20.90744 96.1268 -52.18275 20.90744 96.12682 -74.60994 10.34402 93.29632 -52.18276 10.34402 93.29635 -74.60992 2.611063 85.5634 -52.18277 2.611062 85.5634 -74.60992 -0.219404 74.99998 -52.18277 -0.219401 74.99998 -74.60992 2.611063 64.43657 -52.18277 2.611063 64.43657 -74.60992 10.34401 56.70361 -52.18277 10.34402 56.70361 -74.60992 20.90743 53.87314 -52.18277 20.90744 53.87315 -74.60992 31.47085 56.70361 -52.18276 31.47086 56.70361 -74.60992 39.20381 64.43655 -52.18275 39.20382 64.43655 92.0287 10.69436 -73.31582 92.0287 8.681077 -81.50003 87.41489 -0.829102 -81.50003 92.0287 10.69437 -89.68426 87.41489 3.416595 -97.34514 92.0287 15.48272 -96.87847 87.41489 15.01602 -108.9446 92.0287 22.67691 -101.6668 87.41489 30.86115 -113.1903 92.0287 30.86114 -103.5638 92.0287 39.04538 -101.6668 -77.6858 26.36359 61.55547 -77.6858 20.90742 60.29078 -77.6858 15.45127 61.55547 -77.6858 10.65514 64.74769 -77.6858 7.462913 69.54382 -77.6858 6.120719 74.99998 -77.6858 7.462908 80.45612 -49.4549 30.84391 -100.4915 -49.56261 44.62642 -95.25264 -49.5019 50.29946 -81.46461 -92.0287 30.86115 -59.43627 -92.0287 39.04539 -61.33328 -92.02869 46.23959 -66.12161 -92.02869 51.02795 -73.31582 -92.02869 53.04123 -81.50006 -92.02869 51.02795 -89.68427 -92.02869 46.23958 -96.87847 -92.0287 39.04538 -101.6668 -92.0287 30.86114 -103.5638 -92.0287 22.67691 -101.6668 74.60992 -0.219401 74.99998 77.6858 7.462913 69.54382 74.60992 2.611063 64.43657 77.6858 10.65514 64.74769 74.60992 10.34401 56.70361 77.6858 15.45127 61.55547 74.60992 20.90743 53.87314 77.6858 20.90742 60.29078 77.6858 26.36359 61.55547 53.77415 3.416595 -97.34514 53.77415 -0.829098 -81.50002 49.59586 10.71586 -81.46457 53.77415 3.416595 -65.65489 49.58736 16.928 -67.55548 53.77414 15.01604 -54.05548 49.52133 30.84049 -61.97307 53.77413 30.86117 -49.80977 53.77413 46.70631 -54.0555 -77.6858 20.90744 89.70916 -77.6858 26.36359 88.44448 -77.6858 31.15972 85.25226 -77.6858 34.35197 80.45612 -77.6858 35.69415 74.99995 -77.6858 34.35197 69.54382 -49.30327 20.89594 62.33901 -49.37508 30.08428 65.83157 -49.3346 33.86631 75.0236 52.18277 2.611063 64.43657 52.18277 -0.219399 74.99998 49.39724 7.47724 75.02362 52.18277 2.611063 85.5634 49.39157 11.61866 84.29634 52.18276 10.34402 93.29634 49.34755 20.89366 88.01795 52.18275 20.90744 96.12682 52.18275 31.47087 93.29634 77.6858 26.36359 88.44448 74.60993 31.47087 93.29631 77.6858 31.15972 85.25226 74.60992 39.20382 85.56339 77.6858 34.35197 80.45612 74.60992 42.03427 74.99995 77.6858 35.69415 74.99995 77.6858 34.35197 69.54382 92.0287 53.04123 -81.50006 87.41489 62.5514 -81.50006 92.0287 51.02795 -89.68426 87.41489 58.30572 -97.34517 92.02869 46.23958 -96.87847 87.41489 46.70627 -108.9446 -92.0287 10.69436 -73.31582 -92.0287 15.48271 -66.12161 -92.0287 22.67692 -61.33328 -49.5403 44.51833 -67.78575 -49.52133 30.84049 -61.97307 -49.58736 16.92799 -67.55548 -49.59585 10.71586 -81.46457 74.60994 10.34402 93.29631 77.6858 10.65514 85.25226 74.60992 2.611063 85.5634 77.6858 7.462909 80.45612 77.6858 6.120718 74.99998 74.60992 31.47085 56.70361 77.68579 31.15972 64.74769 74.60992 39.20381 64.43655 49.5403 44.51833 -67.78576 53.77414 58.30573 -65.6549 49.5019 50.29946 -81.46461 53.77414 62.55142 -81.50003 53.77414 58.30573 -97.34517 -77.6858 10.65514 85.25226 -77.6858 15.45128 88.44448 -77.68579 31.15972 64.74769 -49.3602 30.01222 84.14283 -49.34755 20.89366 88.01795 -49.39157 11.61866 84.29634 -49.39724 7.47724 75.02362 49.3602 30.01222 84.14283 52.18276 39.20382 85.56339 49.3346 33.86631 75.0236 52.18276 42.03428 74.99998 52.18276 39.20382 64.43655 53.77415 30.86115 -113.1903 49.4549 30.84391 -100.4915 53.77414 46.70628 -108.9446 49.56261 44.62642 -95.25264 52.18277 20.90744 53.87315 49.30327 20.89594 62.33902 52.18276 31.47086 56.70361 49.37508 30.08428 65.83157 -92.0287 15.48271 -96.87847 74.60993 20.90744 96.1268 77.6858 20.90744 89.70915 77.6858 15.45128 88.44448 92.0287 22.67692 -61.33328 87.4149 15.01603 -54.05553 92.0287 30.86115 -59.43627 87.41489 30.86116 -49.80979 87.41489 46.7063 -54.05553 52.18277 10.34402 56.70361 -92.0287 8.681078 -81.50003 -92.0287 10.69437 -89.68427 -49.55957 17.06539 -95.23769 87.41489 58.30572 -65.65491 87.41489 3.416595 -65.65489 92.0287 15.48271 -66.12161 92.0287 39.04539 -61.33328 92.0287 46.23959 -66.12161 92.0287 51.02795 -73.31582 53.77415 15.01602 -108.9446 49.55957 17.06539 -95.23769 -49.37305 11.71026 65.84154 49.37305 11.71026 65.84154</float_array>
          <technique_common>
            <accessor source="#polygon1-mesh-positions-array" count="192" stride="3">
              <param name="X" type="float"/>
              <param name="Y" type="float"/>
              <param name="Z" type="float"/>
            </accessor>
          </technique_common>
        </source>
        <source id="polygon1-mesh-normals">
          <float_array id="polygon1-mesh-normals-array" count="714">-0.6403762 0.6618561 0.3896983 0 1 -3.33915e-7 -0.6962324 0.7178164 2.29999e-5 -3.25725e-7 0.8660252 0.5000005 -0.6993876 0.3395131 0.6289578 -8.06003e-7 0.5000008 0.8660251 -0.5402608 -4.68455e-6 0.8414977 -8.76391e-7 4.91051e-7 1 -0.6993679 -0.3395447 0.6289627 -8.52383e-7 -0.4999996 0.8660257 -0.6403817 -0.6618579 0.3896863 0 -0.8660251 0.5000007 -0.6962321 -0.7178168 5.69969e-6 0 -1 0 -0.6403759 -0.6618568 -0.3896979 0 -0.8660256 -0.4999997 -0.6403807 -0.3897154 -0.6618417 0 -0.500001 -0.8660249 -0.697529 2.20984e-5 -0.7165567 0 0 -1 -0.6403765 0.3896977 -0.6618562 -1.76988e-7 0.4999999 -0.8660256 -0.6403809 0.6618418 -0.3897152 -2.86957e-7 0.8660251 -0.5000007 -0.640376 0.6618566 0.389698 -1.89981e-7 1 3.92841e-7 -0.6962317 0.7178171 2.24784e-5 -1.8322e-7 0.8660253 0.5000002 -0.6993873 0.3395133 0.6289581 -5.15265e-7 0.5000006 0.8660252 -0.5402601 -4.11272e-6 0.8414981 -8.07291e-7 1.86599e-7 1 -0.6993681 -0.3395445 0.6289625 -1.10494e-6 -0.4999994 0.8660258 -0.6403797 -0.6618425 0.3897159 -2.18297e-7 -0.8660252 0.5000005 -0.6962318 -0.7178171 5.8189e-6 0 -1 -2.06241e-7 -0.6403756 -0.6618569 -0.3896982 1.8322e-7 -0.8660254 -0.5000001 -0.6403803 -0.3897153 -0.6618422 4.21947e-7 -0.5000002 -0.8660254 -0.6975283 2.20612e-5 -0.7165573 2.65165e-7 2.65167e-7 -1 -0.6403759 0.3896976 -0.6618568 -1.39239e-7 0.4999998 -0.8660256 -0.6403815 0.6618581 -0.3896864 -2.61547e-7 0.8660254 -0.5000001 0.696232 -0.7178168 -2.58666e-7 0.8997096 -0.4364892 0 0.9014288 -0.4058378 0.1507375 0.9014289 -0.4058377 -0.1507377 0.6403757 -0.6618534 -0.3897041 0.9065197 -0.2985148 -0.2985147 0.6403811 -0.3897074 -0.6618461 0.9023967 -0.1484525 -0.4045269 0.6975289 1.38953e-5 -0.7165567 0.9017754 0 -0.432205 0.9023966 0.1484529 -0.4045274 -0.9017744 0 -0.4322069 -0.9023965 0.1484523 -0.4045275 -0.9023966 -0.1484522 -0.4045275 -0.9065191 -0.2985159 -0.2985157 -0.901429 -0.4058374 -0.1507378 -0.8997094 -0.4364896 0 -0.9014346 -0.40581 0.1507778 -0.9982885 1.1576e-4 0.05848228 -0.9467352 -5.50905e-5 0.3220136 -0.9471737 0.1501056 0.2834263 -0.9472721 -0.1498935 0.2832096 -0.999905 -0.01130974 0.007878959 -0.9462806 -0.2852635 0.1522426 -0.9979938 -0.06330716 7.80441e-4 -0.9442412 -0.3292549 1.20678e-4 -0.9464076 -0.2847781 -0.1523621 -0.9025366 0.1661559 0.3972656 -0.8964294 0 0.4431868 -0.90652 0.2985144 0.2985142 -0.9014344 0.4058105 0.1507785 -0.8997094 0.4364895 -2.64118e-7 -0.9014288 0.4058378 -0.150738 -0.906478 0.298578 -0.2985782 -0.9023966 0.1484529 -0.4045274 -0.9017754 0 -0.432205 -0.9023967 -0.1484527 -0.404527 0.6403753 -0.6618533 -0.3897048 0.901429 -0.4058373 -0.1507378 0.6962318 -0.717817 -2.33799e-5 0.9064982 -0.2985474 -0.2985476 0.6403806 -0.3897074 -0.6618466 0.9023966 -0.1484523 -0.4045276 0.6975282 1.39102e-5 -0.7165573 0.9017746 -2.10824e-7 -0.4322069 0.9023966 0.1484521 -0.4045274 0.9971228 0.07579374 -0.001230061 0.9403126 0.3403121 1.32074e-4 0.9446398 0.2888783 0.1555798 0.9437944 0.2911338 -0.1565037 0.9997802 0.01727348 -0.01188576 0.9452695 0.1532419 -0.2880672 0.9978069 0.00220108 -0.06615585 0.9439437 2.46587e-4 -0.3301065 0.946314 -0.1522654 -0.2851406 -0.902537 0.166156 0.3972647 -0.896429 0 0.4431875 -0.9065198 0.2985146 0.2985145 -0.901429 0.4058377 0.1507371 -0.8997089 0.4364905 -2.59925e-7 -0.9014344 0.40581 -0.1507792 -0.9982885 1.15775e-4 0.0584824 -0.946735 -5.51612e-5 0.322014 -0.9471737 0.1501052 0.2834265 -0.947272 -0.1498933 0.2832099 -0.9999051 -0.01130878 0.007878184 -0.9462808 -0.2852628 0.1522428 -0.9979938 -0.06330615 7.80381e-4 -0.9442415 -0.3292537 1.20729e-4 -0.9464077 -0.2847778 -0.1523619 0.9971227 0.07579475 -0.001230061 0.9403119 0.340314 1.32269e-4 0.9446399 0.288878 0.1555797 0.9437946 0.2911337 -0.1565029 0.9997802 0.01727408 -0.01188611 0.9452689 0.1532021 -0.2880904 0.997807 0.002201318 -0.06615543 0.9439639 -7.04448e-5 -0.3300489 0.946314 -0.1522657 -0.2851405 0.9065197 0.2985147 0.2985146 0.699387 0.3395074 0.6289616 0.9025291 0.1661186 0.3972984 0.6403763 0.661862 0.3896883 0.9014346 0.4058102 0.1507779 0.6962319 0.717817 2.25641e-5 0.8997089 0.4364905 -2.59925e-7 0.9014288 0.4058375 -0.1507385 0.9014291 0.4058373 -0.1507377 0.6962321 0.7178167 -3.16733e-7 0.8997091 0.43649 -2.97656e-7 0.6403815 0.6618514 -0.3896979 0.90652 0.2985143 -0.2985146 0.6403769 0.3896881 -0.6618615 -0.9014289 -0.4058375 0.1507375 -0.9065196 -0.2985149 0.2985151 -0.9025287 -0.1661192 0.3972989 -0.9999234 -0.008113443 -0.009358286 -0.9463139 -0.1522655 -0.2851407 -0.997807 0.002201139 -0.06615573 -0.9439437 2.4669e-4 -0.3301066 -0.9452688 0.153202 -0.2880907 -0.9997802 0.01727312 -0.01188588 -0.9437943 0.2911337 -0.1565039 -0.9971228 0.07579404 -0.001230061 -0.9403122 0.3403131 1.32096e-4 -0.94464 0.2888778 0.1555796 0.6403802 -0.6618468 0.3897078 0.9065193 -0.2985153 0.2985153 0.6993666 -0.3395224 0.6289761 0.9014289 -0.4058375 0.1507373 0.8997094 -0.4364897 0 0.6403757 0.3897039 -0.6618533 0.9065198 0.2985146 -0.2985147 0.6403807 0.6618462 -0.3897077 0.9999234 -0.008113205 -0.009358167 0.9464077 -0.2847779 -0.1523621 0.9979938 -0.06330716 7.80441e-4 0.9442411 -0.3292551 1.20655e-4 0.9462808 -0.285263 0.1522423 -0.9065192 -0.2985156 0.2985156 -0.9025292 -0.1661193 0.3972976 -0.9065197 0.2985149 -0.298515 -0.9999234 -0.008112907 -0.009357452 -0.946314 -0.1522651 -0.2851406 -0.997807 0.002201259 -0.06615543 -0.9439638 -7.07047e-5 -0.3300492 -0.9452689 0.153202 -0.2880902 -0.9997802 0.0172742 -0.01188576 -0.9437943 0.291134 -0.1565032 -0.9971228 0.07579463 -0.001230001 -0.940312 0.3403136 1.32367e-4 -0.9446399 0.288878 0.1555798 0.9999234 -0.008113503 -0.009357452 0.9464076 -0.2847781 -0.1523618 0.9979938 -0.06330716 7.80456e-4 0.9442411 -0.3292552 1.20768e-4 0.9462808 -0.2852632 0.1522426 0.9472721 -0.1498935 0.2832096 0.9982885 1.1576e-4 0.05848228 0.9467352 -5.50905e-5 0.3220136 0.999905 -0.01130968 0.007878959 0.947272 -0.1498934 0.2832098 0.9982885 1.15894e-4 0.05848211 0.9467352 -5.51046e-5 0.3220134 0.9999051 -0.01130932 0.007878422 -0.9065195 -0.2985152 -0.2985152 0.8964735 1.24215e-7 0.4430973 0.5402603 1.86544e-6 0.841498 0.902529 -0.166118 0.3972988 0.8964291 0 0.4431874 0.6993657 -0.3395197 0.6289786 0.9025288 -0.1661192 0.3972989 0.5402604 1.31177e-6 0.8414979 0.6993888 0.3395339 0.6289452 -4.40853e-7 -0.5000002 -0.8660254 -2.57633e-7 2.65167e-7 -1 -1.8322e-7 -0.8660254 -0.5 -0.8997095 -0.4364895 -1.46732e-7 -0.9014286 -0.4058381 -0.1507378 -0.9998432 0.01648914 0.006459832 4.00762e-7 0.8660252 -0.5000004 3.85476e-7 1 0 0.6403759 0.6618555 0.3897001 4.73301e-7 0.8660254 0.5000002 8.01525e-7 0.5000008 0.8660249 8.65168e-7 4.02662e-7 1 7.53166e-7 -0.4999995 0.8660257 0.6403815 -0.6618579 0.389687 0 -0.8660251 0.5000008 0 -1 0 0.9064985 -0.2985469 0.2985469 0 -0.8660258 -0.4999997 0.9025368 0.1661551 0.3972658 0.9065404 0.2984834 0.2984833 0.9014344 0.4058104 0.1507779 1.62862e-7 0.4999999 -0.8660255 0.9471737 0.1501055 0.2834263 0.9998432 0.01648938 0.006459593 1.94631e-7 1 2.55346e-7 3.6644e-7 0.8660252 0.5000004 9.21724e-7 0.5000004 0.8660252 8.81704e-7 -1.66957e-7 1 9.21724e-7 -0.4999996 0.8660257 0 -0.866025 0.5000005 -0.9998432 0.01648944 0.006460368 0 -1 -1.37494e-7 0.9471737 0.1501051 0.2834264 0.9998432 0.01648938 0.006460189 2.67638e-7 0.8660253 -0.5000004 1.28817e-7 0.4999996 -0.8660257</float_array>
          <technique_common>
            <accessor source="#polygon1-mesh-normals-array" count="238" stride="3">
              <param name="X" type="float"/>
              <param name="Y" type="float"/>
              <param name="Z" type="float"/>
            </accessor>
          </technique_common>
        </source>
        <source id="polygon1-mesh-map-0">
          <float_array id="polygon1-mesh-map-0-array" count="1728">-0.1740723 -0.532959 -0.6777344 -1.011963 -0.6777344 -0.532959 -0.1740723 -1.011963 -0.6777344 -1.011963 -0.1740723 -0.532959 0.3200684 -0.532959 -0.1740723 -1.011963 -0.1740723 -0.532959 0.3198242 -1.011963 -0.1740723 -1.011963 0.3200684 -0.532959 0.8146973 -0.532959 0.3198242 -1.011963 0.3200684 -0.532959 0.8146973 -1.011963 0.3198242 -1.011963 0.8146973 -0.532959 1.310059 -0.532959 0.8146973 -1.011963 0.8146973 -0.532959 1.309814 -1.011963 0.8146973 -1.011963 1.310059 -0.532959 1.805908 -0.532959 1.309814 -1.011963 1.310059 -0.532959 1.805908 -1.011963 1.309814 -1.011963 1.805908 -0.532959 2.303223 -0.532959 1.805908 -1.011963 1.805908 -0.532959 2.302979 -1.011963 1.805908 -1.011963 2.303223 -0.532959 2.801514 -0.532959 2.302979 -1.011963 2.303223 -0.532959 2.801514 -1.011963 2.302979 -1.011963 2.801514 -0.532959 3.302002 -0.532959 2.801514 -1.011963 2.801514 -0.532959 3.302002 -1.011963 2.801514 -1.011963 3.302002 -0.532959 3.804688 -0.532959 3.302002 -1.011963 3.302002 -0.532959 3.804688 -1.011963 3.302002 -1.011963 3.804688 -0.532959 4.307373 -0.532959 3.804688 -1.011963 3.804688 -0.532959 4.307373 -1.011963 3.804688 -1.011963 4.307373 -0.532959 4.809814 -0.532959 4.307373 -1.011963 4.307373 -0.532959 4.809814 -1.011963 4.307373 -1.011963 4.809814 -0.532959 5.312256 -0.532959 4.809814 -1.011963 4.809814 -0.532959 5.312256 -1.011963 4.809814 -1.011963 5.312256 -0.532959 -0.1740723 -0.532959 -0.6777344 -1.011963 -0.6777344 -0.532959 -0.1740723 -1.011963 -0.6777344 -1.011963 -0.1740723 -0.532959 0.3200684 -0.532959 -0.1740723 -1.011963 -0.1740723 -0.532959 0.3198242 -1.011963 -0.1740723 -1.011963 0.3200684 -0.532959 0.8146973 -0.532959 0.3198242 -1.011963 0.3200684 -0.532959 0.8146973 -1.011963 0.3198242 -1.011963 0.8146973 -0.532959 1.310059 -0.532959 0.8146973 -1.011963 0.8146973 -0.532959 1.309814 -1.011963 0.8146973 -1.011963 1.310059 -0.532959 1.805908 -0.532959 1.309814 -1.011963 1.310059 -0.532959 1.805908 -1.011963 1.309814 -1.011963 1.805908 -0.532959 2.303223 -0.532959 1.805908 -1.011963 1.805908 -0.532959 2.302979 -1.011963 1.805908 -1.011963 2.303223 -0.532959 2.801514 -0.532959 2.302979 -1.011963 2.303223 -0.532959 2.801514 -1.011963 2.302979 -1.011963 2.801514 -0.532959 3.302002 -0.532959 2.801514 -1.011963 2.801514 -0.532959 3.302002 -1.011963 2.801514 -1.011963 3.302002 -0.532959 3.804688 -0.532959 3.302002 -1.011963 3.302002 -0.532959 3.804688 -1.011963 3.302002 -1.011963 3.804688 -0.532959 4.307373 -0.532959 3.804688 -1.011963 3.804688 -0.532959 4.307373 -1.011963 3.804688 -1.011963 4.307373 -0.532959 4.809814 -0.532959 4.307373 -1.011963 4.307373 -0.532959 4.809814 -1.011963 4.307373 -1.011963 4.809814 -0.532959 5.312256 -0.532959 4.809814 -1.011963 4.809814 -0.532959 5.312256 -1.011963 4.809814 -1.011963 5.312256 -0.532959 0.4926758 0.5197754 0.4926758 0.5827637 0.3630371 0.598877 0.6220703 0.598877 0.4926758 0.5827637 0.4926758 0.5197754 0.7299805 0.552002 0.6220703 0.598877 0.4926758 0.5197754 0.7358398 0.637207 0.6220703 0.598877 0.7299805 0.552002 0.9038086 0.6401367 0.7358398 0.637207 0.7299805 0.552002 0.8117676 0.6950684 0.7358398 0.637207 0.9038086 0.6401367 0.9675293 0.7607422 0.8117676 0.6950684 0.9038086 0.6401367 0.848877 0.7607422 0.8117676 0.6950684 0.9675293 0.7607422 0.8117676 0.826416 0.848877 0.7607422 0.9675293 0.7607422 0.9675293 0.7607422 0.848877 0.7607422 0.8117676 0.826416 0.8117676 0.6950684 0.848877 0.7607422 0.9675293 0.7607422 0.9038086 0.6401367 0.8117676 0.6950684 0.9675293 0.7607422 0.7358398 0.637207 0.8117676 0.6950684 0.9038086 0.6401367 0.7299805 0.552002 0.7358398 0.637207 0.9038086 0.6401367 0.6220703 0.598877 0.7358398 0.637207 0.7299805 0.552002 0.4926758 0.5197754 0.6220703 0.598877 0.7299805 0.552002 0.4926758 0.5827637 0.6220703 0.598877 0.4926758 0.5197754 0.3630371 0.598877 0.4926758 0.5827637 0.4926758 0.5197754 0.7797852 0.7612305 0.9641113 0.7597656 0.9016113 0.6396484 0.9016113 0.880127 0.9641113 0.7597656 0.7797852 0.7612305 0.6977539 0.8647461 0.9016113 0.880127 0.7797852 0.7612305 0.730957 0.9680176 0.9016113 0.880127 0.6977539 0.8647461 0.4970703 0.9074707 0.730957 0.9680176 0.6977539 0.8647461 0.4975586 1.000244 0.730957 0.9680176 0.4970703 0.9074707 0.2644043 0.9680176 0.4975586 1.000244 0.4970703 0.9074707 0.08129882 0.8813477 0.173584 0.826416 0.1362305 0.7607422 0.2492676 0.8842773 0.173584 0.826416 0.08129882 0.8813477 0.255127 0.9694824 0.2492676 0.8842773 0.08129882 0.8813477 0.3630371 0.9228516 0.2492676 0.8842773 0.255127 0.9694824 0.4926758 1.001953 0.3630371 0.9228516 0.255127 0.9694824 0.4926758 0.9389648 0.3630371 0.9228516 0.4926758 1.001953 0.6220703 0.9228516 0.4926758 0.9389648 0.4926758 1.001953 0.7299805 0.9694824 0.6220703 0.9228516 0.4926758 1.001953 0.7358398 0.8842773 0.6220703 0.9228516 0.7299805 0.9694824 0.9038086 0.8813477 0.7358398 0.8842773 0.7299805 0.9694824 0.8117676 0.826416 0.7358398 0.8842773 0.9038086 0.8813477 0.9675293 0.7607422 0.8117676 0.826416 0.9038086 0.8813477 0.848877 0.7607422 0.8117676 0.826416 0.9675293 0.7607422 0.8117676 0.6950684 0.848877 0.7607422 0.9675293 0.7607422 0.7299805 0.552002 0.6220703 0.598877 0.4926758 0.5197754 0.7358398 0.637207 0.6220703 0.598877 0.7299805 0.552002 0.9038086 0.6401367 0.7358398 0.637207 0.7299805 0.552002 0.8117676 0.6950684 0.7358398 0.637207 0.9038086 0.6401367 0.9675293 0.7607422 0.8117676 0.6950684 0.9038086 0.6401367 0.848877 0.7607422 0.8117676 0.6950684 0.9675293 0.7607422 0.8117676 0.826416 0.848877 0.7607422 0.9675293 0.7607422 0.4973145 0.6149902 0.4975586 0.5195313 0.730957 0.5517578 0.2644043 0.5517578 0.4975586 0.5195313 0.4973145 0.6149902 0.2944336 0.6601563 0.2644043 0.5517578 0.4973145 0.6149902 0.09375 0.6396484 0.2644043 0.5517578 0.2944336 0.6601563 0.2104492 0.7612305 0.09375 0.6396484 0.2944336 0.6601563 0.03125 0.7597656 0.09375 0.6396484 0.2104492 0.7612305 0.09375 0.880127 0.03125 0.7597656 0.2104492 0.7612305 0.08129882 0.8813477 0.173584 0.826416 0.1362305 0.7607422 0.2492676 0.8842773 0.173584 0.826416 0.08129882 0.8813477 0.255127 0.9694824 0.2492676 0.8842773 0.08129882 0.8813477 0.3630371 0.9228516 0.2492676 0.8842773 0.255127 0.9694824 0.4926758 1.001953 0.3630371 0.9228516 0.255127 0.9694824 0.4926758 0.9389648 0.3630371 0.9228516 0.4926758 1.001953 0.6220703 0.9228516 0.4926758 0.9389648 0.4926758 1.001953 0.7797852 0.7612305 0.9641113 0.7597656 0.9016113 0.6396484 0.9016113 0.880127 0.9641113 0.7597656 0.7797852 0.7612305 0.6977539 0.8647461 0.9016113 0.880127 0.7797852 0.7612305 0.730957 0.9680176 0.9016113 0.880127 0.6977539 0.8647461 0.4970703 0.9074707 0.730957 0.9680176 0.6977539 0.8647461 0.4975586 1.000244 0.730957 0.9680176 0.4970703 0.9074707 0.2644043 0.9680176 0.4975586 1.000244 0.4970703 0.9074707 0.4973145 0.6149902 0.4975586 0.5195313 0.730957 0.5517578 0.2644043 0.5517578 0.4975586 0.5195313 0.4973145 0.6149902 0.2944336 0.6601563 0.2644043 0.5517578 0.4973145 0.6149902 0.09375 0.6396484 0.2644043 0.5517578 0.2944336 0.6601563 0.2104492 0.7612305 0.09375 0.6396484 0.2944336 0.6601563 0.03125 0.7597656 0.09375 0.6396484 0.2104492 0.7612305 0.09375 0.880127 0.03125 0.7597656 0.2104492 0.7612305 0.2492676 0.8842773 0.08129882 0.8813477 0.173584 0.826416 0.255127 0.9694824 0.08129882 0.8813477 0.2492676 0.8842773 0.3630371 0.9228516 0.255127 0.9694824 0.2492676 0.8842773 0.4926758 1.001953 0.255127 0.9694824 0.3630371 0.9228516 0.4926758 0.9389648 0.4926758 1.001953 0.3630371 0.9228516 0.6220703 0.9228516 0.4926758 1.001953 0.4926758 0.9389648 0.6220703 0.9228516 0.4926758 1.001953 0.4926758 0.9389648 0.7299805 0.9694824 0.4926758 1.001953 0.6220703 0.9228516 0.7358398 0.8842773 0.7299805 0.9694824 0.6220703 0.9228516 0.9038086 0.8813477 0.7299805 0.9694824 0.7358398 0.8842773 0.8117676 0.826416 0.9038086 0.8813477 0.7358398 0.8842773 0.9675293 0.7607422 0.9038086 0.8813477 0.8117676 0.826416 0.255127 0.552002 0.3630371 0.598877 0.4926758 0.5197754 0.2492676 0.637207 0.3630371 0.598877 0.255127 0.552002 0.08129882 0.6401367 0.2492676 0.637207 0.255127 0.552002 0.173584 0.6950684 0.2492676 0.637207 0.08129882 0.6401367 0.1362305 0.7607422 0.173584 0.6950684 0.08129882 0.6401367 0.2976074 0.8640137 0.2644043 0.9680176 0.4970703 0.9074707 0.09375 0.880127 0.2644043 0.9680176 0.2976074 0.8640137 0.2104492 0.7612305 0.09375 0.880127 0.2976074 0.8640137 0.03125 0.7597656 0.09375 0.880127 0.2104492 0.7612305 0.09375 0.6396484 0.03125 0.7597656 0.2104492 0.7612305 0.2944336 0.6601563 0.09375 0.6396484 0.2104492 0.7612305 0.2644043 0.5517578 0.09375 0.6396484 0.2944336 0.6601563 0.4973145 0.6149902 0.2644043 0.5517578 0.2944336 0.6601563 0.4975586 0.5195313 0.2644043 0.5517578 0.4973145 0.6149902 0.730957 0.5517578 0.4975586 0.5195313 0.4973145 0.6149902 0.255127 0.552002 0.2492676 0.637207 0.08129882 0.6401367 0.3630371 0.598877 0.2492676 0.637207 0.255127 0.552002 0.4926758 0.5197754 0.3630371 0.598877 0.255127 0.552002 0.4926758 0.5827637 0.3630371 0.598877 0.4926758 0.5197754 0.6220703 0.598877 0.4926758 0.5827637 0.4926758 0.5197754 0.9038086 0.8813477 0.8117676 0.826416 0.9675293 0.7607422 0.7358398 0.8842773 0.8117676 0.826416 0.9038086 0.8813477 0.7299805 0.9694824 0.7358398 0.8842773 0.9038086 0.8813477 0.6220703 0.9228516 0.7358398 0.8842773 0.7299805 0.9694824 0.4926758 1.001953 0.6220703 0.9228516 0.7299805 0.9694824 0.2976074 0.8640137 0.09375 0.880127 0.2104492 0.7612305 0.2644043 0.9680176 0.09375 0.880127 0.2976074 0.8640137 0.4970703 0.9074707 0.2644043 0.9680176 0.2976074 0.8640137 0.4975586 1.000244 0.2644043 0.9680176 0.4970703 0.9074707 0.730957 0.9680176 0.4975586 1.000244 0.4970703 0.9074707 0.255127 0.552002 0.3630371 0.598877 0.4926758 0.5197754 0.2492676 0.637207 0.3630371 0.598877 0.255127 0.552002 0.08129882 0.6401367 0.2492676 0.637207 0.255127 0.552002 0.173584 0.6950684 0.2492676 0.637207 0.08129882 0.6401367 0.1362305 0.7607422 0.173584 0.6950684 0.08129882 0.6401367 0.7299805 0.9694824 0.6220703 0.9228516 0.4926758 1.001953 0.7358398 0.8842773 0.6220703 0.9228516 0.7299805 0.9694824 0.9038086 0.8813477 0.7358398 0.8842773 0.7299805 0.9694824 0.8117676 0.826416 0.7358398 0.8842773 0.9038086 0.8813477 0.9675293 0.7607422 0.8117676 0.826416 0.9038086 0.8813477 0.2976074 0.8640137 0.2644043 0.9680176 0.4970703 0.9074707 0.09375 0.880127 0.2644043 0.9680176 0.2976074 0.8640137 0.2104492 0.7612305 0.09375 0.880127 0.2976074 0.8640137 0.03125 0.7597656 0.09375 0.880127 0.2104492 0.7612305 0.09375 0.6396484 0.03125 0.7597656 0.2104492 0.7612305 0.2944336 0.6601563 0.09375 0.6396484 0.2104492 0.7612305 0.2644043 0.5517578 0.09375 0.6396484 0.2944336 0.6601563 0.4973145 0.6149902 0.2644043 0.5517578 0.2944336 0.6601563 0.4975586 0.5195313 0.2644043 0.5517578 0.4973145 0.6149902 0.730957 0.5517578 0.4975586 0.5195313 0.4973145 0.6149902 0.2976074 0.8640137 0.09375 0.880127 0.2104492 0.7612305 0.2644043 0.9680176 0.09375 0.880127 0.2976074 0.8640137 0.4970703 0.9074707 0.2644043 0.9680176 0.2976074 0.8640137 0.4975586 1.000244 0.2644043 0.9680176 0.4970703 0.9074707 0.730957 0.9680176 0.4975586 1.000244 0.4970703 0.9074707 0.9016113 0.880127 0.7797852 0.7612305 0.9641113 0.7597656 0.6977539 0.8647461 0.7797852 0.7612305 0.9016113 0.880127 0.730957 0.9680176 0.6977539 0.8647461 0.9016113 0.880127 0.4970703 0.9074707 0.6977539 0.8647461 0.730957 0.9680176 0.9016113 0.880127 0.7797852 0.7612305 0.9641113 0.7597656 0.6977539 0.8647461 0.7797852 0.7612305 0.9016113 0.880127 0.730957 0.9680176 0.6977539 0.8647461 0.9016113 0.880127 0.4970703 0.9074707 0.6977539 0.8647461 0.730957 0.9680176 0.9038086 0.6401367 0.8117676 0.6950684 0.9675293 0.7607422 0.7358398 0.637207 0.8117676 0.6950684 0.9038086 0.6401367 0.7299805 0.552002 0.7358398 0.637207 0.9038086 0.6401367 0.08129882 0.6401367 0.1362305 0.7607422 0.01757812 0.7607422 0.173584 0.6950684 0.1362305 0.7607422 0.08129882 0.6401367 0.2492676 0.637207 0.173584 0.6950684 0.08129882 0.6401367 0.1362305 0.7607422 0.08129882 0.6401367 0.173584 0.6950684 0.01757812 0.7607422 0.08129882 0.6401367 0.1362305 0.7607422 0.08129882 0.8813477 0.01757812 0.7607422 0.1362305 0.7607422 3.804688 -0.532959 3.302002 -1.011963 3.804688 -1.011963 3.302002 -0.532959 3.302002 -1.011963 3.804688 -0.532959 3.302002 -0.532959 2.801514 -1.011963 3.302002 -1.011963 2.801514 -0.532959 2.801514 -1.011963 3.302002 -0.532959 0.4926758 0.5827637 0.4926758 0.5197754 0.3630371 0.598877 0.6220703 0.598877 0.4926758 0.5197754 0.4926758 0.5827637 0.01757812 0.7607422 0.1362305 0.7607422 0.08129882 0.6401367 0.08129882 0.8813477 0.1362305 0.7607422 0.01757812 0.7607422 0.9016113 0.6396484 0.6975098 0.661377 0.7797852 0.7612305 0.730957 0.5517578 0.6975098 0.661377 0.9016113 0.6396484 5.312256 -0.532959 4.809814 -1.011963 5.312256 -1.011963 4.809814 -0.532959 4.809814 -1.011963 5.312256 -0.532959 -0.6777344 -1.011963 -0.1740723 -0.532959 -0.6777344 -0.532959 -0.1740723 -1.011963 -0.1740723 -0.532959 -0.6777344 -1.011963 -0.1740723 -1.011963 0.3200684 -0.532959 -0.1740723 -0.532959 0.3198242 -1.011963 0.3200684 -0.532959 -0.1740723 -1.011963 0.08129882 0.8813477 0.1362305 0.7607422 0.173584 0.826416 0.01757812 0.7607422 0.1362305 0.7607422 0.08129882 0.8813477 0.3198242 -1.011963 0.8146973 -0.532959 0.3200684 -0.532959 0.8146973 -1.011963 0.8146973 -0.532959 0.3198242 -1.011963 0.8146973 -1.011963 1.310059 -0.532959 0.8146973 -0.532959 1.309814 -1.011963 1.310059 -0.532959 0.8146973 -1.011963 1.309814 -1.011963 1.805908 -0.532959 1.310059 -0.532959 1.805908 -1.011963 1.805908 -0.532959 1.309814 -1.011963 1.805908 -1.011963 2.303223 -0.532959 1.805908 -0.532959 2.302979 -1.011963 2.303223 -0.532959 1.805908 -1.011963 0.6220703 0.598877 0.7299805 0.552002 0.4926758 0.5197754 0.7358398 0.637207 0.7299805 0.552002 0.6220703 0.598877 0.3630371 0.598877 0.255127 0.552002 0.4926758 0.5197754 0.2492676 0.637207 0.255127 0.552002 0.3630371 0.598877 0.2492676 0.637207 0.08129882 0.6401367 0.255127 0.552002 0.173584 0.6950684 0.08129882 0.6401367 0.2492676 0.637207 2.302979 -1.011963 2.801514 -0.532959 2.303223 -0.532959 2.801514 -1.011963 2.801514 -0.532959 2.302979 -1.011963 0.173584 0.826416 0.08129882 0.8813477 0.1362305 0.7607422 0.2492676 0.8842773 0.08129882 0.8813477 0.173584 0.826416 0.2492676 0.8842773 0.255127 0.9694824 0.08129882 0.8813477 0.3630371 0.9228516 0.255127 0.9694824 0.2492676 0.8842773 0.3630371 0.9228516 0.4926758 1.001953 0.255127 0.9694824 0.4926758 0.9389648 0.4926758 1.001953 0.3630371 0.9228516 4.809814 -0.532959 4.307373 -1.011963 4.809814 -1.011963 4.307373 -0.532959 4.307373 -1.011963 4.809814 -0.532959 0.7797852 0.7612305 0.9016113 0.6396484 0.9641113 0.7597656 0.6975098 0.661377 0.9016113 0.6396484 0.7797852 0.7612305 0.6975098 0.661377 0.730957 0.5517578 0.9016113 0.6396484 0.4973145 0.6149902 0.730957 0.5517578 0.6975098 0.661377 4.307373 -0.532959 3.804688 -1.011963 4.307373 -1.011963 3.804688 -0.532959 3.804688 -1.011963 4.307373 -0.532959 3.804688 -0.532959 3.302002 -1.011963 3.804688 -1.011963 3.302002 -0.532959 3.302002 -1.011963 3.804688 -0.532959 3.302002 -0.532959 2.801514 -1.011963 3.302002 -1.011963 2.801514 -0.532959 2.801514 -1.011963 3.302002 -0.532959 -0.6777344 -1.011963 -0.1740723 -0.532959 -0.6777344 -0.532959 -0.1740723 -1.011963 -0.1740723 -0.532959 -0.6777344 -1.011963 -0.1740723 -1.011963 0.3200684 -0.532959 -0.1740723 -0.532959 0.3198242 -1.011963 0.3200684 -0.532959 -0.1740723 -1.011963 0.01757812 0.7607422 0.1362305 0.7607422 0.08129882 0.6401367 0.08129882 0.8813477 0.1362305 0.7607422 0.01757812 0.7607422 0.3198242 -1.011963 0.8146973 -0.532959 0.3200684 -0.532959 0.8146973 -1.011963 0.8146973 -0.532959 0.3198242 -1.011963 0.8146973 -1.011963 1.310059 -0.532959 0.8146973 -0.532959 1.309814 -1.011963 1.310059 -0.532959 0.8146973 -1.011963 1.309814 -1.011963 1.805908 -0.532959 1.310059 -0.532959 1.805908 -1.011963 1.805908 -0.532959 1.309814 -1.011963 0.9016113 0.6396484 0.6975098 0.661377 0.7797852 0.7612305 0.730957 0.5517578 0.6975098 0.661377 0.9016113 0.6396484 1.805908 -1.011963 2.303223 -0.532959 1.805908 -0.532959 2.302979 -1.011963 2.303223 -0.532959 1.805908 -1.011963 2.302979 -1.011963 2.801514 -0.532959 2.303223 -0.532959 2.801514 -1.011963 2.801514 -0.532959 2.302979 -1.011963 0.7797852 0.7612305 0.9016113 0.6396484 0.9641113 0.7597656 0.6975098 0.661377 0.9016113 0.6396484 0.7797852 0.7612305 0.6975098 0.661377 0.730957 0.5517578 0.9016113 0.6396484 0.4973145 0.6149902 0.730957 0.5517578 0.6975098 0.661377 5.312256 -0.532959 4.809814 -1.011963 5.312256 -1.011963 4.809814 -0.532959 4.809814 -1.011963 5.312256 -0.532959 4.809814 -0.532959 4.307373 -1.011963 4.809814 -1.011963 4.307373 -0.532959 4.307373 -1.011963 4.809814 -0.532959 4.307373 -0.532959 3.804688 -1.011963 4.307373 -1.011963 3.804688 -0.532959 3.804688 -1.011963 4.307373 -0.532959 0.730957 0.5517578 0.4973145 0.6149902 0.6975098 0.661377 0.730957 0.5517578 0.4973145 0.6149902 0.6975098 0.661377</float_array>
          <technique_common>
            <accessor source="#polygon1-mesh-map-0-array" count="864" stride="2">
              <param name="S" type="float"/>
              <param name="T" type="float"/>
            </accessor>
          </technique_common>
        </source>
        <source id="polygon1-mesh-colors-polygon1_Colors0" name="polygon1_Colors0">
          <float_array id="polygon1-mesh-colors-polygon1_Colors0-array" count="3456">0.6980392 0.6980392 0.6980392 1 0.6980392 0.6980392 0.6980392 1 0.6980392 0.6980392 0.6980392 1 0.6980392 0.6980392 0.6980392 1 0.6980392 0.6980392 0.6980392 1 0.6980392 0.6980392 0.6980392 1 0.6980392 0.6980392 0.6980392 1 0.6980392 0.6980392 0.6980392 1 0.6980392 0.6980392 0.6980392 1 0.6980392 0.6980392 0.6980392 1 0.6980392 0.6980392 0.6980392 1 0.6980392 0.6980392 0.6980392 1 0.6980392 0.6980392 0.6980392 1 0.6980392 0.6980392 0.6980392 1 0.6980392 0.6980392 0.6980392 1 0.6980392 0.6980392 0.6980392 1 0.6980392 0.6980392 0.6980392 1 0.6980392 0.6980392 0.6980392 1 0.6980392 0.6980392 0.6980392 1 0.6980392 0.6980392 0.6980392 1 0.6980392 0.6980392 0.6980392 1 0.6980392 0.6980392 0.6980392 1 0.6980392 0.6980392 0.6980392 1 0.6980392 0.6980392 0.6980392 1 0.6980392 0.6980392 0.6980392 1 0.6980392 0.6980392 0.6980392 1 0.6980392 0.6980392 0.6980392 1 0.6980392 0.6980392 0.6980392 1 0.6980392 0.6980392 0.6980392 1 0.6980392 0.6980392 0.6980392 1 0.6980392 0.6980392 0.6980392 1 0.6980392 0.6980392 0.6980392 1 0.6980392 0.6980392 0.6980392 1 0.6980392 0.6980392 0.6980392 1 0.6980392 0.6980392 0.6980392 1 0.6980392 0.6980392 0.6980392 1 0.6980392 0.6980392 0.6980392 1 0.6980392 0.6980392 0.6980392 1 0.6980392 0.6980392 0.6980392 1 0.6980392 0.6980392 0.6980392 1 0.6980392 0.6980392 0.6980392 1 0.6980392 0.6980392 0.6980392 1 0.6980392 0.6980392 0.6980392 1 0.6980392 0.6980392 0.6980392 1 0.6980392 0.6980392 0.6980392 1 0.6980392 0.6980392 0.6980392 1 0.6980392 0.6980392 0.6980392 1 0.6980392 0.6980392 0.6980392 1 0.6980392 0.6980392 0.6980392 1 0.6980392 0.6980392 0.6980392 1 0.6980392 0.6980392 0.6980392 1 0.6980392 0.6980392 0.6980392 1 0.6980392 0.6980392 0.6980392 1 0.6980392 0.6980392 0.6980392 1 0.6980392 0.6980392 0.6980392 1 0.6980392 0.6980392 0.6980392 1 0.6980392 0.6980392 0.6980392 1 0.6980392 0.6980392 0.6980392 1 0.6980392 0.6980392 0.6980392 1 0.6980392 0.6980392 0.6980392 1 0.6980392 0.6980392 0.6980392 1 0.6980392 0.6980392 0.6980392 1 0.6980392 0.6980392 0.6980392 1 0.6980392 0.6980392 0.6980392 1 0.6980392 0.6980392 0.6980392 1 0.6980392 0.6980392 0.6980392 1 0.6980392 0.6980392 0.6980392 1 0.6980392 0.6980392 0.6980392 1 0.6980392 0.6980392 0.6980392 1 0.6980392 0.6980392 0.6980392 1 0.6980392 0.6980392 0.6980392 1 0.6980392 0.6980392 0.6980392 1 0.6980392 0.6980392 0.6980392 1 0.6980392 0.6980392 0.6980392 1 0.6980392 0.6980392 0.6980392 1 0.6980392 0.6980392 0.6980392 1 0.6980392 0.6980392 0.6980392 1 0.6980392 0.6980392 0.6980392 1 0.6980392 0.6980392 0.6980392 1 0.6980392 0.6980392 0.6980392 1 0.6980392 0.6980392 0.6980392 1 0.6980392 0.6980392 0.6980392 1 0.6980392 0.6980392 0.6980392 1 0.6980392 0.6980392 0.6980392 1 0.6980392 0.6980392 0.6980392 1 0.6980392 0.6980392 0.6980392 1 0.6980392 0.6980392 0.6980392 1 0.6980392 0.6980392 0.6980392 1 0.6980392 0.6980392 0.6980392 1 0.6980392 0.6980392 0.6980392 1 0.6980392 0.6980392 0.6980392 1 0.6980392 0.6980392 0.6980392 1 0.6980392 0.6980392 0.6980392 1 0.6980392 0.6980392 0.6980392 1 0.6980392 0.6980392 0.6980392 1 0.6980392 0.6980392 0.6980392 1 0.6980392 0.6980392 0.6980392 1 0.6980392 0.6980392 0.6980392 1 0.6980392 0.6980392 0.6980392 1 0.6980392 0.6980392 0.6980392 1 0.6980392 0.6980392 0.6980392 1 0.6980392 0.6980392 0.6980392 1 0.6980392 0.6980392 0.6980392 1 0.6980392 0.6980392 0.6980392 1 0.6980392 0.6980392 0.6980392 1 0.6980392 0.6980392 0.6980392 1 0.6980392 0.6980392 0.6980392 1 0.6980392 0.6980392 0.6980392 1 0.6980392 0.6980392 0.6980392 1 0.6980392 0.6980392 0.6980392 1 0.6980392 0.6980392 0.6980392 1 0.6980392 0.6980392 0.6980392 1 0.6980392 0.6980392 0.6980392 1 0.6980392 0.6980392 0.6980392 1 0.6980392 0.6980392 0.6980392 1 0.6980392 0.6980392 0.6980392 1 0.6980392 0.6980392 0.6980392 1 0.6980392 0.6980392 0.6980392 1 0.6980392 0.6980392 0.6980392 1 0.6980392 0.6980392 0.6980392 1 0.6980392 0.6980392 0.6980392 1 0.6980392 0.6980392 0.6980392 1 0.6980392 0.6980392 0.6980392 1 0.6980392 0.6980392 0.6980392 1 0.6980392 0.6980392 0.6980392 1 0.6980392 0.6980392 0.6980392 1 0.6980392 0.6980392 0.6980392 1 0.6980392 0.6980392 0.6980392 1 0.6980392 0.6980392 0.6980392 1 0.6980392 0.6980392 0.6980392 1 0.6980392 0.6980392 0.6980392 1 0.6980392 0.6980392 0.6980392 1 0.6980392 0.6980392 0.6980392 1 0.6980392 0.6980392 0.6980392 1 0.6980392 0.6980392 0.6980392 1 0.6980392 0.6980392 0.6980392 1 0.6980392 0.6980392 0.6980392 1 0.6980392 0.6980392 0.6980392 1 0.6980392 0.6980392 0.6980392 1 0.6980392 0.6980392 0.6980392 1 0.6980392 0.6980392 0.6980392 1 0.6980392 0.6980392 0.6980392 1 0.6980392 0.6980392 0.6980392 1 0.6980392 0.6980392 0.6980392 1 0.6980392 0.6980392 0.6980392 1 0.6980392 0.6980392 0.6980392 1 0.6980392 0.6980392 0.6980392 1 0.6980392 0.6980392 0.6980392 1 0.6980392 0.6980392 0.6980392 1 0.6980392 0.6980392 0.6980392 1 0.6980392 0.6980392 0.6980392 1 0.6980392 0.6980392 0.6980392 1 0.6980392 0.6980392 0.6980392 1 0.6980392 0.6980392 0.6980392 1 0.6980392 0.6980392 0.6980392 1 0.6980392 0.6980392 0.6980392 1 0.6980392 0.6980392 0.6980392 1 0.6980392 0.6980392 0.6980392 1 0.6980392 0.6980392 0.6980392 1 0.6980392 0.6980392 0.6980392 1 0.6980392 0.6980392 0.6980392 1 0.6980392 0.6980392 0.6980392 1 0.6980392 0.6980392 0.6980392 1 0.6980392 0.6980392 0.6980392 1 0.6980392 0.6980392 0.6980392 1 0.6980392 0.6980392 0.6980392 1 0.6980392 0.6980392 0.6980392 1 0.6980392 0.6980392 0.6980392 1 0.6980392 0.6980392 0.6980392 1 0.6980392 0.6980392 0.6980392 1 0.6980392 0.6980392 0.6980392 1 0.6980392 0.6980392 0.6980392 1 0.6980392 0.6980392 0.6980392 1 0.6980392 0.6980392 0.6980392 1 0.6980392 0.6980392 0.6980392 1 0.6980392 0.6980392 0.6980392 1 0.6980392 0.6980392 0.6980392 1 0.6980392 0.6980392 0.6980392 1 0.6980392 0.6980392 0.6980392 1 0.6980392 0.6980392 0.6980392 1 0.6980392 0.6980392 0.6980392 1 0.6980392 0.6980392 0.6980392 1 0.6980392 0.6980392 0.6980392 1 0.6980392 0.6980392 0.6980392 1 0.6980392 0.6980392 0.6980392 1 0.6980392 0.6980392 0.6980392 1 0.6980392 0.6980392 0.6980392 1 0.6980392 0.6980392 0.6980392 1 0.6980392 0.6980392 0.6980392 1 0.6980392 0.6980392 0.6980392 1 0.6980392 0.6980392 0.6980392 1 0.6980392 0.6980392 0.6980392 1 0.6980392 0.6980392 0.6980392 1 0.6980392 0.6980392 0.6980392 1 0.6980392 0.6980392 0.6980392 1 0.6980392 0.6980392 0.6980392 1 0.6980392 0.6980392 0.6980392 1 0.6980392 0.6980392 0.6980392 1 0.4980392 0.4980392 0.4980392 1 0.6980392 0.6980392 0.6980392 1 0.6980392 0.6980392 0.6980392 1 0.6980392 0.6980392 0.6980392 1 0.6980392 0.6980392 0.6980392 1 0.4980392 0.4980392 0.4980392 1 0.4980392 0.4980392 0.4980392 1 0.6980392 0.6980392 0.6980392 1 0.4980392 0.4980392 0.4980392 1 0.6980392 0.6980392 0.6980392 1 0.6980392 0.6980392 0.6980392 1 0.4980392 0.4980392 0.4980392 1 0.4980392 0.4980392 0.4980392 1 0.6980392 0.6980392 0.6980392 1 0.4980392 0.4980392 0.4980392 1 0.6980392 0.6980392 0.6980392 1 0.6980392 0.6980392 0.6980392 1 0.4980392 0.4980392 0.4980392 1 0.6980392 0.6980392 0.6980392 1 0.6980392 0.6980392 0.6980392 1 0.4980392 0.4980392 0.4980392 1 0.6980392 0.6980392 0.6980392 1 0.6980392 0.6980392 0.6980392 1 0.6980392 0.6980392 0.6980392 1 0.6980392 0.6980392 0.6980392 1 0.6980392 0.6980392 0.6980392 1 0.6980392 0.6980392 0.6980392 1 0.6980392 0.6980392 0.6980392 1 0.6980392 0.6980392 0.6980392 1 0.6980392 0.6980392 0.6980392 1 0.6980392 0.6980392 0.6980392 1 0.6980392 0.6980392 0.6980392 1 0.6980392 0.6980392 0.6980392 1 0.6980392 0.6980392 0.6980392 1 0.6980392 0.6980392 0.6980392 1 0.6980392 0.6980392 0.6980392 1 0.6980392 0.6980392 0.6980392 1 0.6980392 0.6980392 0.6980392 1 0.6980392 0.6980392 0.6980392 1 0.6980392 0.6980392 0.6980392 1 0.6980392 0.6980392 0.6980392 1 0.6980392 0.6980392 0.6980392 1 0.6980392 0.6980392 0.6980392 1 0.6980392 0.6980392 0.6980392 1 0.6980392 0.6980392 0.6980392 1 0.6980392 0.6980392 0.6980392 1 0.6980392 0.6980392 0.6980392 1 0.6980392 0.6980392 0.6980392 1 0.6980392 0.6980392 0.6980392 1 0.6980392 0.6980392 0.6980392 1 0.6980392 0.6980392 0.6980392 1 0.6980392 0.6980392 0.6980392 1 0.6980392 0.6980392 0.6980392 1 0.6980392 0.6980392 0.6980392 1 0.6980392 0.6980392 0.6980392 1 0.6980392 0.6980392 0.6980392 1 0.6980392 0.6980392 0.6980392 1 0.6980392 0.6980392 0.6980392 1 0.6980392 0.6980392 0.6980392 1 0.6980392 0.6980392 0.6980392 1 0.6980392 0.6980392 0.6980392 1 0.6980392 0.6980392 0.6980392 1 0.6980392 0.6980392 0.6980392 1 0.6980392 0.6980392 0.6980392 1 0.6980392 0.6980392 0.6980392 1 0.6980392 0.6980392 0.6980392 1 0.6980392 0.6980392 0.6980392 1 0.6980392 0.6980392 0.6980392 1 0.6980392 0.6980392 0.6980392 1 0.6980392 0.6980392 0.6980392 1 0.6980392 0.6980392 0.6980392 1 0.6980392 0.6980392 0.6980392 1 0.6980392 0.6980392 0.6980392 1 0.6980392 0.6980392 0.6980392 1 0.6980392 0.6980392 0.6980392 1 0.6980392 0.6980392 0.6980392 1 0.6980392 0.6980392 0.6980392 1 0.6980392 0.6980392 0.6980392 1 0.6980392 0.6980392 0.6980392 1 0.6980392 0.6980392 0.6980392 1 0.6980392 0.6980392 0.6980392 1 0.6980392 0.6980392 0.6980392 1 0.6980392 0.6980392 0.6980392 1 0.6980392 0.6980392 0.6980392 1 0.4980392 0.4980392 0.4980392 1 0.6980392 0.6980392 0.6980392 1 0.6980392 0.6980392 0.6980392 1 0.6980392 0.6980392 0.6980392 1 0.6980392 0.6980392 0.6980392 1 0.4980392 0.4980392 0.4980392 1 0.4980392 0.4980392 0.4980392 1 0.6980392 0.6980392 0.6980392 1 0.4980392 0.4980392 0.4980392 1 0.6980392 0.6980392 0.6980392 1 0.6980392 0.6980392 0.6980392 1 0.4980392 0.4980392 0.4980392 1 0.4980392 0.4980392 0.4980392 1 0.6980392 0.6980392 0.6980392 1 0.4980392 0.4980392 0.4980392 1 0.6980392 0.6980392 0.6980392 1 0.6980392 0.6980392 0.6980392 1 0.4980392 0.4980392 0.4980392 1 0.6980392 0.6980392 0.6980392 1 0.6980392 0.6980392 0.6980392 1 0.4980392 0.4980392 0.4980392 1 0.6980392 0.6980392 0.6980392 1 0.6980392 0.6980392 0.6980392 1 0.6980392 0.6980392 0.6980392 1 0.6980392 0.6980392 0.6980392 1 0.6980392 0.6980392 0.6980392 1 0.6980392 0.6980392 0.6980392 1 0.6980392 0.6980392 0.6980392 1 0.6980392 0.6980392 0.6980392 1 0.6980392 0.6980392 0.6980392 1 0.6980392 0.6980392 0.6980392 1 0.6980392 0.6980392 0.6980392 1 0.6980392 0.6980392 0.6980392 1 0.6980392 0.6980392 0.6980392 1 0.6980392 0.6980392 0.6980392 1 0.6980392 0.6980392 0.6980392 1 0.6980392 0.6980392 0.6980392 1 0.6980392 0.6980392 0.6980392 1 0.6980392 0.6980392 0.6980392 1 0.6980392 0.6980392 0.6980392 1 0.6980392 0.6980392 0.6980392 1 0.6980392 0.6980392 0.6980392 1 0.4980392 0.4980392 0.4980392 1 0.6980392 0.6980392 0.6980392 1 0.6980392 0.6980392 0.6980392 1 0.6980392 0.6980392 0.6980392 1 0.6980392 0.6980392 0.6980392 1 0.4980392 0.4980392 0.4980392 1 0.4980392 0.4980392 0.4980392 1 0.6980392 0.6980392 0.6980392 1 0.4980392 0.4980392 0.4980392 1 0.6980392 0.6980392 0.6980392 1 0.6980392 0.6980392 0.6980392 1 0.4980392 0.4980392 0.4980392 1 0.4980392 0.4980392 0.4980392 1 0.6980392 0.6980392 0.6980392 1 0.4980392 0.4980392 0.4980392 1 0.6980392 0.6980392 0.6980392 1 0.6980392 0.6980392 0.6980392 1 0.4980392 0.4980392 0.4980392 1 0.6980392 0.6980392 0.6980392 1 0.6980392 0.6980392 0.6980392 1 0.4980392 0.4980392 0.4980392 1 0.4980392 0.4980392 0.4980392 1 0.6980392 0.6980392 0.6980392 1 0.6980392 0.6980392 0.6980392 1 0.6980392 0.6980392 0.6980392 1 0.6980392 0.6980392 0.6980392 1 0.4980392 0.4980392 0.4980392 1 0.4980392 0.4980392 0.4980392 1 0.6980392 0.6980392 0.6980392 1 0.4980392 0.4980392 0.4980392 1 0.6980392 0.6980392 0.6980392 1 0.6980392 0.6980392 0.6980392 1 0.4980392 0.4980392 0.4980392 1 0.4980392 0.4980392 0.4980392 1 0.6980392 0.6980392 0.6980392 1 0.4980392 0.4980392 0.4980392 1 0.6980392 0.6980392 0.6980392 1 0.6980392 0.6980392 0.6980392 1 0.4980392 0.4980392 0.4980392 1 0.6980392 0.6980392 0.6980392 1 0.6980392 0.6980392 0.6980392 1 0.4980392 0.4980392 0.4980392 1 0.6980392 0.6980392 0.6980392 1 0.6980392 0.6980392 0.6980392 1 0.6980392 0.6980392 0.6980392 1 0.6980392 0.6980392 0.6980392 1 0.6980392 0.6980392 0.6980392 1 0.6980392 0.6980392 0.6980392 1 0.6980392 0.6980392 0.6980392 1 0.6980392 0.6980392 0.6980392 1 0.6980392 0.6980392 0.6980392 1 0.6980392 0.6980392 0.6980392 1 0.6980392 0.6980392 0.6980392 1 0.6980392 0.6980392 0.6980392 1 0.6980392 0.6980392 0.6980392 1 0.6980392 0.6980392 0.6980392 1 0.6980392 0.6980392 0.6980392 1 0.6980392 0.6980392 0.6980392 1 0.6980392 0.6980392 0.6980392 1 0.6980392 0.6980392 0.6980392 1 0.6980392 0.6980392 0.6980392 1 0.6980392 0.6980392 0.6980392 1 0.6980392 0.6980392 0.6980392 1 0.6980392 0.6980392 0.6980392 1 0.6980392 0.6980392 0.6980392 1 0.6980392 0.6980392 0.6980392 1 0.6980392 0.6980392 0.6980392 1 0.6980392 0.6980392 0.6980392 1 0.6980392 0.6980392 0.6980392 1 0.6980392 0.6980392 0.6980392 1 0.6980392 0.6980392 0.6980392 1 0.6980392 0.6980392 0.6980392 1 0.6980392 0.6980392 0.6980392 1 0.6980392 0.6980392 0.6980392 1 0.6980392 0.6980392 0.6980392 1 0.6980392 0.6980392 0.6980392 1 0.6980392 0.6980392 0.6980392 1 0.6980392 0.6980392 0.6980392 1 0.6980392 0.6980392 0.6980392 1 0.6980392 0.6980392 0.6980392 1 0.6980392 0.6980392 0.6980392 1 0.6980392 0.6980392 0.6980392 1 0.6980392 0.6980392 0.6980392 1 0.6980392 0.6980392 0.6980392 1 0.6980392 0.6980392 0.6980392 1 0.6980392 0.6980392 0.6980392 1 0.6980392 0.6980392 0.6980392 1 0.6980392 0.6980392 0.6980392 1 0.6980392 0.6980392 0.6980392 1 0.6980392 0.6980392 0.6980392 1 0.6980392 0.6980392 0.6980392 1 0.6980392 0.6980392 0.6980392 1 0.6980392 0.6980392 0.6980392 1 0.4980392 0.4980392 0.4980392 1 0.6980392 0.6980392 0.6980392 1 0.4980392 0.4980392 0.4980392 1 0.6980392 0.6980392 0.6980392 1 0.6980392 0.6980392 0.6980392 1 0.4980392 0.4980392 0.4980392 1 0.4980392 0.4980392 0.4980392 1 0.6980392 0.6980392 0.6980392 1 0.4980392 0.4980392 0.4980392 1 0.6980392 0.6980392 0.6980392 1 0.6980392 0.6980392 0.6980392 1 0.4980392 0.4980392 0.4980392 1 0.6980392 0.6980392 0.6980392 1 0.6980392 0.6980392 0.6980392 1 0.4980392 0.4980392 0.4980392 1 0.4980392 0.4980392 0.4980392 1 0.6980392 0.6980392 0.6980392 1 0.4980392 0.4980392 0.4980392 1 0.6980392 0.6980392 0.6980392 1 0.6980392 0.6980392 0.6980392 1 0.4980392 0.4980392 0.4980392 1 0.4980392 0.4980392 0.4980392 1 0.6980392 0.6980392 0.6980392 1 0.4980392 0.4980392 0.4980392 1 0.6980392 0.6980392 0.6980392 1 0.6980392 0.6980392 0.6980392 1 0.4980392 0.4980392 0.4980392 1 0.6980392 0.6980392 0.6980392 1 0.6980392 0.6980392 0.6980392 1 0.4980392 0.4980392 0.4980392 1 0.6980392 0.6980392 0.6980392 1 0.6980392 0.6980392 0.6980392 1 0.6980392 0.6980392 0.6980392 1 0.6980392 0.6980392 0.6980392 1 0.6980392 0.6980392 0.6980392 1 0.6980392 0.6980392 0.6980392 1 0.6980392 0.6980392 0.6980392 1 0.6980392 0.6980392 0.6980392 1 0.6980392 0.6980392 0.6980392 1 0.6980392 0.6980392 0.6980392 1 0.6980392 0.6980392 0.6980392 1 0.6980392 0.6980392 0.6980392 1 0.6980392 0.6980392 0.6980392 1 0.6980392 0.6980392 0.6980392 1 0.6980392 0.6980392 0.6980392 1 0.6980392 0.6980392 0.6980392 1 0.6980392 0.6980392 0.6980392 1 0.6980392 0.6980392 0.6980392 1 0.6980392 0.6980392 0.6980392 1 0.6980392 0.6980392 0.6980392 1 0.6980392 0.6980392 0.6980392 1 0.6980392 0.6980392 0.6980392 1 0.6980392 0.6980392 0.6980392 1 0.6980392 0.6980392 0.6980392 1 0.6980392 0.6980392 0.6980392 1 0.6980392 0.6980392 0.6980392 1 0.6980392 0.6980392 0.6980392 1 0.6980392 0.6980392 0.6980392 1 0.6980392 0.6980392 0.6980392 1 0.6980392 0.6980392 0.6980392 1 0.4980392 0.4980392 0.4980392 1 0.6980392 0.6980392 0.6980392 1 0.4980392 0.4980392 0.4980392 1 0.6980392 0.6980392 0.6980392 1 0.6980392 0.6980392 0.6980392 1 0.4980392 0.4980392 0.4980392 1 0.4980392 0.4980392 0.4980392 1 0.6980392 0.6980392 0.6980392 1 0.4980392 0.4980392 0.4980392 1 0.6980392 0.6980392 0.6980392 1 0.6980392 0.6980392 0.6980392 1 0.4980392 0.4980392 0.4980392 1 0.6980392 0.6980392 0.6980392 1 0.6980392 0.6980392 0.6980392 1 0.4980392 0.4980392 0.4980392 1 0.6980392 0.6980392 0.6980392 1 0.6980392 0.6980392 0.6980392 1 0.6980392 0.6980392 0.6980392 1 0.6980392 0.6980392 0.6980392 1 0.6980392 0.6980392 0.6980392 1 0.6980392 0.6980392 0.6980392 1 0.6980392 0.6980392 0.6980392 1 0.6980392 0.6980392 0.6980392 1 0.6980392 0.6980392 0.6980392 1 0.6980392 0.6980392 0.6980392 1 0.6980392 0.6980392 0.6980392 1 0.6980392 0.6980392 0.6980392 1 0.6980392 0.6980392 0.6980392 1 0.6980392 0.6980392 0.6980392 1 0.6980392 0.6980392 0.6980392 1 0.6980392 0.6980392 0.6980392 1 0.6980392 0.6980392 0.6980392 1 0.6980392 0.6980392 0.6980392 1 0.6980392 0.6980392 0.6980392 1 0.6980392 0.6980392 0.6980392 1 0.6980392 0.6980392 0.6980392 1 0.6980392 0.6980392 0.6980392 1 0.6980392 0.6980392 0.6980392 1 0.6980392 0.6980392 0.6980392 1 0.6980392 0.6980392 0.6980392 1 0.6980392 0.6980392 0.6980392 1 0.6980392 0.6980392 0.6980392 1 0.6980392 0.6980392 0.6980392 1 0.6980392 0.6980392 0.6980392 1 0.6980392 0.6980392 0.6980392 1 0.4980392 0.4980392 0.4980392 1 0.6980392 0.6980392 0.6980392 1 0.4980392 0.4980392 0.4980392 1 0.6980392 0.6980392 0.6980392 1 0.6980392 0.6980392 0.6980392 1 0.4980392 0.4980392 0.4980392 1 0.4980392 0.4980392 0.4980392 1 0.6980392 0.6980392 0.6980392 1 0.4980392 0.4980392 0.4980392 1 0.6980392 0.6980392 0.6980392 1 0.6980392 0.6980392 0.6980392 1 0.4980392 0.4980392 0.4980392 1 0.6980392 0.6980392 0.6980392 1 0.6980392 0.6980392 0.6980392 1 0.4980392 0.4980392 0.4980392 1 0.4980392 0.4980392 0.4980392 1 0.6980392 0.6980392 0.6980392 1 0.4980392 0.4980392 0.4980392 1 0.6980392 0.6980392 0.6980392 1 0.6980392 0.6980392 0.6980392 1 0.4980392 0.4980392 0.4980392 1 0.4980392 0.4980392 0.4980392 1 0.6980392 0.6980392 0.6980392 1 0.4980392 0.4980392 0.4980392 1 0.6980392 0.6980392 0.6980392 1 0.6980392 0.6980392 0.6980392 1 0.4980392 0.4980392 0.4980392 1 0.6980392 0.6980392 0.6980392 1 0.6980392 0.6980392 0.6980392 1 0.4980392 0.4980392 0.4980392 1 0.4980392 0.4980392 0.4980392 1 0.6980392 0.6980392 0.6980392 1 0.4980392 0.4980392 0.4980392 1 0.6980392 0.6980392 0.6980392 1 0.6980392 0.6980392 0.6980392 1 0.4980392 0.4980392 0.4980392 1 0.4980392 0.4980392 0.4980392 1 0.6980392 0.6980392 0.6980392 1 0.4980392 0.4980392 0.4980392 1 0.6980392 0.6980392 0.6980392 1 0.6980392 0.6980392 0.6980392 1 0.4980392 0.4980392 0.4980392 1 0.6980392 0.6980392 0.6980392 1 0.6980392 0.6980392 0.6980392 1 0.4980392 0.4980392 0.4980392 1 0.6980392 0.6980392 0.6980392 1 0.4980392 0.4980392 0.4980392 1 0.6980392 0.6980392 0.6980392 1 0.4980392 0.4980392 0.4980392 1 0.4980392 0.4980392 0.4980392 1 0.6980392 0.6980392 0.6980392 1 0.6980392 0.6980392 0.6980392 1 0.4980392 0.4980392 0.4980392 1 0.6980392 0.6980392 0.6980392 1 0.4980392 0.4980392 0.4980392 1 0.4980392 0.4980392 0.4980392 1 0.6980392 0.6980392 0.6980392 1 0.6980392 0.6980392 0.6980392 1 0.4980392 0.4980392 0.4980392 1 0.6980392 0.6980392 0.6980392 1 0.4980392 0.4980392 0.4980392 1 0.4980392 0.4980392 0.4980392 1 0.6980392 0.6980392 0.6980392 1 0.6980392 0.6980392 0.6980392 1 0.4980392 0.4980392 0.4980392 1 0.6980392 0.6980392 0.6980392 1 0.4980392 0.4980392 0.4980392 1 0.4980392 0.4980392 0.4980392 1 0.6980392 0.6980392 0.6980392 1 0.6980392 0.6980392 0.6980392 1 0.6980392 0.6980392 0.6980392 1 0.6980392 0.6980392 0.6980392 1 0.6980392 0.6980392 0.6980392 1 0.6980392 0.6980392 0.6980392 1 0.6980392 0.6980392 0.6980392 1 0.6980392 0.6980392 0.6980392 1 0.6980392 0.6980392 0.6980392 1 0.6980392 0.6980392 0.6980392 1 0.6980392 0.6980392 0.6980392 1 0.6980392 0.6980392 0.6980392 1 0.6980392 0.6980392 0.6980392 1 0.6980392 0.6980392 0.6980392 1 0.6980392 0.6980392 0.6980392 1 0.6980392 0.6980392 0.6980392 1 0.6980392 0.6980392 0.6980392 1 0.6980392 0.6980392 0.6980392 1 0.6980392 0.6980392 0.6980392 1 0.6980392 0.6980392 0.6980392 1 0.6980392 0.6980392 0.6980392 1 0.6980392 0.6980392 0.6980392 1 0.6980392 0.6980392 0.6980392 1 0.6980392 0.6980392 0.6980392 1 0.6980392 0.6980392 0.6980392 1 0.6980392 0.6980392 0.6980392 1 0.6980392 0.6980392 0.6980392 1 0.6980392 0.6980392 0.6980392 1 0.6980392 0.6980392 0.6980392 1 0.6980392 0.6980392 0.6980392 1 0.6980392 0.6980392 0.6980392 1 0.6980392 0.6980392 0.6980392 1 0.6980392 0.6980392 0.6980392 1 0.6980392 0.6980392 0.6980392 1 0.6980392 0.6980392 0.6980392 1 0.6980392 0.6980392 0.6980392 1 0.6980392 0.6980392 0.6980392 1 0.6980392 0.6980392 0.6980392 1 0.6980392 0.6980392 0.6980392 1 0.6980392 0.6980392 0.6980392 1 0.6980392 0.6980392 0.6980392 1 0.6980392 0.6980392 0.6980392 1 0.6980392 0.6980392 0.6980392 1 0.6980392 0.6980392 0.6980392 1 0.6980392 0.6980392 0.6980392 1 0.6980392 0.6980392 0.6980392 1 0.6980392 0.6980392 0.6980392 1 0.6980392 0.6980392 0.6980392 1 0.6980392 0.6980392 0.6980392 1 0.6980392 0.6980392 0.6980392 1 0.6980392 0.6980392 0.6980392 1 0.6980392 0.6980392 0.6980392 1 0.6980392 0.6980392 0.6980392 1 0.4980392 0.4980392 0.4980392 1 0.4980392 0.4980392 0.4980392 1 0.6980392 0.6980392 0.6980392 1 0.4980392 0.4980392 0.4980392 1 0.6980392 0.6980392 0.6980392 1 0.6980392 0.6980392 0.6980392 1 0.6980392 0.6980392 0.6980392 1 0.6980392 0.6980392 0.6980392 1 0.6980392 0.6980392 0.6980392 1 0.6980392 0.6980392 0.6980392 1 0.6980392 0.6980392 0.6980392 1 0.6980392 0.6980392 0.6980392 1 0.6980392 0.6980392 0.6980392 1 0.6980392 0.6980392 0.6980392 1 0.6980392 0.6980392 0.6980392 1 0.6980392 0.6980392 0.6980392 1 0.6980392 0.6980392 0.6980392 1 0.6980392 0.6980392 0.6980392 1 0.6980392 0.6980392 0.6980392 1 0.6980392 0.6980392 0.6980392 1 0.6980392 0.6980392 0.6980392 1 0.6980392 0.6980392 0.6980392 1 0.6980392 0.6980392 0.6980392 1 0.6980392 0.6980392 0.6980392 1 0.6980392 0.6980392 0.6980392 1 0.6980392 0.6980392 0.6980392 1 0.6980392 0.6980392 0.6980392 1 0.6980392 0.6980392 0.6980392 1 0.6980392 0.6980392 0.6980392 1 0.6980392 0.6980392 0.6980392 1 0.6980392 0.6980392 0.6980392 1 0.6980392 0.6980392 0.6980392 1 0.6980392 0.6980392 0.6980392 1 0.6980392 0.6980392 0.6980392 1 0.6980392 0.6980392 0.6980392 1 0.6980392 0.6980392 0.6980392 1 0.6980392 0.6980392 0.6980392 1 0.6980392 0.6980392 0.6980392 1 0.6980392 0.6980392 0.6980392 1 0.6980392 0.6980392 0.6980392 1 0.6980392 0.6980392 0.6980392 1 0.6980392 0.6980392 0.6980392 1 0.6980392 0.6980392 0.6980392 1 0.6980392 0.6980392 0.6980392 1 0.6980392 0.6980392 0.6980392 1 0.6980392 0.6980392 0.6980392 1 0.6980392 0.6980392 0.6980392 1 0.6980392 0.6980392 0.6980392 1 0.6980392 0.6980392 0.6980392 1 0.6980392 0.6980392 0.6980392 1 0.6980392 0.6980392 0.6980392 1 0.6980392 0.6980392 0.6980392 1 0.6980392 0.6980392 0.6980392 1 0.6980392 0.6980392 0.6980392 1 0.6980392 0.6980392 0.6980392 1 0.6980392 0.6980392 0.6980392 1 0.6980392 0.6980392 0.6980392 1 0.6980392 0.6980392 0.6980392 1 0.6980392 0.6980392 0.6980392 1 0.6980392 0.6980392 0.6980392 1 0.6980392 0.6980392 0.6980392 1 0.6980392 0.6980392 0.6980392 1 0.6980392 0.6980392 0.6980392 1 0.6980392 0.6980392 0.6980392 1 0.6980392 0.6980392 0.6980392 1 0.6980392 0.6980392 0.6980392 1 0.6980392 0.6980392 0.6980392 1 0.6980392 0.6980392 0.6980392 1 0.6980392 0.6980392 0.6980392 1 0.6980392 0.6980392 0.6980392 1 0.6980392 0.6980392 0.6980392 1 0.6980392 0.6980392 0.6980392 1 0.6980392 0.6980392 0.6980392 1 0.6980392 0.6980392 0.6980392 1 0.6980392 0.6980392 0.6980392 1 0.6980392 0.6980392 0.6980392 1 0.6980392 0.6980392 0.6980392 1 0.6980392 0.6980392 0.6980392 1 0.6980392 0.6980392 0.6980392 1 0.6980392 0.6980392 0.6980392 1 0.6980392 0.6980392 0.6980392 1 0.6980392 0.6980392 0.6980392 1 0.6980392 0.6980392 0.6980392 1 0.6980392 0.6980392 0.6980392 1 0.6980392 0.6980392 0.6980392 1 0.6980392 0.6980392 0.6980392 1 0.6980392 0.6980392 0.6980392 1 0.6980392 0.6980392 0.6980392 1 0.6980392 0.6980392 0.6980392 1 0.6980392 0.6980392 0.6980392 1 0.6980392 0.6980392 0.6980392 1 0.6980392 0.6980392 0.6980392 1 0.6980392 0.6980392 0.6980392 1 0.6980392 0.6980392 0.6980392 1 0.6980392 0.6980392 0.6980392 1 0.6980392 0.6980392 0.6980392 1 0.6980392 0.6980392 0.6980392 1 0.6980392 0.6980392 0.6980392 1 0.6980392 0.6980392 0.6980392 1 0.6980392 0.6980392 0.6980392 1 0.6980392 0.6980392 0.6980392 1 0.4980392 0.4980392 0.4980392 1 0.6980392 0.6980392 0.6980392 1 0.6980392 0.6980392 0.6980392 1 0.4980392 0.4980392 0.4980392 1 0.6980392 0.6980392 0.6980392 1 0.4980392 0.4980392 0.4980392 1 0.4980392 0.4980392 0.4980392 1 0.6980392 0.6980392 0.6980392 1 0.6980392 0.6980392 0.6980392 1 0.4980392 0.4980392 0.4980392 1 0.6980392 0.6980392 0.6980392 1 0.4980392 0.4980392 0.4980392 1 0.6980392 0.6980392 0.6980392 1 0.6980392 0.6980392 0.6980392 1 0.6980392 0.6980392 0.6980392 1 0.6980392 0.6980392 0.6980392 1 0.6980392 0.6980392 0.6980392 1 0.6980392 0.6980392 0.6980392 1 0.6980392 0.6980392 0.6980392 1 0.6980392 0.6980392 0.6980392 1 0.6980392 0.6980392 0.6980392 1 0.6980392 0.6980392 0.6980392 1 0.6980392 0.6980392 0.6980392 1 0.6980392 0.6980392 0.6980392 1 0.6980392 0.6980392 0.6980392 1 0.6980392 0.6980392 0.6980392 1 0.6980392 0.6980392 0.6980392 1 0.6980392 0.6980392 0.6980392 1 0.6980392 0.6980392 0.6980392 1 0.6980392 0.6980392 0.6980392 1 0.6980392 0.6980392 0.6980392 1 0.6980392 0.6980392 0.6980392 1 0.6980392 0.6980392 0.6980392 1 0.6980392 0.6980392 0.6980392 1 0.6980392 0.6980392 0.6980392 1 0.6980392 0.6980392 0.6980392 1 0.6980392 0.6980392 0.6980392 1 0.6980392 0.6980392 0.6980392 1 0.6980392 0.6980392 0.6980392 1 0.6980392 0.6980392 0.6980392 1 0.6980392 0.6980392 0.6980392 1 0.6980392 0.6980392 0.6980392 1 0.6980392 0.6980392 0.6980392 1 0.6980392 0.6980392 0.6980392 1 0.6980392 0.6980392 0.6980392 1 0.6980392 0.6980392 0.6980392 1 0.6980392 0.6980392 0.6980392 1 0.6980392 0.6980392 0.6980392 1 0.6980392 0.6980392 0.6980392 1 0.6980392 0.6980392 0.6980392 1 0.6980392 0.6980392 0.6980392 1 0.6980392 0.6980392 0.6980392 1 0.6980392 0.6980392 0.6980392 1 0.6980392 0.6980392 0.6980392 1 0.6980392 0.6980392 0.6980392 1 0.6980392 0.6980392 0.6980392 1 0.6980392 0.6980392 0.6980392 1 0.6980392 0.6980392 0.6980392 1 0.6980392 0.6980392 0.6980392 1 0.6980392 0.6980392 0.6980392 1 0.6980392 0.6980392 0.6980392 1 0.6980392 0.6980392 0.6980392 1 0.6980392 0.6980392 0.6980392 1 0.6980392 0.6980392 0.6980392 1 0.6980392 0.6980392 0.6980392 1 0.6980392 0.6980392 0.6980392 1 0.6980392 0.6980392 0.6980392 1 0.4980392 0.4980392 0.4980392 1 0.4980392 0.4980392 0.4980392 1 0.6980392 0.6980392 0.6980392 1 0.4980392 0.4980392 0.4980392 1 0.6980392 0.6980392 0.6980392 1 0.6980392 0.6980392 0.6980392 1 0.6980392 0.6980392 0.6980392 1 0.6980392 0.6980392 0.6980392 1 0.6980392 0.6980392 0.6980392 1 0.6980392 0.6980392 0.6980392 1 0.6980392 0.6980392 0.6980392 1 0.6980392 0.6980392 0.6980392 1 0.6980392 0.6980392 0.6980392 1 0.6980392 0.6980392 0.6980392 1 0.6980392 0.6980392 0.6980392 1 0.6980392 0.6980392 0.6980392 1 0.6980392 0.6980392 0.6980392 1 0.4980392 0.4980392 0.4980392 1 0.6980392 0.6980392 0.6980392 1 0.6980392 0.6980392 0.6980392 1 0.4980392 0.4980392 0.4980392 1 0.6980392 0.6980392 0.6980392 1 0.4980392 0.4980392 0.4980392 1 0.4980392 0.4980392 0.4980392 1 0.6980392 0.6980392 0.6980392 1 0.6980392 0.6980392 0.6980392 1 0.4980392 0.4980392 0.4980392 1 0.6980392 0.6980392 0.6980392 1 0.4980392 0.4980392 0.4980392 1 0.6980392 0.6980392 0.6980392 1 0.6980392 0.6980392 0.6980392 1 0.6980392 0.6980392 0.6980392 1 0.6980392 0.6980392 0.6980392 1 0.6980392 0.6980392 0.6980392 1 0.6980392 0.6980392 0.6980392 1 0.6980392 0.6980392 0.6980392 1 0.6980392 0.6980392 0.6980392 1 0.6980392 0.6980392 0.6980392 1 0.6980392 0.6980392 0.6980392 1 0.6980392 0.6980392 0.6980392 1 0.6980392 0.6980392 0.6980392 1 0.6980392 0.6980392 0.6980392 1 0.6980392 0.6980392 0.6980392 1 0.6980392 0.6980392 0.6980392 1 0.6980392 0.6980392 0.6980392 1 0.6980392 0.6980392 0.6980392 1 0.6980392 0.6980392 0.6980392 1 0.6980392 0.6980392 0.6980392 1 0.4980392 0.4980392 0.4980392 1 0.4980392 0.4980392 0.4980392 1 0.6980392 0.6980392 0.6980392 1 0.4980392 0.4980392 0.4980392 1 0.4980392 0.4980392 0.4980392 1</float_array>
          <technique_common>
            <accessor source="#polygon1-mesh-colors-polygon1_Colors0-array" count="864" stride="4">
              <param name="R" type="float"/>
              <param name="G" type="float"/>
              <param name="B" type="float"/>
              <param name="A" type="float"/>
            </accessor>
          </technique_common>
        </source>
        <vertices id="polygon1-mesh-vertices">
          <input semantic="POSITION" source="#polygon1-mesh-positions"/>
        </vertices>
        <triangles material="mat_tire-material" count="288">
          <input semantic="VERTEX" source="#polygon1-mesh-vertices" offset="0"/>
          <input semantic="NORMAL" source="#polygon1-mesh-normals" offset="1"/>
          <input semantic="TEXCOORD" source="#polygon1-mesh-map-0" offset="2" set="0"/>
          <input semantic="COLOR" source="#polygon1-mesh-colors-polygon1_Colors0" offset="3" set="0"/>
          <p>2 0 0 0 1 1 1 1 0 2 2 2 3 3 3 3 1 1 4 4 2 0 5 5 4 4 6 6 3 3 7 7 2 0 8 8 5 5 9 9 3 3 10 10 4 4 11 11 6 6 12 12 5 5 13 13 4 4 14 14 7 7 15 15 5 5 16 16 6 6 17 17 8 8 18 18 7 7 19 19 6 6 20 20 9 9 21 21 7 7 22 22 8 8 23 23 10 10 24 24 9 9 25 25 8 8 26 26 11 11 27 27 9 9 28 28 10 10 29 29 12 12 30 30 11 11 31 31 10 10 32 32 13 13 33 33 11 11 34 34 12 12 35 35 14 14 36 36 13 13 37 37 12 12 38 38 15 15 39 39 13 13 40 40 14 14 41 41 16 16 42 42 15 15 43 43 14 14 44 44 17 17 45 45 15 15 46 46 16 16 47 47 18 18 48 48 17 17 49 49 16 16 50 50 19 19 51 51 17 17 52 52 18 18 53 53 20 20 54 54 19 19 55 55 18 18 56 56 21 21 57 57 19 19 58 58 20 20 59 59 22 22 60 60 21 21 61 61 20 20 62 62 23 23 63 63 21 21 64 64 22 22 65 65 0 2 66 66 23 23 67 67 22 22 68 68 1 1 69 69 23 23 70 70 0 2 71 71 26 24 72 72 25 25 73 73 24 26 74 74 27 27 75 75 25 25 76 76 26 24 77 77 28 28 78 78 27 27 79 79 26 24 80 80 29 29 81 81 27 27 82 82 28 28 83 83 30 30 84 84 29 29 85 85 28 28 86 86 31 31 87 87 29 29 88 88 30 30 89 89 32 32 90 90 31 31 91 91 30 30 92 92 33 33 93 93 31 31 94 94 32 32 95 95 34 34 96 96 33 33 97 97 32 32 98 98 35 35 99 99 33 33 100 100 34 34 101 101 36 36 102 102 35 35 103 103 34 34 104 104 37 37 105 105 35 35 106 106 36 36 107 107 38 38 108 108 37 37 109 109 36 36 110 110 39 39 111 111 37 37 112 112 38 38 113 113 40 40 114 114 39 39 115 115 38 38 116 116 41 41 117 117 39 39 118 118 40 40 119 119 42 42 120 120 41 41 121 121 40 40 122 122 43 43 123 123 41 41 124 124 42 42 125 125 44 44 126 126 43 43 127 127 42 42 128 128 45 45 129 129 43 43 130 130 44 44 131 131 46 46 132 132 45 45 133 133 44 44 134 134 47 47 135 135 45 45 136 136 46 46 137 137 24 26 138 138 47 47 139 139 46 46 140 140 25 25 141 141 47 47 142 142 24 26 143 143 50 48 144 144 49 49 145 145 48 50 146 146 51 51 147 147 49 49 148 148 50 48 149 149 52 52 150 150 51 51 151 151 50 48 152 152 53 53 153 153 51 51 154 154 52 52 155 155 54 54 156 156 53 53 157 157 52 52 158 158 55 55 159 159 53 53 160 160 54 54 161 161 56 56 162 162 55 55 163 163 54 54 164 164 57 57 165 165 55 55 166 166 56 56 167 167 58 58 168 168 57 57 169 169 56 56 170 170 42 42 171 171 60 59 172 172 59 60 173 173 61 61 174 174 60 59 175 175 42 42 176 176 40 40 177 177 61 61 178 178 42 42 179 179 62 62 180 180 61 61 181 181 40 40 182 182 38 38 183 183 62 62 184 184 40 40 185 185 63 63 186 186 62 62 187 187 38 38 188 188 36 36 189 189 63 63 190 190 38 38 191 191 64 64 192 192 63 63 193 193 36 36 194 194 65 65 195 195 64 64 196 196 36 36 197 197 66 66 198 198 19 67 199 199 17 68 200 200 21 69 201 201 19 67 202 202 66 66 203 203 67 70 204 204 21 69 205 205 66 66 206 206 23 71 207 207 21 69 208 208 67 70 209 209 68 72 210 210 23 71 211 211 67 70 212 212 1 73 213 213 23 71 214 214 68 72 215 215 3 74 216 216 1 73 217 217 68 72 218 218 4 4 219 219 70 75 220 220 69 76 221 221 71 77 222 222 70 75 223 223 4 4 224 224 2 0 225 225 71 77 226 226 4 4 227 227 72 78 228 228 71 77 229 229 2 0 230 230 0 2 231 231 72 78 232 232 2 0 233 233 73 79 234 234 72 78 235 235 0 2 236 236 74 80 237 237 73 79 238 238 0 2 239 239 22 22 240 240 74 80 241 241 0 2 242 242 75 81 243 243 74 80 244 244 22 22 245 245 20 20 246 246 75 81 247 247 22 22 248 248 76 82 249 249 75 81 250 250 20 20 251 251 18 18 252 252 76 82 253 253 20 20 254 254 77 83 255 255 76 82 256 256 18 18 257 257 78 84 258 258 77 83 259 259 18 18 260 260 81 85 261 261 80 86 262 262 79 87 263 263 82 88 264 264 80 86 265 265 81 85 266 266 83 89 267 267 82 88 268 268 81 85 269 269 84 90 270 270 82 88 271 271 83 89 272 272 85 91 273 273 84 90 274 274 83 89 275 275 86 92 276 276 84 90 277 277 85 91 278 278 87 93 279 279 86 92 280 280 85 91 281 281 90 94 282 282 89 95 283 283 88 96 284 284 91 97 285 285 89 95 286 286 90 94 287 287 92 98 288 288 91 97 289 289 90 94 290 290 93 99 291 291 91 97 292 292 92 98 293 293 94 100 294 294 93 99 295 295 92 98 296 296 95 101 297 297 93 99 298 298 94 100 299 299 96 102 300 300 95 101 301 301 94 100 302 302 28 28 303 303 98 103 304 304 97 104 305 305 99 105 306 306 98 103 307 307 28 28 308 308 26 24 309 309 99 105 310 310 28 28 311 311 100 106 312 312 99 105 313 313 26 24 314 314 24 26 315 315 100 106 316 316 26 24 317 317 101 107 318 318 100 106 319 319 24 26 320 320 102 108 321 321 101 107 322 322 24 26 323 323 103 109 324 324 43 110 325 325 41 111 326 326 45 112 327 327 43 110 328 328 103 109 329 329 104 113 330 330 45 112 331 331 103 109 332 332 47 114 333 333 45 112 334 334 104 113 335 335 105 115 336 336 47 114 337 337 104 113 338 338 25 116 339 339 47 114 340 340 105 115 341 341 27 117 342 342 25 116 343 343 105 115 344 344 108 118 345 345 107 119 346 346 106 120 347 347 109 121 348 348 107 119 349 349 108 118 350 350 110 122 351 351 109 121 352 352 108 118 353 353 111 123 354 354 109 121 355 355 110 122 356 356 112 124 357 357 111 123 358 358 110 122 359 359 113 125 360 360 111 123 361 361 112 124 362 362 114 126 363 363 113 125 364 364 112 124 365 365 117 127 366 366 116 128 367 367 115 129 368 368 118 130 369 369 116 128 370 370 117 127 371 371 119 131 372 372 118 130 373 373 117 127 374 374 120 132 375 375 118 130 376 376 119 131 377 377 121 133 378 378 120 132 379 379 119 131 380 380 122 134 381 381 120 132 382 382 121 133 383 383 125 135 384 384 124 136 385 385 123 137 386 386 126 138 387 387 124 136 388 388 125 135 389 389 127 139 390 390 126 138 391 391 125 135 392 392 128 140 393 393 126 138 394 394 127 139 395 395 58 58 396 396 128 140 397 397 127 139 398 398 56 56 399 399 128 140 400 400 58 58 401 401 10 10 402 402 129 141 403 403 12 12 404 404 130 142 405 405 129 141 406 406 10 10 407 407 8 8 408 408 130 142 409 409 10 10 410 410 131 143 411 411 130 142 412 412 8 8 413 413 69 76 414 414 131 143 415 415 8 8 416 416 132 144 417 417 3 74 418 418 68 72 419 419 5 145 420 420 3 74 421 421 132 144 422 422 133 146 423 423 5 145 424 424 132 144 425 425 7 147 426 426 5 145 427 427 133 146 428 428 9 148 429 429 7 147 430 430 133 146 431 431 134 149 432 432 9 148 433 433 133 146 434 434 11 150 435 435 9 148 436 436 134 149 437 437 135 151 438 438 11 150 439 439 134 149 440 440 13 152 441 441 11 150 442 442 135 151 443 443 15 153 444 444 13 152 445 445 135 151 446 446 138 154 447 447 137 155 448 448 136 156 449 449 139 157 450 450 137 155 451 451 138 154 452 452 79 87 453 453 139 157 454 454 138 154 455 455 140 158 456 456 139 157 457 457 79 87 458 458 80 86 459 459 140 158 460 460 79 87 461 461 141 159 462 462 87 93 463 463 85 91 464 464 142 160 465 465 87 93 466 466 141 159 467 467 143 161 468 468 142 160 469 469 141 159 470 470 122 134 471 471 142 160 472 472 143 161 473 473 120 132 474 474 122 134 475 475 143 161 476 476 144 162 477 477 96 102 478 478 94 100 479 479 145 163 480 480 96 102 481 481 144 162 482 482 146 164 483 483 145 163 484 484 144 162 485 485 147 165 486 486 145 163 487 487 146 164 488 488 148 166 489 489 147 165 490 490 146 164 491 491 34 34 492 492 65 65 493 493 36 36 494 494 149 167 495 495 65 65 496 496 34 34 497 497 32 32 498 498 149 167 499 499 34 34 500 500 150 168 501 501 149 167 502 502 32 32 503 503 97 104 504 504 150 168 505 505 32 32 506 506 46 46 507 507 102 108 508 508 24 26 509 509 151 169 510 510 102 108 511 511 46 46 512 512 44 44 513 513 151 169 514 514 46 46 515 515 59 60 516 516 151 169 517 517 44 44 518 518 42 42 519 519 59 60 520 520 44 44 521 521 152 170 522 522 27 117 523 523 105 115 524 524 29 171 525 525 27 117 526 526 152 170 527 527 153 172 528 528 29 171 529 529 152 170 530 530 31 173 531 531 29 171 532 532 153 172 533 533 33 174 534 534 31 173 535 535 153 172 536 536 154 175 537 537 33 174 538 538 153 172 539 539 35 176 540 540 33 174 541 541 154 175 542 542 155 177 543 543 35 176 544 544 154 175 545 545 37 178 546 546 35 176 547 547 155 177 548 548 39 179 549 549 37 178 550 550 155 177 551 551 156 180 552 552 114 126 553 553 112 124 554 554 157 181 555 555 114 126 556 556 156 180 557 557 158 182 558 558 157 181 559 559 156 180 560 560 159 183 561 561 157 181 562 562 158 182 563 563 160 184 564 564 159 183 565 565 158 182 566 566 163 185 567 567 162 186 568 568 161 187 569 569 164 188 570 570 162 186 571 571 163 185 572 572 148 166 573 573 164 188 574 574 163 185 575 575 146 164 576 576 164 188 577 577 148 166 578 578 167 189 579 579 166 190 580 580 165 191 581 581 168 192 582 582 166 190 583 583 167 189 584 584 160 184 585 585 168 192 586 586 167 189 587 587 158 182 588 588 168 192 589 589 160 184 590 590 16 16 591 591 78 84 592 592 18 18 593 593 169 193 594 594 78 84 595 595 16 16 596 596 14 14 597 597 169 193 598 598 16 16 599 599 136 156 600 600 171 194 601 601 170 195 602 602 172 196 603 603 171 194 604 604 136 156 605 605 137 155 606 606 172 196 607 607 136 156 608 608 175 197 609 609 174 198 610 610 173 199 611 611 176 200 612 612 174 198 613 613 175 197 614 614 177 201 615 615 176 200 616 616 175 197 617 617 85 91 618 618 178 202 619 619 165 203 620 620 83 89 621 621 178 202 622 622 85 91 623 623 83 89 624 624 106 204 625 625 178 202 626 626 81 85 627 627 106 204 628 628 83 89 629 629 179 205 630 630 12 12 631 631 129 141 632 632 180 206 633 633 12 12 634 634 179 205 635 635 6 6 636 636 69 76 637 637 8 8 638 638 4 4 639 639 69 76 640 640 6 6 641 641 17 68 642 642 181 207 643 643 66 66 644 644 15 153 645 645 181 207 646 646 17 68 647 647 124 136 648 648 148 208 649 649 147 209 650 650 126 138 651 651 148 208 652 652 124 136 653 653 147 209 654 654 182 210 655 655 124 136 656 656 145 211 657 657 182 210 658 658 147 209 659 659 145 211 660 660 177 201 661 661 182 210 662 662 96 212 663 663 177 201 664 664 145 211 665 665 116 128 666 666 171 194 667 667 115 129 668 668 170 195 669 669 171 194 670 670 116 128 671 671 96 212 672 672 176 200 673 673 177 201 674 674 95 213 675 675 176 200 676 676 96 212 677 677 95 213 678 678 174 198 679 679 176 200 680 680 93 214 681 681 174 198 682 682 95 213 683 683 93 214 684 684 183 215 685 685 174 198 686 686 91 216 687 687 183 215 688 688 93 214 689 689 91 216 690 690 50 48 691 691 183 215 692 692 89 217 693 693 50 48 694 694 91 216 695 695 180 206 696 696 14 14 697 697 12 12 698 698 169 193 699 699 14 14 700 700 180 206 701 701 48 50 702 702 183 215 703 703 50 48 704 704 184 218 705 705 183 215 706 706 48 50 707 707 184 218 708 708 174 198 709 709 183 215 710 710 173 199 711 711 174 198 712 712 184 218 713 713 89 217 714 714 52 52 715 715 50 48 716 716 88 219 717 717 52 52 718 718 89 217 719 719 185 220 720 720 177 201 721 721 175 197 722 722 186 221 723 723 177 201 724 724 185 220 725 725 186 221 726 726 182 210 727 727 177 201 728 728 187 222 729 729 182 210 730 730 186 221 731 731 187 222 732 732 124 136 733 733 182 210 734 734 123 137 735 735 124 136 736 736 187 222 737 737 126 138 738 738 163 223 739 739 148 208 740 740 128 140 741 741 163 223 742 742 126 138 743 743 162 186 744 744 188 224 745 745 161 187 746 746 189 225 747 747 188 224 748 748 162 186 749 749 189 225 750 750 88 96 751 751 188 224 752 752 90 94 753 753 88 96 754 754 189 225 755 755 128 140 756 756 161 19 757 757 163 223 758 758 56 56 759 759 161 19 760 760 128 140 761 761 56 56 762 762 188 17 763 763 161 19 764 764 54 54 765 765 188 17 766 766 56 56 767 767 54 54 768 768 88 219 769 769 188 17 770 770 52 52 771 771 88 219 772 772 54 54 773 773 159 226 774 774 118 130 775 775 120 132 776 776 157 227 777 777 118 130 778 778 159 226 779 779 157 227 780 780 116 128 781 781 118 130 782 782 114 228 783 783 116 128 784 784 157 227 785 785 30 30 786 786 97 104 787 787 32 32 788 788 28 28 789 789 97 104 790 790 30 30 791 791 114 228 792 792 170 195 793 793 116 128 794 794 113 229 795 795 170 195 796 796 114 228 797 797 113 229 798 798 136 156 799 799 170 195 800 800 111 230 801 801 136 156 802 802 113 229 803 803 111 230 804 804 138 154 805 805 136 156 806 806 109 231 807 807 138 154 808 808 111 230 809 809 41 111 810 810 190 232 811 811 103 109 812 812 39 179 813 813 190 232 814 814 41 111 815 815 109 231 816 816 79 87 817 817 138 154 818 818 107 233 819 819 79 87 820 820 109 231 821 821 107 233 822 822 81 85 823 823 79 87 824 824 106 204 825 825 81 85 826 826 107 233 827 827 166 190 828 828 178 234 829 829 165 191 830 830 191 235 831 831 178 234 832 832 166 190 833 833 191 235 834 834 106 120 835 835 178 234 836 836 108 118 837 837 106 120 838 838 191 235 839 839 120 132 840 840 160 236 841 841 159 226 842 842 143 161 843 843 160 236 844 844 120 132 845 845 143 161 846 846 167 237 847 847 160 236 848 848 141 159 849 849 167 237 850 850 143 161 851 851 141 159 852 852 165 203 853 853 167 237 854 854 85 91 855 855 165 203 856 856 141 159 857 857 15 153 858 858 135 151 859 859 181 207 860 860 39 179 861 861 155 177 862 862 190 232 863 863</p>
        </triangles>
      </mesh>
    </geometry>
    <geometry id="polygon0-mesh" name="polygon0">
      <mesh>
        <source id="polygon0-mesh-positions">
          <float_array id="polygon0-mesh-positions-array" count="612">-92.74117 13.70542 -88.4187 -92.71407 17.687 -94.6324 -58.91763 31.05495 -81.50001 -92.77545 23.96483 -98.4623 -92.85836 30.87003 -99.65912 -49.5019 50.29946 -81.46461 -49.5403 44.51833 -67.78575 -58.75698 31.05495 -81.50001 -49.52133 30.84049 -61.97307 -49.58736 16.92799 -67.55548 -49.59585 10.71586 -81.46457 -49.55957 17.06539 -95.23769 -49.4549 30.84391 -100.4915 -92.79357 49.48474 -81.45456 -92.73645 48.04708 -74.48186 -92.74063 43.95346 -68.3669 -92.80692 37.71359 -64.58681 -92.76679 30.86676 -62.80543 -92.72136 23.86517 -64.20592 -92.67575 17.55554 -68.14658 -92.67575 13.41188 -74.37218 -92.45097 11.65682 -81.46457 -92.8101 37.70794 -98.30807 -92.70987 43.95702 -94.54683 -92.79234 47.8003 -88.32626 49.5403 44.51833 -67.78576 49.5019 50.29946 -81.46461 58.75698 31.05495 -81.50001 49.56261 44.62642 -95.25264 49.4549 30.84391 -100.4915 49.3602 30.01222 84.14283 49.3346 33.86631 75.0236 55.50465 21.03663 74.99999 49.37508 30.08428 65.83157 49.30327 20.89594 62.33902 78.15764 32.36472 79.67876 78.19572 33.32316 75.0303 55.61176 21.03663 74.99999 78.19489 32.2002 70.44917 78.13991 29.63801 66.30212 86.18414 18.38529 -68.54987 86.18414 31.22062 -61.89157 92.24018 31.22062 -81.38519 86.18414 44.05596 -68.54987 86.18414 50.71428 -81.38519 -86.18414 31.22062 -61.89157 -86.18414 18.38529 -68.54987 -92.24018 31.22062 -81.38519 -86.18414 11.72698 -81.38516 -86.18414 18.38529 -94.2205 -86.18414 31.22062 -100.8788 -86.18414 44.05595 -94.2205 -86.18414 50.71428 -81.38519 92.73645 48.04708 -74.48186 92.79357 49.48474 -81.45456 58.91763 31.05495 -81.50001 92.79234 47.80029 -88.32626 92.70987 43.95702 -94.54683 73.78943 12.59019 83.63342 73.78943 21.14708 88.07229 77.82678 21.14708 75.07654 73.78943 29.70397 83.63342 73.78943 34.14285 75.07654 -49.3346 33.86631 75.0236 -49.3602 30.01222 84.14283 -55.50465 21.03663 74.99999 -49.34755 20.89366 88.01795 -49.39157 11.61866 84.29634 -49.39724 7.47724 75.02362 -49.37305 11.71026 65.84154 -49.30327 20.89594 62.33901 -78.19572 33.32316 75.0303 -78.15764 32.36472 79.67876 -55.61176 21.03663 74.99999 -78.16042 29.63564 83.7554 -78.20461 25.47573 86.27547 -78.17786 20.91117 87.46304 -78.14757 16.24344 86.52939 -78.11717 12.03703 83.90228 -78.11717 9.274588 79.75188 -77.96732 8.10455 75.02362 -78.16078 9.470283 70.38753 -78.14272 12.12466 66.24507 -78.18363 16.30989 63.6918 -78.23891 20.91335 62.89392 -78.20673 25.47196 63.79461 -78.13991 29.63801 66.30212 -78.19489 32.2002 70.44917 -73.78943 21.14708 88.07229 -73.78943 12.59019 83.63342 -77.82678 21.14708 75.07654 -73.78943 8.151318 75.07655 -73.78943 12.59019 66.51967 -73.78943 21.14708 62.0808 -73.78943 29.70396 66.51967 -73.78943 34.14286 75.07654 92.0287 51.02795 -89.68426 92.0287 53.04123 -81.50006 92.0287 8.681077 -81.50003 92.45097 11.65682 -81.46457 92.0287 10.69437 -89.68426 92.74117 13.70543 -88.4187 92.0287 15.48271 -66.12161 92.67575 17.55555 -68.14658 92.0287 10.69436 -73.31582 92.67575 13.41188 -74.37219 92.0287 30.86115 -59.43627 92.76679 30.86676 -62.80543 92.0287 22.67692 -61.33328 92.72134 23.86517 -64.20592 92.0287 46.23959 -66.12161 92.74063 43.95346 -68.3669 92.0287 39.04539 -61.33328 92.80692 37.71359 -64.58681 92.0287 51.02795 -73.31582 92.02869 46.23958 -96.87847 92.0287 39.04538 -101.6668 92.8101 37.70794 -98.30807 92.0287 15.48272 -96.87847 92.71407 17.687 -94.6324 92.0287 22.67691 -101.6668 92.77545 23.96483 -98.4623 -77.6858 6.120719 74.99998 -77.6858 7.462913 69.54382 -77.6858 10.65514 85.25226 -77.6858 7.462908 80.45612 -77.6858 20.90744 89.70916 -77.6858 15.45128 88.44448 -77.6858 31.15972 85.25226 -77.6858 26.36359 88.44448 -77.6858 35.69415 74.99995 -77.6858 34.35197 80.45612 -77.68579 31.15972 64.74769 -77.6858 34.35197 69.54382 -77.6858 26.36359 61.55547 -77.6858 10.65514 64.74769 -77.6858 15.45127 61.55547 77.6858 15.45127 61.55547 78.18363 16.30989 63.6918 77.6858 20.90742 60.29078 78.23891 20.91335 62.89392 77.6858 7.462913 69.54382 78.16078 9.470284 70.38753 77.6858 10.65514 64.74769 78.14272 12.12466 66.24507 77.6858 15.45128 88.44448 78.14757 16.24344 86.52939 77.6858 10.65514 85.25226 78.11717 12.03703 83.90228 77.6858 26.36359 88.44448 78.20461 25.47573 86.27547 77.6858 20.90744 89.70915 78.17786 20.91117 87.46304 77.6858 34.35197 80.45612 77.6858 31.15972 85.25226 78.16042 29.63564 83.7554 77.6858 26.36359 61.55547 78.20673 25.47196 63.79461 77.6858 34.35197 69.54382 77.6858 35.69415 74.99995 77.6858 6.120718 74.99998 77.96732 8.10455 75.02362 77.6858 7.462909 80.45612 78.11717 9.274588 79.75188 77.68579 31.15972 64.74769 -77.6858 20.90742 60.29078 -92.0287 10.69437 -89.68427 -92.0287 15.48271 -96.87847 -92.0287 10.69436 -73.31582 -92.0287 8.681078 -81.50003 -49.56261 44.62642 -95.25264 -92.0287 22.67692 -61.33328 -92.0287 15.48271 -66.12161 -92.0287 39.04539 -61.33328 -92.0287 30.86115 -59.43627 -92.02869 51.02795 -73.31582 -92.02869 46.23959 -66.12161 -92.0287 30.86114 -103.5638 -92.0287 39.04538 -101.6668 -92.02869 51.02795 -89.68427 -92.02869 53.04123 -81.50006 49.52133 30.84049 -61.97307 49.58736 16.928 -67.55548 49.59586 10.71586 -81.46457 49.55957 17.06539 -95.23769 49.34755 20.89366 88.01795 49.39157 11.61866 84.29634 49.39724 7.47724 75.02362 49.37305 11.71026 65.84154 -86.18414 44.05596 -68.54987 -92.02869 46.23958 -96.87847 92.85836 30.87003 -99.65912 73.78943 8.151318 75.07655 73.78943 12.59019 66.51967 73.78943 21.14708 62.0808 73.78943 29.70396 66.51967 86.18414 11.72698 -81.38516 86.18414 18.38529 -94.2205 86.18414 31.22062 -100.8788 86.18414 44.05595 -94.2205 -92.0287 22.67691 -101.6668 -49.37508 30.08428 65.83157 92.0287 30.86114 -103.5638 -73.78943 29.70397 83.63342</float_array>
          <technique_common>
            <accessor source="#polygon0-mesh-positions-array" count="204" stride="3">
              <param name="X" type="float"/>
              <param name="Y" type="float"/>
              <param name="Z" type="float"/>
            </accessor>
          </technique_common>
        </source>
        <source id="polygon0-mesh-normals">
          <float_array id="polygon0-mesh-normals-array" count="804">-0.9998064 -0.01722061 0.009527444 -0.4848464 0.6105842 0.6261878 -0.4827833 0.7931541 0.3712506 -0.4768738 0.3049342 0.8243826 -0.4716711 -0.01162576 0.881698 -1 2.16882e-5 -8.01636e-6 -1 3.60608e-6 1.80304e-6 -0.9979959 -0.06327402 7.9146e-4 -0.9978051 0.002201139 -0.06618446 -0.9997803 0.01727277 -0.01188218 -0.9971223 0.07580059 -0.001220047 -0.9998431 0.01649457 0.006466388 -0.9982892 1.26362e-4 0.0584703 -0.4775975 -0.8110183 -0.3378609 -0.4777804 -0.8782893 0.01827216 -0.4779505 -0.60502 -0.6367999 -0.4725441 -0.3421499 -0.8121796 -0.4831619 -0.0282787 -0.8750743 -0.4845685 0.3200475 -0.8141025 -0.490174 0.606336 -0.6261679 -0.4907435 0.794295 -0.3581429 -0.5006052 0.8654097 0.02146375 -0.4705813 -0.3132803 0.8248689 -0.4771831 -0.6172702 0.6255189 -0.4709249 -0.8147203 0.3383203 1 2.12418e-5 -8.88878e-6 0.9979959 -0.06327432 7.9143e-4 1 3.54648e-6 1.90735e-6 0.999807 -0.01720231 0.009497582 0.9982892 1.26377e-4 0.05847042 1 2.10754e-5 -9.1237e-6 0.9979959 -0.06327438 7.91967e-4 1 3.9041e-6 1.87755e-6 0.9998069 -0.01720231 0.009498 0.9982893 1.266e-4 0.05846905 0.9998064 -0.01721942 0.009526371 0.4777828 -0.8782898 0.01818341 0.4775999 -0.8111026 -0.3376547 0.4709256 -0.8146506 0.338487 0.4771838 -0.6172702 0.6255183 1 -1.86513e-7 0 0.9549768 0 0.2966808 0.9485984 -0.2237869 0.223787 0.9485984 0.2237867 0.223787 0.9549769 0.2966803 -1.21642e-7 -1 -2.64558e-7 0 -0.9485984 -0.2237869 0.223787 -0.9549768 0 0.2966808 -0.9549767 -0.2966809 2.568e-7 -0.9485985 -0.223787 -0.2237869 -0.9549767 -2.09495e-7 -0.2966807 -0.9485985 0.2237863 -0.2237871 -0.9549769 0.2966802 0 0.9998064 -0.01722043 0.009527266 0.4777851 -0.8782904 0.0180965 0.477599 -0.8110688 -0.3377375 0.4709264 -0.8145983 0.3386122 0.4771465 -0.6176239 0.6251975 1 0 -1.64026e-7 0.9549771 0 0.2966797 0.9485988 -0.2237865 0.223786 0.9485988 0.2237859 0.223786 0.9549772 0.2966794 -3.17622e-7 -1 2.15401e-5 -8.08481e-6 -1 3.8743e-6 1.87755e-6 -0.997996 -0.06327408 7.91922e-4 -0.997805 0.002200543 -0.06618428 -0.9997803 0.01727253 -0.0118817 -0.9971222 0.07580077 -0.001219868 -0.9998431 0.01649487 0.00646615 -0.9982892 1.26705e-4 0.05846977 -0.9998064 -0.0172196 0.009526371 -0.4775999 -0.8111026 -0.3376547 -0.4777828 -0.8782898 0.01818341 -0.4779506 -0.605021 -0.636799 -0.4725407 -0.3422748 -0.8121289 -0.4831618 -0.02827817 -0.8750744 -0.4845696 0.3200471 -0.8141021 -0.4901752 0.6062729 -0.6262279 -0.4907436 0.794295 -0.3581429 -0.5006052 0.8654097 0.02146369 -0.4827892 0.7928996 0.3717861 -0.4848462 0.6106787 0.6260956 -0.4768734 0.3047258 0.8244599 -0.4716724 -0.01135611 0.8817007 -0.4705812 -0.3132808 0.8248687 -0.4771838 -0.6172704 0.6255181 -0.4709258 -0.8146507 0.338487 -1 0 -1.78576e-7 -0.9485988 -0.2237865 0.223786 -0.9549771 0 0.2966797 -0.954977 -0.2966799 -1.284e-7 -0.9485986 -0.2237864 -0.2237861 -0.9549772 3.10863e-7 -0.2966796 -0.9485985 0.2237868 -0.2237864 -0.9549773 0.2966793 -3.44654e-7 0.9776172 0.2103918 -1.28414e-5 0.9774611 0.1929876 -0.08558958 0.9774296 0.1931236 -0.08564299 0.9776236 0.2103619 -4.96834e-5 0.9807123 -0.1805409 -0.07489013 0.9837134 -0.1797442 1.78783e-4 0.9837131 -0.1797462 1.81688e-4 0.9807145 -0.1805276 -0.07489162 0.9803047 -0.1821334 0.07635664 0.9759956 -0.1536275 0.1543744 0.9759948 -0.1540866 0.1539204 0.9803004 -0.1821502 0.07637071 0.9760941 -0.08571308 0.199734 0.9768224 9.60927e-5 0.2140517 0.9767887 1.86348e-4 0.2142054 0.9760345 -0.08577489 0.1999986 0.9763239 0.08522641 0.1988173 0.9762471 0.1529031 0.1535 0.9762649 0.1530292 0.1532613 0.9763349 0.08583205 0.1985018 0.9764245 0.1976743 0.0867182 0.9764175 0.1975278 0.08713126 0.977976 0.1476799 -0.1474912 0.9779833 0.1476445 -0.1474781 0.9778272 0.08353799 -0.1920301 0.97786 0.08355557 -0.1918551 0.9773964 -0.08365684 -0.1941595 0.977118 -0.1504746 -0.1503267 0.9771073 -0.1503301 -0.1505395 0.9774115 -0.08367854 -0.1940739 -0.9837135 -0.179744 1.79559e-4 -0.980713 -0.1805369 -0.07489055 -0.9837134 -0.1797443 1.82108e-4 -0.980715 -0.1805257 -0.07489109 -0.9760208 -0.1537756 0.1540663 -0.9803053 -0.1821303 0.07635563 -0.9759953 -0.1540846 0.1539194 -0.9803009 -0.1821487 0.07636916 -0.9768223 9.4534e-5 0.2140517 -0.9760934 -0.0857141 0.199737 -0.9768571 5.44133e-5 0.2138935 -0.9760336 -0.08577507 0.2000026 -0.9762464 0.152905 0.1535027 -0.9762673 0.08580744 0.198845 -0.9761926 0.1535103 0.1532406 -0.9763357 0.08583074 0.1984989 -0.9776232 0.2103642 -5.1125e-5 -0.976423 0.1975831 0.08694344 -0.9776172 0.2103915 -1.3874e-5 -0.9763728 0.1976013 0.08746349 -0.9779762 0.1476797 -0.14749 -0.9774104 0.193198 -0.08569514 -0.9779636 0.147692 -0.147561 -0.9774706 0.1929582 -0.08554756 -0.9778366 0.08354353 -0.19198 -0.9778603 0.08355605 -0.1918529 -0.9771175 -0.1504774 -0.1503265 -0.9773978 -0.08365362 -0.1941536 -0.9771072 -0.150331 -0.1505396 -0.9774169 -0.08353716 -0.1941077 0.9781386 5.30375e-5 -0.2079545 0.9774081 -0.08377438 -0.1940497 0.9773796 -0.0832464 -0.1944205 0.9781089 1.47792e-4 -0.2080941 0.9771071 -0.1503313 -0.1505396 0.9807147 -0.1805269 -0.07489109 0.9807127 -0.180538 -0.07489055 0.9771878 -0.1501865 -0.1501603 0.975995 -0.1540861 0.1539195 0.9760336 -0.08577525 0.2000028 0.9760578 -0.08619946 0.1997025 0.9760029 -0.1536695 0.1542856 0.9768568 5.51559e-5 0.2138943 0.976262 0.0859273 0.1988191 0.9762768 0.08571147 0.1988402 0.9768224 9.49523e-5 0.2140517 0.9761925 0.1535109 0.1532407 0.9763728 0.1976012 0.08746361 0.9764267 0.1976078 0.08684653 0.976262 0.1530928 0.1532163 0.9778604 0.08355605 -0.1918528 0.9778544 0.08355373 -0.1918845 0.9776462 0.2102565 -3.27843e-4 0.9774795 0.1929308 -0.08550816 0.9772684 0.1937456 -0.08607625 0.9776231 0.2103645 -5.11031e-5 0.9837135 -0.1797439 1.79562e-4 0.9837133 -0.1797444 1.82165e-4 0.9803049 -0.1821323 0.07635569 0.9803006 -0.1821494 0.07637 0.9779675 0.1476919 -0.147536 0.9779638 0.1476917 -0.1475604 -0.9781089 1.48137e-4 -0.208094 -0.9781386 5.37741e-5 -0.2079545 -0.9807142 -0.1805304 -0.07489144 -0.977211 -0.1502244 -0.1499717 -0.980712 -0.1805425 -0.07489013 -0.977118 -0.1504737 -0.1503265 -0.9803003 -0.1821506 0.0763719 -0.9837131 -0.179746 1.81713e-4 -0.9803048 -0.1821326 0.07635682 -0.9837133 -0.1797448 1.82286e-4 -0.999807 -0.01720201 0.009497523 -0.9760332 -0.08577585 0.2000047 -0.9759947 -0.1540873 0.1539205 -0.9760928 -0.08571481 0.1997396 -0.97601 -0.1537126 0.1541976 -0.9762616 0.08592796 0.1988214 -0.9768565 5.46069e-5 0.213896 -0.9763237 0.08522623 0.1988175 -0.9768193 2.91562e-4 0.2140658 -0.9763727 0.1976017 0.08746367 -0.9762428 0.1531759 0.1532557 -0.976424 0.1975391 0.08703094 -0.9762635 0.1531577 0.1531419 -0.9781502 5.97362e-4 -0.2078988 -0.9778515 0.08354729 -0.1919023 -0.978138 5.53398e-5 -0.2079568 -0.9778539 0.08355343 -0.1918869 -0.9774786 0.1929334 -0.08551192 -0.9775964 0.2104888 2.11343e-4 -0.9774396 0.1930848 -0.08561611 -0.9776231 0.2103642 -4.9745e-5 0.997805 0.002201139 -0.06618446 0.9997803 0.01727277 -0.01188176 0.9971222 0.07580101 -0.001220285 0.9998431 0.01649481 0.00646615 0.997805 0.002200603 -0.06618428 0.9997803 0.01727241 -0.01188164 0.9971222 0.07580077 -0.001219868 0.9998431 0.01649439 0.006466209 0.4779413 -0.604929 -0.6368932 0.4725419 -0.3422325 -0.812146 0.4831618 -0.02827793 -0.8750744 0.4845696 0.3200471 -0.8141021 0.4901717 0.6064328 -0.6260758 0.4907434 0.794295 -0.358143 0.5006053 0.8654097 0.02146369 0.4827882 0.7929389 0.3717037 0.4848462 0.6106787 0.6260956 0.4768734 0.3047258 0.8244599 -0.9485984 0.2237867 0.223787 -0.9779672 0.1476923 -0.1475379 -0.9779832 0.1476448 -0.1474784 0.4779505 -0.6050201 -0.6367999 0.4725441 -0.3421499 -0.8121796 0.4831625 -0.02819186 -0.8750767 0.4845687 0.3200474 -0.8141024 0.4901773 0.6061766 -0.6263195 0.4907435 0.7942949 -0.3581433 0.5006046 0.8654068 0.02159303 0.482783 0.7931541 0.3712507 0.4848464 0.6105845 0.6261874 0.4768738 0.3049342 0.8243826 0.4716721 -0.01144689 0.8816997 0.4705672 -0.3127378 0.8250828 0.954977 -0.2966799 -1.284e-7 0.9485986 -0.2237866 -0.2237861 0.9549772 0 -0.2966796 0.9485986 0.2237868 -0.2237863 0.471673 -0.01126652 0.8817016 0.4705792 -0.313197 0.8249019 0.9549767 -0.2966809 2.568e-7 0.9485985 -0.2237867 -0.2237869 0.9549767 0 -0.2966807 0.9485985 0.2237864 -0.2237872 -0.977379 -0.083247 -0.1944227 -0.9774285 -0.08320575 -0.1941918 -0.999807 -0.01720249 0.009498 0.978138 5.55335e-5 -0.2079569 0.9781501 5.97387e-4 -0.2078989 -0.9485989 0.2237859 0.2237862</float_array>
          <technique_common>
            <accessor source="#polygon0-mesh-normals-array" count="268" stride="3">
              <param name="X" type="float"/>
              <param name="Y" type="float"/>
              <param name="Z" type="float"/>
            </accessor>
          </technique_common>
        </source>
        <source id="polygon0-mesh-map-0">
          <float_array id="polygon0-mesh-map-0-array" count="1536">0.8895264 0.5163574 0.9521484 0.4891357 0.920166 0.4816895 0.9748535 0.5015869 0.9521484 0.4891357 0.8895264 0.5163574 0.9787598 0.5161133 0.9748535 0.5015869 0.8895264 0.5163574 -0.5068359 0.769165 -0.6992188 0.8704834 -0.5080566 0.9088135 -0.7731934 0.7744141 -0.6992188 0.8704834 -0.5068359 0.769165 -0.7175293 0.6660156 -0.7731934 0.7744141 -0.5068359 0.769165 -0.5068359 0.769165 -0.5065918 0.614502 -0.7175293 0.6660156 -0.3024902 0.6594238 -0.5065918 0.614502 -0.5068359 0.769165 -0.2330322 0.7679443 -0.3024902 0.6594238 -0.5068359 0.769165 0.8895264 0.5163574 0.8555908 0.5472412 0.8883057 0.5494385 0.8278809 0.5410156 0.8555908 0.5472412 0.8895264 0.5163574 0.8100586 0.5310059 0.8278809 0.5410156 0.8895264 0.5163574 0.8895264 0.5163574 0.7973633 0.5175781 0.8100586 0.5310059 0.8043213 0.5026855 0.7973633 0.5175781 0.8895264 0.5163574 0.8221436 0.4910889 0.8043213 0.5026855 0.8895264 0.5163574 0.8895264 0.5163574 0.8520508 0.482666 0.8221436 0.4910889 0.8879395 0.4796143 0.8520508 0.482666 0.8895264 0.5163574 0.920166 0.4816895 0.8879395 0.4796143 0.8895264 0.5163574 0.8895264 0.5163574 0.9683838 0.529541 0.9787598 0.5161133 0.9476318 0.5404053 0.9683838 0.529541 0.8895264 0.5163574 0.9197998 0.5472412 0.9476318 0.5404053 0.8895264 0.5163574 -0.5068359 0.769165 -0.5080566 0.9088135 -0.6992188 0.8704834 -0.3155518 0.8673096 -0.5080566 0.9088135 -0.5068359 0.769165 -0.2330322 0.7679443 -0.3155518 0.8673096 -0.5068359 0.769165 -0.5068359 0.769165 -0.5080566 0.9088135 -0.6992188 0.8704834 -0.3155518 0.8673096 -0.5080566 0.9088135 -0.5068359 0.769165 -0.2330322 0.7679443 -0.3155518 0.8673096 -0.5068359 0.769165 0.8895264 0.5163574 0.8883057 0.5494385 0.8555908 0.5472412 0.9197998 0.5472412 0.8883057 0.5494385 0.8895264 0.5163574 0.9476318 0.5404053 0.9197998 0.5472412 0.8895264 0.5163574 -1.504639 0.7624512 -1.504883 0.9279785 -1.719116 0.873291 -1.28833 0.8752441 -1.504883 0.9279785 -1.504639 0.7624512 -1.174072 0.762207 -1.28833 0.8752441 -1.504639 0.7624512 -1.504639 0.7624512 -1.719116 0.873291 -1.504883 0.9279785 -1.829346 0.7574463 -1.719116 0.873291 -1.504639 0.7624512 -1.710449 0.6489258 -1.829346 0.7574463 -1.504639 0.7624512 -1.504639 0.7624512 -1.505859 0.5928955 -1.710449 0.6489258 -1.286133 0.6557617 -1.505859 0.5928955 -1.504639 0.7624512 -1.174072 0.762207 -1.286133 0.6557617 -1.504639 0.7624512 0.8895264 0.5163574 0.8883057 0.5494385 0.8555908 0.5472412 0.9197998 0.5472412 0.8883057 0.5494385 0.8895264 0.5163574 0.9476318 0.5404053 0.9197998 0.5472412 0.8895264 0.5163574 -1.504639 0.7624512 -1.504883 0.9279785 -1.719116 0.873291 -1.28833 0.8752441 -1.504883 0.9279785 -1.504639 0.7624512 -1.174072 0.762207 -1.28833 0.8752441 -1.504639 0.7624512 -0.5068359 0.769165 -0.6992188 0.8704834 -0.5080566 0.9088135 -0.7731934 0.7744141 -0.6992188 0.8704834 -0.5068359 0.769165 -0.7175293 0.6660156 -0.7731934 0.7744141 -0.5068359 0.769165 -0.5068359 0.769165 -0.5065918 0.614502 -0.7175293 0.6660156 -0.3024902 0.6594238 -0.5065918 0.614502 -0.5068359 0.769165 -0.2330322 0.7679443 -0.3024902 0.6594238 -0.5068359 0.769165 0.8895264 0.5163574 0.8555908 0.5472412 0.8883057 0.5494385 0.8278809 0.5410156 0.8555908 0.5472412 0.8895264 0.5163574 0.8100586 0.5310059 0.8278809 0.5410156 0.8895264 0.5163574 0.8895264 0.5163574 0.7973633 0.5175781 0.8100586 0.5310059 0.8043213 0.5026855 0.7973633 0.5175781 0.8895264 0.5163574 0.8221436 0.4910889 0.8043213 0.5026855 0.8895264 0.5163574 0.8895264 0.5163574 0.8520508 0.482666 0.8221436 0.4910889 0.8879395 0.4796143 0.8520508 0.482666 0.8895264 0.5163574 0.920166 0.4816895 0.8879395 0.4796143 0.8895264 0.5163574 0.8895264 0.5163574 0.9521484 0.4891357 0.920166 0.4816895 0.9748535 0.5015869 0.9521484 0.4891357 0.8895264 0.5163574 0.9787598 0.5161133 0.9748535 0.5015869 0.8895264 0.5163574 0.8895264 0.5163574 0.9683838 0.529541 0.9787598 0.5161133 0.9476318 0.5404053 0.9683838 0.529541 0.8895264 0.5163574 0.9197998 0.5472412 0.9476318 0.5404053 0.8895264 0.5163574 -1.504639 0.7624512 -1.719116 0.873291 -1.504883 0.9279785 -1.829346 0.7574463 -1.719116 0.873291 -1.504639 0.7624512 -1.710449 0.6489258 -1.829346 0.7574463 -1.504639 0.7624512 -1.504639 0.7624512 -1.505859 0.5928955 -1.710449 0.6489258 -1.286133 0.6557617 -1.505859 0.5928955 -1.504639 0.7624512 -1.174072 0.762207 -1.286133 0.6557617 -1.504639 0.7624512 0.01794433 0.479126 0.09313964 0.552124 0.09313964 0.479126 0.01794433 0.552124 0.09313964 0.552124 0.01794433 0.479126 0.01794433 0.479126 0.09313964 0.552124 0.09313964 0.479126 0.01794433 0.552124 0.09313964 0.552124 0.01794433 0.479126 0.01794433 0.479126 0.09313964 0.552124 0.09313964 0.479126 0.01794433 0.552124 0.09313964 0.552124 0.01794433 0.479126 0.01794433 0.479126 0.09313964 0.552124 0.09313964 0.479126 0.01794433 0.552124 0.09313964 0.552124 0.01794433 0.479126 0.01794433 0.479126 0.09313964 0.552124 0.09313964 0.479126 0.01794433 0.552124 0.09313964 0.552124 0.01794433 0.479126 0.01794433 0.479126 0.09313964 0.552124 0.09313964 0.479126 0.01794433 0.552124 0.09313964 0.552124 0.01794433 0.479126 0.01794433 0.479126 0.09313964 0.552124 0.09313964 0.479126 0.01794433 0.552124 0.09313964 0.552124 0.01794433 0.479126 0.01794433 0.479126 0.09313964 0.552124 0.09313964 0.479126 0.01794433 0.552124 0.09313964 0.552124 0.01794433 0.479126 0.01794433 0.479126 0.09313964 0.552124 0.09313964 0.479126 0.01794433 0.552124 0.09313964 0.552124 0.01794433 0.479126 0.09313964 0.552124 0.01794433 0.479126 0.09313964 0.479126 0.01794433 0.552124 0.01794433 0.479126 0.09313964 0.552124 0.09313964 0.552124 0.01794433 0.479126 0.09313964 0.479126 0.01794433 0.552124 0.01794433 0.479126 0.09313964 0.552124 0.09313964 0.552124 0.01794433 0.479126 0.09313964 0.479126 0.01794433 0.552124 0.01794433 0.479126 0.09313964 0.552124 0.09313964 0.552124 0.01794433 0.479126 0.09313964 0.479126 0.01794433 0.552124 0.01794433 0.479126 0.09313964 0.552124 0.09313964 0.552124 0.01794433 0.479126 0.09313964 0.479126 0.01794433 0.552124 0.01794433 0.479126 0.09313964 0.552124 0.09313964 0.552124 0.01794433 0.479126 0.09313964 0.479126 0.01794433 0.552124 0.01794433 0.479126 0.09313964 0.552124 0.09313964 0.552124 0.01794433 0.479126 0.09313964 0.479126 0.01794433 0.552124 0.01794433 0.479126 0.09313964 0.552124 0.09313964 0.552124 0.01794433 0.479126 0.09313964 0.479126 0.01794433 0.552124 0.01794433 0.479126 0.09313964 0.552124 0.01794433 0.479126 0.09313964 0.552124 0.09313964 0.479126 0.01794433 0.552124 0.09313964 0.552124 0.01794433 0.479126 0.01794433 0.479126 0.09313964 0.552124 0.09313964 0.479126 0.01794433 0.552124 0.09313964 0.552124 0.01794433 0.479126 0.01794433 0.479126 0.09313964 0.552124 0.09313964 0.479126 0.01794433 0.552124 0.09313964 0.552124 0.01794433 0.479126 0.01794433 0.479126 0.09313964 0.552124 0.09313964 0.479126 0.01794433 0.552124 0.09313964 0.552124 0.01794433 0.479126 0.01794433 0.479126 0.09313964 0.552124 0.09313964 0.479126 0.01794433 0.552124 0.09313964 0.552124 0.01794433 0.479126 0.01794433 0.479126 0.09313964 0.552124 0.09313964 0.479126 0.01794433 0.552124 0.09313964 0.552124 0.01794433 0.479126 0.01794433 0.479126 0.09313964 0.552124 0.09313964 0.479126 0.01794433 0.552124 0.09313964 0.552124 0.01794433 0.479126 0.01794433 0.479126 0.09313964 0.552124 0.09313964 0.479126 0.01794433 0.552124 0.09313964 0.552124 0.01794433 0.479126 0.01794433 0.479126 0.09313964 0.552124 0.09313964 0.479126 0.01794433 0.552124 0.09313964 0.552124 0.01794433 0.479126 0.01794433 0.479126 0.09313964 0.552124 0.09313964 0.479126 0.01794433 0.552124 0.09313964 0.552124 0.01794433 0.479126 0.01794433 0.479126 0.09313964 0.552124 0.09313964 0.479126 0.01794433 0.552124 0.09313964 0.552124 0.01794433 0.479126 0.01794433 0.479126 0.09313964 0.552124 0.09313964 0.479126 0.01794433 0.552124 0.09313964 0.552124 0.01794433 0.479126 0.01794433 0.479126 0.09313964 0.552124 0.09313964 0.479126 0.01794433 0.552124 0.09313964 0.552124 0.01794433 0.479126 0.01794433 0.479126 0.09313964 0.552124 0.09313964 0.479126 0.01794433 0.552124 0.09313964 0.552124 0.01794433 0.479126 0.01794433 0.479126 0.09313964 0.552124 0.09313964 0.479126 0.01794433 0.552124 0.09313964 0.552124 0.01794433 0.479126 0.01794433 0.479126 0.09313964 0.552124 0.09313964 0.479126 0.01794433 0.552124 0.09313964 0.552124 0.01794433 0.479126 0.09313964 0.552124 0.01794433 0.479126 0.09313964 0.479126 0.01794433 0.552124 0.01794433 0.479126 0.09313964 0.552124 0.09313964 0.552124 0.01794433 0.479126 0.09313964 0.479126 0.01794433 0.552124 0.01794433 0.479126 0.09313964 0.552124 0.09313964 0.552124 0.01794433 0.479126 0.09313964 0.479126 0.01794433 0.552124 0.01794433 0.479126 0.09313964 0.552124 0.09313964 0.552124 0.01794433 0.479126 0.09313964 0.479126 0.01794433 0.552124 0.01794433 0.479126 0.09313964 0.552124 0.09313964 0.552124 0.01794433 0.479126 0.09313964 0.479126 0.01794433 0.552124 0.01794433 0.479126 0.09313964 0.552124 0.09313964 0.552124 0.01794433 0.479126 0.09313964 0.479126 0.01794433 0.552124 0.01794433 0.479126 0.09313964 0.552124 0.09313964 0.552124 0.01794433 0.479126 0.09313964 0.479126 0.01794433 0.552124 0.01794433 0.479126 0.09313964 0.552124 0.09313964 0.552124 0.01794433 0.479126 0.09313964 0.479126 0.01794433 0.552124 0.01794433 0.479126 0.09313964 0.552124 0.09313964 0.552124 0.01794433 0.479126 0.09313964 0.479126 0.01794433 0.552124 0.01794433 0.479126 0.09313964 0.552124 -0.5068359 0.769165 -0.3155518 0.8673096 -0.2330322 0.7679443 -0.5080566 0.9088135 -0.3155518 0.8673096 -0.5068359 0.769165 0.09313964 0.552124 0.01794433 0.479126 0.09313964 0.479126 0.01794433 0.552124 0.01794433 0.479126 0.09313964 0.552124 0.09313964 0.552124 0.01794433 0.479126 0.09313964 0.479126 0.01794433 0.552124 0.01794433 0.479126 0.09313964 0.552124 0.09313964 0.552124 0.01794433 0.479126 0.09313964 0.479126 0.01794433 0.552124 0.01794433 0.479126 0.09313964 0.552124 0.09313964 0.552124 0.01794433 0.479126 0.09313964 0.479126 0.01794433 0.552124 0.01794433 0.479126 0.09313964 0.552124 0.09313964 0.552124 0.01794433 0.479126 0.09313964 0.479126 0.01794433 0.552124 0.01794433 0.479126 0.09313964 0.552124 0.09313964 0.552124 0.01794433 0.479126 0.09313964 0.479126 0.01794433 0.552124 0.01794433 0.479126 0.09313964 0.552124 -0.7731934 0.7744141 -0.5068359 0.769165 -0.6992188 0.8704834 -0.7175293 0.6660156 -0.5068359 0.769165 -0.7731934 0.7744141 -0.5065918 0.614502 -0.5068359 0.769165 -0.7175293 0.6660156 -0.3024902 0.6594238 -0.5068359 0.769165 -0.5065918 0.614502 0.09313964 0.552124 0.01794433 0.479126 0.09313964 0.479126 0.01794433 0.552124 0.01794433 0.479126 0.09313964 0.552124 -0.7731934 0.7744141 -0.5068359 0.769165 -0.6992188 0.8704834 -0.7175293 0.6660156 -0.5068359 0.769165 -0.7731934 0.7744141 -0.5065918 0.614502 -0.5068359 0.769165 -0.7175293 0.6660156 -0.3024902 0.6594238 -0.5068359 0.769165 -0.5065918 0.614502 0.09313964 0.552124 0.01794433 0.479126 0.09313964 0.479126 0.01794433 0.552124 0.01794433 0.479126 0.09313964 0.552124 0.8278809 0.5410156 0.8895264 0.5163574 0.8555908 0.5472412 0.8100586 0.5310059 0.8895264 0.5163574 0.8278809 0.5410156 0.7973633 0.5175781 0.8895264 0.5163574 0.8100586 0.5310059 0.8043213 0.5026855 0.8895264 0.5163574 0.7973633 0.5175781 0.8221436 0.4910889 0.8895264 0.5163574 0.8043213 0.5026855 0.8520508 0.482666 0.8895264 0.5163574 0.8221436 0.4910889 0.8879395 0.4796143 0.8895264 0.5163574 0.8520508 0.482666 0.920166 0.4816895 0.8895264 0.5163574 0.8879395 0.4796143 0.9521484 0.4891357 0.8895264 0.5163574 0.920166 0.4816895 0.9748535 0.5015869 0.8895264 0.5163574 0.9521484 0.4891357 0.09313964 0.552124 0.01794433 0.479126 0.09313964 0.479126 0.01794433 0.552124 0.01794433 0.479126 0.09313964 0.552124 0.09313964 0.552124 0.01794433 0.479126 0.09313964 0.479126 0.01794433 0.552124 0.01794433 0.479126 0.09313964 0.552124 0.09313964 0.552124 0.01794433 0.479126 0.09313964 0.479126 0.01794433 0.552124 0.01794433 0.479126 0.09313964 0.552124 -1.504639 0.7624512 -1.28833 0.8752441 -1.174072 0.762207 -1.504883 0.9279785 -1.28833 0.8752441 -1.504639 0.7624512 0.09313964 0.552124 0.01794433 0.479126 0.09313964 0.479126 0.01794433 0.552124 0.01794433 0.479126 0.09313964 0.552124 0.8278809 0.5410156 0.8895264 0.5163574 0.8555908 0.5472412 0.8100586 0.5310059 0.8895264 0.5163574 0.8278809 0.5410156 0.7973633 0.5175781 0.8895264 0.5163574 0.8100586 0.5310059 0.8043213 0.5026855 0.8895264 0.5163574 0.7973633 0.5175781 0.8221436 0.4910889 0.8895264 0.5163574 0.8043213 0.5026855 0.8520508 0.482666 0.8895264 0.5163574 0.8221436 0.4910889 0.8879395 0.4796143 0.8895264 0.5163574 0.8520508 0.482666 0.920166 0.4816895 0.8895264 0.5163574 0.8879395 0.4796143 0.9521484 0.4891357 0.8895264 0.5163574 0.920166 0.4816895 0.9748535 0.5015869 0.8895264 0.5163574 0.9521484 0.4891357 0.9787598 0.5161133 0.8895264 0.5163574 0.9748535 0.5015869 0.9683838 0.529541 0.8895264 0.5163574 0.9787598 0.5161133 0.09313964 0.552124 0.01794433 0.479126 0.09313964 0.479126 0.01794433 0.552124 0.01794433 0.479126 0.09313964 0.552124 -1.829346 0.7574463 -1.504639 0.7624512 -1.719116 0.873291 -1.710449 0.6489258 -1.504639 0.7624512 -1.829346 0.7574463 -1.505859 0.5928955 -1.504639 0.7624512 -1.710449 0.6489258 -1.286133 0.6557617 -1.504639 0.7624512 -1.505859 0.5928955 0.9787598 0.5161133 0.8895264 0.5163574 0.9748535 0.5015869 0.9683838 0.529541 0.8895264 0.5163574 0.9787598 0.5161133 -1.829346 0.7574463 -1.504639 0.7624512 -1.719116 0.873291 -1.710449 0.6489258 -1.504639 0.7624512 -1.829346 0.7574463 -1.505859 0.5928955 -1.504639 0.7624512 -1.710449 0.6489258 -1.286133 0.6557617 -1.504639 0.7624512 -1.505859 0.5928955 0.09313964 0.552124 0.01794433 0.479126 0.09313964 0.479126 0.01794433 0.552124 0.01794433 0.479126 0.09313964 0.552124 0.09313964 0.552124 0.01794433 0.479126 0.09313964 0.479126 0.01794433 0.552124 0.01794433 0.479126 0.09313964 0.552124 -0.5068359 0.769165 -0.3155518 0.8673096 -0.2330322 0.7679443 -0.5080566 0.9088135 -0.3155518 0.8673096 -0.5068359 0.769165 0.01794433 0.479126 0.09313964 0.552124 0.09313964 0.479126 0.01794433 0.552124 0.09313964 0.552124 0.01794433 0.479126 0.01794433 0.479126 0.09313964 0.552124 0.09313964 0.479126 0.01794433 0.552124 0.09313964 0.552124 0.01794433 0.479126 0.01794433 0.479126 0.09313964 0.552124 0.09313964 0.479126 0.01794433 0.552124 0.09313964 0.552124 0.01794433 0.479126 0.01794433 0.479126 0.09313964 0.552124 0.09313964 0.479126 0.01794433 0.552124 0.09313964 0.552124 0.01794433 0.479126 0.01794433 0.479126 0.09313964 0.552124 0.09313964 0.479126 0.01794433 0.552124 0.09313964 0.552124 0.01794433 0.479126 0.01794433 0.479126 0.09313964 0.552124 0.09313964 0.479126 0.01794433 0.552124 0.09313964 0.552124 0.01794433 0.479126 0.01794433 0.479126 0.09313964 0.552124 0.09313964 0.479126 0.01794433 0.552124 0.09313964 0.552124 0.01794433 0.479126 -1.504639 0.7624512 -1.28833 0.8752441 -1.174072 0.762207 -1.504883 0.9279785 -1.28833 0.8752441 -1.504639 0.7624512 0.9197998 0.5472412 0.8895264 0.5163574 0.8883057 0.5494385 -0.3024902 0.6594238 -0.2330322 0.7679443 -0.5068359 0.769165 -0.3024902 0.6594238 -0.2330322 0.7679443 -0.5068359 0.769165 0.9683838 0.529541 0.9476318 0.5404053 0.8895264 0.5163574 0.9683838 0.529541 0.9476318 0.5404053 0.8895264 0.5163574 -1.286133 0.6557617 -1.174072 0.762207 -1.504639 0.7624512 -1.286133 0.6557617 -1.174072 0.762207 -1.504639 0.7624512 0.9197998 0.5472412 0.8895264 0.5163574 0.8883057 0.5494385</float_array>
          <technique_common>
            <accessor source="#polygon0-mesh-map-0-array" count="768" stride="2">
              <param name="S" type="float"/>
              <param name="T" type="float"/>
            </accessor>
          </technique_common>
        </source>
        <source id="polygon0-mesh-colors-polygon0_Colors0" name="polygon0_Colors0">
          <float_array id="polygon0-mesh-colors-polygon0_Colors0-array" count="3072">1 1 1 1 0.6980392 0.6980392 0.6980392 1 0.6980392 0.6980392 0.6980392 1 0.6980392 0.6980392 0.6980392 1 0.6980392 0.6980392 0.6980392 1 1 1 1 1 0.6980392 0.6980392 0.6980392 1 0.6980392 0.6980392 0.6980392 1 1 1 1 1 0.2 0.2 0.2 1 0.4980392 0.4980392 0.4980392 1 0.4980392 0.4980392 0.4980392 1 0.4980392 0.4980392 0.4980392 1 0.4980392 0.4980392 0.4980392 1 0.2 0.2 0.2 1 0.4980392 0.4980392 0.4980392 1 0.4980392 0.4980392 0.4980392 1 0.2 0.2 0.2 1 0.2 0.2 0.2 1 0.4980392 0.4980392 0.4980392 1 0.4980392 0.4980392 0.4980392 1 0.4980392 0.4980392 0.4980392 1 0.4980392 0.4980392 0.4980392 1 0.2 0.2 0.2 1 0.4980392 0.4980392 0.4980392 1 0.4980392 0.4980392 0.4980392 1 0.2 0.2 0.2 1 1 1 1 1 0.6980392 0.6980392 0.6980392 1 0.6980392 0.6980392 0.6980392 1 0.6980392 0.6980392 0.6980392 1 0.6980392 0.6980392 0.6980392 1 1 1 1 1 0.6980392 0.6980392 0.6980392 1 0.6980392 0.6980392 0.6980392 1 1 1 1 1 1 1 1 1 0.6980392 0.6980392 0.6980392 1 0.6980392 0.6980392 0.6980392 1 0.6980392 0.6980392 0.6980392 1 0.6980392 0.6980392 0.6980392 1 1 1 1 1 0.6980392 0.6980392 0.6980392 1 0.6980392 0.6980392 0.6980392 1 1 1 1 1 1 1 1 1 0.6980392 0.6980392 0.6980392 1 0.6980392 0.6980392 0.6980392 1 0.6980392 0.6980392 0.6980392 1 0.6980392 0.6980392 0.6980392 1 1 1 1 1 0.6980392 0.6980392 0.6980392 1 0.6980392 0.6980392 0.6980392 1 1 1 1 1 1 1 1 1 0.6980392 0.6980392 0.6980392 1 0.6980392 0.6980392 0.6980392 1 0.6980392 0.6980392 0.6980392 1 0.6980392 0.6980392 0.6980392 1 1 1 1 1 0.6980392 0.6980392 0.6980392 1 0.6980392 0.6980392 0.6980392 1 1 1 1 1 0.2 0.2 0.2 1 0.4980392 0.4980392 0.4980392 1 0.4980392 0.4980392 0.4980392 1 0.4980392 0.4980392 0.4980392 1 0.4980392 0.4980392 0.4980392 1 0.2 0.2 0.2 1 0.4980392 0.4980392 0.4980392 1 0.4980392 0.4980392 0.4980392 1 0.2 0.2 0.2 1 0.2 0.2 0.2 1 0.4980392 0.4980392 0.4980392 1 0.4980392 0.4980392 0.4980392 1 0.4980392 0.4980392 0.4980392 1 0.4980392 0.4980392 0.4980392 1 0.2 0.2 0.2 1 0.4980392 0.4980392 0.4980392 1 0.4980392 0.4980392 0.4980392 1 0.2 0.2 0.2 1 1 1 1 1 0.6980392 0.6980392 0.6980392 1 0.6980392 0.6980392 0.6980392 1 0.6980392 0.6980392 0.6980392 1 0.6980392 0.6980392 0.6980392 1 1 1 1 1 0.6980392 0.6980392 0.6980392 1 0.6980392 0.6980392 0.6980392 1 1 1 1 1 0.9843137 0.9843137 0.9843137 1 0.6980392 0.6980392 0.6980392 1 0.6980392 0.6980392 0.6980392 1 0.6980392 0.6980392 0.6980392 1 0.6980392 0.6980392 0.6980392 1 0.9843137 0.9843137 0.9843137 1 0.6980392 0.6980392 0.6980392 1 0.6980392 0.6980392 0.6980392 1 0.9843137 0.9843137 0.9843137 1 0.9843137 0.9843137 0.9843137 1 0.6980392 0.6980392 0.6980392 1 0.6980392 0.6980392 0.6980392 1 0.6980392 0.6980392 0.6980392 1 0.6980392 0.6980392 0.6980392 1 0.9843137 0.9843137 0.9843137 1 0.6980392 0.6980392 0.6980392 1 0.6980392 0.6980392 0.6980392 1 0.9843137 0.9843137 0.9843137 1 0.9843137 0.9843137 0.9843137 1 0.6980392 0.6980392 0.6980392 1 0.6980392 0.6980392 0.6980392 1 0.6980392 0.6980392 0.6980392 1 0.6980392 0.6980392 0.6980392 1 0.9843137 0.9843137 0.9843137 1 0.6980392 0.6980392 0.6980392 1 0.6980392 0.6980392 0.6980392 1 0.9843137 0.9843137 0.9843137 1 1 1 1 1 0.6980392 0.6980392 0.6980392 1 0.6980392 0.6980392 0.6980392 1 0.6980392 0.6980392 0.6980392 1 0.6980392 0.6980392 0.6980392 1 1 1 1 1 0.6980392 0.6980392 0.6980392 1 0.6980392 0.6980392 0.6980392 1 1 1 1 1 0.9843137 0.9843137 0.9843137 1 0.6980392 0.6980392 0.6980392 1 0.6980392 0.6980392 0.6980392 1 0.6980392 0.6980392 0.6980392 1 0.6980392 0.6980392 0.6980392 1 0.9843137 0.9843137 0.9843137 1 0.6980392 0.6980392 0.6980392 1 0.6980392 0.6980392 0.6980392 1 0.9843137 0.9843137 0.9843137 1 0.2 0.2 0.2 1 0.4980392 0.4980392 0.4980392 1 0.4980392 0.4980392 0.4980392 1 0.4980392 0.4980392 0.4980392 1 0.4980392 0.4980392 0.4980392 1 0.2 0.2 0.2 1 0.4980392 0.4980392 0.4980392 1 0.4980392 0.4980392 0.4980392 1 0.2 0.2 0.2 1 0.2 0.2 0.2 1 0.4980392 0.4980392 0.4980392 1 0.4980392 0.4980392 0.4980392 1 0.4980392 0.4980392 0.4980392 1 0.4980392 0.4980392 0.4980392 1 0.2 0.2 0.2 1 0.4980392 0.4980392 0.4980392 1 0.4980392 0.4980392 0.4980392 1 0.2 0.2 0.2 1 1 1 1 1 0.6980392 0.6980392 0.6980392 1 0.6980392 0.6980392 0.6980392 1 0.6980392 0.6980392 0.6980392 1 0.6980392 0.6980392 0.6980392 1 1 1 1 1 0.6980392 0.6980392 0.6980392 1 0.6980392 0.6980392 0.6980392 1 1 1 1 1 1 1 1 1 0.6980392 0.6980392 0.6980392 1 0.6980392 0.6980392 0.6980392 1 0.6980392 0.6980392 0.6980392 1 0.6980392 0.6980392 0.6980392 1 1 1 1 1 0.6980392 0.6980392 0.6980392 1 0.6980392 0.6980392 0.6980392 1 1 1 1 1 1 1 1 1 0.6980392 0.6980392 0.6980392 1 0.6980392 0.6980392 0.6980392 1 0.6980392 0.6980392 0.6980392 1 0.6980392 0.6980392 0.6980392 1 1 1 1 1 0.6980392 0.6980392 0.6980392 1 0.6980392 0.6980392 0.6980392 1 1 1 1 1 1 1 1 1 0.6980392 0.6980392 0.6980392 1 0.6980392 0.6980392 0.6980392 1 0.6980392 0.6980392 0.6980392 1 0.6980392 0.6980392 0.6980392 1 1 1 1 1 0.6980392 0.6980392 0.6980392 1 0.6980392 0.6980392 0.6980392 1 1 1 1 1 1 1 1 1 0.6980392 0.6980392 0.6980392 1 0.6980392 0.6980392 0.6980392 1 0.6980392 0.6980392 0.6980392 1 0.6980392 0.6980392 0.6980392 1 1 1 1 1 0.6980392 0.6980392 0.6980392 1 0.6980392 0.6980392 0.6980392 1 1 1 1 1 0.9843137 0.9843137 0.9843137 1 0.6980392 0.6980392 0.6980392 1 0.6980392 0.6980392 0.6980392 1 0.6980392 0.6980392 0.6980392 1 0.6980392 0.6980392 0.6980392 1 0.9843137 0.9843137 0.9843137 1 0.6980392 0.6980392 0.6980392 1 0.6980392 0.6980392 0.6980392 1 0.9843137 0.9843137 0.9843137 1 0.9843137 0.9843137 0.9843137 1 0.6980392 0.6980392 0.6980392 1 0.6980392 0.6980392 0.6980392 1 0.6980392 0.6980392 0.6980392 1 0.6980392 0.6980392 0.6980392 1 0.9843137 0.9843137 0.9843137 1 0.6980392 0.6980392 0.6980392 1 0.6980392 0.6980392 0.6980392 1 0.9843137 0.9843137 0.9843137 1 1 1 1 1 0.6980392 0.6980392 0.6980392 1 1 1 1 1 0.6980392 0.6980392 0.6980392 1 0.6980392 0.6980392 0.6980392 1 1 1 1 1 1 1 1 1 0.6980392 0.6980392 0.6980392 1 1 1 1 1 0.6980392 0.6980392 0.6980392 1 0.6980392 0.6980392 0.6980392 1 1 1 1 1 1 1 1 1 0.6980392 0.6980392 0.6980392 1 1 1 1 1 0.6980392 0.6980392 0.6980392 1 0.6980392 0.6980392 0.6980392 1 1 1 1 1 1 1 1 1 0.6980392 0.6980392 0.6980392 1 1 1 1 1 0.6980392 0.6980392 0.6980392 1 0.6980392 0.6980392 0.6980392 1 1 1 1 1 1 1 1 1 0.6980392 0.6980392 0.6980392 1 1 1 1 1 0.6980392 0.6980392 0.6980392 1 0.6980392 0.6980392 0.6980392 1 1 1 1 1 1 1 1 1 0.6980392 0.6980392 0.6980392 1 1 1 1 1 0.6980392 0.6980392 0.6980392 1 0.6980392 0.6980392 0.6980392 1 1 1 1 1 1 1 1 1 0.6980392 0.6980392 0.6980392 1 1 1 1 1 0.6980392 0.6980392 0.6980392 1 0.6980392 0.6980392 0.6980392 1 1 1 1 1 1 1 1 1 0.6980392 0.6980392 0.6980392 1 1 1 1 1 0.6980392 0.6980392 0.6980392 1 0.6980392 0.6980392 0.6980392 1 1 1 1 1 1 1 1 1 0.6980392 0.6980392 0.6980392 1 1 1 1 1 0.6980392 0.6980392 0.6980392 1 0.6980392 0.6980392 0.6980392 1 1 1 1 1 0.6980392 0.6980392 0.6980392 1 1 1 1 1 1 1 1 1 0.6980392 0.6980392 0.6980392 1 1 1 1 1 0.6980392 0.6980392 0.6980392 1 0.6980392 0.6980392 0.6980392 1 1 1 1 1 1 1 1 1 0.6980392 0.6980392 0.6980392 1 1 1 1 1 0.6980392 0.6980392 0.6980392 1 0.6980392 0.6980392 0.6980392 1 1 1 1 1 1 1 1 1 0.6980392 0.6980392 0.6980392 1 1 1 1 1 0.6980392 0.6980392 0.6980392 1 0.6980392 0.6980392 0.6980392 1 1 1 1 1 1 1 1 1 0.6980392 0.6980392 0.6980392 1 1 1 1 1 0.6980392 0.6980392 0.6980392 1 0.6980392 0.6980392 0.6980392 1 1 1 1 1 1 1 1 1 0.6980392 0.6980392 0.6980392 1 1 1 1 1 0.6980392 0.6980392 0.6980392 1 0.6980392 0.6980392 0.6980392 1 1 1 1 1 1 1 1 1 0.6980392 0.6980392 0.6980392 1 1 1 1 1 0.6980392 0.6980392 0.6980392 1 0.6980392 0.6980392 0.6980392 1 1 1 1 1 1 1 1 1 0.6980392 0.6980392 0.6980392 1 1 1 1 1 0.6980392 0.6980392 0.6980392 1 0.6980392 0.6980392 0.6980392 1 1 1 1 1 1 1 1 1 0.6980392 0.6980392 0.6980392 1 1 1 1 1 0.6980392 0.6980392 0.6980392 1 1 1 1 1 0.6980392 0.6980392 0.6980392 1 1 1 1 1 0.6980392 0.6980392 0.6980392 1 0.6980392 0.6980392 0.6980392 1 1 1 1 1 1 1 1 1 0.6980392 0.6980392 0.6980392 1 1 1 1 1 0.6980392 0.6980392 0.6980392 1 0.6980392 0.6980392 0.6980392 1 1 1 1 1 1 1 1 1 0.6980392 0.6980392 0.6980392 1 1 1 1 1 0.6980392 0.6980392 0.6980392 1 0.6980392 0.6980392 0.6980392 1 1 1 1 1 1 1 1 1 0.6980392 0.6980392 0.6980392 1 1 1 1 1 0.6980392 0.6980392 0.6980392 1 0.6980392 0.6980392 0.6980392 1 1 1 1 1 1 1 1 1 0.6980392 0.6980392 0.6980392 1 1 1 1 1 0.6980392 0.6980392 0.6980392 1 0.6980392 0.6980392 0.6980392 1 1 1 1 1 1 1 1 1 0.6980392 0.6980392 0.6980392 1 1 1 1 1 0.6980392 0.6980392 0.6980392 1 0.6980392 0.6980392 0.6980392 1 1 1 1 1 1 1 1 1 0.6980392 0.6980392 0.6980392 1 1 1 1 1 0.6980392 0.6980392 0.6980392 1 0.6980392 0.6980392 0.6980392 1 1 1 1 1 1 1 1 1 0.6980392 0.6980392 0.6980392 1 1 1 1 1 0.6980392 0.6980392 0.6980392 1 0.6980392 0.6980392 0.6980392 1 1 1 1 1 1 1 1 1 0.6980392 0.6980392 0.6980392 1 1 1 1 1 0.6980392 0.6980392 0.6980392 1 0.6980392 0.6980392 0.6980392 1 1 1 1 1 1 1 1 1 0.6980392 0.6980392 0.6980392 1 1 1 1 1 0.6980392 0.6980392 0.6980392 1 0.6980392 0.6980392 0.6980392 1 1 1 1 1 1 1 1 1 0.6980392 0.6980392 0.6980392 1 1 1 1 1 0.6980392 0.6980392 0.6980392 1 0.6980392 0.6980392 0.6980392 1 1 1 1 1 1 1 1 1 0.6980392 0.6980392 0.6980392 1 1 1 1 1 0.6980392 0.6980392 0.6980392 1 0.6980392 0.6980392 0.6980392 1 1 1 1 1 1 1 1 1 0.6980392 0.6980392 0.6980392 1 1 1 1 1 0.6980392 0.6980392 0.6980392 1 0.6980392 0.6980392 0.6980392 1 1 1 1 1 1 1 1 1 0.6980392 0.6980392 0.6980392 1 1 1 1 1 0.6980392 0.6980392 0.6980392 1 0.6980392 0.6980392 0.6980392 1 1 1 1 1 1 1 1 1 0.6980392 0.6980392 0.6980392 1 1 1 1 1 0.6980392 0.6980392 0.6980392 1 0.6980392 0.6980392 0.6980392 1 1 1 1 1 1 1 1 1 0.6980392 0.6980392 0.6980392 1 1 1 1 1 0.6980392 0.6980392 0.6980392 1 0.6980392 0.6980392 0.6980392 1 1 1 1 1 0.6980392 0.6980392 0.6980392 1 1 1 1 1 1 1 1 1 0.6980392 0.6980392 0.6980392 1 1 1 1 1 0.6980392 0.6980392 0.6980392 1 0.6980392 0.6980392 0.6980392 1 1 1 1 1 1 1 1 1 0.6980392 0.6980392 0.6980392 1 1 1 1 1 0.6980392 0.6980392 0.6980392 1 0.6980392 0.6980392 0.6980392 1 1 1 1 1 1 1 1 1 0.6980392 0.6980392 0.6980392 1 1 1 1 1 0.6980392 0.6980392 0.6980392 1 0.6980392 0.6980392 0.6980392 1 1 1 1 1 1 1 1 1 0.6980392 0.6980392 0.6980392 1 1 1 1 1 0.6980392 0.6980392 0.6980392 1 0.6980392 0.6980392 0.6980392 1 1 1 1 1 1 1 1 1 0.6980392 0.6980392 0.6980392 1 1 1 1 1 0.6980392 0.6980392 0.6980392 1 0.6980392 0.6980392 0.6980392 1 1 1 1 1 1 1 1 1 0.6980392 0.6980392 0.6980392 1 1 1 1 1 0.6980392 0.6980392 0.6980392 1 0.6980392 0.6980392 0.6980392 1 1 1 1 1 1 1 1 1 0.6980392 0.6980392 0.6980392 1 1 1 1 1 0.6980392 0.6980392 0.6980392 1 0.6980392 0.6980392 0.6980392 1 1 1 1 1 1 1 1 1 0.6980392 0.6980392 0.6980392 1 1 1 1 1 0.6980392 0.6980392 0.6980392 1 0.6980392 0.6980392 0.6980392 1 1 1 1 1 1 1 1 1 0.6980392 0.6980392 0.6980392 1 1 1 1 1 0.6980392 0.6980392 0.6980392 1 0.2 0.2 0.2 1 0.4980392 0.4980392 0.4980392 1 0.4980392 0.4980392 0.4980392 1 0.4980392 0.4980392 0.4980392 1 0.4980392 0.4980392 0.4980392 1 0.2 0.2 0.2 1 0.6980392 0.6980392 0.6980392 1 1 1 1 1 1 1 1 1 0.6980392 0.6980392 0.6980392 1 1 1 1 1 0.6980392 0.6980392 0.6980392 1 0.6980392 0.6980392 0.6980392 1 1 1 1 1 1 1 1 1 0.6980392 0.6980392 0.6980392 1 1 1 1 1 0.6980392 0.6980392 0.6980392 1 0.6980392 0.6980392 0.6980392 1 1 1 1 1 1 1 1 1 0.6980392 0.6980392 0.6980392 1 1 1 1 1 0.6980392 0.6980392 0.6980392 1 0.6980392 0.6980392 0.6980392 1 1 1 1 1 1 1 1 1 0.6980392 0.6980392 0.6980392 1 1 1 1 1 0.6980392 0.6980392 0.6980392 1 0.6980392 0.6980392 0.6980392 1 1 1 1 1 1 1 1 1 0.6980392 0.6980392 0.6980392 1 1 1 1 1 0.6980392 0.6980392 0.6980392 1 0.6980392 0.6980392 0.6980392 1 1 1 1 1 1 1 1 1 0.6980392 0.6980392 0.6980392 1 1 1 1 1 0.6980392 0.6980392 0.6980392 1 0.4980392 0.4980392 0.4980392 1 0.2 0.2 0.2 1 0.4980392 0.4980392 0.4980392 1 0.4980392 0.4980392 0.4980392 1 0.2 0.2 0.2 1 0.4980392 0.4980392 0.4980392 1 0.4980392 0.4980392 0.4980392 1 0.2 0.2 0.2 1 0.4980392 0.4980392 0.4980392 1 0.4980392 0.4980392 0.4980392 1 0.2 0.2 0.2 1 0.4980392 0.4980392 0.4980392 1 0.6980392 0.6980392 0.6980392 1 1 1 1 1 1 1 1 1 0.6980392 0.6980392 0.6980392 1 1 1 1 1 0.6980392 0.6980392 0.6980392 1 0.4980392 0.4980392 0.4980392 1 0.2 0.2 0.2 1 0.4980392 0.4980392 0.4980392 1 0.4980392 0.4980392 0.4980392 1 0.2 0.2 0.2 1 0.4980392 0.4980392 0.4980392 1 0.4980392 0.4980392 0.4980392 1 0.2 0.2 0.2 1 0.4980392 0.4980392 0.4980392 1 0.4980392 0.4980392 0.4980392 1 0.2 0.2 0.2 1 0.4980392 0.4980392 0.4980392 1 0.6980392 0.6980392 0.6980392 1 1 1 1 1 1 1 1 1 0.6980392 0.6980392 0.6980392 1 1 1 1 1 0.6980392 0.6980392 0.6980392 1 0.6980392 0.6980392 0.6980392 1 1 1 1 1 0.6980392 0.6980392 0.6980392 1 0.6980392 0.6980392 0.6980392 1 1 1 1 1 0.6980392 0.6980392 0.6980392 1 0.6980392 0.6980392 0.6980392 1 1 1 1 1 0.6980392 0.6980392 0.6980392 1 0.6980392 0.6980392 0.6980392 1 1 1 1 1 0.6980392 0.6980392 0.6980392 1 0.6980392 0.6980392 0.6980392 1 1 1 1 1 0.6980392 0.6980392 0.6980392 1 0.6980392 0.6980392 0.6980392 1 1 1 1 1 0.6980392 0.6980392 0.6980392 1 0.6980392 0.6980392 0.6980392 1 1 1 1 1 0.6980392 0.6980392 0.6980392 1 0.6980392 0.6980392 0.6980392 1 1 1 1 1 0.6980392 0.6980392 0.6980392 1 0.6980392 0.6980392 0.6980392 1 1 1 1 1 0.6980392 0.6980392 0.6980392 1 0.6980392 0.6980392 0.6980392 1 1 1 1 1 0.6980392 0.6980392 0.6980392 1 0.6980392 0.6980392 0.6980392 1 1 1 1 1 1 1 1 1 0.6980392 0.6980392 0.6980392 1 1 1 1 1 0.6980392 0.6980392 0.6980392 1 0.6980392 0.6980392 0.6980392 1 1 1 1 1 1 1 1 1 0.6980392 0.6980392 0.6980392 1 1 1 1 1 0.6980392 0.6980392 0.6980392 1 0.6980392 0.6980392 0.6980392 1 1 1 1 1 1 1 1 1 0.6980392 0.6980392 0.6980392 1 1 1 1 1 0.6980392 0.6980392 0.6980392 1 0.9843137 0.9843137 0.9843137 1 0.6980392 0.6980392 0.6980392 1 0.6980392 0.6980392 0.6980392 1 0.6980392 0.6980392 0.6980392 1 0.6980392 0.6980392 0.6980392 1 0.9843137 0.9843137 0.9843137 1 0.6980392 0.6980392 0.6980392 1 1 1 1 1 1 1 1 1 0.6980392 0.6980392 0.6980392 1 1 1 1 1 0.6980392 0.6980392 0.6980392 1 0.6980392 0.6980392 0.6980392 1 1 1 1 1 0.6980392 0.6980392 0.6980392 1 0.6980392 0.6980392 0.6980392 1 1 1 1 1 0.6980392 0.6980392 0.6980392 1 0.6980392 0.6980392 0.6980392 1 1 1 1 1 0.6980392 0.6980392 0.6980392 1 0.6980392 0.6980392 0.6980392 1 1 1 1 1 0.6980392 0.6980392 0.6980392 1 0.6980392 0.6980392 0.6980392 1 1 1 1 1 0.6980392 0.6980392 0.6980392 1 0.6980392 0.6980392 0.6980392 1 1 1 1 1 0.6980392 0.6980392 0.6980392 1 0.6980392 0.6980392 0.6980392 1 1 1 1 1 0.6980392 0.6980392 0.6980392 1 0.6980392 0.6980392 0.6980392 1 1 1 1 1 0.6980392 0.6980392 0.6980392 1 0.6980392 0.6980392 0.6980392 1 1 1 1 1 0.6980392 0.6980392 0.6980392 1 0.6980392 0.6980392 0.6980392 1 1 1 1 1 0.6980392 0.6980392 0.6980392 1 0.6980392 0.6980392 0.6980392 1 1 1 1 1 0.6980392 0.6980392 0.6980392 1 0.6980392 0.6980392 0.6980392 1 1 1 1 1 0.6980392 0.6980392 0.6980392 1 0.6980392 0.6980392 0.6980392 1 1 1 1 1 1 1 1 1 0.6980392 0.6980392 0.6980392 1 1 1 1 1 0.6980392 0.6980392 0.6980392 1 0.6980392 0.6980392 0.6980392 1 0.9843137 0.9843137 0.9843137 1 0.6980392 0.6980392 0.6980392 1 0.6980392 0.6980392 0.6980392 1 0.9843137 0.9843137 0.9843137 1 0.6980392 0.6980392 0.6980392 1 0.6980392 0.6980392 0.6980392 1 0.9843137 0.9843137 0.9843137 1 0.6980392 0.6980392 0.6980392 1 0.6980392 0.6980392 0.6980392 1 0.9843137 0.9843137 0.9843137 1 0.6980392 0.6980392 0.6980392 1 0.6980392 0.6980392 0.6980392 1 1 1 1 1 0.6980392 0.6980392 0.6980392 1 0.6980392 0.6980392 0.6980392 1 1 1 1 1 0.6980392 0.6980392 0.6980392 1 0.6980392 0.6980392 0.6980392 1 0.9843137 0.9843137 0.9843137 1 0.6980392 0.6980392 0.6980392 1 0.6980392 0.6980392 0.6980392 1 0.9843137 0.9843137 0.9843137 1 0.6980392 0.6980392 0.6980392 1 0.6980392 0.6980392 0.6980392 1 0.9843137 0.9843137 0.9843137 1 0.6980392 0.6980392 0.6980392 1 0.6980392 0.6980392 0.6980392 1 0.9843137 0.9843137 0.9843137 1 0.6980392 0.6980392 0.6980392 1 0.6980392 0.6980392 0.6980392 1 1 1 1 1 1 1 1 1 0.6980392 0.6980392 0.6980392 1 1 1 1 1 0.6980392 0.6980392 0.6980392 1 0.6980392 0.6980392 0.6980392 1 1 1 1 1 1 1 1 1 0.6980392 0.6980392 0.6980392 1 1 1 1 1 0.6980392 0.6980392 0.6980392 1 0.2 0.2 0.2 1 0.4980392 0.4980392 0.4980392 1 0.4980392 0.4980392 0.4980392 1 0.4980392 0.4980392 0.4980392 1 0.4980392 0.4980392 0.4980392 1 0.2 0.2 0.2 1 1 1 1 1 0.6980392 0.6980392 0.6980392 1 1 1 1 1 0.6980392 0.6980392 0.6980392 1 0.6980392 0.6980392 0.6980392 1 1 1 1 1 1 1 1 1 0.6980392 0.6980392 0.6980392 1 1 1 1 1 0.6980392 0.6980392 0.6980392 1 0.6980392 0.6980392 0.6980392 1 1 1 1 1 1 1 1 1 0.6980392 0.6980392 0.6980392 1 1 1 1 1 0.6980392 0.6980392 0.6980392 1 0.6980392 0.6980392 0.6980392 1 1 1 1 1 1 1 1 1 0.6980392 0.6980392 0.6980392 1 1 1 1 1 0.6980392 0.6980392 0.6980392 1 0.6980392 0.6980392 0.6980392 1 1 1 1 1 1 1 1 1 0.6980392 0.6980392 0.6980392 1 1 1 1 1 0.6980392 0.6980392 0.6980392 1 0.6980392 0.6980392 0.6980392 1 1 1 1 1 1 1 1 1 0.6980392 0.6980392 0.6980392 1 1 1 1 1 0.6980392 0.6980392 0.6980392 1 0.6980392 0.6980392 0.6980392 1 1 1 1 1 1 1 1 1 0.6980392 0.6980392 0.6980392 1 1 1 1 1 0.6980392 0.6980392 0.6980392 1 0.6980392 0.6980392 0.6980392 1 1 1 1 1 0.9843137 0.9843137 0.9843137 1 0.6980392 0.6980392 0.6980392 1 0.6980392 0.6980392 0.6980392 1 0.6980392 0.6980392 0.6980392 1 0.6980392 0.6980392 0.6980392 1 0.9843137 0.9843137 0.9843137 1 0.6980392 0.6980392 0.6980392 1 1 1 1 1 0.6980392 0.6980392 0.6980392 1 0.4980392 0.4980392 0.4980392 1 0.4980392 0.4980392 0.4980392 1 0.2 0.2 0.2 1 0.4980392 0.4980392 0.4980392 1 0.4980392 0.4980392 0.4980392 1 0.2 0.2 0.2 1 0.6980392 0.6980392 0.6980392 1 0.6980392 0.6980392 0.6980392 1 1 1 1 1 0.6980392 0.6980392 0.6980392 1 0.6980392 0.6980392 0.6980392 1 1 1 1 1 0.6980392 0.6980392 0.6980392 1 0.6980392 0.6980392 0.6980392 1 0.9843137 0.9843137 0.9843137 1 0.6980392 0.6980392 0.6980392 1 0.6980392 0.6980392 0.6980392 1 0.9843137 0.9843137 0.9843137 1 0.6980392 0.6980392 0.6980392 1 1 1 1 1 0.6980392 0.6980392 0.6980392 1</float_array>
          <technique_common>
            <accessor source="#polygon0-mesh-colors-polygon0_Colors0-array" count="768" stride="4">
              <param name="R" type="float"/>
              <param name="G" type="float"/>
              <param name="B" type="float"/>
              <param name="A" type="float"/>
            </accessor>
          </technique_common>
        </source>
        <vertices id="polygon0-mesh-vertices">
          <input semantic="POSITION" source="#polygon0-mesh-positions"/>
        </vertices>
        <triangles material="mat_tire_rim-material" count="256">
          <input semantic="VERTEX" source="#polygon0-mesh-vertices" offset="0"/>
          <input semantic="NORMAL" source="#polygon0-mesh-normals" offset="1"/>
          <input semantic="TEXCOORD" source="#polygon0-mesh-map-0" offset="2" set="0"/>
          <input semantic="COLOR" source="#polygon0-mesh-colors-polygon0_Colors0" offset="3" set="0"/>
          <p>2 0 0 0 1 1 1 1 0 2 2 2 3 3 3 3 1 1 4 4 2 0 5 5 4 4 6 6 3 3 7 7 2 0 8 8 7 5 9 9 6 6 10 10 5 7 11 11 8 8 12 12 6 6 13 13 7 5 14 14 9 9 15 15 8 8 16 16 7 5 17 17 7 5 18 18 10 10 19 19 9 9 20 20 11 11 21 21 10 10 22 22 7 5 23 23 12 12 24 24 11 11 25 25 7 5 26 26 2 0 27 27 14 13 28 28 13 14 29 29 15 15 30 30 14 13 31 31 2 0 32 32 16 16 33 33 15 15 34 34 2 0 35 35 2 0 36 36 17 17 37 37 16 16 38 38 18 18 39 39 17 17 40 40 2 0 41 41 19 19 42 42 18 18 43 43 2 0 44 44 2 0 45 45 20 20 46 46 19 19 47 47 21 21 48 48 20 20 49 49 2 0 50 50 0 2 51 51 21 21 52 52 2 0 53 53 2 0 54 54 22 22 55 55 4 4 56 56 23 23 57 57 22 22 58 58 2 0 59 59 24 24 60 60 23 23 61 61 2 0 62 62 27 25 63 63 26 26 64 64 25 27 65 65 28 28 66 66 26 26 67 67 27 25 68 68 29 29 69 69 28 28 70 70 27 25 71 71 32 30 72 72 31 31 73 73 30 32 74 74 33 33 75 75 31 31 76 76 32 30 77 77 34 34 78 78 33 33 79 79 32 30 80 80 37 35 81 81 36 36 82 82 35 37 83 83 38 38 84 84 36 36 85 85 37 35 86 86 39 39 87 87 38 38 88 88 37 35 89 89 42 40 90 90 41 41 91 91 40 42 92 92 43 43 93 93 41 41 94 94 42 40 95 95 44 44 96 96 43 43 97 97 42 40 98 98 47 45 99 99 46 46 100 100 45 47 101 101 48 48 102 102 46 46 103 103 47 45 104 104 49 49 105 105 48 48 106 106 47 45 107 107 47 45 108 108 50 50 109 109 49 49 110 110 51 51 111 111 50 50 112 112 47 45 113 113 52 52 114 114 51 51 115 115 47 45 116 116 55 53 117 117 54 54 118 118 53 55 119 119 56 56 120 120 54 54 121 121 55 53 122 122 57 57 123 123 56 56 124 124 55 53 125 125 60 58 126 126 59 59 127 127 58 60 128 128 61 61 129 129 59 59 130 130 60 58 131 131 62 62 132 132 61 61 133 133 60 58 134 134 65 63 135 135 64 64 136 136 63 65 137 137 66 66 138 138 64 64 139 139 65 63 140 140 67 67 141 141 66 66 142 142 65 63 143 143 65 63 144 144 68 68 145 145 67 67 146 146 69 69 147 147 68 68 148 148 65 63 149 149 70 70 150 150 69 69 151 151 65 63 152 152 73 71 153 153 72 72 154 154 71 73 155 155 74 74 156 156 72 72 157 157 73 71 158 158 75 75 159 159 74 74 160 160 73 71 161 161 73 71 162 162 76 76 163 163 75 75 164 164 77 77 165 165 76 76 166 166 73 71 167 167 78 78 168 168 77 77 169 169 73 71 170 170 73 71 171 171 79 79 172 172 78 78 173 173 80 80 174 174 79 79 175 175 73 71 176 176 81 81 177 177 80 80 178 178 73 71 179 179 73 71 180 180 82 82 181 181 81 81 182 182 83 83 183 183 82 82 184 184 73 71 185 185 84 84 186 186 83 83 187 187 73 71 188 188 73 71 189 189 85 85 190 190 84 84 191 191 86 86 192 192 85 85 193 193 73 71 194 194 87 87 195 195 86 86 196 196 73 71 197 197 90 88 198 198 89 89 199 199 88 90 200 200 91 91 201 201 89 89 202 202 90 88 203 203 92 92 204 204 91 91 205 205 90 88 206 206 90 88 207 207 93 93 208 208 92 92 209 209 94 94 210 210 93 93 211 211 90 88 212 212 95 95 213 213 94 94 214 214 90 88 215 215 97 96 216 216 56 97 217 217 96 98 218 218 54 99 219 219 56 97 220 220 97 96 221 221 100 100 222 222 99 101 223 223 98 102 224 224 101 103 225 225 99 101 226 226 100 100 227 227 104 104 228 228 103 105 229 229 102 106 230 230 105 107 231 231 103 105 232 232 104 104 233 233 108 108 234 234 107 109 235 235 106 110 236 236 109 111 237 237 107 109 238 238 108 108 239 239 112 112 240 240 111 113 241 241 110 114 242 242 113 115 243 243 111 113 244 244 112 112 245 245 114 116 246 246 54 99 247 247 97 96 248 248 53 117 249 249 54 99 250 250 114 116 251 251 96 98 252 252 57 118 253 253 115 119 254 254 56 97 255 255 57 118 256 256 96 98 257 257 115 119 258 258 117 120 259 259 116 121 260 260 57 118 261 261 117 120 262 262 115 119 263 263 120 122 264 264 119 123 265 265 118 124 266 266 121 125 267 267 119 123 268 268 120 122 269 269 80 126 270 270 123 127 271 271 122 128 272 272 81 129 273 273 123 127 274 274 80 126 275 275 78 130 276 276 125 131 277 277 124 132 278 278 79 133 279 279 125 131 280 280 78 130 281 281 76 134 282 282 127 135 283 283 126 136 284 284 77 137 285 285 127 135 286 286 76 134 287 287 74 138 288 288 129 139 289 289 128 140 290 290 75 141 291 291 129 139 292 292 74 138 293 293 71 142 294 294 131 143 295 295 130 144 296 296 72 145 297 297 131 143 298 298 71 142 299 299 86 146 300 300 133 147 301 301 132 148 302 302 87 149 303 303 133 147 304 304 86 146 305 305 85 150 306 306 132 148 307 307 134 151 308 308 86 146 309 309 132 148 310 310 85 150 311 311 82 152 312 312 136 153 313 313 135 154 314 314 83 155 315 315 136 153 316 316 82 152 317 317 139 156 318 318 138 157 319 319 137 158 320 320 140 159 321 321 138 157 322 322 139 156 323 323 143 160 324 324 142 161 325 325 141 162 326 326 144 163 327 327 142 161 328 328 143 160 329 329 147 164 330 330 146 165 331 331 145 166 332 332 148 167 333 333 146 165 334 334 147 164 335 335 151 168 336 336 150 169 337 337 149 170 338 338 152 171 339 339 150 169 340 340 151 168 341 341 154 172 342 342 35 173 343 343 153 174 344 344 155 175 345 345 35 173 346 346 154 172 347 347 156 176 348 348 140 159 349 349 139 156 350 350 157 177 351 351 140 159 352 352 156 176 353 353 159 178 354 354 38 179 355 355 158 180 356 356 36 181 357 357 38 179 358 358 159 178 359 359 141 162 360 360 161 182 361 361 160 183 362 362 142 161 363 363 161 182 364 364 141 162 365 365 162 184 366 366 148 167 367 367 147 164 368 368 163 185 369 369 148 167 370 370 162 184 371 371 145 166 372 372 152 171 373 373 151 168 374 374 146 165 375 375 152 171 376 376 145 166 377 377 149 170 378 378 155 175 379 379 154 172 380 380 150 169 381 381 155 175 382 382 149 170 383 383 153 174 384 384 36 181 385 385 159 178 386 386 35 173 387 387 36 181 388 388 153 174 389 389 158 180 390 390 39 186 391 391 164 187 392 392 38 179 393 393 39 186 394 394 158 180 395 395 164 187 396 396 157 177 397 397 156 176 398 398 39 186 399 399 157 177 400 400 164 187 401 401 137 158 402 402 144 163 403 403 143 160 404 404 138 157 405 405 144 163 406 406 137 158 407 407 160 183 408 408 163 185 409 409 162 184 410 410 161 182 411 411 163 185 412 412 160 183 413 413 81 129 414 414 135 154 415 415 123 127 416 416 82 152 417 417 135 154 418 418 81 129 419 419 79 133 420 420 122 128 421 421 125 131 422 422 80 126 423 423 122 128 424 424 79 133 425 425 77 137 426 426 124 132 427 427 127 135 428 428 78 130 429 429 124 132 430 430 77 137 431 431 75 141 432 432 126 136 433 433 129 139 434 434 76 134 435 435 126 136 436 436 75 141 437 437 72 145 438 438 128 140 439 439 131 143 440 440 74 138 441 441 128 140 442 442 72 145 443 443 84 188 444 444 134 151 445 445 165 189 446 446 85 150 447 447 134 151 448 448 84 188 449 449 87 149 450 450 130 144 451 451 133 147 452 452 71 142 453 453 130 144 454 454 87 149 455 455 0 190 456 456 167 191 457 457 166 192 458 458 1 193 459 459 167 191 460 460 0 190 461 461 20 194 462 462 169 195 463 463 168 196 464 464 21 197 465 465 169 195 466 466 20 194 467 467 7 5 468 468 170 198 469 469 12 12 470 470 5 7 471 471 170 198 472 472 7 5 473 473 18 199 474 474 172 200 475 475 171 201 476 476 19 202 477 477 172 200 478 478 18 199 479 479 16 203 480 480 174 204 481 481 173 205 482 482 17 206 483 483 174 204 484 484 16 203 485 485 14 207 486 486 176 208 487 487 175 209 488 488 15 210 489 489 176 208 490 490 14 207 491 491 83 155 492 492 165 189 493 493 136 153 494 494 84 188 495 495 165 189 496 496 83 155 497 497 4 211 498 498 178 212 499 499 177 213 500 500 22 214 501 501 178 212 502 502 4 211 503 503 24 215 504 504 180 216 505 505 179 217 506 506 13 218 507 507 180 216 508 508 24 215 509 509 181 219 510 510 27 25 511 511 25 27 512 512 182 220 513 513 27 25 514 514 181 219 515 515 183 221 516 516 27 25 517 517 182 220 518 518 184 222 519 519 27 25 520 520 183 221 521 521 21 197 522 522 166 192 523 523 169 195 524 524 0 190 525 525 166 192 526 526 21 197 527 527 185 223 528 528 32 30 529 529 30 32 530 530 186 224 531 531 32 30 532 532 185 223 533 533 187 225 534 534 32 30 535 535 186 224 536 536 188 226 537 537 32 30 538 538 187 225 539 539 19 202 540 540 168 196 541 541 172 200 542 542 20 194 543 543 168 196 544 544 19 202 545 545 155 227 546 546 37 35 547 547 35 37 548 548 150 228 549 549 37 35 550 550 155 227 551 551 152 229 552 552 37 35 553 553 150 228 554 554 146 230 555 555 37 35 556 556 152 229 557 557 148 231 558 558 37 35 559 559 146 230 560 560 163 232 561 561 37 35 562 562 148 231 563 563 161 233 564 564 37 35 565 565 163 232 566 566 142 234 567 567 37 35 568 568 161 233 569 569 144 235 570 570 37 35 571 571 142 234 572 572 138 236 573 573 37 35 574 574 144 235 575 575 17 206 576 576 171 201 577 577 174 204 578 578 18 199 579 579 171 201 580 580 17 206 581 581 15 210 582 582 173 205 583 583 176 208 584 584 16 203 585 585 173 205 586 586 15 210 587 587 13 218 588 588 175 209 589 589 180 216 590 590 14 207 591 591 175 209 592 592 13 218 593 593 47 45 594 594 189 237 595 595 52 52 596 596 45 47 597 597 189 237 598 598 47 45 599 599 23 238 600 600 179 217 601 601 190 239 602 602 24 215 603 603 179 217 604 604 23 238 605 605 111 240 606 606 55 53 607 607 53 55 608 608 113 241 609 609 55 53 610 610 111 240 611 611 107 242 612 612 55 53 613 613 113 241 614 614 109 243 615 615 55 53 616 616 107 242 617 617 103 244 618 618 55 53 619 619 109 243 620 620 105 245 621 621 55 53 622 622 103 244 623 623 99 246 624 624 55 53 625 625 105 245 626 626 101 247 627 627 55 53 628 628 99 246 629 629 119 248 630 630 55 53 631 631 101 247 632 632 121 249 633 633 55 53 634 634 119 248 635 635 191 250 636 636 55 53 637 637 121 249 638 638 117 251 639 639 55 53 640 640 191 250 641 641 22 214 642 642 190 239 643 643 178 212 644 644 23 238 645 645 190 239 646 646 22 214 647 647 192 252 648 648 60 58 649 649 58 60 650 650 193 253 651 651 60 58 652 652 192 252 653 653 194 254 654 654 60 58 655 655 193 253 656 656 195 255 657 657 60 58 658 658 194 254 659 659 140 256 660 660 37 35 661 661 138 236 662 662 157 257 663 663 37 35 664 664 140 256 665 665 196 258 666 666 42 40 667 667 40 42 668 668 197 259 669 669 42 40 670 670 196 258 671 671 198 260 672 672 42 40 673 673 197 259 674 674 199 261 675 675 42 40 676 676 198 260 677 677 1 193 678 678 200 262 679 679 167 191 680 680 3 263 681 681 200 262 682 682 1 193 683 683 3 263 684 684 177 213 685 685 200 262 686 686 4 211 687 687 177 213 688 688 3 263 689 689 65 63 690 690 201 264 691 691 70 70 692 692 63 65 693 693 201 264 694 694 65 63 695 695 202 265 696 696 121 125 697 697 120 122 698 698 191 266 699 699 121 125 700 700 202 265 701 701 118 124 702 702 101 103 703 703 100 100 704 704 119 123 705 705 101 103 706 706 118 124 707 707 98 102 708 708 105 107 709 709 104 104 710 710 99 101 711 711 105 107 712 712 98 102 713 713 102 106 714 714 109 111 715 715 108 108 716 716 103 105 717 717 109 111 718 718 102 106 719 719 106 110 720 720 113 115 721 721 112 112 722 722 107 109 723 723 113 115 724 724 106 110 725 725 110 114 726 726 53 117 727 727 114 116 728 728 111 113 729 729 53 117 730 730 110 114 731 731 116 121 732 732 191 266 733 733 202 265 734 734 117 120 735 735 191 266 736 736 116 121 737 737 90 88 738 738 203 267 739 739 95 95 740 740 88 90 741 741 203 267 742 742 90 88 743 743 24 24 744 744 2 0 745 745 13 14 746 746 184 222 747 747 29 29 748 748 27 25 749 749 188 226 750 750 34 34 751 751 32 30 752 752 157 257 753 753 39 39 754 754 37 35 755 755 117 251 756 756 57 57 757 757 55 53 758 758 195 255 759 759 62 62 760 760 60 58 761 761 199 261 762 762 44 44 763 763 42 40 764 764 87 87 765 765 73 71 766 766 71 73 767 767</p>
        </triangles>
      </mesh>
    </geometry>
  </library_geometries>
  <library_controllers>
    <controller id="Armature_polygon2-skin" name="Armature">
      <skin source="#polygon2-mesh">
        <bind_shape_matrix>1 0 0 0 0 1 0 0 0 0 1 0 0 0 0 1</bind_shape_matrix>
        <source id="Armature_polygon2-skin-joints">
          <Name_array id="Armature_polygon2-skin-joints-array" count="1">ldf_kart_all</Name_array>
          <technique_common>
            <accessor source="#Armature_polygon2-skin-joints-array" count="1" stride="1">
              <param name="JOINT" type="name"/>
            </accessor>
          </technique_common>
        </source>
        <source id="Armature_polygon2-skin-bind_poses">
          <float_array id="Armature_polygon2-skin-bind_poses-array" count="16">100 0 0 0 0 -2.8213e-5 100 0 0 -100 -2.8213e-5 0 0 0 0 1</float_array>
          <technique_common>
            <accessor source="#Armature_polygon2-skin-bind_poses-array" count="1" stride="16">
              <param name="TRANSFORM" type="float4x4"/>
            </accessor>
          </technique_common>
        </source>
        <source id="Armature_polygon2-skin-weights">
          <float_array id="Armature_polygon2-skin-weights-array" count="552">1 1 1 1 1 1 1 1 1 1 1 1 1 1 1 1 1 1 1 1 1 1 1 1 1 1 1 1 1 1 1 1 1 1 1 1 1 1 1 1 1 1 1 1 1 1 1 1 1 1 1 1 1 1 1 1 1 1 1 1 1 1 1 1 1 1 1 1 1 1 1 1 1 1 1 1 1 1 1 1 1 1 1 1 1 1 1 1 1 1 1 1 1 1 1 1 1 1 1 1 1 1 1 1 1 1 1 1 1 1 1 1 1 1 1 1 1 1 1 1 1 1 1 1 1 1 1 1 1 1 1 1 1 1 1 1 1 1 1 1 1 1 1 1 1 1 1 1 1 1 1 1 1 1 1 1 1 1 1 1 1 1 1 1 1 1 1 1 1 1 1 1 1 1 1 1 1 1 1 1 1 1 1 1 1 1 1 1 1 1 1 1 1 1 1 1 1 1 1 1 1 1 1 1 1 1 1 1 1 1 1 1 1 1 1 1 1 1 1 1 1 1 1 1 1 1 1 1 1 1 1 1 1 1 1 1 1 1 1 1 1 1 1 1 1 1 1 1 1 1 1 1 1 1 1 1 1 1 1 1 1 1 1 1 1 1 1 1 1 1 1 1 1 1 1 1 1 1 1 1 1 1 1 1 1 1 1 1 1 1 1 1 1 1 1 1 1 1 1 1 1 1 1 1 1 1 1 1 1 1 1 1 1 1 1 1 1 1 1 1 1 1 1 1 1 1 1 1 1 1 1 1 1 1 1 1 1 1 1 1 1 1 1 1 1 1 1 1 1 1 1 1 1 1 1 1 1 1 1 1 1 1 1 1 1 1 1 1 1 1 1 1 1 1 1 1 1 1 1 1 1 1 1 1 1 1 1 1 1 1 1 1 1 1 1 1 1 1 1 1 1 1 1 1 1 1 1 1 1 1 1 1 1 1 1 1 1 1 1 1 1 1 1 1 1 1 1 1 1 1 1 1 1 1 1 1 1 1 1 1 1 1 1 1 1 1 1 1 1 1 1 1 1 1 1 1 1 1 1 1 1 1 1 1 1 1 1 1 1 1 1 1 1 1 1 1 1 1 1 1 1 1 1 1 1 1 1 1 1 1 1 1 1 1 1 1 1 1 1 1 1 1 1 1 1 1 1 1 1 1 1 1 1 1 1 1 1 1 1 1 1 1 1 1 1 1 1 1 1 1 1 1 1 1 1 1 1 1 1 1 1 1 1 1 1 1 1 1 1 1 1 1</float_array>
          <technique_common>
            <accessor source="#Armature_polygon2-skin-weights-array" count="552" stride="1">
              <param name="WEIGHT" type="float"/>
            </accessor>
          </technique_common>
        </source>
        <joints>
          <input semantic="JOINT" source="#Armature_polygon2-skin-joints"/>
          <input semantic="INV_BIND_MATRIX" source="#Armature_polygon2-skin-bind_poses"/>
        </joints>
        <vertex_weights count="552">
          <input semantic="JOINT" source="#Armature_polygon2-skin-joints" offset="0"/>
          <input semantic="WEIGHT" source="#Armature_polygon2-skin-weights" offset="1"/>
          <vcount>1 1 1 1 1 1 1 1 1 1 1 1 1 1 1 1 1 1 1 1 1 1 1 1 1 1 1 1 1 1 1 1 1 1 1 1 1 1 1 1 1 1 1 1 1 1 1 1 1 1 1 1 1 1 1 1 1 1 1 1 1 1 1 1 1 1 1 1 1 1 1 1 1 1 1 1 1 1 1 1 1 1 1 1 1 1 1 1 1 1 1 1 1 1 1 1 1 1 1 1 1 1 1 1 1 1 1 1 1 1 1 1 1 1 1 1 1 1 1 1 1 1 1 1 1 1 1 1 1 1 1 1 1 1 1 1 1 1 1 1 1 1 1 1 1 1 1 1 1 1 1 1 1 1 1 1 1 1 1 1 1 1 1 1 1 1 1 1 1 1 1 1 1 1 1 1 1 1 1 1 1 1 1 1 1 1 1 1 1 1 1 1 1 1 1 1 1 1 1 1 1 1 1 1 1 1 1 1 1 1 1 1 1 1 1 1 1 1 1 1 1 1 1 1 1 1 1 1 1 1 1 1 1 1 1 1 1 1 1 1 1 1 1 1 1 1 1 1 1 1 1 1 1 1 1 1 1 1 1 1 1 1 1 1 1 1 1 1 1 1 1 1 1 1 1 1 1 1 1 1 1 1 1 1 1 1 1 1 1 1 1 1 1 1 1 1 1 1 1 1 1 1 1 1 1 1 1 1 1 1 1 1 1 1 1 1 1 1 1 1 1 1 1 1 1 1 1 1 1 1 1 1 1 1 1 1 1 1 1 1 1 1 1 1 1 1 1 1 1 1 1 1 1 1 1 1 1 1 1 1 1 1 1 1 1 1 1 1 1 1 1 1 1 1 1 1 1 1 1 1 1 1 1 1 1 1 1 1 1 1 1 1 1 1 1 1 1 1 1 1 1 1 1 1 1 1 1 1 1 1 1 1 1 1 1 1 1 1 1 1 1 1 1 1 1 1 1 1 1 1 1 1 1 1 1 1 1 1 1 1 1 1 1 1 1 1 1 1 1 1 1 1 1 1 1 1 1 1 1 1 1 1 1 1 1 1 1 1 1 1 1 1 1 1 1 1 1 1 1 1 1 1 1 1 1 1 1 1 1 1 1 1 1 1 1 1 1 1 1 1 1 1 1 1 1 1 1 1 1 1 1 1 1 1 1 1 1 1 1 1 1 1 1 1 1 1 1 1 1 1 1 1 1 1 1 1 1 1 1 1 1 1 1 1 1 1 1 1 1 1 1 1 </vcount>
          <v>0 0 0 1 0 2 0 3 0 4 0 5 0 6 0 7 0 8 0 9 0 10 0 11 0 12 0 13 0 14 0 15 0 16 0 17 0 18 0 19 0 20 0 21 0 22 0 23 0 24 0 25 0 26 0 27 0 28 0 29 0 30 0 31 0 32 0 33 0 34 0 35 0 36 0 37 0 38 0 39 0 40 0 41 0 42 0 43 0 44 0 45 0 46 0 47 0 48 0 49 0 50 0 51 0 52 0 53 0 54 0 55 0 56 0 57 0 58 0 59 0 60 0 61 0 62 0 63 0 64 0 65 0 66 0 67 0 68 0 69 0 70 0 71 0 72 0 73 0 74 0 75 0 76 0 77 0 78 0 79 0 80 0 81 0 82 0 83 0 84 0 85 0 86 0 87 0 88 0 89 0 90 0 91 0 92 0 93 0 94 0 95 0 96 0 97 0 98 0 99 0 100 0 101 0 102 0 103 0 104 0 105 0 106 0 107 0 108 0 109 0 110 0 111 0 112 0 113 0 114 0 115 0 116 0 117 0 118 0 119 0 120 0 121 0 122 0 123 0 124 0 125 0 126 0 127 0 128 0 129 0 130 0 131 0 132 0 133 0 134 0 135 0 136 0 137 0 138 0 139 0 140 0 141 0 142 0 143 0 144 0 145 0 146 0 147 0 148 0 149 0 150 0 151 0 152 0 153 0 154 0 155 0 156 0 157 0 158 0 159 0 160 0 161 0 162 0 163 0 164 0 165 0 166 0 167 0 168 0 169 0 170 0 171 0 172 0 173 0 174 0 175 0 176 0 177 0 178 0 179 0 180 0 181 0 182 0 183 0 184 0 185 0 186 0 187 0 188 0 189 0 190 0 191 0 192 0 193 0 194 0 195 0 196 0 197 0 198 0 199 0 200 0 201 0 202 0 203 0 204 0 205 0 206 0 207 0 208 0 209 0 210 0 211 0 212 0 213 0 214 0 215 0 216 0 217 0 218 0 219 0 220 0 221 0 222 0 223 0 224 0 225 0 226 0 227 0 228 0 229 0 230 0 231 0 232 0 233 0 234 0 235 0 236 0 237 0 238 0 239 0 240 0 241 0 242 0 243 0 244 0 245 0 246 0 247 0 248 0 249 0 250 0 251 0 252 0 253 0 254 0 255 0 256 0 257 0 258 0 259 0 260 0 261 0 262 0 263 0 264 0 265 0 266 0 267 0 268 0 269 0 270 0 271 0 272 0 273 0 274 0 275 0 276 0 277 0 278 0 279 0 280 0 281 0 282 0 283 0 284 0 285 0 286 0 287 0 288 0 289 0 290 0 291 0 292 0 293 0 294 0 295 0 296 0 297 0 298 0 299 0 300 0 301 0 302 0 303 0 304 0 305 0 306 0 307 0 308 0 309 0 310 0 311 0 312 0 313 0 314 0 315 0 316 0 317 0 318 0 319 0 320 0 321 0 322 0 323 0 324 0 325 0 326 0 327 0 328 0 329 0 330 0 331 0 332 0 333 0 334 0 335 0 336 0 337 0 338 0 339 0 340 0 341 0 342 0 343 0 344 0 345 0 346 0 347 0 348 0 349 0 350 0 351 0 352 0 353 0 354 0 355 0 356 0 357 0 358 0 359 0 360 0 361 0 362 0 363 0 364 0 365 0 366 0 367 0 368 0 369 0 370 0 371 0 372 0 373 0 374 0 375 0 376 0 377 0 378 0 379 0 380 0 381 0 382 0 383 0 384 0 385 0 386 0 387 0 388 0 389 0 390 0 391 0 392 0 393 0 394 0 395 0 396 0 397 0 398 0 399 0 400 0 401 0 402 0 403 0 404 0 405 0 406 0 407 0 408 0 409 0 410 0 411 0 412 0 413 0 414 0 415 0 416 0 417 0 418 0 419 0 420 0 421 0 422 0 423 0 424 0 425 0 426 0 427 0 428 0 429 0 430 0 431 0 432 0 433 0 434 0 435 0 436 0 437 0 438 0 439 0 440 0 441 0 442 0 443 0 444 0 445 0 446 0 447 0 448 0 449 0 450 0 451 0 452 0 453 0 454 0 455 0 456 0 457 0 458 0 459 0 460 0 461 0 462 0 463 0 464 0 465 0 466 0 467 0 468 0 469 0 470 0 471 0 472 0 473 0 474 0 475 0 476 0 477 0 478 0 479 0 480 0 481 0 482 0 483 0 484 0 485 0 486 0 487 0 488 0 489 0 490 0 491 0 492 0 493 0 494 0 495 0 496 0 497 0 498 0 499 0 500 0 501 0 502 0 503 0 504 0 505 0 506 0 507 0 508 0 509 0 510 0 511 0 512 0 513 0 514 0 515 0 516 0 517 0 518 0 519 0 520 0 521 0 522 0 523 0 524 0 525 0 526 0 527 0 528 0 529 0 530 0 531 0 532 0 533 0 534 0 535 0 536 0 537 0 538 0 539 0 540 0 541 0 542 0 543 0 544 0 545 0 546 0 547 0 548 0 549 0 550 0 551</v>
        </vertex_weights>
      </skin>
    </controller>
    <controller id="Armature_polygon1-skin" name="Armature">
      <skin source="#polygon1-mesh">
        <bind_shape_matrix>1 0 0 0 0 1 0 0 0 0 1 0 0 0 0 1</bind_shape_matrix>
        <source id="Armature_polygon1-skin-joints">
          <Name_array id="Armature_polygon1-skin-joints-array" count="1">ldf_kart_all</Name_array>
          <technique_common>
            <accessor source="#Armature_polygon1-skin-joints-array" count="1" stride="1">
              <param name="JOINT" type="name"/>
            </accessor>
          </technique_common>
        </source>
        <source id="Armature_polygon1-skin-bind_poses">
          <float_array id="Armature_polygon1-skin-bind_poses-array" count="16">100 0 0 0 0 -2.8213e-5 100 0 0 -100 -2.8213e-5 0 0 0 0 1</float_array>
          <technique_common>
            <accessor source="#Armature_polygon1-skin-bind_poses-array" count="1" stride="16">
              <param name="TRANSFORM" type="float4x4"/>
            </accessor>
          </technique_common>
        </source>
        <source id="Armature_polygon1-skin-weights">
          <float_array id="Armature_polygon1-skin-weights-array" count="192">1 1 1 1 1 1 1 1 1 1 1 1 1 1 1 1 1 1 1 1 1 1 1 1 1 1 1 1 1 1 1 1 1 1 1 1 1 1 1 1 1 1 1 1 1 1 1 1 1 1 1 1 1 1 1 1 1 1 1 1 1 1 1 1 1 1 1 1 1 1 1 1 1 1 1 1 1 1 1 1 1 1 1 1 1 1 1 1 1 1 1 1 1 1 1 1 1 1 1 1 1 1 1 1 1 1 1 1 1 1 1 1 1 1 1 1 1 1 1 1 1 1 1 1 1 1 1 1 1 1 1 1 1 1 1 1 1 1 1 1 1 1 1 1 1 1 1 1 1 1 1 1 1 1 1 1 1 1 1 1 1 1 1 1 1 1 1 1 1 1 1 1 1 1 1 1 1 1 1 1 1 1 1 1 1 1 1 1 1 1 1 1</float_array>
          <technique_common>
            <accessor source="#Armature_polygon1-skin-weights-array" count="192" stride="1">
              <param name="WEIGHT" type="float"/>
            </accessor>
          </technique_common>
        </source>
        <joints>
          <input semantic="JOINT" source="#Armature_polygon1-skin-joints"/>
          <input semantic="INV_BIND_MATRIX" source="#Armature_polygon1-skin-bind_poses"/>
        </joints>
        <vertex_weights count="192">
          <input semantic="JOINT" source="#Armature_polygon1-skin-joints" offset="0"/>
          <input semantic="WEIGHT" source="#Armature_polygon1-skin-weights" offset="1"/>
          <vcount>1 1 1 1 1 1 1 1 1 1 1 1 1 1 1 1 1 1 1 1 1 1 1 1 1 1 1 1 1 1 1 1 1 1 1 1 1 1 1 1 1 1 1 1 1 1 1 1 1 1 1 1 1 1 1 1 1 1 1 1 1 1 1 1 1 1 1 1 1 1 1 1 1 1 1 1 1 1 1 1 1 1 1 1 1 1 1 1 1 1 1 1 1 1 1 1 1 1 1 1 1 1 1 1 1 1 1 1 1 1 1 1 1 1 1 1 1 1 1 1 1 1 1 1 1 1 1 1 1 1 1 1 1 1 1 1 1 1 1 1 1 1 1 1 1 1 1 1 1 1 1 1 1 1 1 1 1 1 1 1 1 1 1 1 1 1 1 1 1 1 1 1 1 1 1 1 1 1 1 1 1 1 1 1 1 1 1 1 1 1 1 1 </vcount>
          <v>0 0 0 1 0 2 0 3 0 4 0 5 0 6 0 7 0 8 0 9 0 10 0 11 0 12 0 13 0 14 0 15 0 16 0 17 0 18 0 19 0 20 0 21 0 22 0 23 0 24 0 25 0 26 0 27 0 28 0 29 0 30 0 31 0 32 0 33 0 34 0 35 0 36 0 37 0 38 0 39 0 40 0 41 0 42 0 43 0 44 0 45 0 46 0 47 0 48 0 49 0 50 0 51 0 52 0 53 0 54 0 55 0 56 0 57 0 58 0 59 0 60 0 61 0 62 0 63 0 64 0 65 0 66 0 67 0 68 0 69 0 70 0 71 0 72 0 73 0 74 0 75 0 76 0 77 0 78 0 79 0 80 0 81 0 82 0 83 0 84 0 85 0 86 0 87 0 88 0 89 0 90 0 91 0 92 0 93 0 94 0 95 0 96 0 97 0 98 0 99 0 100 0 101 0 102 0 103 0 104 0 105 0 106 0 107 0 108 0 109 0 110 0 111 0 112 0 113 0 114 0 115 0 116 0 117 0 118 0 119 0 120 0 121 0 122 0 123 0 124 0 125 0 126 0 127 0 128 0 129 0 130 0 131 0 132 0 133 0 134 0 135 0 136 0 137 0 138 0 139 0 140 0 141 0 142 0 143 0 144 0 145 0 146 0 147 0 148 0 149 0 150 0 151 0 152 0 153 0 154 0 155 0 156 0 157 0 158 0 159 0 160 0 161 0 162 0 163 0 164 0 165 0 166 0 167 0 168 0 169 0 170 0 171 0 172 0 173 0 174 0 175 0 176 0 177 0 178 0 179 0 180 0 181 0 182 0 183 0 184 0 185 0 186 0 187 0 188 0 189 0 190 0 191</v>
        </vertex_weights>
      </skin>
    </controller>
    <controller id="Armature_polygon0-skin" name="Armature">
      <skin source="#polygon0-mesh">
        <bind_shape_matrix>1 0 0 0 0 1 0 0 0 0 1 0 0 0 0 1</bind_shape_matrix>
        <source id="Armature_polygon0-skin-joints">
          <Name_array id="Armature_polygon0-skin-joints-array" count="1">ldf_kart_all</Name_array>
          <technique_common>
            <accessor source="#Armature_polygon0-skin-joints-array" count="1" stride="1">
              <param name="JOINT" type="name"/>
            </accessor>
          </technique_common>
        </source>
        <source id="Armature_polygon0-skin-bind_poses">
          <float_array id="Armature_polygon0-skin-bind_poses-array" count="16">100 0 0 0 0 -2.8213e-5 100 0 0 -100 -2.8213e-5 0 0 0 0 1</float_array>
          <technique_common>
            <accessor source="#Armature_polygon0-skin-bind_poses-array" count="1" stride="16">
              <param name="TRANSFORM" type="float4x4"/>
            </accessor>
          </technique_common>
        </source>
        <source id="Armature_polygon0-skin-weights">
          <float_array id="Armature_polygon0-skin-weights-array" count="204">1 1 1 1 1 1 1 1 1 1 1 1 1 1 1 1 1 1 1 1 1 1 1 1 1 1 1 1 1 1 1 1 1 1 1 1 1 1 1 1 1 1 1 1 1 1 1 1 1 1 1 1 1 1 1 1 1 1 1 1 1 1 1 1 1 1 1 1 1 1 1 1 1 1 1 1 1 1 1 1 1 1 1 1 1 1 1 1 1 1 1 1 1 1 1 1 1 1 1 1 1 1 1 1 1 1 1 1 1 1 1 1 1 1 1 1 1 1 1 1 1 1 1 1 1 1 1 1 1 1 1 1 1 1 1 1 1 1 1 1 1 1 1 1 1 1 1 1 1 1 1 1 1 1 1 1 1 1 1 1 1 1 1 1 1 1 1 1 1 1 1 1 1 1 1 1 1 1 1 1 1 1 1 1 1 1 1 1 1 1 1 1 1 1 1 1 1 1 1 1 1 1 1 1</float_array>
          <technique_common>
            <accessor source="#Armature_polygon0-skin-weights-array" count="204" stride="1">
              <param name="WEIGHT" type="float"/>
            </accessor>
          </technique_common>
        </source>
        <joints>
          <input semantic="JOINT" source="#Armature_polygon0-skin-joints"/>
          <input semantic="INV_BIND_MATRIX" source="#Armature_polygon0-skin-bind_poses"/>
        </joints>
        <vertex_weights count="204">
          <input semantic="JOINT" source="#Armature_polygon0-skin-joints" offset="0"/>
          <input semantic="WEIGHT" source="#Armature_polygon0-skin-weights" offset="1"/>
          <vcount>1 1 1 1 1 1 1 1 1 1 1 1 1 1 1 1 1 1 1 1 1 1 1 1 1 1 1 1 1 1 1 1 1 1 1 1 1 1 1 1 1 1 1 1 1 1 1 1 1 1 1 1 1 1 1 1 1 1 1 1 1 1 1 1 1 1 1 1 1 1 1 1 1 1 1 1 1 1 1 1 1 1 1 1 1 1 1 1 1 1 1 1 1 1 1 1 1 1 1 1 1 1 1 1 1 1 1 1 1 1 1 1 1 1 1 1 1 1 1 1 1 1 1 1 1 1 1 1 1 1 1 1 1 1 1 1 1 1 1 1 1 1 1 1 1 1 1 1 1 1 1 1 1 1 1 1 1 1 1 1 1 1 1 1 1 1 1 1 1 1 1 1 1 1 1 1 1 1 1 1 1 1 1 1 1 1 1 1 1 1 1 1 1 1 1 1 1 1 1 1 1 1 1 1 </vcount>
          <v>0 0 0 1 0 2 0 3 0 4 0 5 0 6 0 7 0 8 0 9 0 10 0 11 0 12 0 13 0 14 0 15 0 16 0 17 0 18 0 19 0 20 0 21 0 22 0 23 0 24 0 25 0 26 0 27 0 28 0 29 0 30 0 31 0 32 0 33 0 34 0 35 0 36 0 37 0 38 0 39 0 40 0 41 0 42 0 43 0 44 0 45 0 46 0 47 0 48 0 49 0 50 0 51 0 52 0 53 0 54 0 55 0 56 0 57 0 58 0 59 0 60 0 61 0 62 0 63 0 64 0 65 0 66 0 67 0 68 0 69 0 70 0 71 0 72 0 73 0 74 0 75 0 76 0 77 0 78 0 79 0 80 0 81 0 82 0 83 0 84 0 85 0 86 0 87 0 88 0 89 0 90 0 91 0 92 0 93 0 94 0 95 0 96 0 97 0 98 0 99 0 100 0 101 0 102 0 103 0 104 0 105 0 106 0 107 0 108 0 109 0 110 0 111 0 112 0 113 0 114 0 115 0 116 0 117 0 118 0 119 0 120 0 121 0 122 0 123 0 124 0 125 0 126 0 127 0 128 0 129 0 130 0 131 0 132 0 133 0 134 0 135 0 136 0 137 0 138 0 139 0 140 0 141 0 142 0 143 0 144 0 145 0 146 0 147 0 148 0 149 0 150 0 151 0 152 0 153 0 154 0 155 0 156 0 157 0 158 0 159 0 160 0 161 0 162 0 163 0 164 0 165 0 166 0 167 0 168 0 169 0 170 0 171 0 172 0 173 0 174 0 175 0 176 0 177 0 178 0 179 0 180 0 181 0 182 0 183 0 184 0 185 0 186 0 187 0 188 0 189 0 190 0 191 0 192 0 193 0 194 0 195 0 196 0 197 0 198 0 199 0 200 0 201 0 202 0 203</v>
        </vertex_weights>
      </skin>
    </controller>
  </library_controllers>
  <library_visual_scenes>
    <visual_scene id="Scene" name="Scene">
      <node id="Armature" name="Armature" type="NODE">
        <matrix sid="transform">0.01 0 0 0 0 -2.8213e-9 -0.01 0 0 0.01 -2.8213e-9 0 0 0 0 1</matrix>
        <node id="Armature_ldf_kart_all" name="ldf_kart_all" sid="ldf_kart_all" type="JOINT">
          <matrix sid="transform">1 0 0 0 0 1 0 0 0 0 1 0 0 0 0 1</matrix>
          <extra>
            <technique profile="blender">
              <layer sid="layer" type="string">0</layer>
              <tip_x sid="tip_x" type="float">0</tip_x>
              <tip_y sid="tip_y" type="float">1</tip_y>
              <tip_z sid="tip_z" type="float">0</tip_z>
            </technique>
          </extra>
        </node>
        <node id="polygon0" name="polygon0" type="NODE">
          <matrix sid="transform">1 0 0 0 0 1 0 0 0 0 1 0 0 0 0 1</matrix>
          <instance_controller url="#Armature_polygon0-skin">
            <skeleton>#Armature_ldf_kart_all</skeleton>
            <bind_material>
              <technique_common>
                <instance_material symbol="mat_tire_rim-material" target="#mat_tire_rim-material">
                  <bind_vertex_input semantic="polygon0-mesh-map-0" input_semantic="TEXCOORD" input_set="0"/>
                </instance_material>
              </technique_common>
            </bind_material>
          </instance_controller>
        </node>
        <node id="polygon1" name="polygon1" type="NODE">
          <matrix sid="transform">1 0 0 0 0 1 0 0 0 0 1 0 0 0 0 1</matrix>
          <instance_controller url="#Armature_polygon1-skin">
            <skeleton>#Armature_ldf_kart_all</skeleton>
            <bind_material>
              <technique_common>
                <instance_material symbol="mat_tire-material" target="#mat_tire-material">
                  <bind_vertex_input semantic="polygon1-mesh-map-0" input_semantic="TEXCOORD" input_set="0"/>
                </instance_material>
              </technique_common>
            </bind_material>
          </instance_controller>
        </node>
        <node id="polygon2" name="polygon2" type="NODE">
          <matrix sid="transform">1 0 0 0 0 1 0 0 0 0 1 0 0 0 0 1</matrix>
          <instance_controller url="#Armature_polygon2-skin">
            <skeleton>#Armature_ldf_kart_all</skeleton>
            <bind_material>
              <technique_common>
                <instance_material symbol="mat_body-material" target="#mat_body-material">
                  <bind_vertex_input semantic="polygon2-mesh-map-0" input_semantic="TEXCOORD" input_set="0"/>
                </instance_material>
              </technique_common>
            </bind_material>
          </instance_controller>
        </node>
      </node>
    </visual_scene>
  </library_visual_scenes>
  <scene>
    <instance_visual_scene url="#Scene"/>
  </scene>
</COLLADA>