<?xml version="1.0" encoding="utf-8"?>
<COLLADA xmlns="http://www.collada.org/2005/11/COLLADASchema" version="1.4.1" xmlns:xsi="http://www.w3.org/2001/XMLSchema-instance">
  <asset>
    <contributor>
      <author>Blender User</author>
      <authoring_tool>Blender 3.4.1 commit date:2022-12-19, commit time:17:00, hash:55485cb379f7</authoring_tool>
    </contributor>
    <created>2023-03-04T00:37:26</created>
    <modified>2023-03-04T00:37:26</modified>
    <unit name="meter" meter="1"/>
    <up_axis>Z_UP</up_axis>
  </asset>
  <library_effects>
    <effect id="mat_body-effect">
      <profile_COMMON>
        <newparam sid="body_bmr_png-surface">
          <surface type="2D">
            <init_from>body_bmr_png</init_from>
          </surface>
        </newparam>
        <newparam sid="body_bmr_png-sampler">
          <sampler2D>
            <source>body_bmr_png-surface</source>
          </sampler2D>
        </newparam>
        <technique sid="common">
          <lambert>
            <emission>
              <color sid="emission">0 0 0 1</color>
            </emission>
            <diffuse>
              <texture texture="body_bmr_png-sampler" texcoord="polygon2_UVs0"/>
            </diffuse>
            <index_of_refraction>
              <float sid="ior">1.45</float>
            </index_of_refraction>
          </lambert>
        </technique>
      </profile_COMMON>
    </effect>
    <effect id="mat_tire-effect">
      <profile_COMMON>
        <newparam sid="tire_png-surface">
          <surface type="2D">
            <init_from>tire_png</init_from>
          </surface>
        </newparam>
        <newparam sid="tire_png-sampler">
          <sampler2D>
            <source>tire_png-surface</source>
          </sampler2D>
        </newparam>
        <technique sid="common">
          <lambert>
            <emission>
              <color sid="emission">0 0 0 1</color>
            </emission>
            <diffuse>
              <texture texture="tire_png-sampler" texcoord="polygon1_UVs0"/>
            </diffuse>
            <index_of_refraction>
              <float sid="ior">1.45</float>
            </index_of_refraction>
          </lambert>
        </technique>
      </profile_COMMON>
    </effect>
    <effect id="mat_tire_rim-effect">
      <profile_COMMON>
        <newparam sid="tire_png-surface">
          <surface type="2D">
            <init_from>tire_png</init_from>
          </surface>
        </newparam>
        <newparam sid="tire_png-sampler">
          <sampler2D>
            <source>tire_png-surface</source>
          </sampler2D>
        </newparam>
        <technique sid="common">
          <lambert>
            <emission>
              <color sid="emission">0 0 0 1</color>
            </emission>
            <diffuse>
              <texture texture="tire_png-sampler" texcoord="polygon0_UVs0"/>
            </diffuse>
            <index_of_refraction>
              <float sid="ior">1.45</float>
            </index_of_refraction>
          </lambert>
        </technique>
      </profile_COMMON>
    </effect>
  </library_effects>
  <library_images>
    <image id="body_bmr_png" name="body_bmr_png">
      <init_from>body_bmr.png</init_from>
    </image>
    <image id="tire_png" name="tire_png">
      <init_from>tire.png</init_from>
    </image>
  </library_images>
  <library_materials>
    <material id="mat_body-material" name="mat_body">
      <instance_effect url="#mat_body-effect"/>
    </material>
    <material id="mat_tire-material" name="mat_tire">
      <instance_effect url="#mat_tire-effect"/>
    </material>
    <material id="mat_tire_rim-material" name="mat_tire_rim">
      <instance_effect url="#mat_tire_rim-effect"/>
    </material>
  </library_materials>
  <library_geometries>
    <geometry id="polygon2-mesh" name="polygon2">
      <mesh>
        <source id="polygon2-mesh-positions">
          <float_array id="polygon2-mesh-positions-array" count="1665">25.67543 5.984789 -71.39362 33.53997 20.18351 -104.2897 26.82444 7.846571 -67.9417 30.69897 4.412296 -70.03401 27.24897 4.182427 -65.99229 27.09939 2.08858 -69.4765 18.68595 11.289 -62.82538 16.81708 9.115159 -65.91643 -16.81708 9.115159 -65.91643 -17.4048 12.61758 -68.4427 -25.67543 5.984794 -71.39362 -26.82444 7.846576 -67.9417 -33.53997 20.1835 -104.2897 -30.69897 4.412282 -70.03401 -27.09939 2.088584 -69.4765 -27.24897 4.182431 -65.99229 -18.68595 11.289 -62.82538 -18.57429 15.26229 -65.42185 18.57429 15.26229 -65.42185 17.4048 12.61758 -68.4427 30.05141 8.502552 -107.0163 23.98793 15.2425 -108.7464 22.06672 11.75286 -106.2547 21.23745 21.5324 -106.7047 18.63536 19.59986 -103.7077 23.74804 27.8223 -104.4279 21.76745 27.44682 -100.8671 30.049 30.42767 -103.2495 29.62823 30.69717 -99.39716 36.44929 27.82231 -103.86 37.61292 27.44684 -100.1588 39.19975 21.53241 -105.9017 41.04427 19.59987 -102.7058 36.68916 15.24251 -108.1785 37.91219 11.75287 -105.5462 30.3882 12.63714 -109.3568 21.77858 23.54243 -90.79988 15.42501 29.37034 -92.49302 14.01227 25.6147 -89.74548 12.66321 34.70472 -89.96891 10.65133 31.55202 -87.21541 14.4127 40.37122 -87.1795 12.78036 39.15693 -83.61331 19.91658 43.0473 -85.75748 19.88327 42.30084 -81.7336 26.24633 41.16883 -86.53725 27.18114 40.22656 -82.78275 29.11503 35.83399 -89.06111 30.67218 33.06644 -86.04148 27.29915 30.16777 -91.85065 28.46237 26.68409 -88.91478 21.40551 27.48942 -93.27178 -22.10997 11.57819 58.45551 -7e-6 11.00473 63.37717 -32.26794 6.022694 74.42879 -13.44372 1.370553 86.58356 -34.17759 -2.059752 75.69741 -14.54966 -4.375544 88.03616 -31.754 -12.27246 74.48798 -13.62497 -11.36908 85.86095 -2e-6 -12.74866 63.12916 0 -10.99733 88.46134 13.97786 -11.36908 85.88089 0 -5.639939 91.53883 14.54966 -4.375544 88.03619 -3e-6 -0.05635094 89.11568 13.44372 1.370555 86.58357 32.26794 6.022694 74.42877 22.10996 11.57819 58.45551 -22.06672 11.75286 -106.2547 -23.98793 15.2425 -108.7464 -30.05141 8.502552 -107.0163 -30.3882 12.63714 -109.3568 -37.91219 11.75287 -105.5462 -36.68916 15.24251 -108.1785 -41.04427 19.59987 -102.7058 -39.19975 21.53241 -105.9017 -37.61292 27.44684 -100.1588 -36.44929 27.82231 -103.86 -29.62823 30.69717 -99.39716 -30.049 30.42767 -103.2495 -21.76745 27.44682 -100.8671 -23.74804 27.8223 -104.4279 -18.63536 19.59986 -103.7077 -21.23745 21.5324 -106.7047 -14.01227 25.6147 -89.74548 -15.42501 29.37034 -92.49302 -21.77858 23.54243 -90.79988 -21.40551 27.48942 -93.27178 -28.46237 26.68409 -88.91478 -27.29915 30.16777 -91.85065 -30.67218 33.06644 -86.04148 -29.11503 35.83399 -89.06111 -27.18114 40.22656 -82.78275 -26.24633 41.16883 -86.53725 -19.88327 42.30084 -81.7336 -19.91658 43.0473 -85.75748 -12.78036 39.15693 -83.61331 -14.4127 40.37122 -87.1795 -10.65133 31.55202 -87.21541 -12.66321 34.70472 -89.96891 32.56634 -9.29569 -32.82497 36.74534 -4.69953 -33.96997 32.60104 -4.657403 -37.03666 32.56635 -0.793483 -33.91336 -32.56635 -0.793486 -33.91338 -29.0882 -4.580786 -30.68989 -19.65224 -0.719872 14.78465 -32.56635 -9.295687 -32.82497 -20.44658 -9.346331 15.04796 -23.92657 -4.742676 13.30386 -32.96873 -5.61728 32.72313 -29.24529 -3.787314 34.72337 -27.80258 -5.345228 39.66295 -8.726768 30.63953 41.92746 -11.362 24.11022 34.77617 -10.30377 28.84601 33.30408 11.29216 24.08708 34.77026 10.23196 28.85158 33.30316 8.653759 30.63953 41.92746 7.935058 33.53407 37.90668 3.04087 32.89685 43.82238 2.463989 35.382 40.81951 -2.427612 35.37117 40.81821 -8.008834 33.4996 37.9025 -3.122153 32.89685 43.82237 30.48974 -5.594624 27.06364 33.59851 -3.421896 28.26878 17.80943 -4.580782 51.79888 20.13902 -1.049036 54.86864 0 -2.76484 52.90776 0 -0.466713 55.88074 -20.13901 -1.049042 54.86862 0 -5.659017 61.39665 -21.97441 -5.605818 57.99096 -20.13902 -10.37024 55.10758 -33.57961 -10.13461 28.23635 -30.48974 -5.594627 27.06364 33.5796 -10.13461 28.23635 20.13902 -10.37023 55.10758 0 -10.82104 55.916 -17.80943 -4.580788 51.79886 -33.5985 -3.421899 28.26876 -37.03761 -5.638503 27.17259 -0.008181989 -8.670214 65.04388 1.543092 7.762468 63.94541 11.01733 14.40424 45.76723 2.662789 14.06007 56.03767 8.765033 20.55226 53.23117 0.002270996 15.36197 56.36742 -8.831067 20.55226 53.23115 -2.380952 14.06085 56.04907 -11.08294 14.40424 45.76721 -1.606864 7.76246 63.94537 23.72578 -4.168543 -52.76303 23.72578 1.34694 -47.4342 23.72578 6.862423 -52.76304 -23.79593 1.34694 -47.4342 -23.79593 6.862423 -52.76304 -23.79593 -4.168543 -52.76303 -23.79593 1.34694 -58.09187 23.72578 1.34694 -58.09187 35.32616 -4.329803 28.75348 35.30022 -8.984434 28.76051 33.02995 -13.43028 30.38991 38.43655 -8.98877 26.54108 38.40868 -13.46922 26.54863 34.0607 -8.97293 22.09863 34.03283 -13.45338 22.10617 30.92447 -8.951182 24.31803 29.0253 -13.41444 25.94745 29.09253 -1.644492 25.92948 33.09632 -1.660335 30.37193 29.24529 -3.787312 34.72339 27.80259 -5.345226 39.66295 19.65224 -0.719869 14.78467 15.8842 -4.611812 15.02929 20.44658 -9.346332 15.04796 23.92657 -4.742679 13.30386 23.42266 15.25077 -64.60266 21.14595 20.66985 -58.12519 22.65288 24.35841 -60.76481 15.19275 20.2716 -58.43738 14.23569 23.7022 -61.25768 15.73719 14.33441 -60.97984 15.00547 14.53504 -64.98832 21.69039 14.73267 -60.66766 -22.65288 24.35841 -60.76481 -21.14595 20.66985 -58.12519 -23.42266 15.25077 -64.60266 -21.69039 14.73267 -60.66766 -15.00547 14.53504 -64.98832 -15.73719 14.33441 -60.97984 -14.23569 23.7022 -61.25768 -15.19275 20.2716 -58.43738 -19.14737 -0.793124 10.66396 -20.33068 5.235415 14.97486 -20.45374 -1.187277 8.268897 -22.01079 8.108943 14.30261 -22.16254 -4.12148 8.620975 -24.08059 7.063251 15.63462 -21.08261 -3.920308 11.0891 -22.21088 6.084456 17.22751 33.11395 3.960585 -79.09733 32.02667 10.28512 -73.07275 33.11395 12.68293 -75.72809 24.9565 10.28511 -73.07273 24.1492 12.68293 -75.72808 24.9565 3.406112 -75.72994 24.1492 3.960585 -79.09733 32.02667 3.406112 -75.72994 9.987088 10.60605 16.66189 18.95096 10.20006 17.85615 9.972437 8.258357 18.22663 18.63827 7.476082 18.6622 9.984148 6.535583 16.34768 18.77466 6.34415 15.23399 10.05104 8.601655 14.96992 19.14517 10.03452 15.36463 -9.900177 8.258357 18.22663 -18.87868 10.20007 17.85616 -9.914826 10.60605 16.66189 -19.07291 10.03453 15.36463 -9.97878 8.601655 14.96992 -18.7024 6.344154 15.23399 -9.911888 6.535583 16.34768 -18.56601 7.476082 18.6622 -33.11395 12.68293 -75.72809 -32.02667 10.28512 -73.07275 -33.11395 3.960571 -79.09733 -32.02667 3.406112 -75.72994 -24.1492 3.960571 -79.09733 -24.9565 3.406112 -75.72994 -24.1492 12.68293 -75.72808 -24.9565 10.28511 -73.07273 45.65733 -3.36737 -18.93888 -45.65733 -3.36737 -18.93887 45.65733 -6.18125 -15.71363 -45.65733 -6.18125 -15.71363 45.65733 -3.362827 -12.25957 -45.65733 -3.362826 -12.23048 45.65733 -0.299603 -15.61134 -45.65733 -0.299597 -15.61133 -31.71275 13.13287 41.10209 -51.93363 10.79381 42.05259 -42.39474 9.31101 59.53043 -53.94991 0.595049 42.31661 -45.58358 -0.506152 59.02493 -43.93504 -12.72467 58.52713 31.71274 -12.72639 41.43154 22.20758 -12.74866 58.32623 51.05848 -12.73875 42.35714 43.93504 -12.72466 58.52713 53.94991 0.595049 42.31661 45.58357 -0.506154 59.02493 42.39474 9.31101 59.53043 22.90964 -4.85394 -17.24957 16.93252 -4.943224 4.60558 25.85007 4.027245 -16.13798 18.57919 5.95655 6.930428 -26.13171 4.027245 -16.13798 -18.70596 5.95655 6.930428 -22.53611 -4.85394 -17.24957 -17.21418 -4.943229 4.605576 -15.12009 -2.689379 -33.01922 14.83843 -2.689379 -33.01922 14.83843 8.947021 -35.90633 24.45455 7.837589 -30.2252 10.38072 27.97318 -36.69357 25.8611 18.12952 -27.50206 30.95031 -4.31396 24.31103 34.08653 -4.336624 22.09163 34.0992 -1.683432 22.0882 38.46239 -4.352467 26.53409 38.47506 -1.699276 26.53066 -16.35334 13.32675 -52.70933 -17.63569 9.03323 -51.308 17.63569 9.03323 -51.308 17.62851 10.63463 -47.45824 20.07579 11.90386 -50.16217 17.61297 14.65485 -49.3643 20.43619 33.69016 -87.76433 16.35334 13.32675 -52.70933 -14.165 -0.498202 -56.6199 -14.16501 6.014644 -52.99294 -47.20123 3.857166 -52.92831 -14.16501 -0.470968 -49.1675 -47.20124 0.793858 -51.24056 -47.20124 0.761651 -54.56824 20.1983 -3.303001 -33.98569 26.52004 -3.45871 -77.51294 22.73193 -0.902864 -33.90773 30.01859 -1.40963 -80.12234 25.77394 -4.321595 -34.04686 32.54945 -3.795794 -79.51012 22.73193 -7.54519 -33.96288 30.01859 -7.664675 -80.12237 -22.7252 -7.587717 -33.94617 -30.17328 -7.66468 -80.12236 -25.82939 -4.329071 -34.0479 -32.70414 -3.795795 -79.51012 -22.72522 -0.860335 -33.90432 -30.17328 -1.409631 -80.12234 -20.00613 -3.296114 -34.00239 -26.67472 -3.458714 -77.51295 -24.73621 7.837593 -30.2252 -15.12009 8.947021 -35.90633 -10.66236 27.97318 -36.69358 10.23669 -7.623155 -81.94527 10.23669 2.256147 -81.94527 6.688452 -12.32067 -81.94527 6.769665 6.809402 -81.94527 -6.636106 -12.32067 -81.94527 -6.636106 6.809402 -81.94527 -10.23669 -7.753734 -81.94527 -10.23669 2.256147 -81.94527 21.15487 -3.920304 11.08907 19.21964 -0.793134 10.66391 20.526 -1.187289 8.268852 22.23481 -4.121474 8.620934 -39.88327 19.56479 -28.12227 -36.58963 14.12828 8.756585 -65.16428 18.07433 -29.13036 -58.38447 12.16782 8.595507 -67.88434 1.790996 -27.51939 -61.00854 -1.61341 7.855413 -64.91145 -12.91481 -27.77732 -56.78547 -12.88944 7.589748 -17.61297 14.65485 -49.3643 -20.43619 33.69016 -87.76433 -20.07579 11.90386 -50.16217 -35.18707 -4.274158 28.72595 -35.18707 -8.998199 28.72595 -36.01443 -4.274158 23.73917 -36.01443 -8.998202 23.73917 -31.49517 -4.274158 23.73917 -31.49517 -8.998202 23.73917 -31.49517 -4.274158 28.72595 -31.49517 -8.998199 28.72595 -35.30022 -8.984434 28.76051 -33.02995 -13.43028 30.38991 -38.43655 -8.98877 26.54108 -38.40868 -13.46922 26.54863 -34.0607 -8.97293 22.09863 -34.03283 -13.45338 22.10617 -30.92447 -8.951182 24.31803 -29.0253 -13.41444 25.94745 -35.32616 -4.329803 28.75348 -33.09632 -1.660335 30.37193 -29.09253 -1.644492 25.92948 -30.95031 -4.31396 24.31103 0 14.24743 18.68018 -1.550838 13.47983 19.73506 -1.320554 8.623095 16.00008 1.55084 13.47983 19.73505 1.320555 8.623094 16.00007 29.0882 -4.580784 -30.68989 -32.60104 -4.657407 -37.03666 13.64283 18.7609 -36.58837 10.09488 4.602304 -38.17952 0 21.23136 -36.58837 0 7.690041 -38.17952 -13.64283 18.7609 -36.58837 -10.09488 4.602304 -38.17952 -13.64283 18.76089 -71.90347 -37.47486 -1.27395 7.666015 -41.75824 -13.65902 -26.82593 -38.58139 -12.85632 7.418093 20.40294 5.23541 14.97486 22.28314 6.084456 17.2275 21.91353 9.242159 17.32771 0.02265596 21.66035 44.70622 4.652817 15.05065 38.09862 0.02265596 8.893728 55.24638 6.192706 6.658522 45.43361 0.01510399 -8.536216 57.10054 6.317246 2.316422 35.19762 4.652817 -5.318385 36.58292 -34.08653 -4.336624 22.09163 -34.0992 -1.683432 22.0882 -38.46239 -4.352467 26.53409 -38.47506 -1.699276 26.53066 -22.20758 -12.74866 58.32623 -31.71276 -12.72638 41.43154 -2.513348 18.43034 19.93023 -1.675565 19.41696 21.40488 -6.785767 22.43792 20.15822 -3.351129 16.62838 20.57152 -7.797222 20.75456 19.65519 14.16501 6.014657 -52.99296 47.40491 3.844439 -52.9283 14.16501 -0.470963 -49.16752 47.40492 0.806586 -51.25394 14.16501 -0.362568 -56.5646 47.40492 0.774372 -54.55486 7.077063 12.38803 16.13428 0 8.455564 15.15211 8.798506 10.09259 16.99302 -10e-7 5.918682 15.75037 7.077065 11.06609 18.64584 0 7.716869 17.64679 -26.14275 18.12951 -27.50206 22.08305 8.108939 14.30261 24.15285 7.063243 15.63462 30.05064 -3.78987 -81.71764 -30.20533 -3.78987 -81.71764 8.824959 18.61623 20.87741 10.97157 19.48052 19.77421 8.824955 19.35612 18.38442 1.675564 19.41696 21.40488 2.513348 18.43034 19.93022 6.839388 22.49468 20.14258 7.850211 20.81236 19.63985 3.351127 16.62838 20.57151 -17.62851 10.63463 -47.45824 -14.71569 7.121875 -37.21315 -14.97713 7.121871 -60.073 0 10.01864 -37.19706 0 9.893522 -72.13999 15.11836 7.121866 -60.073 12.7361 7.121861 -76.05308 -30.12707 -7.742193 36.90871 -15.8842 -4.611816 15.02929 3.927474 25.45065 20.22108 4.882802 26.96724 22.01105 3.927474 24.67145 22.66168 -3.927474 25.45065 20.22108 -4.882804 26.96724 22.01105 -3.927477 24.67145 22.66169 -8.824958 19.35612 18.38442 -10.97157 19.48051 19.77421 -8.824957 18.61623 20.87741 32.45977 -12.27246 74.52787 34.17759 -2.059751 75.6974 -7.077064 12.38803 16.13428 -8.798508 10.09259 16.99301 -7.077064 11.06609 18.64584 21.97441 -5.605812 57.99096 13.64283 18.76089 -71.90347 12.67324 22.30904 -54.29753 0 21.23135 -71.90347 3.600255 24.0267 -54.29753 -12.67324 22.30904 -54.29753 -3.600255 24.0267 -54.29753 13.79541 -13.41507 -37.1893 -13.8525 -13.41507 -37.1893 14.39085 -12.15128 -30.86957 -14.24964 -12.15128 -30.86957 14.39086 2.531425 -30.62467 -14.24964 2.531429 -30.62467 -4.607506 -5.318383 5.958996 -6.271935 2.428704 12.42202 -4.607506 -5.318383 13.19717 -6.271935 2.316424 35.19762 -4.607506 -5.318383 36.58294 -28.86286 -5.353461 -30.81654 -10.8624 -6.120134 53.59337 -0.001935958 -5.353461 -30.69844 10.86413 -6.120137 53.59336 28.87084 -5.353469 -30.8166 38.54429 -13.02357 24.9908 38.54429 -6.325826 30.57823 52.28479 -6.325826 24.9908 38.54429 0.371916 24.9908 38.54429 -6.325827 19.40336 -12.59484 7.121871 -76.05309 0.1400859 -3.164117 -79.05081 -17.72841 -5.317673 -76.07111 -12.45592 -12.66527 -76.0711 -20.66495 -5.249193 -37.19947 17.86971 -5.317673 -76.0711 12.59725 -12.66527 -76.0711 22.83256 -5.051474 -60.07299 20.80641 -5.249193 -37.19948 -22.6913 -5.051474 -60.073 14.85694 7.121875 -37.21315 51.93362 10.79381 42.05257 31.71274 13.13285 41.10209 0.02265596 4.741629 34.17222 -4.607506 15.05065 38.09862 -51.05849 -12.73875 42.35712 -38.54429 -6.325826 30.57823 -38.54429 -13.02357 24.9908 -52.28479 -6.325826 24.9908 -38.54429 -6.325827 19.40336 -38.54429 0.371916 24.9908 -21.84127 9.242159 17.32771 0 14.93241 19.24432 -1.788536 17.90906 20.13385 0 -0.515248 53.09407 1.788535 17.90906 20.13385 -36.74534 -4.699533 -33.96997 -6.271935 2.540983 5.794005 -6.271935 3.514065 -38.4321 10.09488 4.602304 -70.31232 -4.607506 -5.318385 -43.55518 6.317246 2.428701 12.42201 6.317246 2.540981 5.794005 14.58959 11.26835 -62.07252 14.58959 16.18619 -65.23864 14.58959 8.37854 -66.32153 14.58959 12.75449 -69.3669 -14.58959 12.75449 -69.3669 -14.58959 16.18619 -65.23864 -14.58959 8.37854 -66.32153 -14.58959 11.26835 -62.07252 33.17365 -7.11625 23.80275 45.32034 -4.932753 24.9451 31.55792 -4.005869 24.96795 33.24271 -7.116249 26.15086 -33.17365 -7.11625 23.80275 -31.55792 -4.005869 24.96795 -45.32034 -4.9386 24.94816 -33.24271 -7.116249 26.15086 15.64169 10.18717 -46.32945 15.64169 15.79386 -48.84875 15.64169 8.429279 -51.36054 15.64169 13.30045 -53.7825 -15.64169 13.30045 -53.7825 -15.64169 15.79386 -48.84875 -15.64169 8.429279 -51.36054 -15.64169 10.18717 -46.32945 64.91145 -12.91481 -27.77732 67.88434 1.790996 -27.51939 41.75824 -13.65902 -26.82722 39.88327 19.56479 -28.12227 36.58963 14.12828 8.75658 37.47486 -1.27395 7.666015 38.58139 -12.85632 7.418093 65.16428 18.07433 -29.13036 58.38447 12.16782 8.595507 10.86413 -7.846152 53.59336 28.87084 -7.079479 -30.8166 -10.8624 -7.846148 53.59336 -28.86287 -7.079477 -30.81653 56.78547 -12.88944 7.589748 61.00854 -1.61341 7.855409 4.652817 -5.318385 13.19716 4.652817 -5.318385 5.958984 4.652817 -5.318388 -43.55518 6.317246 3.514065 -38.4321 36.01443 -4.274158 23.73917 31.49517 -4.274158 23.73917 36.01443 -8.998202 23.73917 31.49517 -8.998202 23.73917 31.49517 -8.998199 28.72595 31.49517 -4.274158 28.72595 35.24851 -4.274158 28.72595 35.24851 -8.998199 28.72595 37.03761 -5.638498 27.17261 30.12707 -7.742191 36.90871 32.96873 -5.617277 32.72313 0 7.690041 -70.31232 -10.09488 4.602304 -70.31232 -6.147395 6.658524 45.43361</float_array>
          <technique_common>
            <accessor source="#polygon2-mesh-positions-array" count="555" stride="3">
              <param name="X" type="float"/>
              <param name="Y" type="float"/>
              <param name="Z" type="float"/>
            </accessor>
          </technique_common>
        </source>
        <source id="polygon2-mesh-normals">
          <float_array id="polygon2-mesh-normals-array" count="1752">0.4857856 0.8232548 0.2937075 -0.6812374 -0.4900608 -0.5438345 -0.7452472 0.01556617 -0.6666067 0.9025139 -0.1911688 0.3859055 0.5325378 -0.2188319 0.8176285 -0.2039048 -0.9754652 -0.08300971 0.09350597 -0.1627766 0.9822222 -0.3454034 -0.9343114 -0.08808344 0.3453955 -0.9343152 -0.08807486 0.00238198 0.1092526 -0.9940112 0.7452804 0.01555877 -0.6665697 -0.4857855 0.8232535 0.2937111 0.6812424 -0.4900537 -0.5438349 -0.9025206 -0.1911522 0.3858983 0.2039059 -0.975465 -0.0830096 -0.5325377 -0.2188321 0.8176284 -0.09352219 -0.1627707 0.9822216 -0.3679467 0.9272096 0.06998264 0.3679493 0.927208 0.0699914 -0.08398741 0.1180169 -0.9894535 -0.6548869 -0.5150542 -0.5530301 -0.2482742 0.03235858 -0.9681492 0.02228122 -0.8540661 -0.5196871 -0.3994685 0.294547 -0.86814 -0.9730768 0.06439721 -0.2213022 -0.3076857 0.6017698 -0.7370229 -0.7064822 0.7073426 0.02343738 0.02313601 0.8839823 -0.4669477 -0.007571756 0.9510053 0.3090822 0.3921422 0.6151723 -0.68395 0.704885 0.6841933 0.1871277 0.5094435 0.2916752 -0.8095635 0.9998889 0.01447302 0.003597736 0.3512167 0.01775592 -0.9361258 0.7203928 -0.5588918 -0.4106997 0.04578024 -0.2258763 -0.9730797 -0.6102409 -0.5414558 -0.5783008 -0.2809209 0.07117903 -0.9570878 0.09834223 -0.7899835 -0.60519 -0.4673078 0.3405874 -0.8158577 -0.9856505 -0.03027993 -0.1660605 -0.3921209 0.671922 -0.628301 -0.7766543 0.599353 0.1938667 -0.05279088 0.9582269 -0.281095 -0.08862864 0.8652051 0.4935233 0.3748598 0.7307037 -0.5705719 0.6631867 0.6734457 0.3265799 0.5376624 0.400714 -0.7418541 0.9974856 0.063721 0.03101879 0.3891052 0.1043443 -0.9152646 0.7587955 -0.4737468 -0.4469826 0.07079571 -0.2133684 -0.9744034 -0.4278032 0.7086061 0.5611255 0.03034633 0.9506965 -0.3086347 0.1363989 0.9905033 -0.01728767 -0.1207127 0.7288732 0.6739231 -0.6090728 0.03973835 0.7921183 -0.3035101 0.1386792 0.9426823 -0.2713676 -0.7932031 0.5451499 -0.224913 -0.7227717 0.6534641 0.002195119 -0.8901114 -0.4557377 9.82372e-4 -0.8140203 0.5808357 0.224055 -0.7164143 0.6607193 7.27128e-4 -0.04764711 0.9988639 0.3011881 0.1471148 0.942148 -5.80611e-7 0.576413 0.8171586 0.1207031 0.7288705 0.6739278 0.4199991 0.7405722 0.5245509 -0.1569422 0.9845572 -0.07756441 -0.02227795 -0.8540661 -0.5196872 0.2482774 0.03236228 -0.9681482 0.6548827 -0.5150578 -0.5530317 -0.04577958 -0.2258761 -0.9730798 -0.720393 -0.5588912 -0.4107002 -0.3512138 0.01775103 -0.936127 -0.9998891 0.0144577 0.003593683 -0.509442 0.2916831 -0.8095614 -0.7048857 0.6841924 0.1871281 -0.3921586 0.6151584 -0.6839531 0.007571578 0.9510052 0.3090822 -0.02313244 0.8839821 -0.4669483 0.7064843 0.7073406 0.02343589 0.3077 0.6017587 -0.7370259 0.9730765 0.06439816 -0.221303 0.3994665 0.2945583 -0.8681372 -0.0983408 -0.789983 -0.6051908 0.2809162 0.07117348 -0.9570896 0.610237 -0.5414586 -0.5783023 -0.07079762 -0.213368 -0.9744033 -0.7587975 -0.4737449 -0.4469814 -0.3891043 0.1043431 -0.9152653 -0.997486 0.0637139 0.03101885 -0.5376663 0.4007036 -0.7418569 -0.6631875 0.6734449 0.3265799 -0.3748751 0.7306932 -0.5705753 0.0886262 0.8652049 0.493524 0.05279105 0.958227 -0.2810947 0.7766537 0.5993537 0.1938668 0.3921232 0.6719197 -0.6283019 0.9856505 -0.03028136 -0.1660608 0.4673061 0.3405953 -0.8158554 0.3177933 0.08450865 -0.9443865 0.9081391 0.1131579 -0.4030864 0.2108204 -0.9326243 -0.2928593 0.1362484 0.9663892 -0.2180099 -0.1362286 0.9663881 -0.2180274 0.7417965 0.1300071 0.6579029 0.02383702 0.9964388 0.08088105 -0.2108187 -0.9326323 -0.2928351 0.008449554 -0.9982996 0.05767583 -0.9890546 0.1181632 -0.08836627 -0.8989703 0.1060457 -0.4249787 0.004131734 0.9870353 0.1604503 0.7798555 0.0917623 0.6191973 -0.6892798 0.4344578 -0.5797756 -0.808812 -0.174557 -0.5615631 -0.6613669 0.4058148 0.6307997 0.8086019 -0.1754485 -0.5615878 0.6908765 0.4324416 -0.5793824 0.6615639 0.4018018 0.6331576 0.4718704 0.8183593 -0.3280646 0.2055516 0.3564159 0.9114364 0.240521 0.941286 0.2369188 -0.2412043 0.9427619 0.2302622 -0.4691757 0.818592 -0.3313329 -0.2062427 0.361442 0.9092984 -0.5751408 0.1928645 -0.7949947 0.1013783 0.9948395 -0.004096746 -0.8925889 0.144672 -0.4270305 0.09631496 0.9946774 0.03661078 6.03497e-7 0.1988907 -0.9800218 -4.98228e-7 0.9972538 0.074059 -0.09630018 0.9946785 0.03662163 8.78982e-7 -0.006625711 0.9999781 -0.6658374 0.03924137 0.7450642 -0.01220005 -0.9964104 -0.08377134 -0.01768147 -0.999793 0.01006984 0.892589 0.1446704 -0.427031 0.01222068 -0.9964089 -0.08378565 0.01767873 -0.9997931 0.01006871 -7.0408e-7 -0.9865936 -0.1631968 0.5751355 0.1928764 -0.7949956 -0.101405 0.9948368 -0.00413531 -0.9156364 0.07414996 0.3951098 0.9527651 -0.2758979 0.1269605 0.528846 0.4521425 0.7182542 -6.34994e-5 -0.9999693 -0.007843732 0.5535327 0.2973244 0.7779459 0.4678873 0.4237625 0.7755688 -0.009338259 0.5544344 0.8321751 -0.4688306 0.4135053 0.7805199 -0.5594063 0.2874937 0.7774395 -0.9513434 -0.2786625 0.1315034 -0.5346488 0.4538033 0.7128908 0.8386145 0.459828 0.2920341 0.8206849 -1.27107e-5 0.571381 1 0 0 -0.5832382 0 0.8123012 -0.83862 0.4598243 0.2920244 -0.8386095 -0.4598318 -0.292043 -0.5832381 3.38769e-7 -0.8123013 0.8386216 -0.4598433 -0.2919899 0.5832381 4.01866e-7 -0.8123012 0.1904336 -0.3716002 0.908652 0.5981139 -0.003786921 0.8014022 0.5980818 -0.003789365 0.8014261 0.9951398 -0.007382154 0.09819525 0.8080745 -0.5834413 0.08131408 0.07919543 9.85688e-4 -0.9968587 0.06372237 -0.5362023 -0.8416808 -0.5980896 0.003787577 -0.8014204 -0.825039 -0.4000972 -0.39904 -0.820146 0.4084062 -0.4007055 0.1949937 0.3719003 0.9075614 -0.02382069 0.9964408 0.08086085 -0.7798546 0.09176367 0.6191982 0.004156053 0.9870342 0.1604564 -0.9727928 0.09040069 0.2133123 -0.00842446 -0.9982998 0.05767637 0.9890554 0.1181552 -0.08836787 0.5858476 0.4585403 0.6682241 0.3390535 0.05432677 0.9391973 0.7363377 -0.6763443 -0.019113 -0.4795513 0.02916669 0.8770291 -0.735724 0.4083303 0.5403487 -0.4330774 -0.7425981 0.5108738 -0.635975 -0.7533594 -0.1672888 0.4398447 -0.6759313 0.5913151 -0.7363442 -0.6763373 -0.0191071 -0.3390574 0.05431705 0.9391964 -0.5858474 0.4585406 0.668224 -0.4398397 -0.6759353 0.5913141 0.6359865 -0.7533512 -0.1672824 0.4330793 -0.7425958 0.5108756 0.7357237 0.4083306 0.5403488 0.4795494 0.02918475 0.8770295 0.0418629 0.5022405 -0.8637142 0.888778 -0.4130159 -0.1987246 0.7181026 0.4931685 0.4910333 -0.1515731 0.6289595 -0.7625191 -0.7707095 -0.01339572 -0.6370459 -0.9149734 0.358321 0.1855527 -0.04713129 -0.2033869 0.9779634 -0.1298596 -0.483518 0.8656482 0.6504549 0.5038372 0.5683807 0.4263174 0.1196731 0.8966225 0.6739367 -0.7368506 0.05348509 -0.4445062 0.1349458 0.885553 -0.6974917 0.5571131 0.4506998 -0.4719142 -0.7101899 0.5224246 -0.6974533 -0.7118721 -0.08244436 0.4525948 -0.7067443 0.5437559 -0.4130915 0.04929018 0.9093546 0.106868 0.7339659 0.670726 -0.4345751 0.9006354 -6.17579e-4 0.06208568 -0.4109591 0.9095373 -0.457691 -0.8878672 0.04701912 -0.205558 -0.8468766 -0.490455 -0.3730493 0.0424329 -0.9268407 0.08911466 0.7231699 -0.6848971 0.4345778 0.9006341 -6.26802e-4 -0.1068766 0.7339602 0.6707309 0.4131082 0.04932481 0.9093453 -0.0891183 0.7231687 -0.6848978 0.3730515 0.04239809 -0.9268415 0.2055858 -0.8468711 -0.4904527 0.4576765 -0.8878759 0.04699629 -0.06208658 -0.4109593 0.9095371 -0.6739362 -0.7368509 0.05348616 -0.4263169 0.1196736 0.8966227 -0.6504603 0.503834 0.5683775 -0.4525924 -0.7067447 0.5437575 0.6974594 -0.7118664 -0.08244138 0.471906 -0.7101954 0.5224244 0.6974897 0.5571151 0.4507005 0.4445075 0.1349429 0.8855527 6.33014e-5 -0.9833955 -0.1814755 0 0.1411094 -0.989994 5.79038e-5 0.1410874 -0.9899972 1.42509e-4 -0.9833988 -0.1814576 1.77082e-4 0.01286971 0.9999172 1.22622e-4 0.01289743 0.9999169 1.43914e-4 0.999731 -0.02319657 6.08065e-5 0.9997313 -0.02318334 -0.4755114 0.8763594 -0.07670146 0.42048 0.5369686 -0.7313421 -0.6078511 0.6484294 0.4583192 -0.9794656 0.1044757 -0.1724296 -0.8154247 0.1630264 0.5554324 -0.6841281 -0.5789754 0.4435722 0.3946084 -0.8654046 -0.3088028 -0.2869389 -0.897751 -0.3342295 -0.2850835 -0.3374136 -0.8971508 0.689683 -0.5727843 0.4430077 0.9794677 0.1044663 -0.1724236 0.8154295 0.1630325 0.5554236 0.5732347 0.6879457 0.445121 0.7586583 0.439845 0.4805976 0.5543884 -0.2893623 0.7803352 0.7794137 -0.6057132 -0.1600808 0.5709104 0.3073778 0.7613017 -0.7657747 0.4246855 0.4829404 -0.5738531 0.2973514 0.7630695 -0.7636813 -0.6261668 -0.1571818 -0.552852 -0.3024134 0.7764669 -0.3919587 -0.5744871 -0.7185632 0.389792 -0.5686543 -0.7243581 0.3009096 -0.1049234 -0.9478632 0.7971915 -0.1577321 -0.5827575 0.5168448 0.6607628 -0.5443015 0.9321473 0.3589484 -0.0475139 -0.5981062 0.003797888 -0.8014079 0.07922881 9.5702e-4 -0.9968561 0.07007569 0.5332636 -0.8430417 0.9951368 -0.007386803 0.09822547 0.8149787 0.5740991 0.07886713 0.1966018 -0.9223423 -0.3326144 -0.1974353 -0.9223891 -0.3319905 0.7222298 0.2641008 -0.6392456 0.4609166 -0.2791214 0.8424056 0.9319795 -0.09741616 0.3491769 0.1486499 0.8148018 0.5603582 -0.8503314 0.2951065 -0.4357163 -0.7222522 0.2641077 -0.6392175 -0.07104611 0.9973999 -0.01208561 -0.07106214 0.9973987 -0.01208275 -0.06026047 0.01879823 -0.9980056 -0.05916124 0.03847342 0.9975068 -0.0726329 -0.4453122 0.8924246 -0.07287865 -0.4567292 -0.8866156 0.047423 0.998795 0.012636 -0.7370184 0.2484324 0.6285581 -0.9593062 0.1551587 -0.2359182 0.1746288 0.9474918 -0.2678885 0.9689176 0.04900842 0.2424808 0.9064581 0.08320921 -0.414017 -0.05793434 -0.9982678 -0.01025313 0.1965685 -0.9223431 -0.3326321 -0.9686441 0.04822671 0.243727 -0.1974803 -0.922381 -0.3319864 0.05465137 -0.998449 -0.01062452 -0.9067032 0.08282786 -0.4135565 -0.0509001 0.9986216 0.01281398 -0.1759519 0.9473523 -0.2675159 0.958719 0.1546016 -0.2386554 0.7354751 0.2484143 0.6303703 -0.7953204 -0.1707006 -0.5816588 -0.3009082 -0.1049228 -0.9478637 -0.5168229 0.6607547 -0.544332 0 0 -1 3.54446e-6 0 -1 -0.7180858 0.4931915 0.4910346 0.04713439 -0.2033886 0.977963 -0.04187864 0.5022457 -0.8637103 0.7707105 -0.01334208 -0.6370459 -0.4839061 0.855159 -0.1858441 0.3482708 0.7058612 0.6168205 0.6572359 0.2165014 -0.7219198 -0.5047123 0.4462244 0.7390191 -0.5428928 -0.05069345 -0.8382706 -0.5912233 -0.03509169 0.8057442 -0.5420601 -0.6390281 -0.5457233 -0.5046584 -0.5563138 0.660178 -0.1486597 0.8148002 0.5603581 0.8503325 0.2951003 -0.4357183 -0.9319782 -0.09742289 0.3491784 -0.7190557 0 -0.6949524 -0.9875231 0 0.1574745 -0.987523 0 0.1574746 -0.7190616 3.17279e-5 -0.6949464 0.6678224 0 -0.7443207 0.667781 0 -0.7443579 -0.9951398 -0.007382392 0.09819519 -0.1904336 -0.3716003 0.9086519 -0.5981139 -0.003786921 0.8014022 -0.8080749 -0.5834406 0.0813151 -0.07919532 9.8537e-4 -0.9968587 -0.06372672 -0.5362024 -0.8416804 0.5980897 0.003787577 -0.8014202 0.8250429 -0.4000921 -0.3990371 -0.5980818 -0.003789365 0.8014261 -0.1949818 0.3718883 0.9075689 0.8201544 0.4083952 -0.4006994 0.5981062 0.003797888 -0.801408 -0.6227281 0.2435672 -0.7435622 -0.8853463 -0.3795157 0.2685699 -0.002726435 0.2530001 -0.9674625 0.8853493 -0.3795171 0.2685582 0.6228463 0.2435861 -0.7434571 -0.74179 0.1300876 0.6578943 -0.3178129 0.08452457 -0.9443784 -9.16421e-6 0.9140729 0.4055503 0.7424724 -0.2456603 0.6232061 0.7426145 0.5413256 0.3943224 -1.13891e-5 -0.1145005 0.9934233 -0.7425943 0.5413256 0.3943608 -0.7424874 -0.2456583 0.6231889 -0.7425924 0.5413479 -0.3943337 0.8289912 -0.07329183 0.5544383 0.6050865 -0.3293048 -0.7248646 0.5724387 -0.5566174 0.6020724 0.1298572 -0.4835084 0.865654 -0.8887772 -0.4130181 -0.1987237 0.5229845 0.6711985 0.525338 1.34893e-4 0.5764139 0.817158 0.743882 0.5261763 -0.4120416 0 0.9542562 0.2989903 0.9757909 0.1314013 0.1748313 2.5101e-4 -0.13127 0.9913467 0.9718666 0.1590114 -0.1737552 0.9779894 -0.2006268 0.05732047 -0.07922875 9.56999e-4 -0.9968561 -0.07007175 0.5332632 -0.8430423 -0.9951368 -0.007385909 0.09822553 -0.8149786 0.5740994 0.07886677 0.2879019 -0.8977712 -0.3333458 0.2847216 -0.3377226 -0.8971495 0.3250532 0.6350165 -0.7007814 0.145497 0.7855942 0.601392 -0.002739727 0.2530043 -0.9674614 -0.5104776 -0.56318 0.6498007 -0.2315326 -0.2250081 -0.9464482 0.05848401 0.03878635 0.9975346 0.07119625 0.997398 -0.01133161 0.07115989 0.9974004 -0.01135325 0.07159715 -0.4500876 0.8901095 0.05913662 0.01985311 -0.9980525 0.07074016 -0.4521163 -0.8891495 0.7909992 -0.580051 -0.1945797 1.81124e-5 0.6693724 -0.7429271 -0.3458977 0.4988911 -0.7946462 -3.60888e-6 -0.9447291 -0.3278522 -0.3064529 -0.01319903 0.9517943 -6.52671e-6 0.1012775 0.9948583 -0.9321478 0.3589475 -0.04751062 0.1515699 0.6289553 -0.7625234 0.9149712 0.3583357 0.1855351 0.3195928 0.09503138 -0.9427775 -0.3195968 0.09502488 -0.9427769 -0.3920311 -0.3190379 0.8628596 0.9753412 0.2080638 0.07361477 -0.3936581 0.1508316 -0.9067983 -0.3295139 0.6323155 -0.7011404 -0.002746343 0.2529845 -0.9674665 -0.1466792 0.7851669 0.6016629 0.2291727 -0.2264534 -0.9466777 0.5107387 -0.5630791 0.649683 -0.4609192 -0.2791204 0.8424046 -5.50311e-4 0.9682508 0.24998 -0.9042747 0.4152818 -0.09913814 -0.7508035 0.6279257 0.2049474 -5.46858e-4 0.9225853 -0.3857929 0.9041139 0.4156118 -0.09922218 0.3821208 0.4810848 -0.7890129 0.01377111 -0.9937781 0.1105233 0.9727882 0.09041786 0.2133257 0.4359804 0.8544452 0.2825679 -0.1729516 -0.1121619 -0.9785231 -0.179974 -0.5961081 0.7824733 -0.4359769 0.8544322 0.2826126 0.1729801 -0.1121746 -0.9785166 0.179992 -0.5961399 0.782445 -0.9753403 0.2080759 0.07359182 0.3936657 0.1508119 -0.9067984 0.3920314 -0.3190304 0.8628621 0.2768022 -0.7836869 0.5560715 0.6109572 0.05150729 0.7899864 -0.7909812 -0.5800803 -0.1945649 0.3458751 0.4988799 -0.794663 0.3064538 -0.01318788 0.9517942 0.6658366 0.03924721 0.7450646 6.18398e-6 0.9140734 -0.405549 0.3995747 0.9167006 -4.06802e-6 0.7426257 0.5413012 -0.3943352 -0.05126065 0.9986839 -0.00170052 -0.3996117 0.9166845 -7.15256e-7 0.05124998 0.9986854 9.3851e-4 0.4254297 -0.4035491 0.8100357 -0.5186169 -0.852728 0.06238228 0.5132315 -0.8562855 0.05804002 -0.4254372 -0.4035914 0.8100106 0.3608781 0.5751909 0.7341135 -0.3612769 0.5750131 0.7340565 -0.9776506 -0.2102348 -8.80147e-4 -0.8837203 0.4679789 0.00585252 -0.9776794 -0.2100996 -0.001120328 -0.9718241 0.1591372 -0.1738777 -0.9780065 -0.200617 0.05706292 -5.54389e-5 -0.9999685 -0.007943511 -5.53033e-5 -0.9999685 -0.007943511 -5.53581e-5 -0.9999685 -0.007943511 -5.98101e-5 -0.9999688 -0.007898151 -5.97602e-5 -0.9999688 -0.007898151 -5.98208e-5 -0.9999688 -0.007898151 -5.97618e-5 -0.9999685 -0.007939994 -5.9689e-5 -0.9999685 -0.007939994 -5.98053e-5 -0.9999685 -0.007939994 1 0 3.8335e-7 -0.2194256 3.74019e-6 0.9756293 -0.2603082 -0.9655257 2.96468e-7 -0.2603082 0.9655256 1.23531e-5 -0.2194253 -3.65824e-6 -0.9756294 3.04468e-4 2.66538e-4 -1 -0.3825277 0.4809004 -0.7889281 -0.4531282 -0.4467635 -0.7714126 -0.4344986 -0.6262527 -0.6473165 -0.6911113 -0.6732777 0.2627975 0.6970487 -0.6926315 -0.1854314 0.434261 -0.6274629 -0.6463031 0.4531183 -0.4467962 -0.7713994 0.6911044 -0.6733096 0.2627335 -0.6970596 -0.6925945 -0.1855286 0.7503536 0.628438 0.2050252 0.4298841 0.9013146 -0.05321294 -0.4475977 0.5533546 -0.7024635 2.48663e-7 0.7736129 -0.6336585 -0.7438843 0.5261693 -0.4120462 -0.3946018 -0.8654034 -0.3088145 -1 0 3.8335e-7 0.2603082 -0.9655257 1.24946e-5 0.2194256 0 0.9756293 0.2194252 3.61353e-6 -0.9756293 0.2603082 0.9655257 -1.20699e-5 -0.5229828 0.671203 0.5253338 0 -0.4675097 0.883988 -0.8550474 0.3954839 0.33539 4.02145e-6 -0.8642906 -0.5029928 0.8550474 0.395484 0.3353901 -0.9081413 0.1131678 -0.4030787 -0.8750578 0.4838551 0.01257401 -0.6090744 0.7931077 -0.00293672 -0.002746224 0.2529706 -0.9674701 -0.002748548 0.2529708 -0.9674701 -0.002745628 0.2529706 -0.9674701 0.7424585 -0.2456636 -0.6232213 -0.9810158 -0.1939085 -0.002746999 0.8837424 0.4679371 0.005864858 0.8750628 0.4838461 0.0125752 -1 0 0 0.07116174 0.9974001 -0.01136881 0.7948349 -0.6061295 -0.0290625 0.02363204 0.3610773 -0.9322365 0.1805447 -0.4879916 0.8539718 -0.7947829 -0.6062142 -0.02871519 -0.07103967 0.9974002 -0.01210224 -0.02409964 0.3612012 -0.9321765 -0.1800529 -0.4880891 0.8540199 1 -2.33769e-7 0 -1 -2.33769e-7 0 -0.605086 -0.3292855 -0.7248738 0.5429029 -0.05064308 -0.8382672 0.5420907 -0.6390321 -0.5456884 -0.6572412 0.2165114 -0.721912 -0.8289428 -0.07331573 0.5545076 -0.3482708 0.7058612 0.6168204 -0.5724493 -0.5566574 0.6020252 0.4838668 0.8551767 -0.1858654 0.5047053 0.446225 0.7390236 -5.80912e-5 -0.9999685 -0.007933378 -5.80966e-5 -0.9999685 -0.007933378 -5.804e-5 -0.9999685 -0.007933378 -6.04265e-5 -0.999969 -0.007885396 -6.04838e-5 -0.999969 -0.007885396 -6.0386e-5 -0.999969 -0.007885396 0.504625 -0.556352 0.6601713 0.5912463 -0.03508794 0.8057276 0.9777269 -0.2098792 -9.73691e-4 0.9810126 -0.1939248 -0.002743363 0.9810209 -0.193883 -0.002748608 0.6090958 0.7930914 -0.00291568 0 0.8924991 -0.4510495 0 0.8924988 -0.4510496 0 -0.9109106 0.4126038 3.11416e-6 -0.9109106 0.4126038 4.25389e-6 -0.9109106 0.4126038 0 -0.9109107 0.4126036 -6.4848e-6 -0.9109107 0.4126035 -7.25978e-6 -0.9109107 0.4126035 3.3197e-6 -0.4097188 -0.9122119 0 -0.4097188 -0.9122119 1.88398e-6 -0.4097188 -0.9122119 0 -0.4097186 -0.912212 2.60631e-6 -0.4097187 -0.912212 -1.92188e-6 -0.4097186 -0.912212 0 0.4098624 0.9121475 0 0.4098625 0.9121474 0.7154113 0 -0.6987035 -0.6678224 0 -0.7443207 0.7154114 -5.73203e-7 -0.6987035 -0.667781 1.86577e-5 -0.7443579 0.9892877 0 0.145979 0.9892877 0 0.1459791 0 0.7566022 -0.6538754 0 0.7566023 -0.6538754 9.15972e-7 0.7566023 -0.6538754 0 0.7566025 -0.6538752 -1.13202e-6 0.7566024 -0.6538752 -3.6549e-7 0.7566025 -0.6538752 0.9156365 0.0741471 0.3951101 9.76011e-4 -0.8140427 0.5808044 9.74154e-4 -0.8140426 0.5808045 9.77175e-4 -0.8140426 0.5808043 9.761e-4 -0.8140429 0.5808039 9.76782e-4 -0.814043 0.5808039 9.74142e-4 -0.8140429 0.580804 -0.01377207 -0.9937782 0.1105238 0.8989707 0.1060487 -0.4249771 0 -0.1145417 -0.9934185 -0.7424725 -0.2456601 -0.623206 -1.17742e-6 -0.5558156 -0.8313057 0 -0.5558156 -0.8313057 8.95009e-7 -0.5558156 -0.8313057 0 -0.5558158 -0.8313056 0 -0.5558158 -0.8313056 -3.48401e-7 -0.5558158 -0.8313056 7.3947e-7 0.6038137 0.7971255 0 0.6038137 0.7971255 -3.65723e-6 0.6038137 0.7971255 0 0.6038137 0.7971255 2.1793e-6 0.6038137 0.7971255 4.8753e-6 0.6038137 0.7971255 -0.9757494 0.131779 0.1747782 0.184328 -0.9828512 -0.005187749 -0.1839173 -0.982928 -0.005187749</float_array>
          <technique_common>
            <accessor source="#polygon2-mesh-normals-array" count="584" stride="3">
              <param name="X" type="float"/>
              <param name="Y" type="float"/>
              <param name="Z" type="float"/>
            </accessor>
          </technique_common>
        </source>
        <source id="polygon2-mesh-map-0">
          <float_array id="polygon2-mesh-map-0-array" count="5316">0.8914795 0.3015137 0.7799072 0.06420898 0.895874 0.2827148 0.7713623 0.3414307 0.7799072 0.06420898 0.8914795 0.3015137 0.8858643 0.3405762 0.7713623 0.3414307 0.8914795 0.3015137 0.8963623 0.2843018 0.7713623 0.3414307 0.8858643 0.3405762 0.9429932 0.34021 0.8963623 0.2843018 0.8858643 0.3405762 0.9481201 0.2825928 0.8963623 0.2843018 0.9429932 0.34021 0.9481201 0.2825928 0.9481201 0.2825928 0.9429932 0.34021 0.9455567 0.2824707 0.9481201 0.2825928 0.9481201 0.2825928 0.895874 0.2827148 0.9455567 0.2824707 0.9481201 0.2825928 0.8914795 0.3015137 0.9455567 0.2824707 0.895874 0.2827148 0.7799072 0.06420898 0.8914795 0.3015137 0.895874 0.2827148 0.7713623 0.3414307 0.8914795 0.3015137 0.7799072 0.06420898 0.8963623 0.2843018 0.7713623 0.3414307 0.7799072 0.06420898 0.8858643 0.3405762 0.7713623 0.3414307 0.8963623 0.2843018 0.9429932 0.34021 0.8858643 0.3405762 0.8963623 0.2843018 0.9466553 0.3012695 0.8858643 0.3405762 0.9429932 0.34021 0.9466553 0.3012695 0.9466553 0.3012695 0.9429932 0.34021 0.9455567 0.2824707 0.9466553 0.3012695 0.9466553 0.3012695 0.9455567 0.2824707 0.9455567 0.2824707 0.9466553 0.3012695 0.9481201 0.2825928 0.9455567 0.2824707 0.9455567 0.2824707 0.895874 0.2827148 0.9481201 0.2825928 0.9455567 0.2824707 0.8963623 0.2843018 0.9481201 0.2825928 0.895874 0.2827148 0.7799072 0.06420898 0.8963623 0.2843018 0.895874 0.2827148 0.7713623 0.3414307 0.8963623 0.2843018 0.7799072 0.06420898 0.1241455 -0.09143066 0.1241455 -0.09143066 0.1079102 0.01440429 0.1942139 -0.1318359 0.1241455 -0.09143066 0.1241455 -0.09143066 0.1942139 -0.1318359 0.1942139 -0.1318359 0.1241455 -0.09143066 0.2496338 -0.08886718 0.1942139 -0.1318359 0.1942139 -0.1318359 0.2496338 -0.08886718 0.2496338 -0.08886718 0.1942139 -0.1318359 0.263916 -0.006225585 0.2496338 -0.08886718 0.2496338 -0.08886718 0.263916 -0.006225585 0.263916 -0.006225585 0.2496338 -0.08886718 0.2508545 0.08630371 0.263916 -0.006225585 0.263916 -0.006225585 0.2508545 0.08630371 0.2508545 0.08630371 0.263916 -0.006225585 0.2009277 0.12854 0.2508545 0.08630371 0.2508545 0.08630371 0.2009277 0.12854 0.2009277 0.12854 0.2508545 0.08630371 0.1317139 0.1066895 0.2009277 0.12854 0.2009277 0.12854 0.1317139 0.1066895 0.1317139 0.1066895 0.2009277 0.12854 0.1079102 0.01440429 0.1317139 0.1066895 0.1317139 0.1066895 0.1079102 0.01440429 0.1079102 0.01440429 0.1317139 0.1066895 0.1241455 -0.09143066 0.1079102 0.01440429 0.1079102 0.01440429 0.1241455 -0.09143066 0.1241455 -0.09143066 0.1079102 0.01440429 0.1942139 -0.1318359 0.1241455 -0.09143066 0.1241455 -0.09143066 0.1942139 -0.1318359 0.1942139 -0.1318359 0.1241455 -0.09143066 0.2496338 -0.08886718 0.1942139 -0.1318359 0.1942139 -0.1318359 0.2496338 -0.08886718 0.2496338 -0.08886718 0.1942139 -0.1318359 0.263916 -0.006225585 0.2496338 -0.08886718 0.2496338 -0.08886718 0.263916 -0.006225585 0.263916 -0.006225585 0.2496338 -0.08886718 0.2508545 0.08630371 0.263916 -0.006225585 0.263916 -0.006225585 0.2508545 0.08630371 0.2508545 0.08630371 0.263916 -0.006225585 0.2009277 0.12854 0.2508545 0.08630371 0.2508545 0.08630371 0.2009277 0.12854 0.2009277 0.12854 0.2508545 0.08630371 0.1385498 0.107666 0.2009277 0.12854 0.2009277 0.12854 0.1317139 0.1066895 0.1385498 0.107666 0.2009277 0.12854 0.1079102 0.01440429 0.1385498 0.107666 0.1317139 0.1066895 0.1079102 0.01440429 0.1079102 0.01440429 0.1317139 0.1066895 0.1241455 -0.09143066 0.1079102 0.01440429 0.1079102 0.01440429 0.6645508 0.1643066 0.4893799 0.2912598 0.6101074 0.3348389 0.5574951 0.05810546 0.4893799 0.2912598 0.6645508 0.1643066 0.668457 0.009887695 0.5574951 0.05810546 0.6645508 0.1643066 0.5626221 -3.66211e-4 0.5574951 0.05810546 0.668457 0.009887695 0.6646729 -0.06140136 0.5626221 -3.66211e-4 0.668457 0.009887695 0.5596924 -0.06127929 0.5626221 -3.66211e-4 0.6646729 -0.06140136 0.4848633 -0.2004395 0.5596924 -0.06127929 0.6646729 -0.06140136 0.482666 -0.06103515 0.5596924 -0.06127929 0.4848633 -0.2004395 0.5596924 -0.06127929 0.482666 -0.06103515 0.4848633 -0.2004395 0.4815674 -4.88281e-4 0.482666 -0.06103515 0.5596924 -0.06127929 0.5626221 -3.66211e-4 0.4815674 -4.88281e-4 0.5596924 -0.06127929 0.4825439 0.0559082 0.4815674 -4.88281e-4 0.5626221 -3.66211e-4 0.5574951 0.05810546 0.4825439 0.0559082 0.5626221 -3.66211e-4 0.4893799 0.2912598 0.4825439 0.0559082 0.5574951 0.05810546 0.6645508 0.1643066 0.4893799 0.2912598 0.5574951 0.05810546 0.6101074 0.3348389 0.4893799 0.2912598 0.6645508 0.1643066 0.1079102 0.01440429 0.1241455 -0.09143066 0.1241455 -0.09143066 0.1079102 0.01440429 0.1241455 -0.09143066 0.1079102 0.01440429 0.1317139 0.1066895 0.1079102 0.01440429 0.1079102 0.01440429 0.1317139 0.1066895 0.1079102 0.01440429 0.1317139 0.1066895 0.2009277 0.12854 0.1317139 0.1066895 0.1317139 0.1066895 0.2009277 0.12854 0.1317139 0.1066895 0.2009277 0.12854 0.2508545 0.08630371 0.2009277 0.12854 0.2009277 0.12854 0.2508545 0.08630371 0.2009277 0.12854 0.2508545 0.08630371 0.263916 -0.006225585 0.2508545 0.08630371 0.2508545 0.08630371 0.263916 -0.006225585 0.2508545 0.08630371 0.263916 -0.006225585 0.2496338 -0.08886718 0.263916 -0.006225585 0.263916 -0.006225585 0.2496338 -0.08886718 0.263916 -0.006225585 0.2496338 -0.08886718 0.1942139 -0.1318359 0.2496338 -0.08886718 0.2496338 -0.08886718 0.1942139 -0.1318359 0.2496338 -0.08886718 0.1942139 -0.1318359 0.1241455 -0.09143066 0.1942139 -0.1318359 0.1942139 -0.1318359 0.1241455 -0.09143066 0.1942139 -0.1318359 0.1241455 -0.09143066 0.1079102 0.01440429 0.1241455 -0.09143066 0.1241455 -0.09143066 0.1079102 0.01440429 0.1241455 -0.09143066 0.1079102 0.01440429 0.1317139 0.1066895 0.1079102 0.01440429 0.1079102 0.01440429 0.1385498 0.107666 0.1079102 0.01440429 0.1317139 0.1066895 0.2009277 0.12854 0.1385498 0.107666 0.1317139 0.1066895 0.2009277 0.12854 0.1385498 0.107666 0.2009277 0.12854 0.2508545 0.08630371 0.2009277 0.12854 0.2009277 0.12854 0.2508545 0.08630371 0.2009277 0.12854 0.2508545 0.08630371 0.263916 -0.006225585 0.2508545 0.08630371 0.2508545 0.08630371 0.263916 -0.006225585 0.2508545 0.08630371 0.263916 -0.006225585 0.2496338 -0.08886718 0.263916 -0.006225585 0.263916 -0.006225585 0.2496338 -0.08886718 0.263916 -0.006225585 0.2496338 -0.08886718 0.1942139 -0.1318359 0.2496338 -0.08886718 0.2496338 -0.08886718 0.1942139 -0.1318359 0.2496338 -0.08886718 0.1942139 -0.1318359 0.1241455 -0.09143066 0.1942139 -0.1318359 0.1942139 -0.1318359 0.1241455 -0.09143066 0.1942139 -0.1318359 0.1241455 -0.09143066 0.7719727 0.3331299 0.7617188 0.2810059 0.7905273 0.2802734 0.7935791 0.2965088 0.7617188 0.2810059 0.7719727 0.3331299 0.7935791 0.2965088 0.7935791 0.2965088 0.7719727 0.3331299 0.8110352 0.2416992 0.7935791 0.2965088 0.7935791 0.2965088 0.7928467 -0.3012695 0.8110352 0.2416992 0.7935791 0.2965088 0.7905273 0.2802734 0.8110352 0.2416992 0.7928467 -0.3012695 0.7928467 -0.3044434 0.7905273 0.2802734 0.7928467 -0.3012695 0.7731934 -0.3491211 0.7905273 0.2802734 0.7928467 -0.3044434 0.850708 -0.3594971 0.7731934 -0.3491211 0.7928467 -0.3044434 0.7928467 -0.3012695 0.7731934 -0.3491211 0.850708 -0.3594971 0.8525391 -0.3012695 0.7928467 -0.3012695 0.850708 -0.3594971 0.864502 -0.2502441 0.7928467 -0.3012695 0.8525391 -0.3012695 0.7255859 0.3897705 0.72229 0.3736572 0.7225342 0.3640137 0.7650146 0.373291 0.72229 0.3736572 0.7255859 0.3897705 0.760498 0.3897705 0.7650146 0.373291 0.7255859 0.3897705 0.7655029 0.3637695 0.7650146 0.373291 0.760498 0.3897705 0.7570801 0.4165039 0.7655029 0.3637695 0.760498 0.3897705 0.7543945 0.3730469 0.7655029 0.3637695 0.7570801 0.4165039 0.7526855 0.4162598 0.7543945 0.3730469 0.7570801 0.4165039 0.7351074 0.416626 0.7543945 0.3730469 0.7526855 0.4162598 0.7287598 0.4176025 0.7351074 0.416626 0.7526855 0.4162598 0.7333984 0.3735352 0.7351074 0.416626 0.7287598 0.4176025 0.7225342 0.3640137 0.7333984 0.3735352 0.7287598 0.4176025 0.9163818 -0.2502441 0.8587646 -0.3012695 0.8702393 -0.2502441 0.9090576 -0.3012695 0.8587646 -0.3012695 0.9163818 -0.2502441 1.025269 -0.2502441 0.9090576 -0.3012695 0.9163818 -0.2502441 1.027344 -0.3012695 0.9090576 -0.3012695 1.025269 -0.2502441 0.9090576 -0.3012695 1.027344 -0.3012695 1.025269 -0.2502441 1.02771 -0.3594971 1.027344 -0.3012695 0.9090576 -0.3012695 0.9078369 -0.3594971 1.02771 -0.3594971 0.9090576 -0.3012695 0.9090576 -0.3044434 1.02771 -0.3594971 0.9078369 -0.3594971 0.8587646 -0.3044434 0.9090576 -0.3044434 0.9078369 -0.3594971 0.8702393 -0.2502441 0.9090576 -0.3044434 0.8587646 -0.3044434 0.9090576 -0.3044434 0.8702393 -0.2502441 0.8587646 -0.3044434 0.9163818 -0.2502441 0.8702393 -0.2502441 0.9090576 -0.3044434 1.027344 -0.3044434 0.9163818 -0.2502441 0.9090576 -0.3044434 1.025269 -0.2502441 0.9163818 -0.2502441 1.027344 -0.3044434 0.9163818 -0.2502441 1.025269 -0.2502441 1.027344 -0.3044434 0.9090576 -0.3012695 1.025269 -0.2502441 0.9163818 -0.2502441 0.8587646 -0.3012695 0.9090576 -0.3012695 0.9163818 -0.2502441 0.9078369 -0.3594971 0.9090576 -0.3012695 0.8587646 -0.3012695 0.8570557 -0.3594971 0.9078369 -0.3594971 0.8587646 -0.3012695 0.8587646 -0.3044434 0.9078369 -0.3594971 0.8570557 -0.3594971 0.7050781 0.4493408 0.7021484 0.4263916 0.7070313 0.4377441 0.6977539 0.4431152 0.7021484 0.4263916 0.7050781 0.4493408 0.6939697 0.4575195 0.6977539 0.4431152 0.7050781 0.4493408 0.6827393 0.4492188 0.6977539 0.4431152 0.6939697 0.4575195 0.6721191 0.4575195 0.6827393 0.4492188 0.6939697 0.4575195 0.6690674 0.442627 0.6827393 0.4492188 0.6721191 0.4575195 0.6616211 0.4493408 0.6690674 0.442627 0.6721191 0.4575195 0.6591797 0.4346924 0.6690674 0.442627 0.6616211 0.4493408 0.6673584 0.4273682 0.6591797 0.4346924 0.6616211 0.4493408 0.4500732 0.5238037 0.4500732 0.4969482 0.4500732 0.4702148 -0.4500732 0.4969482 0.4500732 0.4969482 0.4500732 0.5238037 -0.4500732 0.5238037 -0.4500732 0.4969482 0.4500732 0.5238037 -0.4500732 0.4702148 -0.4500732 0.4969482 -0.4500732 0.5238037 -0.4500732 0.4969482 -0.4500732 0.4702148 -0.4500732 0.5238037 0.4500732 0.4702148 -0.4500732 0.4702148 -0.4500732 0.4969482 0.4500732 0.4969482 0.4500732 0.4702148 -0.4500732 0.4969482 0.4500732 0.5238037 0.4500732 0.4702148 0.4500732 0.4969482 -0.4500732 0.5238037 0.4500732 0.5238037 0.4500732 0.4969482 0.5975342 0.4117432 0.585083 0.440918 0.585083 0.479126 0.5722656 0.44104 0.585083 0.440918 0.5975342 0.4117432 0.5722656 0.4117432 0.5722656 0.44104 0.5975342 0.4117432 0.5841064 0.44104 0.5722656 0.44104 0.5722656 0.4117432 0.5841064 0.4117432 0.5841064 0.44104 0.5722656 0.4117432 0.5969238 0.44104 0.5841064 0.44104 0.5841064 0.4117432 0.6070557 0.4117432 0.5969238 0.44104 0.5841064 0.4117432 0.6070557 0.4951172 0.5969238 0.44104 0.6070557 0.4117432 0.5975342 0.4951172 0.6070557 0.4951172 0.6070557 0.4117432 0.7928467 -0.3012695 0.864502 -0.2502441 0.8525391 -0.3012695 0.8095703 -0.2502441 0.864502 -0.2502441 0.7928467 -0.3012695 0.7935791 0.2965088 0.8095703 -0.2502441 0.7928467 -0.3012695 0.7928467 -0.3044434 0.8095703 -0.2502441 0.7935791 0.2965088 0.7905273 0.2802734 0.7928467 -0.3044434 0.7935791 0.2965088 0.7731934 -0.3491211 0.7928467 -0.3044434 0.7905273 0.2802734 0.7617188 0.2810059 0.7731934 -0.3491211 0.7905273 0.2802734 0.7928467 -0.3012695 0.7731934 -0.3491211 0.7617188 0.2810059 0.7935791 0.2965088 0.7928467 -0.3012695 0.7617188 0.2810059 0.1131592 -0.1258545 0.1131592 -0.1258545 0.2683105 -0.1256104 0.1131592 0.1306152 0.1131592 -0.1258545 0.1131592 -0.1258545 0.1131592 0.1306152 0.1131592 0.1306152 0.1131592 -0.1258545 0.2683105 0.1306152 0.1131592 0.1306152 0.1131592 0.1306152 0.2683105 0.1306152 0.2683105 0.1306152 0.1131592 0.1306152 0.2683105 -0.1256104 0.2683105 0.1306152 0.2683105 0.1306152 0.2683105 -0.1256104 0.2683105 -0.1256104 0.2683105 0.1306152 0.1131592 -0.1258545 0.2683105 -0.1256104 0.2683105 -0.1256104 0.2683105 -0.1256104 0.1131592 -0.1258545 0.1131592 -0.1258545 0.2683105 -0.1256104 0.1131592 -0.1258545 0.2683105 -0.1256104 0.2683105 0.1306152 0.2683105 -0.1256104 0.2683105 -0.1256104 0.2683105 0.1306152 0.2683105 -0.1256104 0.2683105 0.1306152 0.1131592 0.1306152 0.2683105 0.1306152 0.2683105 0.1306152 0.1131592 0.1306152 0.2683105 0.1306152 0.1131592 0.1306152 0.1131592 -0.1258545 0.1131592 0.1306152 0.1131592 0.1306152 0.1131592 -0.1258545 0.1131592 0.1306152 0.1131592 -0.1258545 0.01049804 0.2561035 0.01037597 0.2419434 0.01037597 0.2419434 0.01049804 0.2561035 0.01037597 0.2419434 0.01049804 0.2561035 0.01037597 0.2706299 0.01049804 0.2561035 0.01049804 0.2561035 0.01037597 0.2706299 0.01049804 0.2561035 0.01037597 0.2706299 0.01049804 0.2849121 0.01037597 0.2706299 0.01037597 0.2706299 0.01049804 0.2849121 0.01037597 0.2706299 0.01049804 0.2849121 0.01037597 0.2993164 0.01049804 0.2849121 0.01049804 0.2849121 0.01037597 0.2993164 0.01049804 0.2849121 0.01037597 0.2993164 0.1131592 -0.1258545 0.1131592 -0.1258545 0.2683105 -0.1256104 0.1131592 0.1306152 0.1131592 -0.1258545 0.1131592 -0.1258545 0.1131592 0.1306152 0.1131592 0.1306152 0.1131592 -0.1258545 0.2683105 0.1306152 0.1131592 0.1306152 0.1131592 0.1306152 0.2683105 0.1306152 0.2683105 0.1306152 0.1131592 0.1306152 0.2683105 -0.1256104 0.2683105 0.1306152 0.2683105 0.1306152 0.2683105 -0.1256104 0.2683105 -0.1256104 0.2683105 0.1306152 0.1131592 -0.1258545 0.2683105 -0.1256104 0.2683105 -0.1256104 -0.04187011 0.3046875 -0.1004639 0.2877197 -0.04199218 0.2529297 -0.09960937 0.3153076 -0.1004639 0.2877197 -0.04187011 0.3046875 -0.04187011 0.3046875 -0.09960937 0.3153076 -0.04187011 0.3046875 -0.09985351 0.2890625 -0.09960937 0.3153076 -0.04187011 0.3046875 -0.04199218 0.2529297 -0.09985351 0.2890625 -0.04187011 0.3046875 -0.09960937 0.2293701 -0.09985351 0.2890625 -0.04199218 0.2529297 -0.04199218 0.2529297 -0.09960937 0.2293701 -0.04199218 0.2529297 -0.1004639 0.2877197 -0.09960937 0.2293701 -0.04199218 0.2529297 -0.04199218 0.2529297 -0.1004639 0.2877197 -0.04187011 0.3046875 -0.09960937 0.2293701 -0.1004639 0.2877197 -0.04199218 0.2529297 -0.04199218 0.2529297 -0.09960937 0.2293701 -0.04199218 0.2529297 -0.09985351 0.2890625 -0.09960937 0.2293701 -0.04199218 0.2529297 -0.04187011 0.3046875 -0.09985351 0.2890625 -0.04199218 0.2529297 -0.09960937 0.3153076 -0.09985351 0.2890625 -0.04187011 0.3046875 -0.04187011 0.3046875 -0.09960937 0.3153076 -0.04187011 0.3046875 -0.1004639 0.2877197 -0.09960937 0.3153076 -0.04187011 0.3046875 0.2683105 -0.1256104 0.1131592 -0.1258545 0.1131592 -0.1258545 0.2683105 -0.1256104 0.1131592 -0.1258545 0.2683105 -0.1256104 0.2683105 0.1306152 0.2683105 -0.1256104 0.2683105 -0.1256104 0.2683105 0.1306152 0.2683105 -0.1256104 0.2683105 0.1306152 0.1131592 0.1306152 0.2683105 0.1306152 0.2683105 0.1306152 0.1131592 0.1306152 0.2683105 0.1306152 0.1131592 0.1306152 0.1131592 -0.1258545 0.1131592 0.1306152 0.1131592 0.1306152 0.1131592 -0.1258545 0.1131592 0.1306152 0.1131592 -0.1258545 1.106812 -0.2966309 0.8935547 -0.2608643 1.106201 -0.2608643 0.8920898 -0.2966309 0.8935547 -0.2608643 1.106812 -0.2966309 1.106812 -0.3527832 0.8920898 -0.2966309 1.106812 -0.2966309 0.8936768 -0.3531494 0.8920898 -0.2966309 1.106812 -0.3527832 1.111084 -0.3076172 0.8936768 -0.3531494 1.106812 -0.3527832 0.8898926 -0.3076172 0.8936768 -0.3531494 1.111084 -0.3076172 1.106201 -0.2608643 0.8898926 -0.3076172 1.111084 -0.3076172 0.8935547 -0.2608643 0.8898926 -0.3076172 1.106201 -0.2608643 0.6398926 -0.1774902 0.5882568 -0.1313477 0.6398926 -0.119751 0.5878906 -0.1873779 0.5882568 -0.1313477 0.6398926 -0.1774902 0.6403809 -0.2219238 0.5878906 -0.1873779 0.6398926 -0.1774902 0.5880127 -0.2219238 0.5878906 -0.1873779 0.6403809 -0.2219238 0.5877686 -0.2589111 0.5880127 -0.2219238 0.6403809 -0.2219238 0.5368652 -0.2218018 0.5880127 -0.2219238 0.5877686 -0.2589111 0.5369873 -0.2503662 0.5368652 -0.2218018 0.5877686 -0.2589111 0.6403809 -0.2662354 0.5875244 -0.3151855 0.6408691 -0.3303223 0.5877686 -0.2589111 0.5875244 -0.3151855 0.6403809 -0.2662354 0.6403809 -0.2219238 0.5877686 -0.2589111 0.6403809 -0.2662354 0.5880127 -0.2219238 0.5877686 -0.2589111 0.6403809 -0.2219238 0.5878906 -0.1873779 0.5880127 -0.2219238 0.6403809 -0.2219238 0.5368652 -0.1958008 0.5880127 -0.2219238 0.5878906 -0.1873779 0.5882568 -0.1313477 0.5368652 -0.1958008 0.5878906 -0.1873779 -0.3492432 0.692749 -0.3464355 0.583252 -0.3511963 0.6914063 -0.3497314 0.5949707 -0.3464355 0.583252 -0.3492432 0.692749 -0.3837891 0.6907959 -0.3497314 0.5949707 -0.3492432 0.692749 -0.3835449 0.5936279 -0.3497314 0.5949707 -0.3837891 0.6907959 -0.3909912 0.6942139 -0.3835449 0.5936279 -0.3837891 0.6907959 -0.3980713 0.6156006 -0.3835449 0.5936279 -0.3909912 0.6942139 -0.5206299 0.5968018 -0.4090576 0.6079102 -0.5628662 0.6168213 -0.4440918 0.5968018 -0.4090576 0.6079102 -0.5206299 0.5968018 -0.4440918 0.6224365 -0.4440918 0.5968018 -0.5206299 0.5968018 -0.4205322 0.6328125 -0.4440918 0.5968018 -0.4440918 0.6224365 -0.4620361 0.8081055 -0.4205322 0.6328125 -0.4440918 0.6224365 -0.4291992 0.7598877 -0.4205322 0.6328125 -0.4620361 0.8081055 0.6070557 0.4951172 0.5969238 0.479126 0.5969238 0.44104 0.5841064 0.479126 0.5969238 0.479126 0.6070557 0.4951172 0.5841064 0.4951172 0.5841064 0.479126 0.6070557 0.4951172 0.5722656 0.479126 0.5841064 0.479126 0.5841064 0.4951172 0.5722656 0.4951172 0.5722656 0.479126 0.5841064 0.4951172 0.5975342 0.4951172 0.5722656 0.479126 0.5722656 0.4951172 1.207031 0.2739258 1.207031 0.2739258 1.193604 0.2818604 1.229248 0.3381348 1.207031 0.2739258 1.207031 0.2739258 1.237549 0.2814941 1.229248 0.3381348 1.207031 0.2739258 1.222778 0.300415 1.229248 0.3381348 1.237549 0.2814941 1.206421 0.06408691 1.222778 0.300415 1.237549 0.2814941 1.193604 0.2818604 1.222778 0.300415 1.206421 0.06408691 1.739502 -0.3916016 1.545166 -0.3900146 1.544922 -0.3363037 1.545166 -0.4360352 1.545166 -0.3900146 1.739502 -0.3916016 1.739502 -0.4324951 1.545166 -0.4360352 1.739502 -0.3916016 1.544922 -0.3363037 1.545166 -0.4360352 1.739502 -0.4324951 1.739502 -0.3361816 1.544922 -0.3363037 1.739502 -0.4324951 1.739502 -0.3916016 1.544922 -0.3363037 1.739502 -0.3361816 0.7800293 0.005859375 0.815918 0.2824707 0.7667236 0.01416015 0.7967529 0.2678223 0.815918 0.2824707 0.7800293 0.005859375 0.7559814 0.006469726 0.7967529 0.2678223 0.7800293 0.005859375 0.7750244 0.2929688 0.7967529 0.2678223 0.7559814 0.006469726 0.7872314 -7.32422e-4 0.7750244 0.2929688 0.7559814 0.006469726 0.8013916 0.284668 0.7750244 0.2929688 0.7872314 -7.32422e-4 1.243164 0.006469726 1.198608 0.284668 1.215698 -0.002441406 1.225098 0.2888184 1.198608 0.284668 1.243164 0.006469726 1.2229 0.00427246 1.225098 0.2888184 1.243164 0.006469726 1.202393 0.2681885 1.225098 0.2888184 1.2229 0.00427246 1.230835 0.01428222 1.202393 0.2681885 1.2229 0.00427246 1.187256 0.2810059 1.202393 0.2681885 1.230835 0.01428222 -0.5338135 0.6280518 -0.5628662 0.6168213 -0.5585938 0.703125 -0.5206299 0.5968018 -0.5628662 0.6168213 -0.5338135 0.6280518 -0.5206299 0.6224365 -0.5206299 0.5968018 -0.5338135 0.6280518 -0.4440918 0.6224365 -0.5206299 0.5968018 -0.5206299 0.6224365 -0.5090332 0.802002 -0.4440918 0.6224365 -0.5206299 0.6224365 -0.4620361 0.8081055 -0.4440918 0.6224365 -0.5090332 0.802002 0.1304932 0.1436768 0.1097412 0.2781982 0.1101074 0.1751708 0.1293945 0.3182373 0.1097412 0.2781982 0.1304932 0.1436768 0.2364502 0.1442871 0.1293945 0.3182373 0.1304932 0.1436768 0.2365723 0.3182373 0.1293945 0.3182373 0.2364502 0.1442871 0.2570801 0.1744385 0.2365723 0.3182373 0.2364502 0.1442871 0.2570801 0.2784424 0.2365723 0.3182373 0.2570801 0.1744385 0.1385498 0.107666 0.1241455 -0.09143066 0.1079102 0.01440429 0.1942139 -0.1318359 0.1241455 -0.09143066 0.1385498 0.107666 0.2009277 0.12854 0.1942139 -0.1318359 0.1385498 0.107666 0.2496338 -0.08886718 0.1942139 -0.1318359 0.2009277 0.12854 0.2508545 0.08630371 0.2496338 -0.08886718 0.2009277 0.12854 0.263916 -0.006225585 0.2496338 -0.08886718 0.2508545 0.08630371 0.01306152 0.2949219 0.02905273 0.2922363 0.02905273 0.2922363 0.01306152 0.2949219 0.02905273 0.2922363 0.01306152 0.2949219 0.01440429 0.2478027 0.01306152 0.2949219 0.01306152 0.2949219 0.01440429 0.2478027 0.01306152 0.2949219 0.01440429 0.2478027 0.02990722 0.2478027 0.01440429 0.2478027 0.01440429 0.2478027 0.02990722 0.2478027 0.01440429 0.2478027 0.02990722 0.2478027 1.302612 0.7641602 1.05835 0.9892578 1.345215 0.9903564 1.035278 0.7391357 1.05835 0.9892578 1.302612 0.7641602 1.304321 0.6550293 1.035278 0.7391357 1.302612 0.7641602 1.04126 0.6352539 1.035278 0.7391357 1.304321 0.6550293 1.304932 0.5209961 1.04126 0.6352539 1.304321 0.6550293 1.037109 0.5234375 1.04126 0.6352539 1.304932 0.5209961 1.207031 0.2739258 1.206421 0.06408691 1.237549 0.2814941 1.193604 0.2818604 1.206421 0.06408691 1.207031 0.2739258 1.193604 0.2818604 1.193604 0.2818604 1.207031 0.2739258 1.222778 0.300415 1.193604 0.2818604 1.193604 0.2818604 1.206421 0.06408691 1.222778 0.300415 1.193604 0.2818604 1.237549 0.2814941 1.222778 0.300415 1.206421 0.06408691 0.2496338 -0.08886718 0.2508545 0.08630371 0.263916 -0.006225585 0.2009277 0.12854 0.2508545 0.08630371 0.2496338 -0.08886718 0.1942139 -0.1318359 0.2009277 0.12854 0.2496338 -0.08886718 0.1317139 0.1066895 0.2009277 0.12854 0.1942139 -0.1318359 0.1241455 -0.09143066 0.1317139 0.1066895 0.1942139 -0.1318359 0.1079102 0.01440429 0.1317139 0.1066895 0.1241455 -0.09143066 0.574585 0.5030518 0.574585 0.4224854 0.574585 0.5030518 0.574585 0.4224854 0.574585 0.4224854 0.574585 0.5030518 0.6083984 0.5030518 0.574585 0.4224854 0.574585 0.5030518 0.6083984 0.4224854 0.574585 0.4224854 0.6083984 0.5030518 0.5740967 0.5030518 0.6083984 0.4224854 0.6083984 0.5030518 0.5740967 0.4224854 0.6083984 0.4224854 0.5740967 0.5030518 0.815918 0.2824707 0.7872314 -7.32422e-4 0.7667236 0.01416015 0.8013916 0.284668 0.7872314 -7.32422e-4 0.815918 0.2824707 1.187256 0.2810059 0.8013916 0.284668 0.815918 0.2824707 1.198608 0.284668 0.8013916 0.284668 1.187256 0.2810059 1.230835 0.01428222 1.198608 0.284668 1.187256 0.2810059 1.215698 -0.002441406 1.198608 0.284668 1.230835 0.01428222 0.5722656 0.44104 0.5975342 0.4117432 0.585083 0.440918 0.5722656 0.4117432 0.5975342 0.4117432 0.5722656 0.44104 0.5841064 0.44104 0.5722656 0.4117432 0.5722656 0.44104 0.5841064 0.4117432 0.5722656 0.4117432 0.5841064 0.44104 0.5969238 0.44104 0.5841064 0.4117432 0.5841064 0.44104 0.6070557 0.4117432 0.5841064 0.4117432 0.5969238 0.44104 0.5975342 0.4117432 0.585083 0.479126 0.585083 0.440918 0.5975342 0.4951172 0.585083 0.479126 0.5975342 0.4117432 0.6070557 0.4117432 0.5975342 0.4951172 0.5975342 0.4117432 0.6070557 0.4951172 0.5975342 0.4951172 0.6070557 0.4117432 0.5969238 0.44104 0.6070557 0.4951172 0.6070557 0.4117432 0.5969238 0.479126 0.6070557 0.4951172 0.5969238 0.44104 0.7380371 0.133667 0.7445068 0.3223877 0.717041 0.3223877 0.6896973 0.3223877 0.7445068 0.3223877 0.7380371 0.133667 0.6960449 0.133667 0.6896973 0.3223877 0.7380371 0.133667 0.717041 0.3223877 0.6896973 0.3223877 0.6960449 0.133667 0.7380371 0.133667 0.717041 0.3223877 0.6960449 0.133667 0.7905273 0.2802734 0.8110352 0.2416992 0.8110352 0.2416992 0.7905273 0.2802734 0.8110352 0.2416992 0.7905273 0.2802734 0.7719727 0.3331299 0.7905273 0.2802734 0.7905273 0.2802734 0.7719727 0.3331299 0.7905273 0.2802734 0.7719727 0.3331299 0.7935791 0.2965088 0.7719727 0.3331299 0.7719727 0.3331299 1.155518 0.00427246 1.024048 0.1611328 1.155762 0.1611328 1.035278 0.01330566 1.024048 0.1611328 1.155518 0.00427246 1.155762 0.1611328 1.035278 0.01330566 1.155518 0.00427246 1.024048 0.1611328 1.035278 0.01330566 1.155762 0.1611328 1.155762 0.1611328 1.024048 0.1611328 1.155762 0.1611328 0.9813232 0.7385254 0.9390869 0.741333 0.9813232 0.7376709 0.9388428 0.7441406 0.9390869 0.741333 0.9813232 0.7385254 0.9813232 0.739624 0.9388428 0.7441406 0.9813232 0.7385254 0.9388428 0.7617188 0.9388428 0.7441406 0.9813232 0.739624 0.9813232 0.7539063 0.9388428 0.7617188 0.9813232 0.739624 0.01049804 0.2849121 -0.02905273 0.2993164 0.009033203 0.2993164 -0.02905273 0.2849121 -0.02905273 0.2993164 0.01049804 0.2849121 0.009033203 0.2706299 -0.02905273 0.2849121 0.01049804 0.2849121 -0.02905273 0.2706299 -0.02905273 0.2849121 0.009033203 0.2706299 -0.02905273 0.2561035 -0.02905273 0.2706299 0.009033203 0.2706299 0.8653564 0.3293457 0.9078369 0.3231201 0.9017334 0.3323975 0.8896484 0.3195801 0.9078369 0.3231201 0.8653564 0.3293457 0.7874756 0.3278809 0.8896484 0.3195801 0.8653564 0.3293457 0.9173584 0.3122559 0.8896484 0.3195801 0.7874756 0.3278809 0.9155273 0.2969971 0.9173584 0.3122559 0.7874756 0.3278809 0.5841064 0.479126 0.6070557 0.4951172 0.5969238 0.479126 0.5841064 0.4951172 0.6070557 0.4951172 0.5841064 0.479126 0.5722656 0.479126 0.5841064 0.4951172 0.5841064 0.479126 0.5722656 0.4951172 0.5841064 0.4951172 0.5722656 0.479126 0.5975342 0.4951172 0.5722656 0.4951172 0.5722656 0.479126 0.5380859 -0.09521484 0.5380859 -0.03405761 0.5957031 -0.09521484 0.5953369 -0.03405761 0.5380859 -0.03405761 0.5380859 -0.09521484 0.5957031 -0.09521484 0.5953369 -0.03405761 0.5380859 -0.09521484 0.6494141 -0.03405761 0.5953369 -0.03405761 0.5957031 -0.09521484 0.6494141 -0.09521484 0.6494141 -0.03405761 0.5957031 -0.09521484 0.699585 0.1350098 0.6896973 0.3237305 0.717041 0.3237305 0.7445068 0.3237305 0.6896973 0.3237305 0.699585 0.1350098 0.7346191 0.1350098 0.7445068 0.3237305 0.699585 0.1350098 0.717041 0.3237305 0.7445068 0.3237305 0.7346191 0.1350098 0.699585 0.1350098 0.717041 0.3237305 0.7346191 0.1350098 1.545166 -0.4360352 1.739502 -0.3916016 1.545166 -0.3900146 1.739502 -0.4324951 1.739502 -0.3916016 1.545166 -0.4360352 1.545166 -0.3359375 1.739502 -0.4324951 1.545166 -0.4360352 1.739502 -0.3361816 1.739502 -0.4324951 1.545166 -0.3359375 0.6206055 0.7109375 0.5828857 0.5595703 0.5827637 0.7059326 0.6206055 0.5533447 0.5828857 0.5595703 0.6206055 0.7109375 0.6412354 0.7113037 0.6206055 0.5533447 0.6206055 0.7109375 0.6412354 0.5533447 0.6206055 0.5533447 0.6412354 0.7113037 0.4528809 0.4320068 -0.1350098 0.4324951 0.4526367 0.4135742 -0.1350098 0.4324951 -0.1350098 0.4324951 0.4528809 0.4320068 0.4526367 0.428833 -0.1350098 0.4324951 0.4528809 0.4320068 0.4520264 0.3903809 -0.1350098 0.4324951 0.4526367 0.428833 -0.3837891 0.6907959 -0.3743896 0.829834 -0.3842773 0.7940674 -0.3609619 0.8312988 -0.3743896 0.829834 -0.3837891 0.6907959 -0.3492432 0.692749 -0.3609619 0.8312988 -0.3837891 0.6907959 -0.3499756 0.8074951 -0.3609619 0.8312988 -0.3492432 0.692749 0.01049804 0.2561035 0.01037597 0.2706299 0.01049804 0.2561035 0.01037597 0.2706299 0.01037597 0.2706299 0.01049804 0.2561035 0.009033203 0.2706299 0.01037597 0.2706299 0.01049804 0.2561035 0.01049804 0.2849121 0.01037597 0.2706299 0.009033203 0.2706299 0.789917 0.300415 0.7967529 0.2678223 0.7750244 0.2929688 1.212158 0.3029785 0.7967529 0.2678223 0.789917 0.300415 1.198608 0.284668 1.212158 0.3029785 0.789917 0.300415 1.225098 0.2888184 1.212158 0.3029785 1.198608 0.284668 0.6206055 0.5533447 0.6412354 0.7113037 0.6412354 0.5533447 0.6206055 0.7109375 0.6412354 0.7113037 0.6206055 0.5533447 0.5828857 0.5595703 0.6206055 0.7109375 0.6206055 0.5533447 0.5827637 0.7059326 0.6206055 0.7109375 0.5828857 0.5595703 0.699585 0.1350098 0.717041 0.3237305 0.6896973 0.3237305 0.7346191 0.1350098 0.717041 0.3237305 0.699585 0.1350098 0.6896973 0.3237305 0.7346191 0.1350098 0.699585 0.1350098 0.7445068 0.3237305 0.7346191 0.1350098 0.6896973 0.3237305 1.222778 0.300415 1.222778 0.300415 1.193604 0.2818604 1.229248 0.3381348 1.222778 0.300415 1.222778 0.300415 1.237549 0.2814941 1.229248 0.3381348 1.222778 0.300415 1.207031 0.2739258 1.229248 0.3381348 1.237549 0.2814941 -0.1054688 0.2154541 0.04675292 0.1921387 -0.1057129 0.1921387 0.05090332 0.2154541 0.04675292 0.1921387 -0.1054688 0.2154541 0.04675292 0.1921387 0.05090332 0.2154541 -0.1054688 0.2154541 0.09436035 0.1737061 0.05090332 0.2154541 0.04675292 0.1921387 0.7928467 -0.3044434 0.8525391 -0.3044434 0.850708 -0.3594971 0.8095703 -0.2502441 0.8525391 -0.3044434 0.7928467 -0.3044434 0.7928467 -0.3012695 0.8095703 -0.2502441 0.7928467 -0.3044434 0.864502 -0.2502441 0.8095703 -0.2502441 0.7928467 -0.3012695 0.6206055 0.7109375 0.5828857 0.5595703 0.5827637 0.7059326 0.6206055 0.5533447 0.5828857 0.5595703 0.6206055 0.7109375 0.6412354 0.7113037 0.6206055 0.5533447 0.6206055 0.7109375 0.6412354 0.5533447 0.6206055 0.5533447 0.6412354 0.7113037 0.6206055 0.7109375 0.5828857 0.5595703 0.5827637 0.7059326 0.6206055 0.5533447 0.5828857 0.5595703 0.6206055 0.7109375 0.6412354 0.7113037 0.6206055 0.5533447 0.6206055 0.7109375 0.6412354 0.5533447 0.6206055 0.5533447 0.6412354 0.7113037 0.6206055 0.7109375 0.5828857 0.5595703 0.5827637 0.7059326 0.6206055 0.5533447 0.5828857 0.5595703 0.6206055 0.7109375 0.6412354 0.7113037 0.6206055 0.5533447 0.6206055 0.7109375 0.6412354 0.5533447 0.6206055 0.5533447 0.6412354 0.7113037 0.5877686 -0.2589111 0.5369873 -0.2503662 0.5875244 -0.3151855 0.5368652 -0.2218018 0.5369873 -0.2503662 0.5877686 -0.2589111 0.5880127 -0.2219238 0.5368652 -0.2218018 0.5877686 -0.2589111 0.5368652 -0.1958008 0.5368652 -0.2218018 0.5880127 -0.2219238 0.6206055 0.7109375 0.5828857 0.5595703 0.5827637 0.7059326 0.6206055 0.5533447 0.5828857 0.5595703 0.6206055 0.7109375 0.6412354 0.7113037 0.6206055 0.5533447 0.6206055 0.7109375 0.6412354 0.5533447 0.6206055 0.5533447 0.6412354 0.7113037 1.02771 -0.3594971 0.9090576 -0.3012695 1.027344 -0.3012695 0.9078369 -0.3594971 0.9090576 -0.3012695 1.02771 -0.3594971 0.9090576 -0.3044434 0.9078369 -0.3594971 1.02771 -0.3594971 0.8587646 -0.3044434 0.9078369 -0.3594971 0.9090576 -0.3044434 1.87793 1.118896 1.82605 1 1.820801 1.118896 1.858643 1 1.82605 1 1.87793 1.118896 1.87793 0.8811035 1.858643 1 1.87793 1.118896 1.820801 0.8811035 1.858643 1 1.87793 0.8811035 1.87793 0.8811035 1.82605 1 1.820801 0.8811035 1.858643 1 1.82605 1 1.87793 0.8811035 1.87793 1.118896 1.858643 1 1.87793 0.8811035 1.820801 1.118896 1.858643 1 1.87793 1.118896 0.4528809 0.4320068 -0.1350098 0.4324951 0.4526367 0.4135742 -0.1350098 0.4324951 -0.1350098 0.4324951 0.4528809 0.4320068 0.4526367 0.428833 -0.1350098 0.4324951 0.4528809 0.4320068 0.4520264 0.3903809 -0.1350098 0.4324951 0.4526367 0.428833 0.6206055 0.7109375 0.5828857 0.5595703 0.5827637 0.7059326 0.6206055 0.5533447 0.5828857 0.5595703 0.6206055 0.7109375 0.6412354 0.7113037 0.6206055 0.5533447 0.6206055 0.7109375 0.6412354 0.5533447 0.6206055 0.5533447 0.6412354 0.7113037 0.2669678 -0.005371093 0.1369629 -0.1169434 0.2539063 -0.1169434 0.1054688 -0.005493164 0.1369629 -0.1169434 0.2669678 -0.005371093 0.2519531 0.1165771 0.1054688 -0.005493164 0.2669678 -0.005371093 0.1474609 0.1125488 0.1054688 -0.005493164 0.2519531 0.1165771 0.09509277 1.066284 -0.09228515 1.122681 0.08813476 1.122681 -0.0961914 1.066284 -0.09228515 1.122681 0.09509277 1.066284 0.1009521 0.8743896 -0.0961914 1.066284 0.09509277 1.066284 -0.1049805 0.8743896 -0.0961914 1.066284 0.1009521 0.8743896 0.7469482 -0.03747558 0.6882324 -0.03771972 0.7463379 0.04248046 0.6882324 -0.06152343 0.6882324 -0.03771972 0.7469482 -0.03747558 0.7474365 -0.06762695 0.6882324 -0.06152343 0.7469482 -0.03747558 0.7287598 0.4176025 0.7255859 0.3897705 0.7225342 0.3640137 0.7570801 0.4165039 0.7255859 0.3897705 0.7287598 0.4176025 0.7526855 0.4162598 0.7570801 0.4165039 0.7287598 0.4176025 0.3018799 1.124023 0.2858887 0.8748779 0.2845459 1.123169 0.3204346 0.8752441 0.2858887 0.8748779 0.3018799 1.124023 0.321167 1.124634 0.3204346 0.8752441 0.3018799 1.124023 -0.1359863 0.3421631 0.4512939 0.355835 -0.1359863 0.3421631 0.451416 0.3459473 0.4512939 0.355835 -0.1359863 0.3421631 0.4520264 0.3903809 0.451416 0.3459473 -0.1359863 0.3421631 -0.1359863 0.3421631 0.4512939 0.355835 -0.1359863 0.3421631 0.451416 0.3459473 0.4512939 0.355835 -0.1359863 0.3421631 0.4520264 0.3903809 0.451416 0.3459473 -0.1359863 0.3421631 -0.1350098 0.4324951 0.4520264 0.3903809 -0.1359863 0.3421631 0.4526367 0.4135742 0.4520264 0.3903809 -0.1350098 0.4324951 0.4528809 0.4320068 0.4526367 0.4135742 -0.1350098 0.4324951 -0.1350098 0.4324951 0.4528809 0.4320068 -0.1350098 0.4324951 0.4526367 0.428833 0.4528809 0.4320068 -0.1350098 0.4324951 0.4520264 0.3903809 0.4526367 0.428833 -0.1350098 0.4324951 -0.1359863 0.3421631 0.4520264 0.3903809 -0.1350098 0.4324951 0.451416 0.3459473 0.4520264 0.3903809 -0.1359863 0.3421631 0.4512939 0.355835 0.451416 0.3459473 -0.1359863 0.3421631 -0.1359863 0.3421631 0.4512939 0.355835 -0.1359863 0.3421631 0.451416 0.3459473 0.4512939 0.355835 -0.1359863 0.3421631 0.4520264 0.3903809 0.451416 0.3459473 -0.1359863 0.3421631 -0.1350098 0.4324951 0.4520264 0.3903809 -0.1359863 0.3421631 0.4526367 0.4135742 0.4520264 0.3903809 -0.1350098 0.4324951 0.4528809 0.4320068 0.4526367 0.4135742 -0.1350098 0.4324951 -0.1350098 0.4324951 0.4528809 0.4320068 -0.1350098 0.4324951 0.4526367 0.428833 0.4528809 0.4320068 -0.1350098 0.4324951 0.4520264 0.3903809 0.4526367 0.428833 -0.1350098 0.4324951 -0.1359863 0.3421631 0.4520264 0.3903809 -0.1350098 0.4324951 0.451416 0.3459473 0.4520264 0.3903809 -0.1359863 0.3421631 0.4512939 0.355835 0.451416 0.3459473 -0.1359863 0.3421631 0.3684082 0.3924561 0.3299561 0.3924561 0.3684082 0.3724365 0.3684082 0.4124756 0.3299561 0.3924561 0.3684082 0.3924561 0.4068604 0.3924561 0.3684082 0.4124756 0.3684082 0.3924561 0.001708984 0.001098632 -0.09643554 0.1810303 0.09838867 0.1807861 -0.09704589 -0.001953125 -0.09643554 0.1810303 0.001708984 0.001098632 -0.09509277 -0.2011719 -0.09704589 -0.001953125 0.001708984 0.001098632 -0.1231689 0.9775391 -0.09851074 1.071533 -0.1231689 1.112305 -0.100708 0.9251709 -0.09851074 1.071533 -0.1231689 0.9775391 -0.1230469 0.8925781 -0.100708 0.9251709 -0.1231689 0.9775391 0.4200439 0.9664307 0.4633789 0.9882813 0.463501 0.9710693 0.3587646 0.9906006 0.4633789 0.9882813 0.4200439 0.9664307 0.3587646 0.9742432 0.3587646 0.9906006 0.4200439 0.9664307 0.4195557 1.036011 0.3587646 1.010864 0.3588867 1.027222 0.4632568 1.014282 0.3587646 1.010864 0.4195557 1.036011 0.4631348 1.032104 0.4632568 1.014282 0.4195557 1.036011 -0.1231689 0.9775391 -0.100708 0.9251709 -0.1230469 0.8925781 -0.09851074 1.071533 -0.100708 0.9251709 -0.1231689 0.9775391 -0.1231689 1.112305 -0.09851074 1.071533 -0.1231689 0.9775391 1.877319 1.000122 1.903931 0.9376221 1.876709 0.8760986 1.903931 1.057861 1.903931 0.9376221 1.877319 1.000122 1.876709 1.119507 1.903931 1.057861 1.877319 1.000122 0.001708984 0.001098632 0.09570312 -0.201416 -0.09509277 -0.2011719 0.09777832 -0.002441406 0.09570312 -0.201416 0.001708984 0.001098632 0.09838867 0.1807861 0.09777832 -0.002441406 0.001708984 0.001098632 -0.1359863 0.3421631 0.4512939 0.355835 -0.1359863 0.3421631 0.451416 0.3459473 0.4512939 0.355835 -0.1359863 0.3421631 0.4520264 0.3903809 0.451416 0.3459473 -0.1359863 0.3421631 0.2592773 1.116211 0.2260742 0.8824463 0.2611084 0.8823242 0.1921387 0.890625 0.2260742 0.8824463 0.2592773 1.116211 0.1900635 1.110474 0.1921387 0.890625 0.2592773 1.116211 0.911499 0.4263916 0.8608398 0.3825684 0.9221191 0.3848877 0.8609619 0.4699707 0.8608398 0.3825684 0.911499 0.4263916 0.9224854 0.4696045 0.8609619 0.4699707 0.911499 0.4263916 0.2260742 0.8824463 0.2592773 1.116211 0.2611084 0.8823242 0.1900635 1.110474 0.2592773 1.116211 0.2260742 0.8824463 0.1921387 0.890625 0.1900635 1.110474 0.2260742 0.8824463 0.6646729 -0.06140136 0.4848633 -0.2004395 0.609375 -0.199585 0.5596924 -0.06127929 0.4848633 -0.2004395 0.6646729 -0.06140136 0.5626221 -3.66211e-4 0.5596924 -0.06127929 0.6646729 -0.06140136 0.3684082 0.3924561 0.3684082 0.3724365 0.3299561 0.3924561 0.4068604 0.3924561 0.3684082 0.3724365 0.3684082 0.3924561 0.3684082 0.4124756 0.4068604 0.3924561 0.3684082 0.3924561 0.009033203 0.2706299 -0.02905273 0.2561035 0.01049804 0.2561035 -0.02905273 0.2706299 -0.02905273 0.2561035 0.009033203 0.2706299 -0.02905273 0.2849121 -0.02905273 0.2706299 0.009033203 0.2706299 1.233398 0.3242188 0.9683838 0.3189697 0.9682617 0.338623 0.9686279 0.307251 0.9683838 0.3189697 1.233398 0.3242188 0.9682617 0.338623 0.9686279 0.307251 1.233398 0.3242188 0.5877686 -0.2589111 0.5875244 -0.3151855 0.5369873 -0.2503662 0.6403809 -0.2662354 0.5875244 -0.3151855 0.5877686 -0.2589111 0.6403809 -0.2219238 0.6403809 -0.2662354 0.5877686 -0.2589111 0.5368652 -0.1958008 0.5880127 -0.2219238 0.5368652 -0.2218018 0.5878906 -0.1873779 0.5880127 -0.2219238 0.5368652 -0.1958008 0.5882568 -0.1313477 0.5878906 -0.1873779 0.5368652 -0.1958008 0.6398926 -0.1774902 0.5878906 -0.1873779 0.6403809 -0.2219238 0.5882568 -0.1313477 0.5878906 -0.1873779 0.6398926 -0.1774902 0.6398926 -0.119751 0.5882568 -0.1313477 0.6398926 -0.1774902 -0.5338135 0.6280518 -0.5090332 0.802002 -0.5206299 0.6224365 -0.5371094 0.7581787 -0.5090332 0.802002 -0.5338135 0.6280518 -0.5585938 0.703125 -0.5371094 0.7581787 -0.5338135 0.6280518 -0.4205322 0.6328125 -0.4090576 0.6079102 -0.4440918 0.5968018 -0.4091797 0.7009277 -0.4090576 0.6079102 -0.4205322 0.6328125 -0.4291992 0.7598877 -0.4091797 0.7009277 -0.4205322 0.6328125 0.9163818 -0.2502441 0.8702393 -0.2502441 0.8587646 -0.3012695 0.9090576 -0.3044434 0.8702393 -0.2502441 0.9163818 -0.2502441 1.027344 -0.3044434 0.9090576 -0.3044434 0.9163818 -0.2502441 0.7617188 0.2810059 0.7719727 0.3331299 0.7905273 0.2802734 0.7935791 0.2965088 0.7719727 0.3331299 0.7617188 0.2810059 0.7928467 -0.3012695 0.7935791 0.2965088 0.7617188 0.2810059 0.9466553 0.3012695 0.8858643 0.3405762 0.8914795 0.3015137 0.9429932 0.34021 0.8858643 0.3405762 0.9466553 0.3012695 0.9429932 0.34021 0.9429932 0.34021 0.9466553 0.3012695 0.9309082 0.4263916 0.9748535 0.4698486 0.9316406 0.4696045 0.9880371 0.4700928 0.9748535 0.4698486 0.9309082 0.4263916 1.08728 0.4719238 0.9880371 0.4700928 0.9309082 0.4263916 0.1899414 1.015503 0.2576904 0.8820801 0.2009277 0.8814697 0.2618408 1.117432 0.2576904 0.8820801 0.1899414 1.015503 0.2012939 1.114502 0.2618408 1.117432 0.1899414 1.015503 0.6105957 0.7365723 0.5874023 0.8060303 0.631958 0.8070068 0.581543 0.7773438 0.5874023 0.8060303 0.6105957 0.7365723 0.5964355 0.7368164 0.581543 0.7773438 0.6105957 0.7365723 1.024048 0.1611328 1.155762 0.1611328 1.024048 0.1611328 1.155762 0.1611328 1.155762 0.1611328 1.024048 0.1611328 1.155518 0.00427246 1.155762 0.1611328 1.024048 0.1611328 0.5957031 -0.09521484 0.6494141 -0.03405761 0.6494141 -0.09521484 0.5953369 -0.03405761 0.6494141 -0.03405761 0.5957031 -0.09521484 0.5380859 -0.03405761 0.5953369 -0.03405761 0.5957031 -0.09521484 0.7463379 0.04248046 0.6890869 0.08923339 0.7419434 0.0994873 0.6883545 0.04248046 0.6890869 0.08923339 0.7463379 0.04248046 0.6882324 -0.03771972 0.6883545 0.04248046 0.7463379 0.04248046 0.9747314 0.3847656 0.9309082 0.4263916 0.9313965 0.3848877 0.9881592 0.3846436 0.9309082 0.4263916 0.9747314 0.3847656 0.1241455 -0.09143066 0.1385498 0.107666 0.1079102 0.01440429 0.1942139 -0.1318359 0.1385498 0.107666 0.1241455 -0.09143066 0.2508545 0.08630371 0.2496338 -0.08886718 0.263916 -0.006225585 0.2009277 0.12854 0.2496338 -0.08886718 0.2508545 0.08630371 0.2508545 0.08630371 0.2496338 -0.08886718 0.263916 -0.006225585 0.2009277 0.12854 0.2496338 -0.08886718 0.2508545 0.08630371 0.1241455 -0.09143066 0.1317139 0.1066895 0.1079102 0.01440429 0.1942139 -0.1318359 0.1317139 0.1066895 0.1241455 -0.09143066 0.5474854 0.3908691 0.4855957 0.5042725 0.4863281 0.3935547 0.5511475 0.4969482 0.4855957 0.5042725 0.5474854 0.3908691 0.5474854 0.3908691 0.4855957 0.5042725 0.5511475 0.4969482 0.4863281 0.3935547 0.4855957 0.5042725 0.5474854 0.3908691 0.5865479 0.5389404 0.5864258 0.4810791 0.6085205 0.5389404 0.5664063 0.5390625 0.5864258 0.4810791 0.5865479 0.5389404 0.8254395 -0.1268311 0.8582764 -0.2430419 0.8256836 -0.2434082 0.8581543 -0.1256104 0.8582764 -0.2430419 0.8254395 -0.1268311 0.8254395 -0.1268311 0.8582764 -0.2430419 0.8581543 -0.1256104 0.8256836 -0.2434082 0.8582764 -0.2430419 0.8254395 -0.1268311 -0.4128418 0.003295898 -0.2843018 -0.2839355 -0.2841797 0.003417968 -0.413208 -0.2839355 -0.2843018 -0.2839355 -0.4128418 0.003295898 0.5864258 0.4810791 0.5865479 0.5389404 0.6085205 0.5389404 0.5664063 0.5390625 0.5865479 0.5389404 0.5864258 0.4810791 -0.4128418 0.003295898 -0.2843018 -0.2839355 -0.413208 -0.2839355 -0.2841797 0.003417968 -0.2843018 -0.2839355 -0.4128418 0.003295898 0.5574951 0.05810546 0.4825439 0.0559082 0.4893799 0.2912598 0.5626221 -3.66211e-4 0.4825439 0.0559082 0.5574951 0.05810546 0.5574951 0.05810546 0.668457 0.009887695 0.6645508 0.1643066 0.5626221 -3.66211e-4 0.668457 0.009887695 0.5574951 0.05810546 0.5474854 0.3908691 0.4855957 0.5042725 0.4863281 0.3935547 0.5511475 0.4969482 0.4855957 0.5042725 0.5474854 0.3908691 0.5474854 0.3908691 0.4855957 0.5042725 0.5511475 0.4969482 0.4863281 0.3935547 0.4855957 0.5042725 0.5474854 0.3908691 1.206421 0.06408691 1.207031 0.2739258 1.237549 0.2814941 1.193604 0.2818604 1.207031 0.2739258 1.206421 0.06408691 -0.02905273 0.2993164 0.01049804 0.2849121 0.009033203 0.2993164 -0.02905273 0.2849121 0.01049804 0.2849121 -0.02905273 0.2993164 0.2570801 0.8811035 0.1896973 1.014648 0.2001953 0.8804932 0.260498 1.116333 0.1896973 1.014648 0.2570801 0.8811035 0.9390869 0.741333 0.9813232 0.7385254 0.9813232 0.7376709 0.9388428 0.7441406 0.9813232 0.7385254 0.9390869 0.741333 0.9388428 0.7441406 0.9813232 0.739624 0.9813232 0.7385254 0.9388428 0.7617188 0.9813232 0.739624 0.9388428 0.7441406 1.05835 0.9892578 1.302612 0.7641602 1.345215 0.9903564 1.035278 0.7391357 1.302612 0.7641602 1.05835 0.9892578 0.3292236 1.056641 0.6364746 0.8410645 0.3291016 0.9428711 0.6350098 1.157959 0.6364746 0.8410645 0.3292236 1.056641 0.5891113 0.6989746 0.6080322 0.5625 0.6082764 0.7071533 0.5889893 0.5543213 0.6080322 0.5625 0.5891113 0.6989746 0.451416 0.3459473 -0.1359863 0.3421631 0.4512939 0.355835 0.4520264 0.3903809 -0.1359863 0.3421631 0.451416 0.3459473 0.4520264 0.3903809 -0.1350098 0.4324951 -0.1359863 0.3421631 0.4526367 0.4135742 -0.1350098 0.4324951 0.4520264 0.3903809 0.6237793 0.7368164 0.631958 0.8070068 0.6380615 0.7783203 0.6105957 0.7365723 0.631958 0.8070068 0.6237793 0.7368164 0.7655029 0.3637695 0.7333984 0.3735352 0.7225342 0.3640137 0.7543945 0.3730469 0.7333984 0.3735352 0.7655029 0.3637695 0.5891113 0.6989746 0.6080322 0.5625 0.6082764 0.7071533 0.5889893 0.5543213 0.6080322 0.5625 0.5891113 0.6989746 0.3587646 0.9906006 0.4632568 1.014282 0.4633789 0.9882813 0.3587646 1.010864 0.4632568 1.014282 0.3587646 0.9906006 0.5891113 0.6989746 0.6080322 0.5625 0.6082764 0.7071533 0.5889893 0.5543213 0.6080322 0.5625 0.5891113 0.6989746 0.5891113 0.6989746 0.6080322 0.5625 0.6082764 0.7071533 0.5889893 0.5543213 0.6080322 0.5625 0.5891113 0.6989746 0.1907958 1.011963 0.2617188 0.8809814 0.1959229 0.8878174 0.2614746 0.9987793 0.2617188 0.8809814 0.1907958 1.011963 0.2015381 1.113892 0.2614746 0.9987793 0.2609863 1.112183 0.1907958 1.011963 0.2614746 0.9987793 0.2015381 1.113892 0.2617188 0.8809814 0.1907958 1.011963 0.1959229 0.8878174 0.2614746 0.9987793 0.1907958 1.011963 0.2617188 0.8809814 1.739502 -0.3916016 1.545166 -0.3359375 1.545166 -0.3900146 1.739502 -0.3361816 1.545166 -0.3359375 1.739502 -0.3916016 0.01049804 0.2849121 0.01037597 0.2993164 0.01049804 0.2849121 0.01037597 0.2993164 0.01037597 0.2993164 0.01049804 0.2849121 0.6801758 0.3824463 0.6877441 0.4041748 0.6879883 0.3817139 0.6798096 0.4029541 0.6877441 0.4041748 0.6801758 0.3824463 0.01037597 0.2706299 0.01049804 0.2849121 0.01037597 0.2706299 0.01049804 0.2849121 0.01049804 0.2849121 0.01037597 0.2706299 1.04126 0.6352539 1.304932 0.5209961 1.304321 0.6550293 1.037109 0.5234375 1.304932 0.5209961 1.04126 0.6352539 -0.3835449 0.5936279 -0.3531494 0.5827637 -0.3497314 0.5949707 -0.3817139 0.5814209 -0.3531494 0.5827637 -0.3835449 0.5936279 0.007202148 0.8637695 0.3209229 0.5804443 0.3209229 0.8636475 0.006835937 0.5808105 0.3209229 0.5804443 0.007202148 0.8637695 0.451416 0.3459473 -0.1359863 0.3421631 0.4512939 0.355835 0.4520264 0.3903809 -0.1359863 0.3421631 0.451416 0.3459473 0.4520264 0.3903809 -0.1350098 0.4324951 -0.1359863 0.3421631 0.4526367 0.4135742 -0.1350098 0.4324951 0.4520264 0.3903809 0.01049804 0.2561035 -0.02905273 0.2561035 0.009033203 0.2706299 0.009033203 0.2419434 -0.02905273 0.2561035 0.01049804 0.2561035 0.2609863 1.112183 0.1907958 1.011963 0.2015381 1.113892 0.2614746 0.9987793 0.1907958 1.011963 0.2609863 1.112183 0.8283691 0.3653564 0.7772217 0.4794922 0.7770996 0.3660889 0.8287354 0.4793701 0.7772217 0.4794922 0.8283691 0.3653564 0.01037597 0.2706299 0.009033203 0.2706299 0.01049804 0.2561035 0.01049804 0.2849121 0.009033203 0.2706299 0.01037597 0.2706299 0.01037597 0.2419434 0.01049804 0.2561035 0.01037597 0.2419434 0.01049804 0.2561035 0.01049804 0.2561035 0.01037597 0.2419434 -0.07751464 0.2364502 -0.08251953 0.2669678 -0.08422851 0.2440186 -0.07263183 0.2541504 -0.08251953 0.2669678 -0.07751464 0.2364502 0.7469482 -0.03747558 0.6883545 0.04248046 0.6882324 -0.03771972 0.7463379 0.04248046 0.6883545 0.04248046 0.7469482 -0.03747558 0.009033203 0.2419434 -0.02905273 0.2561035 -0.02905273 0.2419434 0.01049804 0.2561035 -0.02905273 0.2561035 0.009033203 0.2419434 -0.08251953 0.2669678 -0.07751464 0.2364502 -0.08422851 0.2440186 -0.07263183 0.2541504 -0.07751464 0.2364502 -0.08251953 0.2669678 -0.2542725 -0.1334229 -0.1186523 0.1348876 -0.2734375 0.1229248 -0.1000977 -0.1235352 -0.1186523 0.1348876 -0.2542725 -0.1334229 1.229248 0.3381348 1.229248 0.3381348 1.222778 0.300415 1.207031 0.2739258 1.229248 0.3381348 1.229248 0.3381348 0.7419434 0.0994873 0.6883545 0.04248046 0.7463379 0.04248046 0.6890869 0.08923339 0.6883545 0.04248046 0.7419434 0.0994873 -0.3417969 -0.0670166 -0.3876953 -0.04553222 -0.3876953 -0.0670166 -0.3417969 -0.04553222 -0.3876953 -0.04553222 -0.3417969 -0.0670166 0.7772217 0.4794922 0.8283691 0.3653564 0.7770996 0.3660889 0.8284912 0.4793701 0.8283691 0.3653564 0.7772217 0.4794922 -0.3417969 -0.0670166 -0.3876953 -0.04553222 -0.3876953 -0.0670166 -0.3417969 -0.04553222 -0.3876953 -0.04553222 -0.3417969 -0.0670166 0.1131592 -0.1258545 0.2683105 0.1306152 0.2683105 -0.1256104 0.1131592 0.1306152 0.2683105 0.1306152 0.1131592 -0.1258545 -0.3901367 0.1806641 -0.3370361 0.1606445 -0.3901367 0.1606445 -0.3370361 0.1806641 -0.3370361 0.1606445 -0.3901367 0.1806641 -0.3901367 0.1606445 -0.3370361 0.1806641 -0.3901367 0.1806641 -0.3370361 0.1606445 -0.3370361 0.1806641 -0.3901367 0.1606445 0.1131592 -0.1258545 0.2683105 0.1306152 0.2683105 -0.1256104 0.1131592 0.1306152 0.2683105 0.1306152 0.1131592 -0.1258545 0.1831055 0.9423828 0.1273193 0.942627 0.1567383 0.880249 0.1552734 1.000366 0.1273193 0.942627 0.1831055 0.9423828 0.1552734 1.000366 0.1567383 0.880249 0.1273193 0.942627 0.1831055 0.9423828 0.1567383 0.880249 0.1552734 1.000366 0.1273193 0.942627 0.1831055 0.9423828 0.1567383 0.880249 0.1552734 1.000366 0.1831055 0.9423828 0.1273193 0.942627 0.5975342 0.4117432 0.5975342 0.4951172 0.6070557 0.4117432 0.585083 0.479126 0.5975342 0.4951172 0.5975342 0.4117432 0.1567383 0.880249 0.1552734 1.000366 0.1273193 0.942627 0.1831055 0.9423828 0.1552734 1.000366 0.1567383 0.880249 0.574585 0.4224854 0.6083984 0.5030518 0.574585 0.5030518 0.6083984 0.4224854 0.6083984 0.5030518 0.574585 0.4224854 0.5740967 0.5030518 0.6083984 0.4224854 0.5740967 0.4224854 0.6083984 0.5030518 0.6083984 0.4224854 0.5740967 0.5030518 0.574585 0.4224854 0.574585 0.5030518 0.574585 0.5030518 0.574585 0.4224854 0.574585 0.5030518 0.574585 0.4224854 -0.1186523 0.1348876 -0.2542725 -0.1334229 -0.2734375 0.1229248 -0.1000977 -0.1235352 -0.2542725 -0.1334229 -0.1186523 0.1348876 -0.3417969 -0.0670166 -0.3876953 -0.04553222 -0.3876953 -0.0670166 -0.3417969 -0.04553222 -0.3876953 -0.04553222 -0.3417969 -0.0670166 1.02771 -0.3594971 1.027344 -0.3044434 0.9090576 -0.3044434 0.9090576 -0.3044434 1.027344 -0.3044434 1.02771 -0.3594971 0.8570557 -0.3594971 0.9078369 -0.3594971 0.8587646 -0.3044434 0.8587646 -0.3012695 0.9078369 -0.3594971 0.8570557 -0.3594971 0.5891113 0.6989746 0.6080322 0.5625 0.6082764 0.7071533 0.5889893 0.5543213 0.6080322 0.5625 0.5891113 0.6989746 -0.3417969 -0.0670166 -0.3876953 -0.04553222 -0.3876953 -0.0670166 -0.3417969 -0.04553222 -0.3876953 -0.04553222 -0.3417969 -0.0670166 0.8095703 -0.2502441 0.8525391 -0.3044434 0.864502 -0.2502441 0.7928467 -0.3044434 0.8525391 -0.3044434 0.8095703 -0.2502441 0.7928467 -0.3044434 0.850708 -0.3594971 0.8525391 -0.3044434 0.7731934 -0.3491211 0.850708 -0.3594971 0.7928467 -0.3044434 0.850708 -0.3594971 0.7928467 -0.3012695 0.8525391 -0.3012695 0.7731934 -0.3491211 0.7928467 -0.3012695 0.850708 -0.3594971 0.5891113 0.6989746 0.6080322 0.5625 0.6082764 0.7071533 0.5889893 0.5543213 0.6080322 0.5625 0.5891113 0.6989746 1.035278 0.01330566 1.155518 0.00427246 1.024048 0.1611328 1.024048 0.1611328 1.155518 0.00427246 1.035278 0.01330566 1.024048 0.1611328 1.155762 0.1611328 1.155518 0.00427246 1.024048 0.1611328 1.155762 0.1611328 1.024048 0.1611328 -0.3912354 0.1800537 -0.338501 0.1612549 -0.3912354 0.1612549 -0.338501 0.1800537 -0.338501 0.1612549 -0.3912354 0.1800537 -0.3912354 0.1612549 -0.338501 0.1800537 -0.3912354 0.1800537 -0.338501 0.1612549 -0.338501 0.1800537 -0.3912354 0.1612549 0.8110352 0.2416992 0.7935791 0.2965088 0.8110352 0.2416992 0.7905273 0.2802734 0.7935791 0.2965088 0.8110352 0.2416992 0.5891113 0.6989746 0.6080322 0.5625 0.6082764 0.7071533 0.5889893 0.5543213 0.6080322 0.5625 0.5891113 0.6989746 0.7617188 0.2810059 0.7731934 -0.3491211 0.7928467 -0.3012695 0.7905273 0.2802734 0.7731934 -0.3491211 0.7617188 0.2810059 0.2009277 0.12854 0.1942139 -0.1318359 0.2496338 -0.08886718 0.1317139 0.1066895 0.1942139 -0.1318359 0.2009277 0.12854 0.2683105 0.1306152 0.1131592 -0.1258545 0.2683105 -0.1256104 0.1131592 0.1306152 0.1131592 -0.1258545 0.2683105 0.1306152 0.2009277 0.12854 0.1942139 -0.1318359 0.2496338 -0.08886718 0.1385498 0.107666 0.1942139 -0.1318359 0.2009277 0.12854 -0.4500732 0.4702148 0.4500732 0.4969482 -0.4500732 0.4969482 0.4500732 0.4702148 0.4500732 0.4969482 -0.4500732 0.4702148 0.7474365 -0.06762695 0.6882324 -0.03771972 0.6882324 -0.06152343 0.7469482 -0.03747558 0.6882324 -0.03771972 0.7474365 -0.06762695 0.6716309 0.4368896 0.6827393 0.4492188 0.6690674 0.442627 0.6951904 0.4367676 0.6827393 0.4492188 0.6716309 0.4368896 0.815918 0.2824707 1.202393 0.2681885 1.187256 0.2810059 0.7967529 0.2678223 1.202393 0.2681885 0.815918 0.2824707 0.5626221 -3.66211e-4 0.4815674 -4.88281e-4 0.4825439 0.0559082 0.5596924 -0.06127929 0.4815674 -4.88281e-4 0.5626221 -3.66211e-4 0.8013916 0.284668 0.789917 0.300415 0.7750244 0.2929688 1.198608 0.284668 0.789917 0.300415 0.8013916 0.284668 1.202393 0.2681885 1.212158 0.3029785 1.225098 0.2888184 0.7967529 0.2678223 1.212158 0.3029785 1.202393 0.2681885 0.9309082 0.4263916 1.088989 0.3835449 1.08728 0.4719238 0.9881592 0.3846436 1.088989 0.3835449 0.9309082 0.4263916 0.2683105 0.1306152 0.1131592 -0.1258545 0.2683105 -0.1256104 0.1131592 0.1306152 0.1131592 -0.1258545 0.2683105 0.1306152 0.8896484 0.3195801 0.7874756 0.3278809 0.8653564 0.3293457 0.9173584 0.3122559 0.7874756 0.3278809 0.8896484 0.3195801 0.9078369 0.3231201 0.8896484 0.3195801 0.8653564 0.3293457 0.9173584 0.3122559 0.8896484 0.3195801 0.9078369 0.3231201 1.035278 0.7391357 1.304321 0.6550293 1.302612 0.7641602 1.04126 0.6352539 1.304321 0.6550293 1.035278 0.7391357 0.895874 0.2827148 0.8963623 0.2843018 0.7799072 0.06420898 0.9481201 0.2825928 0.8963623 0.2843018 0.895874 0.2827148 0.8858643 0.3405762 0.8914795 0.3015137 0.7713623 0.3414307 0.9466553 0.3012695 0.8914795 0.3015137 0.8858643 0.3405762 0.9481201 0.2825928 0.9429932 0.34021 0.8963623 0.2843018 0.9429932 0.34021 0.9429932 0.34021 0.9481201 0.2825928 0.9455567 0.2824707 0.8914795 0.3015137 0.895874 0.2827148 0.9466553 0.3012695 0.8914795 0.3015137 0.9455567 0.2824707 0.623291 0.831543 0.5874023 0.8060303 0.5958252 0.831543 0.631958 0.8070068 0.5874023 0.8060303 0.623291 0.831543 0.7532959 0.4682617 0.7329102 0.4686279 0.7431641 0.4138184 0.5664063 0.5390625 0.6085205 0.5389404 0.5872803 0.4810791 0.5664063 0.5390625 0.5872803 0.4810791 0.6085205 0.5389404 -0.09631347 0.1811523 0.0982666 0.1806641 -0.001220703 0.2113037 0.04675292 0.1921387 -0.1054688 0.2154541 -0.1057129 0.1921387 0.09436035 0.1737061 0.04675292 0.1921387 0.05090332 0.2154541 0.4848633 -0.2004395 0.6646729 -0.06140136 0.609375 -0.199585 0.6646729 -0.06140136 0.668457 0.009887695 0.5626221 -3.66211e-4 0.4815674 -4.88281e-4 0.5596924 -0.06127929 0.482666 -0.06103515 0.5875244 -0.3151855 0.6403809 -0.2662354 0.6408691 -0.3303223 0.1896973 1.014648 0.260498 1.116333 0.2026367 1.114014 0.8443604 0.4312744 0.8608398 0.3825684 0.8609619 0.4699707 0.9173584 0.3122559 0.9078369 0.3231201 0.8896484 0.3195801 0.9173584 0.3122559 0.9155273 0.2969971 0.7874756 0.3278809 0.9017334 0.3323975 0.9078369 0.3231201 0.8653564 0.3293457 1.820801 0.8811035 1.820801 1.118896 1.82605 1 1.820801 1.118896 1.820801 0.8811035 1.82605 1 0.6827393 0.4492188 0.6951904 0.4367676 0.6977539 0.4431152 -0.4500732 0.4969482 -0.4500732 0.5238037 0.4500732 0.4969482 0.864502 -0.2502441 0.8525391 -0.3044434 0.8095703 -0.2502441 0.009033203 0.2419434 -0.02905273 0.2419434 -0.02905273 0.2561035 0.9388428 0.7617188 0.9813232 0.7539063 0.9813232 0.739624 1.820801 1.118896 1.82605 1 1.858643 1 1.820801 0.8811035 1.82605 1 1.858643 1 0.760498 0.3897705 0.7255859 0.3897705 0.7570801 0.4165039 0.7351074 0.416626 0.7333984 0.3735352 0.7543945 0.3730469 0.4520264 0.3903809 -0.1359863 0.3421631 -0.1350098 0.4324951 0.3684082 0.3924561 0.3684082 0.3724365 0.4068604 0.3924561 0.4520264 0.3903809 -0.1359863 0.3421631 -0.1350098 0.4324951 0.3684082 0.3924561 0.3299561 0.3924561 0.3684082 0.4124756 0.01049804 0.2849121 -0.02905273 0.2849121 0.009033203 0.2706299 0.7346191 0.1350098 0.7445068 0.3237305 0.717041 0.3237305 0.585083 0.479126 0.5722656 0.479126 0.5975342 0.4951172 0.585083 0.479126 0.5975342 0.4951172 0.5722656 0.479126 0.9090576 -0.3012695 0.9078369 -0.3594971 0.8587646 -0.3012695 0.9466553 0.3012695 0.9455567 0.2824707 0.8914795 0.3015137</float_array>
          <technique_common>
            <accessor source="#polygon2-mesh-map-0-array" count="2658" stride="2">
              <param name="S" type="float"/>
              <param name="T" type="float"/>
            </accessor>
          </technique_common>
        </source>
        <source id="polygon2-mesh-colors-polygon2_Colors0" name="polygon2_Colors0">
          <float_array id="polygon2-mesh-colors-polygon2_Colors0-array" count="10632">0.8 0.8 0.8 1 0 0 0 1 0.5019608 0.5019608 0.5019608 1 0.8 0.8 0.8 1 0 0 0 1 0.8 0.8 0.8 1 0.8 0.8 0.8 1 0.8 0.8 0.8 1 0.8 0.8 0.8 1 0 0 0 1 0.8 0.8 0.8 1 0.8 0.8 0.8 1 0.8 0.8 0.8 1 0 0 0 1 0.8 0.8 0.8 1 0 0 0 1 0 0 0 1 0.8 0.8 0.8 1 0 0 0 1 0 0 0 1 0.8 0.8 0.8 1 0.5019608 0.5019608 0.5019608 1 0 0 0 1 0 0 0 1 0.5019608 0.5019608 0.5019608 1 0.5019608 0.5019608 0.5019608 1 0 0 0 1 0.8 0.8 0.8 1 0.5019608 0.5019608 0.5019608 1 0.5019608 0.5019608 0.5019608 1 0 0 0 1 0.8 0.8 0.8 1 0.5019608 0.5019608 0.5019608 1 0.8 0.8 0.8 1 0.8 0.8 0.8 1 0 0 0 1 0 0 0 1 0.8 0.8 0.8 1 0 0 0 1 0.8 0.8 0.8 1 0.8 0.8 0.8 1 0 0 0 1 0.8 0.8 0.8 1 0.8 0.8 0.8 1 0 0 0 1 0.8 0.8 0.8 1 0.8 0.8 0.8 1 0.8 0.8 0.8 1 0.8 0.8 0.8 1 0.8 0.8 0.8 1 0.8 0.8 0.8 1 0.5019608 0.5019608 0.5019608 1 0.8 0.8 0.8 1 0.8 0.8 0.8 1 0.5019608 0.5019608 0.5019608 1 0.5019608 0.5019608 0.5019608 1 0.8 0.8 0.8 1 0 0 0 1 0.5019608 0.5019608 0.5019608 1 0.5019608 0.5019608 0.5019608 1 0.5019608 0.5019608 0.5019608 1 0 0 0 1 0.5019608 0.5019608 0.5019608 1 0 0 0 1 0 0 0 1 0.5019608 0.5019608 0.5019608 1 0 0 0 1 0 0 0 1 0.5019608 0.5019608 0.5019608 1 0.8 0.8 0.8 1 0 0 0 1 0 0 0 1 0.2980392 0.2980392 0.2980392 1 0.2980392 0.2980392 0.2980392 1 0.2980392 0.2980392 0.2980392 1 0.6 0.6 0.6 1 0.2980392 0.2980392 0.2980392 1 0.2980392 0.2980392 0.2980392 1 0.6 0.6 0.6 1 0.6 0.6 0.6 1 0.2980392 0.2980392 0.2980392 1 0.6980392 0.6980392 0.6980392 1 0.6 0.6 0.6 1 0.6 0.6 0.6 1 0.8980392 0.8980392 0.8980392 1 0.6980392 0.6980392 0.6980392 1 0.6 0.6 0.6 1 0.6980392 0.6980392 0.6980392 1 0.6980392 0.6980392 0.6980392 1 0.8980392 0.8980392 0.8980392 1 0.8980392 0.8980392 0.8980392 1 0.6980392 0.6980392 0.6980392 1 0.8980392 0.8980392 0.8980392 1 0.6980392 0.6980392 0.6980392 1 0.6980392 0.6980392 0.6980392 1 0.8980392 0.8980392 0.8980392 1 0.8980392 0.8980392 0.8980392 1 0.6980392 0.6980392 0.6980392 1 0.8980392 0.8980392 0.8980392 1 0.6 0.6 0.6 1 0.6980392 0.6980392 0.6980392 1 0.8980392 0.8980392 0.8980392 1 0.6 0.6 0.6 1 0.6 0.6 0.6 1 0.8980392 0.8980392 0.8980392 1 0.2980392 0.2980392 0.2980392 1 0.6 0.6 0.6 1 0.6 0.6 0.6 1 0.2980392 0.2980392 0.2980392 1 0.2980392 0.2980392 0.2980392 1 0.6 0.6 0.6 1 0.2980392 0.2980392 0.2980392 1 0.2980392 0.2980392 0.2980392 1 0.2980392 0.2980392 0.2980392 1 0.2980392 0.2980392 0.2980392 1 0.2980392 0.2980392 0.2980392 1 0.2980392 0.2980392 0.2980392 1 0.2980392 0.2980392 0.2980392 1 0.2980392 0.2980392 0.2980392 1 0.2980392 0.2980392 0.2980392 1 0.2980392 0.2980392 0.2980392 1 0.2980392 0.2980392 0.2980392 1 0.2980392 0.2980392 0.2980392 1 0.4980392 0.4980392 0.4980392 1 0.2980392 0.2980392 0.2980392 1 0.2980392 0.2980392 0.2980392 1 0.6 0.6 0.6 1 0.4980392 0.4980392 0.4980392 1 0.2980392 0.2980392 0.2980392 1 0.6980392 0.6980392 0.6980392 1 0.4980392 0.4980392 0.4980392 1 0.6 0.6 0.6 1 0.8980392 0.8980392 0.8980392 1 0.6980392 0.6980392 0.6980392 1 0.6 0.6 0.6 1 0.6980392 0.6980392 0.6980392 1 0.6980392 0.6980392 0.6980392 1 0.8980392 0.8980392 0.8980392 1 0.8980392 0.8980392 0.8980392 1 0.6980392 0.6980392 0.6980392 1 0.8980392 0.8980392 0.8980392 1 0.6980392 0.6980392 0.6980392 1 0.6980392 0.6980392 0.6980392 1 0.8980392 0.8980392 0.8980392 1 0.8980392 0.8980392 0.8980392 1 0.6980392 0.6980392 0.6980392 1 0.8980392 0.8980392 0.8980392 1 0.4980392 0.4980392 0.4980392 1 0.6980392 0.6980392 0.6980392 1 0.8980392 0.8980392 0.8980392 1 0.6 0.6 0.6 1 0.4980392 0.4980392 0.4980392 1 0.8980392 0.8980392 0.8980392 1 0.2980392 0.2980392 0.2980392 1 0.4980392 0.4980392 0.4980392 1 0.6 0.6 0.6 1 0.2980392 0.2980392 0.2980392 1 0.2980392 0.2980392 0.2980392 1 0.6 0.6 0.6 1 0.2980392 0.2980392 0.2980392 1 0.2980392 0.2980392 0.2980392 1 0.2980392 0.2980392 0.2980392 1 0.2980392 0.2980392 0.2980392 1 0.2980392 0.2980392 0.2980392 1 0.2980392 0.2980392 0.2980392 1 0.2980392 0.2980392 0.2980392 1 0.2980392 0.2980392 0.2980392 1 0.2980392 0.2980392 0.2980392 1 1 1 1 1 0.8 0.8 0.8 1 0.8 0.8 0.8 1 1 1 1 1 0.8 0.8 0.8 1 1 1 1 1 0.6980392 0.6980392 0.6980392 1 1 1 1 1 1 1 1 1 0.6980392 0.6980392 0.6980392 1 1 1 1 1 0.6980392 0.6980392 0.6980392 1 0.2 0.2 0.2 1 0.6980392 0.6980392 0.6980392 1 0.6980392 0.6980392 0.6980392 1 0.2 0.2 0.2 1 0.6980392 0.6980392 0.6980392 1 0.2 0.2 0.2 1 0.2 0.2 0.2 1 0.2 0.2 0.2 1 0.2 0.2 0.2 1 0.2 0.2 0.2 1 0.2 0.2 0.2 1 0.2 0.2 0.2 1 0.2 0.2 0.2 1 0.2 0.2 0.2 1 0.2 0.2 0.2 1 0.6980392 0.6980392 0.6980392 1 0.2 0.2 0.2 1 0.2 0.2 0.2 1 0.6980392 0.6980392 0.6980392 1 0.6980392 0.6980392 0.6980392 1 0.2 0.2 0.2 1 1 1 1 1 0.6980392 0.6980392 0.6980392 1 0.6980392 0.6980392 0.6980392 1 1 1 1 1 1 1 1 1 0.6980392 0.6980392 0.6980392 1 0.8 0.8 0.8 1 1 1 1 1 1 1 1 1 1 1 1 1 0.8 0.8 0.8 1 1 1 1 1 0.8 0.8 0.8 1 0.8 0.8 0.8 1 1 1 1 1 0.2980392 0.2980392 0.2980392 1 0.2980392 0.2980392 0.2980392 1 0.2980392 0.2980392 0.2980392 1 0.2980392 0.2980392 0.2980392 1 0.2980392 0.2980392 0.2980392 1 0.2980392 0.2980392 0.2980392 1 0.2980392 0.2980392 0.2980392 1 0.2980392 0.2980392 0.2980392 1 0.2980392 0.2980392 0.2980392 1 0.2980392 0.2980392 0.2980392 1 0.2980392 0.2980392 0.2980392 1 0.2980392 0.2980392 0.2980392 1 0.6 0.6 0.6 1 0.2980392 0.2980392 0.2980392 1 0.2980392 0.2980392 0.2980392 1 0.6 0.6 0.6 1 0.2980392 0.2980392 0.2980392 1 0.6 0.6 0.6 1 0.8980392 0.8980392 0.8980392 1 0.6 0.6 0.6 1 0.6 0.6 0.6 1 0.6980392 0.6980392 0.6980392 1 0.6 0.6 0.6 1 0.8980392 0.8980392 0.8980392 1 0.8980392 0.8980392 0.8980392 1 0.6980392 0.6980392 0.6980392 1 0.8980392 0.8980392 0.8980392 1 0.6980392 0.6980392 0.6980392 1 0.6980392 0.6980392 0.6980392 1 0.8980392 0.8980392 0.8980392 1 0.8980392 0.8980392 0.8980392 1 0.6980392 0.6980392 0.6980392 1 0.8980392 0.8980392 0.8980392 1 0.6980392 0.6980392 0.6980392 1 0.6980392 0.6980392 0.6980392 1 0.8980392 0.8980392 0.8980392 1 0.6 0.6 0.6 1 0.6980392 0.6980392 0.6980392 1 0.8980392 0.8980392 0.8980392 1 0.6 0.6 0.6 1 0.6980392 0.6980392 0.6980392 1 0.6 0.6 0.6 1 0.2980392 0.2980392 0.2980392 1 0.6 0.6 0.6 1 0.6 0.6 0.6 1 0.2980392 0.2980392 0.2980392 1 0.6 0.6 0.6 1 0.2980392 0.2980392 0.2980392 1 0.2980392 0.2980392 0.2980392 1 0.2980392 0.2980392 0.2980392 1 0.2980392 0.2980392 0.2980392 1 0.2980392 0.2980392 0.2980392 1 0.2980392 0.2980392 0.2980392 1 0.2980392 0.2980392 0.2980392 1 0.2980392 0.2980392 0.2980392 1 0.2980392 0.2980392 0.2980392 1 0.2980392 0.2980392 0.2980392 1 0.2980392 0.2980392 0.2980392 1 0.2980392 0.2980392 0.2980392 1 0.2980392 0.2980392 0.2980392 1 0.6 0.6 0.6 1 0.2980392 0.2980392 0.2980392 1 0.2980392 0.2980392 0.2980392 1 0.4980392 0.4980392 0.4980392 1 0.2980392 0.2980392 0.2980392 1 0.6 0.6 0.6 1 0.8980392 0.8980392 0.8980392 1 0.4980392 0.4980392 0.4980392 1 0.6 0.6 0.6 1 0.6980392 0.6980392 0.6980392 1 0.4980392 0.4980392 0.4980392 1 0.8980392 0.8980392 0.8980392 1 0.8980392 0.8980392 0.8980392 1 0.6980392 0.6980392 0.6980392 1 0.8980392 0.8980392 0.8980392 1 0.6980392 0.6980392 0.6980392 1 0.6980392 0.6980392 0.6980392 1 0.8980392 0.8980392 0.8980392 1 0.8980392 0.8980392 0.8980392 1 0.6980392 0.6980392 0.6980392 1 0.8980392 0.8980392 0.8980392 1 0.6980392 0.6980392 0.6980392 1 0.6980392 0.6980392 0.6980392 1 0.8980392 0.8980392 0.8980392 1 0.6 0.6 0.6 1 0.6980392 0.6980392 0.6980392 1 0.8980392 0.8980392 0.8980392 1 0.4980392 0.4980392 0.4980392 1 0.6980392 0.6980392 0.6980392 1 0.6 0.6 0.6 1 0.2980392 0.2980392 0.2980392 1 0.4980392 0.4980392 0.4980392 1 0.6 0.6 0.6 1 0.2980392 0.2980392 0.2980392 1 0.4980392 0.4980392 0.4980392 1 0.2980392 0.2980392 0.2980392 1 0.2 0.2 0.2 1 0.3019608 0.3019608 0.3019608 1 0 0 0 1 1 1 1 1 0.3019608 0.3019608 0.3019608 1 0.2 0.2 0.2 1 1 1 1 1 1 1 1 1 0.2 0.2 0.2 1 0.4 0.4 0.4 1 1 1 1 1 1 1 1 1 0.9019608 0.9019608 0.9019608 1 0.4 0.4 0.4 1 1 1 1 1 0.2 0.2 0.2 1 0.4 0.4 0.4 1 0.9019608 0.9019608 0.9019608 1 0.2 0.2 0.2 1 0.2 0.2 0.2 1 0.9019608 0.9019608 0.9019608 1 0.3019608 0.3019608 0.3019608 1 0.2 0.2 0.2 1 0.2 0.2 0.2 1 0 0 0 1 0.3019608 0.3019608 0.3019608 1 0.2 0.2 0.2 1 0.9019608 0.9019608 0.9019608 1 0.3019608 0.3019608 0.3019608 1 0 0 0 1 0.7019608 0.7019608 0.7019608 1 0.9019608 0.9019608 0.9019608 1 0 0 0 1 0.3019608 0.3019608 0.3019608 1 0.9019608 0.9019608 0.9019608 1 0.7019608 0.7019608 0.7019608 1 0.8980392 0.8980392 0.8980392 1 0.6980392 0.6980392 0.6980392 1 0.8980392 0.8980392 0.8980392 1 0.6980392 0.6980392 0.6980392 1 0.6980392 0.6980392 0.6980392 1 0.8980392 0.8980392 0.8980392 1 0.8980392 0.8980392 0.8980392 1 0.6980392 0.6980392 0.6980392 1 0.8980392 0.8980392 0.8980392 1 0.8980392 0.8980392 0.8980392 1 0.6980392 0.6980392 0.6980392 1 0.8980392 0.8980392 0.8980392 1 0.8980392 0.8980392 0.8980392 1 0.8980392 0.8980392 0.8980392 1 0.8980392 0.8980392 0.8980392 1 0.8980392 0.8980392 0.8980392 1 0.8980392 0.8980392 0.8980392 1 0.8980392 0.8980392 0.8980392 1 0.8980392 0.8980392 0.8980392 1 0.8980392 0.8980392 0.8980392 1 0.8980392 0.8980392 0.8980392 1 0.8980392 0.8980392 0.8980392 1 0.8980392 0.8980392 0.8980392 1 0.8980392 0.8980392 0.8980392 1 0.8980392 0.8980392 0.8980392 1 0.8980392 0.8980392 0.8980392 1 0.8980392 0.8980392 0.8980392 1 0.8980392 0.8980392 0.8980392 1 0.8980392 0.8980392 0.8980392 1 0.8980392 0.8980392 0.8980392 1 0.8980392 0.8980392 0.8980392 1 0.8980392 0.8980392 0.8980392 1 0.8980392 0.8980392 0.8980392 1 0.2 0.2 0.2 1 0.8 0.8 0.8 1 0.2 0.2 0.2 1 0.8 0.8 0.8 1 0.8 0.8 0.8 1 0.2 0.2 0.2 1 0.2 0.2 0.2 1 0.8 0.8 0.8 1 0.2 0.2 0.2 1 0.8 0.8 0.8 1 0.8 0.8 0.8 1 0.2 0.2 0.2 1 0.8 0.8 0.8 1 0.8 0.8 0.8 1 0.2 0.2 0.2 1 0.2 0.2 0.2 1 0.8 0.8 0.8 1 0.8 0.8 0.8 1 0.2 0.2 0.2 1 0.2 0.2 0.2 1 0.8 0.8 0.8 1 0.2 0.2 0.2 1 0.2 0.2 0.2 1 0.2 0.2 0.2 1 0.2 0.2 0.2 1 0.2 0.2 0.2 1 0.2 0.2 0.2 1 0.2 0.2 0.2 1 0.2 0.2 0.2 1 0.2 0.2 0.2 1 0.2 0.2 0.2 1 0.2 0.2 0.2 1 0.2 0.2 0.2 1 0.2 0.2 0.2 1 0.2 0.2 0.2 1 0.2 0.2 0.2 1 0.2 0.2 0.2 1 0.2 0.2 0.2 1 0.2 0.2 0.2 1 0.2 0.2 0.2 1 0.2 0.2 0.2 1 0.2 0.2 0.2 1 0.2 0.2 0.2 1 0.2 0.2 0.2 1 0.2 0.2 0.2 1 0.8 0.8 0.8 1 0.2 0.2 0.2 1 0.2 0.2 0.2 1 0.8 0.8 0.8 1 0.8 0.8 0.8 1 0.2 0.2 0.2 1 0.2 0.2 0.2 1 0.8 0.8 0.8 1 0.8 0.8 0.8 1 0.8 0.8 0.8 1 0.2 0.2 0.2 1 0.8 0.8 0.8 1 0.2 0.2 0.2 1 0.2 0.2 0.2 1 0.8 0.8 0.8 1 0.6980392 0.6980392 0.6980392 1 0.6 0.6 0.6 1 0 0 0 1 0.8980392 0.8980392 0.8980392 1 0.6 0.6 0.6 1 0.6980392 0.6980392 0.6980392 1 0.8980392 0.8980392 0.8980392 1 0.8980392 0.8980392 0.8980392 1 0.6980392 0.6980392 0.6980392 1 0.8980392 0.8980392 0.8980392 1 0.8980392 0.8980392 0.8980392 1 0.8980392 0.8980392 0.8980392 1 0.8980392 0.8980392 0.8980392 1 0.8980392 0.8980392 0.8980392 1 0.8980392 0.8980392 0.8980392 1 0.8980392 0.8980392 0.8980392 1 0.8980392 0.8980392 0.8980392 1 0.8980392 0.8980392 0.8980392 1 0.6980392 0.6980392 0.6980392 1 0.8980392 0.8980392 0.8980392 1 0.8980392 0.8980392 0.8980392 1 0.6 0.6 0.6 1 0.8980392 0.8980392 0.8980392 1 0.6980392 0.6980392 0.6980392 1 0 0 0 1 0.6 0.6 0.6 1 0.6980392 0.6980392 0.6980392 1 0.8 0.8 0.8 1 0.6 0.6 0.6 1 0.4 0.4 0.4 1 0.6 0.6 0.6 1 0.6 0.6 0.6 1 0.8 0.8 0.8 1 0.8 0.8 0.8 1 0.6 0.6 0.6 1 0.8 0.8 0.8 1 0.4 0.4 0.4 1 0.6 0.6 0.6 1 0.8 0.8 0.8 1 0.6 0.6 0.6 1 0.4 0.4 0.4 1 0.8 0.8 0.8 1 0.4 0.4 0.4 1 0.4 0.4 0.4 1 0.6 0.6 0.6 1 0.6 0.6 0.6 1 0.4 0.4 0.4 1 0.6 0.6 0.6 1 0.8 0.8 0.8 1 0.4 0.4 0.4 1 0.6 0.6 0.6 1 0.8 0.8 0.8 1 0.8 0.8 0.8 1 0.6 0.6 0.6 1 0.4980392 0.4980392 0.4980392 1 0.6980392 0.6980392 0.6980392 1 0.8980392 0.8980392 0.8980392 1 0.6980392 0.6980392 0.6980392 1 0.6980392 0.6980392 0.6980392 1 0.4980392 0.4980392 0.4980392 1 0.4980392 0.4980392 0.4980392 1 0.6980392 0.6980392 0.6980392 1 0.4980392 0.4980392 0.4980392 1 0.6980392 0.6980392 0.6980392 1 0.6980392 0.6980392 0.6980392 1 0.4980392 0.4980392 0.4980392 1 0.4980392 0.4980392 0.4980392 1 0.6980392 0.6980392 0.6980392 1 0.4980392 0.4980392 0.4980392 1 0.6980392 0.6980392 0.6980392 1 0.6980392 0.6980392 0.6980392 1 0.4980392 0.4980392 0.4980392 1 0.4980392 0.4980392 0.4980392 1 0.6980392 0.6980392 0.6980392 1 0.4980392 0.4980392 0.4980392 1 0.8 0.8 0.8 1 0.6980392 0.6980392 0.6980392 1 0.4980392 0.4980392 0.4980392 1 0.8980392 0.8980392 0.8980392 1 0.8 0.8 0.8 1 0.4980392 0.4980392 0.4980392 1 0.9019608 0.9019608 0.9019608 1 0.3019608 0.3019608 0.3019608 1 0.7019608 0.7019608 0.7019608 1 0 0 0 1 0.3019608 0.3019608 0.3019608 1 0.9019608 0.9019608 0.9019608 1 1 1 1 1 0 0 0 1 0.9019608 0.9019608 0.9019608 1 0.2 0.2 0.2 1 0 0 0 1 1 1 1 1 0.2 0.2 0.2 1 0.2 0.2 0.2 1 1 1 1 1 0.3019608 0.3019608 0.3019608 1 0.2 0.2 0.2 1 0.2 0.2 0.2 1 0.3019608 0.3019608 0.3019608 1 0.3019608 0.3019608 0.3019608 1 0.2 0.2 0.2 1 0.9019608 0.9019608 0.9019608 1 0.3019608 0.3019608 0.3019608 1 0.3019608 0.3019608 0.3019608 1 1 1 1 1 0.9019608 0.9019608 0.9019608 1 0.3019608 0.3019608 0.3019608 1 0.6980392 0.6980392 0.6980392 1 0.6980392 0.6980392 0.6980392 1 0.4 0.4 0.4 1 0.6980392 0.6980392 0.6980392 1 0.6980392 0.6980392 0.6980392 1 0.6980392 0.6980392 0.6980392 1 0.6980392 0.6980392 0.6980392 1 0.6980392 0.6980392 0.6980392 1 0.6980392 0.6980392 0.6980392 1 0.4156863 0.4156863 0.4156863 1 0.6980392 0.6980392 0.6980392 1 0.6980392 0.6980392 0.6980392 1 0.4156863 0.4156863 0.4156863 1 0.4156863 0.4156863 0.4156863 1 0.6980392 0.6980392 0.6980392 1 0.4 0.4 0.4 1 0.4156863 0.4156863 0.4156863 1 0.4156863 0.4156863 0.4156863 1 0.4 0.4 0.4 1 0.4 0.4 0.4 1 0.4156863 0.4156863 0.4156863 1 0.6980392 0.6980392 0.6980392 1 0.4 0.4 0.4 1 0.4 0.4 0.4 1 0.4 0.4 0.4 1 0.6980392 0.6980392 0.6980392 1 0.6980392 0.6980392 0.6980392 1 0.4 0.4 0.4 1 0.6980392 0.6980392 0.6980392 1 0.4 0.4 0.4 1 0.4156863 0.4156863 0.4156863 1 0.4 0.4 0.4 1 0.4 0.4 0.4 1 0.4156863 0.4156863 0.4156863 1 0.4 0.4 0.4 1 0.4156863 0.4156863 0.4156863 1 0.6980392 0.6980392 0.6980392 1 0.4156863 0.4156863 0.4156863 1 0.4156863 0.4156863 0.4156863 1 0.6980392 0.6980392 0.6980392 1 0.4156863 0.4156863 0.4156863 1 0.6980392 0.6980392 0.6980392 1 0.6980392 0.6980392 0.6980392 1 0.6980392 0.6980392 0.6980392 1 0.6980392 0.6980392 0.6980392 1 0.6980392 0.6980392 0.6980392 1 0.6980392 0.6980392 0.6980392 1 0.6980392 0.6980392 0.6980392 1 1 1 1 1 0.2 0.2 0.2 1 0.4980392 0.4980392 0.4980392 1 0.8 0.8 0.8 1 0.2 0.2 0.2 1 1 1 1 1 0 0 0 1 0.8 0.8 0.8 1 1 1 1 1 0.6980392 0.6980392 0.6980392 1 0.8 0.8 0.8 1 0 0 0 1 0 0 0 1 0.6980392 0.6980392 0.6980392 1 0 0 0 1 0.4980392 0.4980392 0.4980392 1 0.6980392 0.6980392 0.6980392 1 0 0 0 1 0.4980392 0.4980392 0.4980392 1 0.4980392 0.4980392 0.4980392 1 0 0 0 1 0.2 0.2 0.2 1 0.4980392 0.4980392 0.4980392 1 0.4980392 0.4980392 0.4980392 1 0.6980392 0.6980392 0.6980392 1 0.6980392 0.6980392 0.6980392 1 0.4 0.4 0.4 1 0.6980392 0.6980392 0.6980392 1 0.6980392 0.6980392 0.6980392 1 0.6980392 0.6980392 0.6980392 1 0.6980392 0.6980392 0.6980392 1 0.6980392 0.6980392 0.6980392 1 0.6980392 0.6980392 0.6980392 1 0.4117647 0.4117647 0.4117647 1 0.6980392 0.6980392 0.6980392 1 0.6980392 0.6980392 0.6980392 1 0.4117647 0.4117647 0.4117647 1 0.4117647 0.4117647 0.4117647 1 0.6980392 0.6980392 0.6980392 1 0.4 0.4 0.4 1 0.4117647 0.4117647 0.4117647 1 0.4117647 0.4117647 0.4117647 1 0.4 0.4 0.4 1 0.4 0.4 0.4 1 0.4117647 0.4117647 0.4117647 1 0.6980392 0.6980392 0.6980392 1 0.4 0.4 0.4 1 0.4 0.4 0.4 1 0.4980392 0.4980392 0.4980392 1 1 1 1 1 1 1 1 1 0.4980392 0.4980392 0.4980392 1 1 1 1 1 0.4980392 0.4980392 0.4980392 1 0.2 0.2 0.2 1 0.4980392 0.4980392 0.4980392 1 0.4980392 0.4980392 0.4980392 1 0.2 0.2 0.2 1 0.4980392 0.4980392 0.4980392 1 0.2 0.2 0.2 1 0.8 0.8 0.8 1 0.2 0.2 0.2 1 0.2 0.2 0.2 1 0.8 0.8 0.8 1 0.2 0.2 0.2 1 0.8 0.8 0.8 1 1 1 1 1 0.8 0.8 0.8 1 0.8 0.8 0.8 1 1 1 1 1 0.8 0.8 0.8 1 1 1 1 1 1 1 1 1 1 1 1 1 0.4980392 0.4980392 0.4980392 1 0.8 0.8 0.8 1 1 1 1 1 1 1 1 1 0.8 0.8 0.8 1 0.8 0.8 0.8 1 1 1 1 1 0.2 0.2 0.2 1 0.8 0.8 0.8 1 0.8 0.8 0.8 1 0.2 0.2 0.2 1 0.2 0.2 0.2 1 0.8 0.8 0.8 1 0.4980392 0.4980392 0.4980392 1 0.2 0.2 0.2 1 0.2 0.2 0.2 1 0.4980392 0.4980392 0.4980392 1 0.4980392 0.4980392 0.4980392 1 0.2 0.2 0.2 1 1 1 1 1 0.4980392 0.4980392 0.4980392 1 0.4980392 0.4980392 0.4980392 1 0.4 0.4 0.4 1 0.6980392 0.6980392 0.6980392 1 0.6980392 0.6980392 0.6980392 1 0.4 0.4 0.4 1 0.6980392 0.6980392 0.6980392 1 0.4 0.4 0.4 1 0.4117647 0.4117647 0.4117647 1 0.4 0.4 0.4 1 0.4 0.4 0.4 1 0.4117647 0.4117647 0.4117647 1 0.4 0.4 0.4 1 0.4117647 0.4117647 0.4117647 1 0.6980392 0.6980392 0.6980392 1 0.4117647 0.4117647 0.4117647 1 0.4117647 0.4117647 0.4117647 1 0.6980392 0.6980392 0.6980392 1 0.4117647 0.4117647 0.4117647 1 0.6980392 0.6980392 0.6980392 1 0.6980392 0.6980392 0.6980392 1 0.6980392 0.6980392 0.6980392 1 0.6980392 0.6980392 0.6980392 1 0.6980392 0.6980392 0.6980392 1 0.6980392 0.6980392 0.6980392 1 0.6980392 0.6980392 0.6980392 1 0 0 0 1 0.3019608 0.3019608 0.3019608 1 0.3019608 0.3019608 0.3019608 1 0 0 0 1 0.3019608 0.3019608 0.3019608 1 0 0 0 1 0.3019608 0.3019608 0.3019608 1 0 0 0 1 0 0 0 1 0.3019608 0.3019608 0.3019608 1 0 0 0 1 0.3019608 0.3019608 0.3019608 1 0.8 0.8 0.8 1 0.3019608 0.3019608 0.3019608 1 0.3019608 0.3019608 0.3019608 1 0.8 0.8 0.8 1 0.3019608 0.3019608 0.3019608 1 0.8 0.8 0.8 1 0.3019608 0.3019608 0.3019608 1 0.8 0.8 0.8 1 0.8 0.8 0.8 1 0.3019608 0.3019608 0.3019608 1 0.8 0.8 0.8 1 0.3019608 0.3019608 0.3019608 1 1 1 1 1 0.8 0.8 0.8 1 0.8 0.8 0.8 1 1 1 1 1 0.8 0.8 0.8 1 1 1 1 1 0.6980392 0.6980392 0.6980392 1 1 1 1 1 1 1 1 1 0.6980392 0.6980392 0.6980392 1 1 1 1 1 0.6980392 0.6980392 0.6980392 1 0.2 0.2 0.2 1 0.6980392 0.6980392 0.6980392 1 0.6980392 0.6980392 0.6980392 1 0.6980392 0.6980392 0.6980392 1 0.6980392 0.6980392 0.6980392 1 0.2 0.2 0.2 1 0.2 0.2 0.2 1 0.6980392 0.6980392 0.6980392 1 0.2 0.2 0.2 1 0.2 0.2 0.2 1 0.2 0.2 0.2 1 0.2 0.2 0.2 1 0.2 0.2 0.2 1 0.2 0.2 0.2 1 0.2 0.2 0.2 1 0.6980392 0.6980392 0.6980392 1 0.2 0.2 0.2 1 0.2 0.2 0.2 1 0.6980392 0.6980392 0.6980392 1 0.2 0.2 0.2 1 0.6980392 0.6980392 0.6980392 1 1 1 1 1 0.6980392 0.6980392 0.6980392 1 0.6980392 0.6980392 0.6980392 1 1 1 1 1 0.6980392 0.6980392 0.6980392 1 1 1 1 1 0.8 0.8 0.8 1 1 1 1 1 1 1 1 1 0.6980392 0.6980392 0.6980392 1 0.2980392 0.2980392 0.2980392 1 0.2980392 0.2980392 0.2980392 1 0.6 0.6 0.6 1 0.2980392 0.2980392 0.2980392 1 0.6980392 0.6980392 0.6980392 1 0.6980392 0.6980392 0.6980392 1 0.6 0.6 0.6 1 0.6980392 0.6980392 0.6980392 1 0.6 0.6 0.6 1 0.6 0.6 0.6 1 0.6980392 0.6980392 0.6980392 1 0.2980392 0.2980392 0.2980392 1 0.6 0.6 0.6 1 0.6980392 0.6980392 0.6980392 1 0.2980392 0.2980392 0.2980392 1 0.6 0.6 0.6 1 0.2980392 0.2980392 0.2980392 1 0.2 0.2 0.2 1 0.2980392 0.2980392 0.2980392 1 0.2980392 0.2980392 0.2980392 1 0.2 0.2 0.2 1 0.2980392 0.2980392 0.2980392 1 0.2 0.2 0.2 1 0.6 0.6 0.6 1 0.2 0.2 0.2 1 0.2 0.2 0.2 1 0.6 0.6 0.6 1 0.2 0.2 0.2 1 0.6 0.6 0.6 1 0.8980392 0.8980392 0.8980392 1 0.6 0.6 0.6 1 0.6 0.6 0.6 1 0.8 0.8 0.8 1 0.6 0.6 0.6 1 0.8980392 0.8980392 0.8980392 1 0.8 0.8 0.8 1 0.8 0.8 0.8 1 0.6980392 0.6980392 0.6980392 1 0.8 0.8 0.8 1 0.8 0.8 0.8 1 0.8 0.8 0.8 1 0.8980392 0.8980392 0.8980392 1 0.8 0.8 0.8 1 0.8 0.8 0.8 1 0.6 0.6 0.6 1 0.8 0.8 0.8 1 0.8980392 0.8980392 0.8980392 1 0.8 0.8 0.8 1 0.6 0.6 0.6 1 0.8980392 0.8980392 0.8980392 1 0.8980392 0.8980392 0.8980392 1 0.6 0.6 0.6 1 0.8 0.8 0.8 1 0.7019608 0.7019608 0.7019608 1 0.7019608 0.7019608 0.7019608 1 0.6 0.6 0.6 1 0.7019608 0.7019608 0.7019608 1 0.7019608 0.7019608 0.7019608 1 0.7019608 0.7019608 0.7019608 1 0.7019608 0.7019608 0.7019608 1 0.7019608 0.7019608 0.7019608 1 0.7019608 0.7019608 0.7019608 1 0.9019608 0.9019608 0.9019608 1 0.7019608 0.7019608 0.7019608 1 0.7019608 0.7019608 0.7019608 1 0.1019608 0.1019608 0.1019608 1 0.9019608 0.9019608 0.9019608 1 0.7019608 0.7019608 0.7019608 1 0.6 0.6 0.6 1 0.9019608 0.9019608 0.9019608 1 0.1019608 0.1019608 0.1019608 1 0.9019608 0.9019608 0.9019608 1 0.8980392 0.8980392 0.8980392 1 0.4 0.4 0.4 1 0.4 0.4 0.4 1 0.8980392 0.8980392 0.8980392 1 0.9019608 0.9019608 0.9019608 1 0.4 0.4 0.4 1 0.4 0.4 0.4 1 0.9019608 0.9019608 0.9019608 1 0.4 0.4 0.4 1 0.4 0.4 0.4 1 0.4 0.4 0.4 1 0.4 0.4 0.4 1 0.4 0.4 0.4 1 0.4 0.4 0.4 1 0.9019608 0.9019608 0.9019608 1 0.4 0.4 0.4 1 0.4 0.4 0.4 1 0.8 0.8 0.8 1 0.3019608 0.3019608 0.3019608 1 0.8 0.8 0.8 1 1 1 1 1 0.3019608 0.3019608 0.3019608 1 0.8 0.8 0.8 1 0.5019608 0.5019608 0.5019608 1 1 1 1 1 0.8 0.8 0.8 1 0.3019608 0.3019608 0.3019608 1 1 1 1 1 0.5019608 0.5019608 0.5019608 1 0 0 0 1 0.3019608 0.3019608 0.3019608 1 0.5019608 0.5019608 0.5019608 1 0.1019608 0.1019608 0.1019608 1 0.3019608 0.3019608 0.3019608 1 0 0 0 1 0.5019608 0.5019608 0.5019608 1 0.1019608 0.1019608 0.1019608 1 0 0 0 1 0.3019608 0.3019608 0.3019608 1 0.1019608 0.1019608 0.1019608 1 0.5019608 0.5019608 0.5019608 1 0.8 0.8 0.8 1 0.3019608 0.3019608 0.3019608 1 0.5019608 0.5019608 0.5019608 1 1 1 1 1 0.3019608 0.3019608 0.3019608 1 0.8 0.8 0.8 1 0.8 0.8 0.8 1 1 1 1 1 0.8 0.8 0.8 1 0.3019608 0.3019608 0.3019608 1 1 1 1 1 0.8 0.8 0.8 1 0.6 0.6 0.6 1 0.2980392 0.2980392 0.2980392 1 0.6980392 0.6980392 0.6980392 1 0.2 0.2 0.2 1 0.2980392 0.2980392 0.2980392 1 0.6 0.6 0.6 1 0.6 0.6 0.6 1 0.2 0.2 0.2 1 0.6 0.6 0.6 1 0.6 0.6 0.6 1 0.2 0.2 0.2 1 0.6 0.6 0.6 1 0.8980392 0.8980392 0.8980392 1 0.6 0.6 0.6 1 0.6 0.6 0.6 1 0.8980392 0.8980392 0.8980392 1 0.6 0.6 0.6 1 0.8980392 0.8980392 0.8980392 1 0.4980392 0.4980392 0.4980392 1 0.8 0.8 0.8 1 0.6 0.6 0.6 1 0.8980392 0.8980392 0.8980392 1 0.8 0.8 0.8 1 0.4980392 0.4980392 0.4980392 1 0.4980392 0.4980392 0.4980392 1 0.8980392 0.8980392 0.8980392 1 0.4980392 0.4980392 0.4980392 1 0.8980392 0.8980392 0.8980392 1 0.8980392 0.8980392 0.8980392 1 0.4980392 0.4980392 0.4980392 1 0.6 0.6 0.6 1 0.8980392 0.8980392 0.8980392 1 0.4980392 0.4980392 0.4980392 1 0.8 0.8 0.8 1 0.8980392 0.8980392 0.8980392 1 0.6 0.6 0.6 1 0.6 0.6 0.6 1 0.6 0.6 0.6 1 0.6 0.6 0.6 1 0.8 0.8 0.8 1 0.6 0.6 0.6 1 0.6 0.6 0.6 1 0.8 0.8 0.8 1 0.8 0.8 0.8 1 0.6 0.6 0.6 1 0.8980392 0.8980392 0.8980392 1 0.8 0.8 0.8 1 0.8 0.8 0.8 1 0.8980392 0.8980392 0.8980392 1 0.8980392 0.8980392 0.8980392 1 0.8 0.8 0.8 1 0.8980392 0.8980392 0.8980392 1 0.8980392 0.8980392 0.8980392 1 0.8980392 0.8980392 0.8980392 1 0.4980392 0.4980392 0.4980392 1 0 0 0 1 0 0 0 1 0.4980392 0.4980392 0.4980392 1 0 0 0 1 0.4980392 0.4980392 0.4980392 1 1 1 1 1 0.4980392 0.4980392 0.4980392 1 0.4980392 0.4980392 0.4980392 1 1 1 1 1 0.4980392 0.4980392 0.4980392 1 1 1 1 1 0 0 0 1 1 1 1 1 1 1 1 1 0 0 0 1 1 1 1 1 0 0 0 1 1 1 1 1 0.8980392 0.8980392 0.8980392 1 0.8980392 0.8980392 0.8980392 1 1 1 1 1 0.8980392 0.8980392 0.8980392 1 1 1 1 1 0.6980392 0.6980392 0.6980392 1 1 1 1 1 1 1 1 1 0.6980392 0.6980392 0.6980392 1 1 1 1 1 0.6980392 0.6980392 0.6980392 1 0.2 0.2 0.2 1 0.6980392 0.6980392 0.6980392 1 0.6980392 0.6980392 0.6980392 1 0.2 0.2 0.2 1 0.6980392 0.6980392 0.6980392 1 0.2 0.2 0.2 1 0.7019608 0.7019608 0.7019608 1 0.1019608 0.1019608 0.1019608 1 0.4 0.4 0.4 1 0.6 0.6 0.6 1 0.1019608 0.1019608 0.1019608 1 0.7019608 0.7019608 0.7019608 1 0.6 0.6 0.6 1 0.6 0.6 0.6 1 0.7019608 0.7019608 0.7019608 1 0.9019608 0.9019608 0.9019608 1 0.6 0.6 0.6 1 0.6 0.6 0.6 1 0.1019608 0.1019608 0.1019608 1 0.9019608 0.9019608 0.9019608 1 0.6 0.6 0.6 1 0.7019608 0.7019608 0.7019608 1 0.9019608 0.9019608 0.9019608 1 0.1019608 0.1019608 0.1019608 1 0.8980392 0.8980392 0.8980392 1 0.8980392 0.8980392 0.8980392 1 0.8980392 0.8980392 0.8980392 1 0.8 0.8 0.8 1 0.8980392 0.8980392 0.8980392 1 0.8980392 0.8980392 0.8980392 1 0.8 0.8 0.8 1 0.8 0.8 0.8 1 0.8980392 0.8980392 0.8980392 1 0.6 0.6 0.6 1 0.8 0.8 0.8 1 0.8 0.8 0.8 1 0.6 0.6 0.6 1 0.6 0.6 0.6 1 0.8 0.8 0.8 1 0.6 0.6 0.6 1 0.6 0.6 0.6 1 0.6 0.6 0.6 1 0.8980392 0.8980392 0.8980392 1 0.6980392 0.6980392 0.6980392 1 0.8980392 0.8980392 0.8980392 1 0.8 0.8 0.8 1 0.6980392 0.6980392 0.6980392 1 0.8980392 0.8980392 0.8980392 1 0.8980392 0.8980392 0.8980392 1 0.8 0.8 0.8 1 0.8980392 0.8980392 0.8980392 1 0.8 0.8 0.8 1 0.8 0.8 0.8 1 0.8980392 0.8980392 0.8980392 1 0.8980392 0.8980392 0.8980392 1 0.8 0.8 0.8 1 0.8980392 0.8980392 0.8980392 1 0.6980392 0.6980392 0.6980392 1 0.8 0.8 0.8 1 0.8980392 0.8980392 0.8980392 1 0.3019608 0.3019608 0.3019608 1 0 0 0 1 0.8 0.8 0.8 1 0.1019608 0.1019608 0.1019608 1 0 0 0 1 0.3019608 0.3019608 0.3019608 1 0.3019608 0.3019608 0.3019608 1 0.1019608 0.1019608 0.1019608 1 0.3019608 0.3019608 0.3019608 1 0.1019608 0.1019608 0.1019608 1 0.1019608 0.1019608 0.1019608 1 0.3019608 0.3019608 0.3019608 1 0.8 0.8 0.8 1 0.1019608 0.1019608 0.1019608 1 0.3019608 0.3019608 0.3019608 1 0 0 0 1 0.1019608 0.1019608 0.1019608 1 0.8 0.8 0.8 1 0.6980392 0.6980392 0.6980392 1 0.4980392 0.4980392 0.4980392 1 0.6980392 0.6980392 0.6980392 1 0.4980392 0.4980392 0.4980392 1 0.4980392 0.4980392 0.4980392 1 0.6980392 0.6980392 0.6980392 1 0.6980392 0.6980392 0.6980392 1 0.4980392 0.4980392 0.4980392 1 0.6980392 0.6980392 0.6980392 1 0.4980392 0.4980392 0.4980392 1 0.4980392 0.4980392 0.4980392 1 0.6980392 0.6980392 0.6980392 1 0.6980392 0.6980392 0.6980392 1 0.4980392 0.4980392 0.4980392 1 0.6980392 0.6980392 0.6980392 1 0.4980392 0.4980392 0.4980392 1 0.4980392 0.4980392 0.4980392 1 0.6980392 0.6980392 0.6980392 1 0.4980392 0.4980392 0.4980392 1 0.8980392 0.8980392 0.8980392 1 0.6980392 0.6980392 0.6980392 1 0.8980392 0.8980392 0.8980392 1 0.8980392 0.8980392 0.8980392 1 0.4980392 0.4980392 0.4980392 1 0.4980392 0.4980392 0.4980392 1 0.8980392 0.8980392 0.8980392 1 0.4980392 0.4980392 0.4980392 1 0.8 0.8 0.8 1 0.8980392 0.8980392 0.8980392 1 0.4980392 0.4980392 0.4980392 1 0.6980392 0.6980392 0.6980392 1 0.8 0.8 0.8 1 0.4980392 0.4980392 0.4980392 1 0.8 0.8 0.8 1 0.8 0.8 0.8 1 0.6980392 0.6980392 0.6980392 1 0.4980392 0.4980392 0.4980392 1 0.8980392 0.8980392 0.8980392 1 0.8980392 0.8980392 0.8980392 1 0.8980392 0.8980392 0.8980392 1 0.8980392 0.8980392 0.8980392 1 0.4980392 0.4980392 0.4980392 1 0.4980392 0.4980392 0.4980392 1 0.8980392 0.8980392 0.8980392 1 0.4980392 0.4980392 0.4980392 1 0.8980392 0.8980392 0.8980392 1 0.8980392 0.8980392 0.8980392 1 0.4980392 0.4980392 0.4980392 1 0.4980392 0.4980392 0.4980392 1 0.8980392 0.8980392 0.8980392 1 0.4980392 0.4980392 0.4980392 1 0.2 0.2 0.2 1 0.4 0.4 0.4 1 0.4 0.4 0.4 1 0.2 0.2 0.2 1 0.4 0.4 0.4 1 0.2 0.2 0.2 1 0.2 0.2 0.2 1 0.2 0.2 0.2 1 0.2 0.2 0.2 1 0.2 0.2 0.2 1 0.2 0.2 0.2 1 0.2 0.2 0.2 1 1 1 1 1 0.2 0.2 0.2 1 0.2 0.2 0.2 1 1 1 1 1 1 1 1 1 1 1 1 1 1 1 1 1 1 1 1 1 1 1 1 1 1 1 1 1 1 1 1 1 1 1 1 1 1 1 1 1 1 1 1 1 1 1 1 1 1 1 1 1 1 1 1 1 1 1 1 1 0.6 0.6 0.6 1 0.6 0.6 0.6 1 0.6 0.6 0.6 1 0.2 0.2 0.2 1 0.6 0.6 0.6 1 0.6 0.6 0.6 1 0.2 0.2 0.2 1 0.2 0.2 0.2 1 0.6 0.6 0.6 1 0.2 0.2 0.2 1 0.2 0.2 0.2 1 0.2 0.2 0.2 1 0.2 0.2 0.2 1 0.2 0.2 0.2 1 0.2 0.2 0.2 1 0.4980392 0.4980392 0.4980392 1 0.2 0.2 0.2 1 0.2 0.2 0.2 1 0.4980392 0.4980392 0.4980392 1 0.2 0.2 0.2 1 0.4980392 0.4980392 0.4980392 1 1 1 1 1 0.4980392 0.4980392 0.4980392 1 0.4980392 0.4980392 0.4980392 1 1 1 1 1 0.4980392 0.4980392 0.4980392 1 1 1 1 1 0.8 0.8 0.8 1 1 1 1 1 1 1 1 1 0.5686275 0.5686275 0.5686275 1 0.8980392 0.8980392 0.8980392 1 0.6 0.6 0.6 1 0.8 0.8 0.8 1 0.8980392 0.8980392 0.8980392 1 0.5686275 0.5686275 0.5686275 1 0.2 0.2 0.2 1 0.8 0.8 0.8 1 0.5686275 0.5686275 0.5686275 1 0.7294118 0.7294118 0.7294118 1 0.8 0.8 0.8 1 0.2 0.2 0.2 1 0.05490195 0.05490195 0.05490195 1 0.7294118 0.7294118 0.7294118 1 0.2 0.2 0.2 1 0.8 0.8 0.8 1 0.8 0.8 0.8 1 0.8 0.8 0.8 1 0.8980392 0.8980392 0.8980392 1 0.8 0.8 0.8 1 0.8 0.8 0.8 1 0.6 0.6 0.6 1 0.8980392 0.8980392 0.8980392 1 0.8 0.8 0.8 1 0.8 0.8 0.8 1 0.8980392 0.8980392 0.8980392 1 0.6 0.6 0.6 1 0.8980392 0.8980392 0.8980392 1 0.8 0.8 0.8 1 0.6 0.6 0.6 1 0.2 0.2 0.2 1 0.6 0.6 0.6 1 0.2 0.2 0.2 1 0.4980392 0.4980392 0.4980392 1 0.6 0.6 0.6 1 0.2 0.2 0.2 1 0.2 0.2 0.2 1 0.4980392 0.4980392 0.4980392 1 0.2 0.2 0.2 1 0.4980392 0.4980392 0.4980392 1 0.4980392 0.4980392 0.4980392 1 0.2 0.2 0.2 1 0.4980392 0.4980392 0.4980392 1 0.4980392 0.4980392 0.4980392 1 0.2 0.2 0.2 1 0.4980392 0.4980392 0.4980392 1 0.8980392 0.8980392 0.8980392 1 0.8980392 0.8980392 0.8980392 1 0.8980392 0.8980392 0.8980392 1 0.8980392 0.8980392 0.8980392 1 0.4980392 0.4980392 0.4980392 1 0.4980392 0.4980392 0.4980392 1 0.8980392 0.8980392 0.8980392 1 0.4980392 0.4980392 0.4980392 1 0.8980392 0.8980392 0.8980392 1 0.8980392 0.8980392 0.8980392 1 0.4980392 0.4980392 0.4980392 1 0.4980392 0.4980392 0.4980392 1 0.8980392 0.8980392 0.8980392 1 0.4980392 0.4980392 0.4980392 1 0.4 0.4 0.4 1 0.9019608 0.9019608 0.9019608 1 0.8980392 0.8980392 0.8980392 1 0.4 0.4 0.4 1 0.9019608 0.9019608 0.9019608 1 0.4 0.4 0.4 1 0.4 0.4 0.4 1 0.4 0.4 0.4 1 0.4 0.4 0.4 1 0.4 0.4 0.4 1 0.4 0.4 0.4 1 0.4 0.4 0.4 1 0.6980392 0.6980392 0.6980392 1 0.4 0.4 0.4 1 0.4 0.4 0.4 1 0.6980392 0.6980392 0.6980392 1 0.4 0.4 0.4 1 0.6980392 0.6980392 0.6980392 1 0.4 0.4 0.4 1 0.6980392 0.6980392 0.6980392 1 0.6980392 0.6980392 0.6980392 1 0.4 0.4 0.4 1 0.6980392 0.6980392 0.6980392 1 0.4 0.4 0.4 1 0.2980392 0.2980392 0.2980392 1 0.4 0.4 0.4 1 0.2980392 0.2980392 0.2980392 1 0.4156863 0.4156863 0.4156863 1 0.4 0.4 0.4 1 0.2980392 0.2980392 0.2980392 1 0.2980392 0.2980392 0.2980392 1 0.4156863 0.4156863 0.4156863 1 0.2980392 0.2980392 0.2980392 1 0.6 0.6 0.6 1 0.4156863 0.4156863 0.4156863 1 0.2980392 0.2980392 0.2980392 1 0.6980392 0.6980392 0.6980392 1 0.8980392 0.8980392 0.8980392 1 0.8 0.8 0.8 1 0.8980392 0.8980392 0.8980392 1 0.8980392 0.8980392 0.8980392 1 0.6980392 0.6980392 0.6980392 1 0.6980392 0.6980392 0.6980392 1 0.8980392 0.8980392 0.8980392 1 0.6980392 0.6980392 0.6980392 1 0.8 0.8 0.8 1 0.8980392 0.8980392 0.8980392 1 0.6980392 0.6980392 0.6980392 1 0.8 0.8 0.8 1 0 0 0 1 1 1 1 1 0.6980392 0.6980392 0.6980392 1 0 0 0 1 0.8 0.8 0.8 1 1 1 1 1 0.6980392 0.6980392 0.6980392 1 0.8 0.8 0.8 1 0.4980392 0.4980392 0.4980392 1 0.6980392 0.6980392 0.6980392 1 1 1 1 1 0.6 0.6 0.6 1 1 1 1 1 0.3019608 0.3019608 0.3019608 1 0.6 0.6 0.6 1 1 1 1 1 0.6 0.6 0.6 1 0.1019608 0.1019608 0.1019608 1 0.6 0.6 0.6 1 0.6 0.6 0.6 1 0.3019608 0.3019608 0.3019608 1 0.6 0.6 0.6 1 0.1019608 0.1019608 0.1019608 1 0.6980392 0.6980392 0.6980392 1 0.6 0.6 0.6 1 0.4 0.4 0.4 1 0.8980392 0.8980392 0.8980392 1 0.6 0.6 0.6 1 0.6980392 0.6980392 0.6980392 1 0.4 0.4 0.4 1 0.8980392 0.8980392 0.8980392 1 0.6980392 0.6980392 0.6980392 1 0.6 0.6 0.6 1 0.8980392 0.8980392 0.8980392 1 0.4 0.4 0.4 1 0.4980392 0.4980392 0.4980392 1 0.8980392 0.8980392 0.8980392 1 0.8980392 0.8980392 0.8980392 1 0.4980392 0.4980392 0.4980392 1 0.8980392 0.8980392 0.8980392 1 0.4980392 0.4980392 0.4980392 1 0.8980392 0.8980392 0.8980392 1 0.4980392 0.4980392 0.4980392 1 0.4980392 0.4980392 0.4980392 1 0.8980392 0.8980392 0.8980392 1 0.4980392 0.4980392 0.4980392 1 0.8980392 0.8980392 0.8980392 1 0.9019608 0.9019608 0.9019608 1 0.9019608 0.9019608 0.9019608 1 0.6 0.6 0.6 1 0.7019608 0.7019608 0.7019608 1 0.9019608 0.9019608 0.9019608 1 0.9019608 0.9019608 0.9019608 1 0.7019608 0.7019608 0.7019608 1 0.7019608 0.7019608 0.7019608 1 0.9019608 0.9019608 0.9019608 1 0.7019608 0.7019608 0.7019608 1 0.7019608 0.7019608 0.7019608 1 0.7019608 0.7019608 0.7019608 1 0.8980392 0.8980392 0.8980392 1 0.8980392 0.8980392 0.8980392 1 0.8980392 0.8980392 0.8980392 1 0.8980392 0.8980392 0.8980392 1 0.8980392 0.8980392 0.8980392 1 0.8980392 0.8980392 0.8980392 1 0.8980392 0.8980392 0.8980392 1 0.8980392 0.8980392 0.8980392 1 0.8980392 0.8980392 0.8980392 1 0.8980392 0.8980392 0.8980392 1 0.8980392 0.8980392 0.8980392 1 0.8980392 0.8980392 0.8980392 1 0.2 0.2 0.2 1 0.3019608 0.3019608 0.3019608 1 0 0 0 1 0 0 0 1 0.3019608 0.3019608 0.3019608 1 0.2 0.2 0.2 1 0.9019608 0.9019608 0.9019608 1 0 0 0 1 0.2 0.2 0.2 1 0.3019608 0.3019608 0.3019608 1 0 0 0 1 0.9019608 0.9019608 0.9019608 1 0.8980392 0.8980392 0.8980392 1 0.6 0.6 0.6 1 0.6 0.6 0.6 1 0.8980392 0.8980392 0.8980392 1 0.6 0.6 0.6 1 0.8980392 0.8980392 0.8980392 1 0.6 0.6 0.6 1 0.8980392 0.8980392 0.8980392 1 0.8980392 0.8980392 0.8980392 1 0.6 0.6 0.6 1 0.8980392 0.8980392 0.8980392 1 0.6 0.6 0.6 1 0.8980392 0.8980392 0.8980392 1 0.6 0.6 0.6 1 0.6 0.6 0.6 1 0.8980392 0.8980392 0.8980392 1 0.6 0.6 0.6 1 0.8980392 0.8980392 0.8980392 1 0.6 0.6 0.6 1 0.8980392 0.8980392 0.8980392 1 0.8980392 0.8980392 0.8980392 1 0.6 0.6 0.6 1 0.8980392 0.8980392 0.8980392 1 0.6 0.6 0.6 1 0.8980392 0.8980392 0.8980392 1 0.6 0.6 0.6 1 0.6 0.6 0.6 1 0.8980392 0.8980392 0.8980392 1 0.6 0.6 0.6 1 0.8980392 0.8980392 0.8980392 1 0.6 0.6 0.6 1 0.8980392 0.8980392 0.8980392 1 0.8980392 0.8980392 0.8980392 1 0.6 0.6 0.6 1 0.8980392 0.8980392 0.8980392 1 0.6 0.6 0.6 1 0.2 0.2 0.2 1 0.2 0.2 0.2 1 0.2 0.2 0.2 1 0.6980392 0.6980392 0.6980392 1 0.2 0.2 0.2 1 0.2 0.2 0.2 1 0.6980392 0.6980392 0.6980392 1 0.6980392 0.6980392 0.6980392 1 0.2 0.2 0.2 1 1 1 1 1 0.6980392 0.6980392 0.6980392 1 0.6980392 0.6980392 0.6980392 1 0.6980392 0.6980392 0.6980392 1 0.6 0.6 0.6 1 0.4 0.4 0.4 1 0.8980392 0.8980392 0.8980392 1 0.6 0.6 0.6 1 0.6980392 0.6980392 0.6980392 1 0.4 0.4 0.4 1 0.8980392 0.8980392 0.8980392 1 0.6980392 0.6980392 0.6980392 1 0.6 0.6 0.6 1 0.8980392 0.8980392 0.8980392 1 0.4 0.4 0.4 1 0.2 0.2 0.2 1 0.8 0.8 0.8 1 0.8 0.8 0.8 1 0.2 0.2 0.2 1 0.8 0.8 0.8 1 0.2 0.2 0.2 1 0.2 0.2 0.2 1 0.2 0.2 0.2 1 0.2 0.2 0.2 1 0.2 0.2 0.2 1 0.2 0.2 0.2 1 0.2 0.2 0.2 1 1 1 1 1 1 1 1 1 1 1 1 1 1 1 1 1 1 1 1 1 1 1 1 1 1 1 1 1 1 1 1 1 1 1 1 1 1 1 1 1 1 1 1 1 1 1 1 1 1 1 1 1 1 1 1 1 1 1 1 1 1 1 1 1 1 1 1 1 1 1 1 1 1 1 1 1 1 1 1 1 1 1 1 1 1 1 1 1 1 1 1 1 1 1 1 1 0.2980392 0.2980392 0.2980392 1 0.4 0.4 0.4 1 0.2980392 0.2980392 0.2980392 1 0.4117647 0.4117647 0.4117647 1 0.4 0.4 0.4 1 0.2980392 0.2980392 0.2980392 1 0.2980392 0.2980392 0.2980392 1 0.4117647 0.4117647 0.4117647 1 0.2980392 0.2980392 0.2980392 1 0.6 0.6 0.6 1 0.4117647 0.4117647 0.4117647 1 0.2980392 0.2980392 0.2980392 1 0.6980392 0.6980392 0.6980392 1 0.4 0.4 0.4 1 0.4 0.4 0.4 1 0.6980392 0.6980392 0.6980392 1 0.4 0.4 0.4 1 0.6980392 0.6980392 0.6980392 1 0.4 0.4 0.4 1 0.6980392 0.6980392 0.6980392 1 0.6980392 0.6980392 0.6980392 1 0.4 0.4 0.4 1 0.6980392 0.6980392 0.6980392 1 0.4 0.4 0.4 1 0.8980392 0.8980392 0.8980392 1 0.8980392 0.8980392 0.8980392 1 0.8980392 0.8980392 0.8980392 1 0.8980392 0.8980392 0.8980392 1 0.8980392 0.8980392 0.8980392 1 0.8980392 0.8980392 0.8980392 1 0.8980392 0.8980392 0.8980392 1 0.8980392 0.8980392 0.8980392 1 0.8980392 0.8980392 0.8980392 1 0.8980392 0.8980392 0.8980392 1 0.8980392 0.8980392 0.8980392 1 0.8980392 0.8980392 0.8980392 1 0.2980392 0.2980392 0.2980392 1 0.2980392 0.2980392 0.2980392 1 0.2980392 0.2980392 0.2980392 1 0.2980392 0.2980392 0.2980392 1 0.2980392 0.2980392 0.2980392 1 0.2980392 0.2980392 0.2980392 1 0.6980392 0.6980392 0.6980392 1 0.2980392 0.2980392 0.2980392 1 0.2980392 0.2980392 0.2980392 1 0.6980392 0.6980392 0.6980392 1 0.2980392 0.2980392 0.2980392 1 0.6980392 0.6980392 0.6980392 1 0.06274509 0.06274509 0.06274509 1 0.7019608 0.7019608 0.7019608 1 0.06274509 0.06274509 0.06274509 1 0.7333334 0.7333334 0.7333334 1 0.7019608 0.7019608 0.7019608 1 0.06274509 0.06274509 0.06274509 1 0.06274509 0.06274509 0.06274509 1 0.7333334 0.7333334 0.7333334 1 0.06274509 0.06274509 0.06274509 1 0.8980392 0.8980392 0.8980392 1 0.8980392 0.8980392 0.8980392 1 0.8980392 0.8980392 0.8980392 1 0.8980392 0.8980392 0.8980392 1 0.8980392 0.8980392 0.8980392 1 0.8980392 0.8980392 0.8980392 1 0.8980392 0.8980392 0.8980392 1 0.8980392 0.8980392 0.8980392 1 0.8980392 0.8980392 0.8980392 1 0.6980392 0.6980392 0.6980392 1 0.6980392 0.6980392 0.6980392 1 0.6980392 0.6980392 0.6980392 1 0.6980392 0.6980392 0.6980392 1 0.6980392 0.6980392 0.6980392 1 0.6980392 0.6980392 0.6980392 1 0.6980392 0.6980392 0.6980392 1 0.6980392 0.6980392 0.6980392 1 0.6980392 0.6980392 0.6980392 1 0.6980392 0.6980392 0.6980392 1 0.8980392 0.8980392 0.8980392 1 0.6980392 0.6980392 0.6980392 1 0.8980392 0.8980392 0.8980392 1 0.8980392 0.8980392 0.8980392 1 0.6980392 0.6980392 0.6980392 1 0.6 0.6 0.6 1 0.8980392 0.8980392 0.8980392 1 0.6980392 0.6980392 0.6980392 1 0.6980392 0.6980392 0.6980392 1 0.8980392 0.8980392 0.8980392 1 0.6980392 0.6980392 0.6980392 1 0.8980392 0.8980392 0.8980392 1 0.8980392 0.8980392 0.8980392 1 0.6980392 0.6980392 0.6980392 1 0.6 0.6 0.6 1 0.8980392 0.8980392 0.8980392 1 0.6980392 0.6980392 0.6980392 1 0.4 0.4 0.4 1 0.6 0.6 0.6 1 0.6980392 0.6980392 0.6980392 1 0.2980392 0.2980392 0.2980392 1 0.6 0.6 0.6 1 0.4 0.4 0.4 1 0.2980392 0.2980392 0.2980392 1 0.2980392 0.2980392 0.2980392 1 0.4 0.4 0.4 1 0.4156863 0.4156863 0.4156863 1 0.2980392 0.2980392 0.2980392 1 0.4 0.4 0.4 1 0.2980392 0.2980392 0.2980392 1 0.2980392 0.2980392 0.2980392 1 0.4156863 0.4156863 0.4156863 1 0.6 0.6 0.6 1 0.2980392 0.2980392 0.2980392 1 0.4156863 0.4156863 0.4156863 1 0.6980392 0.6980392 0.6980392 1 0.6 0.6 0.6 1 0.4156863 0.4156863 0.4156863 1 0.8980392 0.8980392 0.8980392 1 0.6 0.6 0.6 1 0.6980392 0.6980392 0.6980392 1 0.8980392 0.8980392 0.8980392 1 0.8980392 0.8980392 0.8980392 1 0.6980392 0.6980392 0.6980392 1 0.6980392 0.6980392 0.6980392 1 0.8980392 0.8980392 0.8980392 1 0.6980392 0.6980392 0.6980392 1 0.8980392 0.8980392 0.8980392 1 0.8980392 0.8980392 0.8980392 1 0.6980392 0.6980392 0.6980392 1 0.6 0.6 0.6 1 0.8980392 0.8980392 0.8980392 1 0.6980392 0.6980392 0.6980392 1 0.4 0.4 0.4 1 0.6 0.6 0.6 1 0.6980392 0.6980392 0.6980392 1 0.2980392 0.2980392 0.2980392 1 0.6 0.6 0.6 1 0.4 0.4 0.4 1 0.2980392 0.2980392 0.2980392 1 0.2980392 0.2980392 0.2980392 1 0.4 0.4 0.4 1 0.4117647 0.4117647 0.4117647 1 0.2980392 0.2980392 0.2980392 1 0.4 0.4 0.4 1 0.2980392 0.2980392 0.2980392 1 0.2980392 0.2980392 0.2980392 1 0.4117647 0.4117647 0.4117647 1 0.6 0.6 0.6 1 0.2980392 0.2980392 0.2980392 1 0.4117647 0.4117647 0.4117647 1 0.6980392 0.6980392 0.6980392 1 0.6 0.6 0.6 1 0.4117647 0.4117647 0.4117647 1 0.8980392 0.8980392 0.8980392 1 0.6 0.6 0.6 1 0.6980392 0.6980392 0.6980392 1 0.8980392 0.8980392 0.8980392 1 0.8980392 0.8980392 0.8980392 1 0.6980392 0.6980392 0.6980392 1 0.0980392 0.0980392 0.0980392 1 0.8980392 0.8980392 0.8980392 1 0.4980392 0.4980392 0.4980392 1 0.8980392 0.8980392 0.8980392 1 0.8980392 0.8980392 0.8980392 1 0.0980392 0.0980392 0.0980392 1 0.8980392 0.8980392 0.8980392 1 0.8980392 0.8980392 0.8980392 1 0.0980392 0.0980392 0.0980392 1 0.6 0.6 0.6 1 0.8980392 0.8980392 0.8980392 1 0.8980392 0.8980392 0.8980392 1 0.2980392 0.2980392 0.2980392 1 0.8980392 0.8980392 0.8980392 1 0.6 0.6 0.6 1 0.2980392 0.2980392 0.2980392 1 0.2980392 0.2980392 0.2980392 1 0.6 0.6 0.6 1 0.2980392 0.2980392 0.2980392 1 0.6980392 0.6980392 0.6980392 1 0.8980392 0.8980392 0.8980392 1 0.2980392 0.2980392 0.2980392 1 0.6980392 0.6980392 0.6980392 1 0.2980392 0.2980392 0.2980392 1 0.2980392 0.2980392 0.2980392 1 0.2980392 0.2980392 0.2980392 1 0.2980392 0.2980392 0.2980392 1 0.2980392 0.2980392 0.2980392 1 0.2980392 0.2980392 0.2980392 1 0.2980392 0.2980392 0.2980392 1 0.2980392 0.2980392 0.2980392 1 0.2980392 0.2980392 0.2980392 1 0.2980392 0.2980392 0.2980392 1 0.2980392 0.2980392 0.2980392 1 0.2980392 0.2980392 0.2980392 1 0.2980392 0.2980392 0.2980392 1 0.2980392 0.2980392 0.2980392 1 0.2980392 0.2980392 0.2980392 1 0.2980392 0.2980392 0.2980392 1 0.2980392 0.2980392 0.2980392 1 0.2980392 0.2980392 0.2980392 1 0.2980392 0.2980392 0.2980392 1 0.2980392 0.2980392 0.2980392 1 0.2980392 0.2980392 0.2980392 1 0.2980392 0.2980392 0.2980392 1 0.2980392 0.2980392 0.2980392 1 0.2980392 0.2980392 0.2980392 1 0.2980392 0.2980392 0.2980392 1 0.6980392 0.6980392 0.6980392 1 0.2980392 0.2980392 0.2980392 1 0.2980392 0.2980392 0.2980392 1 0.8980392 0.8980392 0.8980392 1 0.6980392 0.6980392 0.6980392 1 0.2980392 0.2980392 0.2980392 1 0.8980392 0.8980392 0.8980392 1 0.6980392 0.6980392 0.6980392 1 0.8980392 0.8980392 0.8980392 1 0.6980392 0.6980392 0.6980392 1 0.6980392 0.6980392 0.6980392 1 0.8980392 0.8980392 0.8980392 1 0.8980392 0.8980392 0.8980392 1 0.6980392 0.6980392 0.6980392 1 0.8980392 0.8980392 0.8980392 1 0.6 0.6 0.6 1 0.2980392 0.2980392 0.2980392 1 0.2980392 0.2980392 0.2980392 1 0.2980392 0.2980392 0.2980392 1 0.2980392 0.2980392 0.2980392 1 0.6 0.6 0.6 1 0.8980392 0.8980392 0.8980392 1 0.2980392 0.2980392 0.2980392 1 0.6 0.6 0.6 1 0.6980392 0.6980392 0.6980392 1 0.8980392 0.8980392 0.8980392 1 0.6980392 0.6980392 0.6980392 1 0.8980392 0.8980392 0.8980392 1 0.8980392 0.8980392 0.8980392 1 0.6980392 0.6980392 0.6980392 1 0.6 0.6 0.6 1 0.8980392 0.8980392 0.8980392 1 0.6980392 0.6980392 0.6980392 1 0.4980392 0.4980392 0.4980392 1 0.4980392 0.4980392 0.4980392 1 0.4980392 0.4980392 0.4980392 1 0.4980392 0.4980392 0.4980392 1 0.4980392 0.4980392 0.4980392 1 0.4980392 0.4980392 0.4980392 1 0.4 0.4 0.4 1 0.4980392 0.4980392 0.4980392 1 0.4980392 0.4980392 0.4980392 1 0.6196079 0.6196079 0.6196079 1 0.8980392 0.8980392 0.8980392 1 0.7294118 0.7294118 0.7294118 1 0.8980392 0.8980392 0.8980392 1 0.8980392 0.8980392 0.8980392 1 0.6196079 0.6196079 0.6196079 1 0.7333334 0.7333334 0.7333334 1 0.8980392 0.8980392 0.8980392 1 0.6196079 0.6196079 0.6196079 1 0.4980392 0.4980392 0.4980392 1 0.4980392 0.4980392 0.4980392 1 0.4980392 0.4980392 0.4980392 1 0.4 0.4 0.4 1 0.4980392 0.4980392 0.4980392 1 0.4980392 0.4980392 0.4980392 1 0.4980392 0.4980392 0.4980392 1 0.4 0.4 0.4 1 0.4980392 0.4980392 0.4980392 1 0.2 0.2 0.2 1 0.2 0.2 0.2 1 0.2 0.2 0.2 1 0.2 0.2 0.2 1 0.2 0.2 0.2 1 0.2 0.2 0.2 1 0.6980392 0.6980392 0.6980392 1 0.2 0.2 0.2 1 0.2 0.2 0.2 1 0.0980392 0.0980392 0.0980392 1 0.4980392 0.4980392 0.4980392 1 0.8980392 0.8980392 0.8980392 1 0.8980392 0.8980392 0.8980392 1 0.4980392 0.4980392 0.4980392 1 0.0980392 0.0980392 0.0980392 1 0.8980392 0.8980392 0.8980392 1 0.8980392 0.8980392 0.8980392 1 0.0980392 0.0980392 0.0980392 1 1 1 1 1 0.8 0.8 0.8 1 0.8 0.8 0.8 1 1 1 1 1 0.8 0.8 0.8 1 1 1 1 1 0.4980392 0.4980392 0.4980392 1 1 1 1 1 1 1 1 1 0 0 0 1 0.8 0.8 0.8 1 0.8 0.8 0.8 1 0.8 0.8 0.8 1 0.8 0.8 0.8 1 0 0 0 1 0.8 0.8 0.8 1 0.8 0.8 0.8 1 0 0 0 1 0.2 0.2 0.2 1 0.2 0.2 0.2 1 0.2 0.2 0.2 1 0.2 0.2 0.2 1 0.2 0.2 0.2 1 0.2 0.2 0.2 1 0.6980392 0.6980392 0.6980392 1 0.2 0.2 0.2 1 0.2 0.2 0.2 1 1 1 1 1 0.6980392 0.6980392 0.6980392 1 0.6980392 0.6980392 0.6980392 1 1 1 1 1 0.6980392 0.6980392 0.6980392 1 1 1 1 1 0.8 0.8 0.8 1 1 1 1 1 1 1 1 1 1 1 1 1 1 1 1 1 0.6980392 0.6980392 0.6980392 1 0.8 0.8 0.8 1 1 1 1 1 1 1 1 1 0.8 0.8 0.8 1 0.8 0.8 0.8 1 1 1 1 1 0.6 0.6 0.6 1 0.8980392 0.8980392 0.8980392 1 0.6 0.6 0.6 1 0.8 0.8 0.8 1 0.8980392 0.8980392 0.8980392 1 0.6 0.6 0.6 1 0.6980392 0.6980392 0.6980392 1 0.8 0.8 0.8 1 0.6 0.6 0.6 1 0.6 0.6 0.6 1 0.2980392 0.2980392 0.2980392 1 0.2 0.2 0.2 1 0.6980392 0.6980392 0.6980392 1 0.2980392 0.2980392 0.2980392 1 0.6 0.6 0.6 1 0.8 0.8 0.8 1 0.6980392 0.6980392 0.6980392 1 0.6 0.6 0.6 1 0.2 0.2 0.2 1 0.2 0.2 0.2 1 0.8 0.8 0.8 1 0.2 0.2 0.2 1 0.2 0.2 0.2 1 0.2 0.2 0.2 1 0.2 0.2 0.2 1 0.2 0.2 0.2 1 0.2 0.2 0.2 1 0.3019608 0.3019608 0.3019608 1 0.2 0.2 0.2 1 0.2 0.2 0.2 1 1 1 1 1 0.2 0.2 0.2 1 0.3019608 0.3019608 0.3019608 1 0.9019608 0.9019608 0.9019608 1 1 1 1 1 0.3019608 0.3019608 0.3019608 1 0.8 0.8 0.8 1 0.8 0.8 0.8 1 0.8 0.8 0.8 1 0.8 0.8 0.8 1 0.8 0.8 0.8 1 0.8 0.8 0.8 1 0.8 0.8 0.8 1 0.8 0.8 0.8 1 0.8 0.8 0.8 1 0.6196079 0.6196079 0.6196079 1 0.7019608 0.7019608 0.7019608 1 0.7333334 0.7333334 0.7333334 1 0.6745098 0.6745098 0.6745098 1 0.7019608 0.7019608 0.7019608 1 0.6196079 0.6196079 0.6196079 1 0.4313725 0.4313725 0.4313725 1 0.6745098 0.6745098 0.6745098 1 0.6196079 0.6196079 0.6196079 1 0.6980392 0.6980392 0.6980392 1 0.4980392 0.4980392 0.4980392 1 0.4980392 0.4980392 0.4980392 1 0.6 0.6 0.6 1 0.4980392 0.4980392 0.4980392 1 0.6980392 0.6980392 0.6980392 1 0.6980392 0.6980392 0.6980392 1 0.6 0.6 0.6 1 0.6980392 0.6980392 0.6980392 1 0.8980392 0.8980392 0.8980392 1 0.8980392 0.8980392 0.8980392 1 0.8980392 0.8980392 0.8980392 1 0.8980392 0.8980392 0.8980392 1 0.8980392 0.8980392 0.8980392 1 0.8980392 0.8980392 0.8980392 1 0.8980392 0.8980392 0.8980392 1 0.8980392 0.8980392 0.8980392 1 0.8980392 0.8980392 0.8980392 1 1 1 1 1 1 1 1 1 1 1 1 1 1 1 1 1 1 1 1 1 1 1 1 1 1 1 1 1 1 1 1 1 1 1 1 1 0.2 0.2 0.2 1 0.4980392 0.4980392 0.4980392 1 0.2 0.2 0.2 1 0.4980392 0.4980392 0.4980392 1 0.4980392 0.4980392 0.4980392 1 0.2 0.2 0.2 1 0.6 0.6 0.6 1 0.4980392 0.4980392 0.4980392 1 0.2 0.2 0.2 1 0.06274509 0.06274509 0.06274509 1 0.4313725 0.4313725 0.4313725 1 0.06274509 0.06274509 0.06274509 1 0.6745098 0.6745098 0.6745098 1 0.4313725 0.4313725 0.4313725 1 0.06274509 0.06274509 0.06274509 1 0.7019608 0.7019608 0.7019608 1 0.6745098 0.6745098 0.6745098 1 0.06274509 0.06274509 0.06274509 1 0.6980392 0.6980392 0.6980392 1 0.6196079 0.6196079 0.6196079 1 0.7294118 0.7294118 0.7294118 1 0.6705883 0.6705883 0.6705883 1 0.6196079 0.6196079 0.6196079 1 0.6980392 0.6980392 0.6980392 1 0.6 0.6 0.6 1 0.6 0.6 0.6 1 0.6 0.6 0.6 1 0.8 0.8 0.8 1 0.6 0.6 0.6 1 0.6 0.6 0.6 1 0.8980392 0.8980392 0.8980392 1 0.8980392 0.8980392 0.8980392 1 0.8980392 0.8980392 0.8980392 1 0.8 0.8 0.8 1 0.8980392 0.8980392 0.8980392 1 0.8980392 0.8980392 0.8980392 1 0.8980392 0.8980392 0.8980392 1 0.8980392 0.8980392 0.8980392 1 0.8980392 0.8980392 0.8980392 1 0.8 0.8 0.8 1 0.8980392 0.8980392 0.8980392 1 0.8980392 0.8980392 0.8980392 1 0.6 0.6 0.6 1 0.6 0.6 0.6 1 0.6 0.6 0.6 1 0.8 0.8 0.8 1 0.6 0.6 0.6 1 0.6 0.6 0.6 1 0.4 0.4 0.4 1 0.8 0.8 0.8 1 0.4 0.4 0.4 1 0.8 0.8 0.8 1 0.8 0.8 0.8 1 0.4 0.4 0.4 1 0.4 0.4 0.4 1 0.8 0.8 0.8 1 0.8 0.8 0.8 1 0.4 0.4 0.4 1 0.8 0.8 0.8 1 0.4 0.4 0.4 1 0.8980392 0.8980392 0.8980392 1 0.7019608 0.7019608 0.7019608 1 0.8980392 0.8980392 0.8980392 1 0.8980392 0.8980392 0.8980392 1 0.7019608 0.7019608 0.7019608 1 0.8980392 0.8980392 0.8980392 1 0.2980392 0.2980392 0.2980392 1 0.8980392 0.8980392 0.8980392 1 0.2980392 0.2980392 0.2980392 1 0.8980392 0.8980392 0.8980392 1 0.8980392 0.8980392 0.8980392 1 0.2980392 0.2980392 0.2980392 1 0.2980392 0.2980392 0.2980392 1 0.8980392 0.8980392 0.8980392 1 0.8980392 0.8980392 0.8980392 1 0.2980392 0.2980392 0.2980392 1 0.8980392 0.8980392 0.8980392 1 0.2980392 0.2980392 0.2980392 1 0.2980392 0.2980392 0.2980392 1 0.8980392 0.8980392 0.8980392 1 0.8980392 0.8980392 0.8980392 1 0.2980392 0.2980392 0.2980392 1 0.8980392 0.8980392 0.8980392 1 0.2980392 0.2980392 0.2980392 1 0.7019608 0.7019608 0.7019608 1 0.8980392 0.8980392 0.8980392 1 0.8980392 0.8980392 0.8980392 1 0.8980392 0.8980392 0.8980392 1 0.8980392 0.8980392 0.8980392 1 0.7019608 0.7019608 0.7019608 1 0.2980392 0.2980392 0.2980392 1 0.8980392 0.8980392 0.8980392 1 0.2980392 0.2980392 0.2980392 1 0.8980392 0.8980392 0.8980392 1 0.8980392 0.8980392 0.8980392 1 0.2980392 0.2980392 0.2980392 1 1 1 1 1 1 1 1 1 0.8 0.8 0.8 1 0.6980392 0.6980392 0.6980392 1 1 1 1 1 1 1 1 1 1 1 1 1 0.6980392 0.6980392 0.6980392 1 1 1 1 1 0.6980392 0.6980392 0.6980392 1 0.6980392 0.6980392 0.6980392 1 1 1 1 1 0.4 0.4 0.4 1 0.8 0.8 0.8 1 0.4 0.4 0.4 1 0.8 0.8 0.8 1 0.8 0.8 0.8 1 0.4 0.4 0.4 1 0.4 0.4 0.4 1 0.8 0.8 0.8 1 0.8 0.8 0.8 1 0.4 0.4 0.4 1 0.8 0.8 0.8 1 0.4 0.4 0.4 1 0.1019608 0.1019608 0.1019608 1 0.7019608 0.7019608 0.7019608 1 0.4 0.4 0.4 1 0.6 0.6 0.6 1 0.7019608 0.7019608 0.7019608 1 0.1019608 0.1019608 0.1019608 1 0.2 0.2 0.2 1 0.4980392 0.4980392 0.4980392 1 0.2 0.2 0.2 1 0.4980392 0.4980392 0.4980392 1 0.4980392 0.4980392 0.4980392 1 0.2 0.2 0.2 1 0.4980392 0.4980392 0.4980392 1 0.6980392 0.6980392 0.6980392 1 0.4980392 0.4980392 0.4980392 1 0.6 0.6 0.6 1 0.6980392 0.6980392 0.6980392 1 0.4980392 0.4980392 0.4980392 1 0.6 0.6 0.6 1 0.6 0.6 0.6 1 0.6 0.6 0.6 1 0.2 0.2 0.2 1 0.6 0.6 0.6 1 0.6 0.6 0.6 1 0.2 0.2 0.2 1 0.2 0.2 0.2 1 0.6 0.6 0.6 1 0.2 0.2 0.2 1 0.2 0.2 0.2 1 0.2 0.2 0.2 1 0.8980392 0.8980392 0.8980392 1 1 1 1 1 0.8980392 0.8980392 0.8980392 1 1 1 1 1 1 1 1 1 0.8980392 0.8980392 0.8980392 1 0.4980392 0.4980392 0.4980392 1 0.4980392 0.4980392 0.4980392 1 0.4980392 0.4980392 0.4980392 1 0.4980392 0.4980392 0.4980392 1 0.4980392 0.4980392 0.4980392 1 0.4980392 0.4980392 0.4980392 1 0.6 0.6 0.6 1 0.6 0.6 0.6 1 0.6 0.6 0.6 1 0.6 0.6 0.6 1 0.6 0.6 0.6 1 0.6 0.6 0.6 1 0.8980392 0.8980392 0.8980392 1 0.6980392 0.6980392 0.6980392 1 0.8980392 0.8980392 0.8980392 1 0.6 0.6 0.6 1 0.6980392 0.6980392 0.6980392 1 0.8980392 0.8980392 0.8980392 1 0.6 0.6 0.6 1 0.4 0.4 0.4 1 0.6980392 0.6980392 0.6980392 1 0.2980392 0.2980392 0.2980392 1 0.4 0.4 0.4 1 0.6 0.6 0.6 1 0.8980392 0.8980392 0.8980392 1 0.8980392 0.8980392 0.8980392 1 0.8980392 0.8980392 0.8980392 1 0.8980392 0.8980392 0.8980392 1 0.8980392 0.8980392 0.8980392 1 0.8980392 0.8980392 0.8980392 1 0.6980392 0.6980392 0.6980392 1 0.8980392 0.8980392 0.8980392 1 0.6980392 0.6980392 0.6980392 1 0.8980392 0.8980392 0.8980392 1 0.8980392 0.8980392 0.8980392 1 0.6980392 0.6980392 0.6980392 1 0.6 0.6 0.6 1 0.6 0.6 0.6 1 0.6 0.6 0.6 1 0.6 0.6 0.6 1 0.6 0.6 0.6 1 0.6 0.6 0.6 1 0.2980392 0.2980392 0.2980392 1 0.2980392 0.2980392 0.2980392 1 0.2980392 0.2980392 0.2980392 1 0.2980392 0.2980392 0.2980392 1 0.2980392 0.2980392 0.2980392 1 0.2980392 0.2980392 0.2980392 1 0.4 0.4 0.4 1 0.6 0.6 0.6 1 0.4 0.4 0.4 1 0.6 0.6 0.6 1 0.6 0.6 0.6 1 0.4 0.4 0.4 1 0.6 0.6 0.6 1 0.4 0.4 0.4 1 0.6 0.6 0.6 1 0.4 0.4 0.4 1 0.4 0.4 0.4 1 0.6 0.6 0.6 1 0.6980392 0.6980392 0.6980392 1 0.8980392 0.8980392 0.8980392 1 1 1 1 1 0.6980392 0.6980392 0.6980392 1 0.8980392 0.8980392 0.8980392 1 0.6980392 0.6980392 0.6980392 1 0.4980392 0.4980392 0.4980392 1 0.6980392 0.6980392 0.6980392 1 0.4980392 0.4980392 0.4980392 1 0.6980392 0.6980392 0.6980392 1 0.6980392 0.6980392 0.6980392 1 0.4980392 0.4980392 0.4980392 1 0.8980392 0.8980392 0.8980392 1 0.6980392 0.6980392 0.6980392 1 1 1 1 1 0.6980392 0.6980392 0.6980392 1 0.6980392 0.6980392 0.6980392 1 0.8980392 0.8980392 0.8980392 1 0.9019608 0.9019608 0.9019608 1 0.4 0.4 0.4 1 0.8980392 0.8980392 0.8980392 1 0.4 0.4 0.4 1 0.4 0.4 0.4 1 0.9019608 0.9019608 0.9019608 1 0.4980392 0.4980392 0.4980392 1 0.4980392 0.4980392 0.4980392 1 0 0 0 1 0.2 0.2 0.2 1 0.4980392 0.4980392 0.4980392 1 0.4980392 0.4980392 0.4980392 1 0.6980392 0.6980392 0.6980392 1 0.4980392 0.4980392 0.4980392 1 0.4980392 0.4980392 0.4980392 1 0.6980392 0.6980392 0.6980392 1 0.4980392 0.4980392 0.4980392 1 0.6980392 0.6980392 0.6980392 1 0.6980392 0.6980392 0.6980392 1 0 0 0 1 0 0 0 1 0.4980392 0.4980392 0.4980392 1 0 0 0 1 0.6980392 0.6980392 0.6980392 1 0.6980392 0.6980392 0.6980392 1 0.2 0.2 0.2 1 0.6980392 0.6980392 0.6980392 1 0.2 0.2 0.2 1 0.2 0.2 0.2 1 0.6980392 0.6980392 0.6980392 1 0.6 0.6 0.6 1 0.2980392 0.2980392 0.2980392 1 0.6 0.6 0.6 1 0.2980392 0.2980392 0.2980392 1 0.2980392 0.2980392 0.2980392 1 0.6 0.6 0.6 1 0.6980392 0.6980392 0.6980392 1 0.8980392 0.8980392 0.8980392 1 0.6980392 0.6980392 0.6980392 1 0.8980392 0.8980392 0.8980392 1 0.8980392 0.8980392 0.8980392 1 0.6980392 0.6980392 0.6980392 1 0.8980392 0.8980392 0.8980392 1 0.6980392 0.6980392 0.6980392 1 0.8980392 0.8980392 0.8980392 1 0.6 0.6 0.6 1 0.6980392 0.6980392 0.6980392 1 0.8980392 0.8980392 0.8980392 1 0.6 0.6 0.6 1 0.4 0.4 0.4 1 0.6980392 0.6980392 0.6980392 1 0.2980392 0.2980392 0.2980392 1 0.4 0.4 0.4 1 0.6 0.6 0.6 1 0.8 0.8 0.8 1 0.8 0.8 0.8 1 1 1 1 1 0.2 0.2 0.2 1 0.8 0.8 0.8 1 0.8 0.8 0.8 1 0.4980392 0.4980392 0.4980392 1 0.6980392 0.6980392 0.6980392 1 0.4980392 0.4980392 0.4980392 1 0.6980392 0.6980392 0.6980392 1 0.6980392 0.6980392 0.6980392 1 0.4980392 0.4980392 0.4980392 1 0.6980392 0.6980392 0.6980392 1 0.6980392 0.6980392 0.6980392 1 0.8980392 0.8980392 0.8980392 1 0.4980392 0.4980392 0.4980392 1 0.6980392 0.6980392 0.6980392 1 0.6980392 0.6980392 0.6980392 1 0.6980392 0.6980392 0.6980392 1 1 1 1 1 0.8 0.8 0.8 1 0.4980392 0.4980392 0.4980392 1 1 1 1 1 0.6980392 0.6980392 0.6980392 1 0.2 0.2 0.2 1 1 1 1 1 0.4980392 0.4980392 0.4980392 1 0.8 0.8 0.8 1 1 1 1 1 0.2 0.2 0.2 1 1 1 1 1 0.2 0.2 0.2 1 0.4980392 0.4980392 0.4980392 1 0.8 0.8 0.8 1 0.2 0.2 0.2 1 1 1 1 1 0.05490195 0.05490195 0.05490195 1 0.6705883 0.6705883 0.6705883 1 0.6980392 0.6980392 0.6980392 1 0.05490195 0.05490195 0.05490195 1 0.6705883 0.6705883 0.6705883 1 0.05490195 0.05490195 0.05490195 1 0.2 0.2 0.2 1 0.8 0.8 0.8 1 0.2 0.2 0.2 1 0.8 0.8 0.8 1 0.8 0.8 0.8 1 0.2 0.2 0.2 1 0.2 0.2 0.2 1 1 1 1 1 0.4980392 0.4980392 0.4980392 1 0.8 0.8 0.8 1 1 1 1 1 0.2 0.2 0.2 1 0.4980392 0.4980392 0.4980392 1 0.8980392 0.8980392 0.8980392 1 0.8980392 0.8980392 0.8980392 1 0.8980392 0.8980392 0.8980392 1 0.8980392 0.8980392 0.8980392 1 0.4980392 0.4980392 0.4980392 1 0.7019608 0.7019608 0.7019608 1 0.7019608 0.7019608 0.7019608 1 0.9019608 0.9019608 0.9019608 1 0.7019608 0.7019608 0.7019608 1 0.7019608 0.7019608 0.7019608 1 0.7019608 0.7019608 0.7019608 1 0.05490195 0.05490195 0.05490195 1 0.6705883 0.6705883 0.6705883 1 0.05490195 0.05490195 0.05490195 1 0.427451 0.427451 0.427451 1 0.6705883 0.6705883 0.6705883 1 0.05490195 0.05490195 0.05490195 1 0.8 0.8 0.8 1 0.8 0.8 0.8 1 0.8 0.8 0.8 1 0.8 0.8 0.8 1 0.8 0.8 0.8 1 0.8 0.8 0.8 1 0.6980392 0.6980392 0.6980392 1 0.6980392 0.6980392 0.6980392 1 0.8980392 0.8980392 0.8980392 1 0.4980392 0.4980392 0.4980392 1 0.6980392 0.6980392 0.6980392 1 0.6980392 0.6980392 0.6980392 1 0.4 0.4 0.4 1 0.4 0.4 0.4 1 0.4 0.4 0.4 1 0.4 0.4 0.4 1 0.4 0.4 0.4 1 0.4 0.4 0.4 1 0.6980392 0.6980392 0.6980392 1 0.4156863 0.4156863 0.4156863 1 0.4 0.4 0.4 1 0.6980392 0.6980392 0.6980392 1 0.4156863 0.4156863 0.4156863 1 0.6980392 0.6980392 0.6980392 1 1 1 1 1 1 1 1 1 1 1 1 1 1 1 1 1 1 1 1 1 1 1 1 1 1 1 1 1 1 1 1 1 1 1 1 1 1 1 1 1 1 1 1 1 1 1 1 1 0.6980392 0.6980392 0.6980392 1 0.4117647 0.4117647 0.4117647 1 0.4 0.4 0.4 1 0.6980392 0.6980392 0.6980392 1 0.4117647 0.4117647 0.4117647 1 0.6980392 0.6980392 0.6980392 1 0.8 0.8 0.8 1 0.8 0.8 0.8 1 0.8980392 0.8980392 0.8980392 1 0.8980392 0.8980392 0.8980392 1 0.8 0.8 0.8 1 0.8 0.8 0.8 1 0.4980392 0.4980392 0.4980392 1 0.4980392 0.4980392 0.4980392 1 0.4980392 0.4980392 0.4980392 1 0.4980392 0.4980392 0.4980392 1 0.4980392 0.4980392 0.4980392 1 0.4980392 0.4980392 0.4980392 1 0.8 0.8 0.8 1 0.8 0.8 0.8 1 0.8980392 0.8980392 0.8980392 1 0.8980392 0.8980392 0.8980392 1 0.8 0.8 0.8 1 0.8 0.8 0.8 1 0.4980392 0.4980392 0.4980392 1 0.8980392 0.8980392 0.8980392 1 0.4980392 0.4980392 0.4980392 1 0.8980392 0.8980392 0.8980392 1 0.8980392 0.8980392 0.8980392 1 0.4980392 0.4980392 0.4980392 1 0.4980392 0.4980392 0.4980392 1 0.4980392 0.4980392 0.4980392 1 0.4980392 0.4980392 0.4980392 1 0.4980392 0.4980392 0.4980392 1 0.4980392 0.4980392 0.4980392 1 0.4980392 0.4980392 0.4980392 1 0.8 0.8 0.8 1 0.8980392 0.8980392 0.8980392 1 0.8980392 0.8980392 0.8980392 1 0.8 0.8 0.8 1 0.8980392 0.8980392 0.8980392 1 0.8 0.8 0.8 1 0.8980392 0.8980392 0.8980392 1 0.8 0.8 0.8 1 0.6980392 0.6980392 0.6980392 1 0.8980392 0.8980392 0.8980392 1 0.8 0.8 0.8 1 0.8980392 0.8980392 0.8980392 1 0.6980392 0.6980392 0.6980392 1 0.8980392 0.8980392 0.8980392 1 0.8980392 0.8980392 0.8980392 1 0.8 0.8 0.8 1 0.8980392 0.8980392 0.8980392 1 0.6980392 0.6980392 0.6980392 1 0.8980392 0.8980392 0.8980392 1 0.4980392 0.4980392 0.4980392 1 0.8980392 0.8980392 0.8980392 1 0.8980392 0.8980392 0.8980392 1 0.4980392 0.4980392 0.4980392 1 0.8980392 0.8980392 0.8980392 1 0.8 0.8 0.8 1 0.8 0.8 0.8 1 0.8 0.8 0.8 1 0.8 0.8 0.8 1 0.8 0.8 0.8 1 0.8 0.8 0.8 1 0.2 0.2 0.2 1 0.2 0.2 0.2 1 0.2 0.2 0.2 1 0.2 0.2 0.2 1 0.2 0.2 0.2 1 0.2 0.2 0.2 1 0.8 0.8 0.8 1 0.2 0.2 0.2 1 0.2 0.2 0.2 1 0.8 0.8 0.8 1 0.2 0.2 0.2 1 0.8 0.8 0.8 1 0.4 0.4 0.4 1 0.4 0.4 0.4 1 0.4 0.4 0.4 1 0.4 0.4 0.4 1 0.4 0.4 0.4 1 0.4 0.4 0.4 1 0.4 0.4 0.4 1 0.4 0.4 0.4 1 0.4 0.4 0.4 1 0.4 0.4 0.4 1 0.4 0.4 0.4 1 0.4 0.4 0.4 1 0 0 0 1 0.3019608 0.3019608 0.3019608 1 0.3019608 0.3019608 0.3019608 1 0.2 0.2 0.2 1 0.3019608 0.3019608 0.3019608 1 0 0 0 1 0.2 0.2 0.2 1 0 0 0 1 0.3019608 0.3019608 0.3019608 1 0.3019608 0.3019608 0.3019608 1 0 0 0 1 0.2 0.2 0.2 1 0 0 0 1 0.9019608 0.9019608 0.9019608 1 0.7019608 0.7019608 0.7019608 1 0.3019608 0.3019608 0.3019608 1 0.9019608 0.9019608 0.9019608 1 0 0 0 1 0.6 0.6 0.6 1 0.8 0.8 0.8 1 0.6 0.6 0.6 1 0.6 0.6 0.6 1 0.8 0.8 0.8 1 0.6 0.6 0.6 1 1 1 1 1 1 1 1 1 1 1 1 1 1 1 1 1 1 1 1 1 1 1 1 1 1 1 1 1 1 1 1 1 1 1 1 1 1 1 1 1 1 1 1 1 1 1 1 1 1 1 1 1 1 1 1 1 1 1 1 1 1 1 1 1 1 1 1 1 1 1 1 1 1 1 1 1 1 1 1 1 1 1 1 1 1 1 1 1 1 1 1 1 1 1 1 1 0.4 0.4 0.4 1 1 1 1 1 0.4 0.4 0.4 1 0.2 0.2 0.2 1 1 1 1 1 0.4 0.4 0.4 1 0.4 0.4 0.4 1 0.4 0.4 0.4 1 0.4 0.4 0.4 1 0.4 0.4 0.4 1 0.4 0.4 0.4 1 0.4 0.4 0.4 1 0.3019608 0.3019608 0.3019608 1 0.3019608 0.3019608 0.3019608 1 0.9019608 0.9019608 0.9019608 1 0.2 0.2 0.2 1 0.3019608 0.3019608 0.3019608 1 0.3019608 0.3019608 0.3019608 1 0.8 0.8 0.8 1 0.8 0.8 0.8 1 0.8980392 0.8980392 0.8980392 1 0.6 0.6 0.6 1 0.8 0.8 0.8 1 0.8 0.8 0.8 1 0.4156863 0.4156863 0.4156863 1 0.6980392 0.6980392 0.6980392 1 0.4 0.4 0.4 1 0.6980392 0.6980392 0.6980392 1 0.6980392 0.6980392 0.6980392 1 0.4156863 0.4156863 0.4156863 1 0.8 0.8 0.8 1 0.8 0.8 0.8 1 0.8980392 0.8980392 0.8980392 1 0.6 0.6 0.6 1 0.8 0.8 0.8 1 0.8 0.8 0.8 1 0.4 0.4 0.4 1 0.6 0.6 0.6 1 0.6 0.6 0.6 1 0.4 0.4 0.4 1 0.6 0.6 0.6 1 0.4 0.4 0.4 1 0.05490195 0.05490195 0.05490195 1 0.6980392 0.6980392 0.6980392 1 0.7294118 0.7294118 0.7294118 1 0.05490195 0.05490195 0.05490195 1 0.6980392 0.6980392 0.6980392 1 0.05490195 0.05490195 0.05490195 1 0.6 0.6 0.6 1 0.8980392 0.8980392 0.8980392 1 0.8980392 0.8980392 0.8980392 1 0.6 0.6 0.6 1 0.8980392 0.8980392 0.8980392 1 0.6 0.6 0.6 1 0.3019608 0.3019608 0.3019608 1 1 1 1 1 0.3019608 0.3019608 0.3019608 1 1 1 1 1 1 1 1 1 0.3019608 0.3019608 0.3019608 1 0.6980392 0.6980392 0.6980392 1 0.6980392 0.6980392 0.6980392 1 1 1 1 1 0.2 0.2 0.2 1 0.6980392 0.6980392 0.6980392 1 0.6980392 0.6980392 0.6980392 1 0.1019608 0.1019608 0.1019608 1 0.6 0.6 0.6 1 0.3019608 0.3019608 0.3019608 1 0.1019608 0.1019608 0.1019608 1 0.6 0.6 0.6 1 0.1019608 0.1019608 0.1019608 1 1 1 1 1 0.6 0.6 0.6 1 0.3019608 0.3019608 0.3019608 1 1 1 1 1 0.6 0.6 0.6 1 1 1 1 1 0.6196079 0.6196079 0.6196079 1 0.427451 0.427451 0.427451 1 0.4313725 0.4313725 0.4313725 1 0.6705883 0.6705883 0.6705883 1 0.427451 0.427451 0.427451 1 0.6196079 0.6196079 0.6196079 1 0.4117647 0.4117647 0.4117647 1 0.6980392 0.6980392 0.6980392 1 0.4 0.4 0.4 1 0.6980392 0.6980392 0.6980392 1 0.6980392 0.6980392 0.6980392 1 0.4117647 0.4117647 0.4117647 1 0.8 0.8 0.8 1 0.2 0.2 0.2 1 0.5647059 0.5647059 0.5647059 1 0.7333334 0.7333334 0.7333334 1 0.2 0.2 0.2 1 0.8 0.8 0.8 1 0.8980392 0.8980392 0.8980392 1 0.8 0.8 0.8 1 0.5333334 0.5333334 0.5333334 1 0.7333334 0.7333334 0.7333334 1 0.8 0.8 0.8 1 0.8980392 0.8980392 0.8980392 1 1 1 1 1 0.6980392 0.6980392 0.6980392 1 1 1 1 1 0.6980392 0.6980392 0.6980392 1 0.6980392 0.6980392 0.6980392 1 1 1 1 1 0.5019608 0.5019608 0.5019608 1 0 0 0 1 0 0 0 1 0 0 0 1 0 0 0 1 0.5019608 0.5019608 0.5019608 1 0.8 0.8 0.8 1 0.8 0.8 0.8 1 0.8 0.8 0.8 1 0.8 0.8 0.8 1 0.8 0.8 0.8 1 0.8 0.8 0.8 1 0 0 0 1 0.8 0.8 0.8 1 0 0 0 1 0.8 0.8 0.8 1 0.8 0.8 0.8 1 0 0 0 1 0.5019608 0.5019608 0.5019608 1 0.8 0.8 0.8 1 0.5019608 0.5019608 0.5019608 1 0.8 0.8 0.8 1 0.8 0.8 0.8 1 0.5019608 0.5019608 0.5019608 1 0.8980392 0.8980392 0.8980392 1 0.8980392 0.8980392 0.8980392 1 0.8980392 0.8980392 0.8980392 1 0.8980392 0.8980392 0.8980392 1 0.8980392 0.8980392 0.8980392 1 0.8980392 0.8980392 0.8980392 1 0.6980392 0.6980392 0.6980392 1 0.6980392 0.6980392 0.6980392 1 0 0 0 1 0.8980392 0.8980392 0.8980392 1 0.8980392 0.8980392 0.8980392 1 0.6 0.6 0.6 1 0.8980392 0.8980392 0.8980392 1 0.6 0.6 0.6 1 0.8980392 0.8980392 0.8980392 1 0.8980392 0.8980392 0.8980392 1 0.8980392 0.8980392 0.8980392 1 0.8980392 0.8980392 0.8980392 1 0.8980392 0.8980392 0.8980392 1 0.8980392 0.8980392 0.8980392 1 0.8980392 0.8980392 0.8980392 1 0.8980392 0.8980392 0.8980392 1 0.8980392 0.8980392 0.8980392 1 0.8980392 0.8980392 0.8980392 1 0.2 0.2 0.2 1 0.2 0.2 0.2 1 0.2 0.2 0.2 1 0.2 0.2 0.2 1 0.6980392 0.6980392 0.6980392 1 0.6980392 0.6980392 0.6980392 1 0.6980392 0.6980392 0.6980392 1 0.2 0.2 0.2 1 0.2 0.2 0.2 1 0.2 0.2 0.2 1 0.2 0.2 0.2 1 0.2 0.2 0.2 1 0.6980392 0.6980392 0.6980392 1 0.6 0.6 0.6 1 0.6980392 0.6980392 0.6980392 1 0.6 0.6 0.6 1 0.8980392 0.8980392 0.8980392 1 0.8980392 0.8980392 0.8980392 1 0.7294118 0.7294118 0.7294118 1 0.8980392 0.8980392 0.8980392 1 0.8 0.8 0.8 1 0.7333334 0.7333334 0.7333334 1 0.06274509 0.06274509 0.06274509 1 0.2 0.2 0.2 1 0.6 0.6 0.6 1 0.8980392 0.8980392 0.8980392 1 0.5647059 0.5647059 0.5647059 1 1 1 1 1 1 1 1 1 1 1 1 1 1 1 1 1 1 1 1 1 1 1 1 1 0.8980392 0.8980392 0.8980392 1 0.6 0.6 0.6 1 0.8980392 0.8980392 0.8980392 1 0.6 0.6 0.6 1 0.8 0.8 0.8 1 0.6 0.6 0.6 1 0.3019608 0.3019608 0.3019608 1 0.3019608 0.3019608 0.3019608 1 0 0 0 1 0.2 0.2 0.2 1 0.2 0.2 0.2 1 0.8 0.8 0.8 1 0.2 0.2 0.2 1 0.2 0.2 0.2 1 0.2 0.2 0.2 1 1 1 1 1 1 1 1 1 1 1 1 1 1 1 1 1 1 1 1 1 1 1 1 1 0.8980392 0.8980392 0.8980392 1 0.8980392 0.8980392 0.8980392 1 0.8980392 0.8980392 0.8980392 1 0.8980392 0.8980392 0.8980392 1 0.8980392 0.8980392 0.8980392 1 0.8980392 0.8980392 0.8980392 1 0.6 0.6 0.6 1 0.6980392 0.6980392 0.6980392 1 0.4117647 0.4117647 0.4117647 1 0.0980392 0.0980392 0.0980392 1 0.4980392 0.4980392 0.4980392 1 0.8980392 0.8980392 0.8980392 1 0.6 0.6 0.6 1 0.6980392 0.6980392 0.6980392 1 0.4156863 0.4156863 0.4156863 1 0.0980392 0.0980392 0.0980392 1 0.8980392 0.8980392 0.8980392 1 0.8980392 0.8980392 0.8980392 1 0.4980392 0.4980392 0.4980392 1 0.4980392 0.4980392 0.4980392 1 1 1 1 1 0.4980392 0.4980392 0.4980392 1 0.8980392 0.8980392 0.8980392 1 0.8980392 0.8980392 0.8980392 1 0.8980392 0.8980392 0.8980392 1 0.6 0.6 0.6 1 0.8980392 0.8980392 0.8980392 1 0.8980392 0.8980392 0.8980392 1 0.8980392 0.8980392 0.8980392 1 0.6 0.6 0.6 1 0.8 0.8 0.8 1 0.2 0.2 0.2 1 0.8 0.8 0.8 1 0.8 0.8 0.8 1 0.5019608 0.5019608 0.5019608 1 0.8 0.8 0.8 1</float_array>
          <technique_common>
            <accessor source="#polygon2-mesh-colors-polygon2_Colors0-array" count="2658" stride="4">
              <param name="R" type="float"/>
              <param name="G" type="float"/>
              <param name="B" type="float"/>
              <param name="A" type="float"/>
            </accessor>
          </technique_common>
        </source>
        <vertices id="polygon2-mesh-vertices">
          <input semantic="POSITION" source="#polygon2-mesh-positions"/>
        </vertices>
        <triangles material="mat_body-material" count="886">
          <input semantic="VERTEX" source="#polygon2-mesh-vertices" offset="0"/>
          <input semantic="NORMAL" source="#polygon2-mesh-normals" offset="1"/>
          <input semantic="TEXCOORD" source="#polygon2-mesh-map-0" offset="2" set="0"/>
          <input semantic="COLOR" source="#polygon2-mesh-colors-polygon2_Colors0" offset="3" set="0"/>
          <p>2 0 0 0 1 1 1 1 0 2 2 2 3 3 3 3 1 1 4 4 2 0 5 5 4 4 6 6 3 3 7 7 2 0 8 8 5 5 9 9 3 3 10 10 4 4 11 11 6 6 12 12 5 5 13 13 4 4 14 14 7 7 15 15 5 5 16 16 6 6 17 17 8 8 18 18 7 7 19 19 6 6 20 20 9 9 21 21 7 7 22 22 8 8 23 23 10 10 24 24 9 9 25 25 8 8 26 26 11 11 27 27 9 9 28 28 10 10 29 29 12 12 30 30 11 11 31 31 10 10 32 32 13 13 33 33 11 11 34 34 12 12 35 35 14 14 36 36 13 13 37 37 12 12 38 38 15 15 39 39 13 13 40 40 14 14 41 41 16 16 42 42 15 15 43 43 14 14 44 44 17 17 45 45 15 15 46 46 16 16 47 47 18 18 48 48 17 17 49 49 16 16 50 50 9 9 51 51 17 17 52 52 18 18 53 53 19 19 54 54 9 9 55 55 18 18 56 56 7 7 57 57 9 9 58 58 19 19 59 59 0 2 60 60 7 7 61 61 19 19 62 62 5 5 63 63 7 7 64 64 0 2 65 65 1 1 66 66 5 5 67 67 0 2 68 68 3 3 69 69 5 5 70 70 1 1 71 71 22 20 72 72 21 21 73 73 20 22 74 74 23 23 75 75 21 21 76 76 22 20 77 77 24 24 78 78 23 23 79 79 22 20 80 80 25 25 81 81 23 23 82 82 24 24 83 83 26 26 84 84 25 25 85 85 24 24 86 86 27 27 87 87 25 25 88 88 26 26 89 89 28 28 90 90 27 27 91 91 26 26 92 92 29 29 93 93 27 27 94 94 28 28 95 95 30 30 96 96 29 29 97 97 28 28 98 98 31 31 99 99 29 29 100 100 30 30 101 101 32 32 102 102 31 31 103 103 30 30 104 104 33 33 105 105 31 31 106 106 32 32 107 107 34 34 108 108 33 33 109 109 32 32 110 110 35 35 111 111 33 33 112 112 34 34 113 113 20 22 114 114 35 35 115 115 34 34 116 116 21 21 117 117 35 35 118 118 20 22 119 119 38 36 120 120 37 37 121 121 36 38 122 122 39 39 123 123 37 37 124 124 38 36 125 125 40 40 126 126 39 39 127 127 38 36 128 128 41 41 129 129 39 39 130 130 40 40 131 131 42 42 132 132 41 41 133 133 40 40 134 134 43 43 135 135 41 41 136 136 42 42 137 137 44 44 138 138 43 43 139 139 42 42 140 140 45 45 141 141 43 43 142 142 44 44 143 143 46 46 144 144 45 45 145 145 44 44 146 146 47 47 147 147 45 45 148 148 46 46 149 149 48 48 150 150 47 47 151 151 46 46 152 152 49 49 153 153 47 47 154 154 48 48 155 155 50 50 156 156 49 49 157 157 48 48 158 158 51 51 159 159 49 49 160 160 50 50 161 161 36 38 162 162 51 51 163 163 50 50 164 164 37 37 165 165 51 51 166 166 36 38 167 167 54 52 168 168 53 53 169 169 52 54 170 170 55 55 171 171 53 53 172 172 54 52 173 173 56 56 174 174 55 55 175 175 54 52 176 176 57 57 177 177 55 55 178 178 56 56 179 179 58 58 180 180 57 57 181 181 56 56 182 182 59 59 183 183 57 57 184 184 58 58 185 185 60 60 186 186 59 59 187 187 58 58 188 188 61 61 189 189 59 59 190 190 60 60 191 191 62 62 192 192 61 61 193 193 60 60 194 194 63 63 195 195 61 61 196 196 62 62 197 197 64 64 198 198 63 63 199 199 62 62 200 200 65 65 201 201 63 63 202 202 64 64 203 203 66 66 204 204 65 65 205 205 64 64 206 206 53 53 207 207 65 65 208 208 66 66 209 209 67 67 210 210 53 53 211 211 66 66 212 212 68 68 213 213 53 53 214 214 67 67 215 215 71 69 216 216 70 70 217 217 69 71 218 218 72 72 219 219 70 70 220 220 71 69 221 221 73 73 222 222 72 72 223 223 71 69 224 224 74 74 225 225 72 72 226 226 73 73 227 227 75 75 228 228 74 74 229 229 73 73 230 230 76 76 231 231 74 74 232 232 75 75 233 233 77 77 234 234 76 76 235 235 75 75 236 236 78 78 237 237 76 76 238 238 77 77 239 239 79 79 240 240 78 78 241 241 77 77 242 242 80 80 243 243 78 78 244 244 79 79 245 245 81 81 246 246 80 80 247 247 79 79 248 248 82 82 249 249 80 80 250 250 81 81 251 251 83 83 252 252 82 82 253 253 81 81 254 254 84 84 255 255 82 82 256 256 83 83 257 257 69 71 258 258 84 84 259 259 83 83 260 260 70 70 261 261 84 84 262 262 69 71 263 263 87 85 264 264 86 86 265 265 85 87 266 266 88 88 267 267 86 86 268 268 87 85 269 269 89 89 270 270 88 88 271 271 87 85 272 272 90 90 273 273 88 88 274 274 89 89 275 275 91 91 276 276 90 90 277 277 89 89 278 278 92 92 279 279 90 90 280 280 91 91 281 281 93 93 282 282 92 92 283 283 91 91 284 284 94 94 285 285 92 92 286 286 93 93 287 287 95 95 288 288 94 94 289 289 93 93 290 290 96 96 291 291 94 94 292 292 95 95 293 293 97 97 294 294 96 96 295 295 95 95 296 296 98 98 297 297 96 96 298 298 97 97 299 299 99 99 300 300 98 98 301 301 97 97 302 302 100 100 303 303 98 98 304 304 99 99 305 305 85 87 306 306 100 100 307 307 99 99 308 308 86 86 309 309 100 100 310 310 85 87 311 311 103 101 312 312 102 102 313 313 101 103 314 314 104 104 315 315 102 102 316 316 103 101 317 317 105 105 318 318 104 104 319 319 103 101 320 320 106 106 321 321 104 104 322 322 105 105 323 323 107 107 324 324 106 106 325 325 105 105 326 326 108 108 327 327 106 106 328 328 107 107 329 329 109 109 330 330 108 108 331 331 107 107 332 332 110 110 333 333 108 108 334 334 109 109 335 335 111 111 336 336 110 110 337 337 109 109 338 338 107 107 339 339 110 110 340 340 111 111 341 341 112 112 342 342 107 107 343 343 111 111 344 344 113 113 345 345 107 107 346 346 112 112 347 347 116 114 348 348 115 115 349 349 114 116 350 350 117 117 351 351 115 115 352 352 116 114 353 353 118 118 354 354 117 117 355 355 116 114 356 356 119 119 357 357 117 117 358 358 118 118 359 359 120 120 360 360 119 119 361 361 118 118 362 362 121 121 363 363 119 119 364 364 120 120 365 365 122 122 366 366 121 121 367 367 120 120 368 368 123 123 369 369 121 121 370 370 122 122 371 371 124 124 372 372 123 123 373 373 122 122 374 374 125 125 375 375 123 123 376 376 124 124 377 377 114 116 378 378 125 125 379 379 124 124 380 380 128 126 381 381 127 127 382 382 126 128 383 383 129 129 384 384 127 127 385 385 128 126 386 386 130 130 387 387 129 129 388 388 128 126 389 389 131 131 390 390 129 129 391 391 130 130 392 392 132 132 393 393 131 131 394 394 130 130 395 395 133 133 396 396 131 131 397 397 132 132 398 398 134 134 399 399 133 133 400 400 132 132 401 401 135 135 402 402 133 133 403 403 134 134 404 404 136 136 405 405 135 135 406 406 134 134 407 407 137 137 408 408 135 135 409 409 136 136 410 410 139 138 411 411 126 128 412 412 138 139 413 413 128 126 414 414 126 128 415 415 139 138 416 416 140 140 417 417 128 126 418 418 139 138 419 419 130 130 420 420 128 126 421 421 140 140 422 422 141 141 423 423 130 130 424 424 140 140 425 425 132 132 426 426 130 130 427 427 141 141 428 428 142 142 429 429 132 132 430 430 141 141 431 431 134 134 432 432 132 132 433 433 142 142 434 434 143 143 435 435 134 134 436 436 142 142 437 437 136 136 438 438 134 134 439 439 143 143 440 440 146 144 441 441 145 145 442 442 144 146 443 443 147 147 444 444 145 145 445 445 146 144 446 446 148 148 447 447 147 147 448 448 146 144 449 449 149 149 450 450 147 147 451 451 148 148 452 452 150 150 453 453 149 149 454 454 148 148 455 455 151 151 456 456 149 149 457 457 150 150 458 458 152 152 459 459 151 151 460 460 150 150 461 461 153 153 462 462 151 151 463 463 152 152 464 464 144 146 465 465 153 153 466 466 152 152 467 467 156 154 468 468 155 155 469 469 154 156 470 470 157 157 471 471 155 155 472 472 156 154 473 473 158 158 474 474 157 157 475 475 156 154 476 476 159 159 477 477 157 157 478 478 158 158 479 479 160 160 480 480 159 159 481 481 158 158 482 482 154 161 483 483 159 159 484 484 160 160 485 485 161 162 486 486 154 161 487 487 160 160 488 488 156 154 489 489 154 161 490 490 161 162 491 491 158 158 492 492 156 154 493 493 161 162 494 494 164 163 495 495 163 164 496 496 162 165 497 497 165 166 498 498 163 164 499 499 164 163 500 500 166 167 501 501 165 166 502 502 164 163 503 503 167 168 504 504 165 166 505 505 166 167 506 506 168 169 507 507 167 168 508 508 166 167 509 509 169 170 510 510 167 168 511 511 168 169 512 512 170 171 513 513 169 170 514 514 168 169 515 515 171 172 516 516 169 170 517 517 170 171 518 518 172 173 519 519 171 172 520 520 170 171 521 521 175 174 522 522 174 175 523 523 173 176 524 524 176 177 525 525 174 175 526 526 175 174 527 527 104 104 528 528 176 177 529 529 175 174 530 530 177 178 531 531 176 177 532 532 104 104 533 533 101 103 534 534 177 178 535 535 104 104 536 536 178 179 537 537 177 178 538 538 101 103 539 539 102 102 540 540 178 179 541 541 101 103 542 542 175 174 543 543 178 179 544 544 102 102 545 545 104 104 546 546 175 174 547 547 102 102 548 548 181 180 549 549 180 181 550 550 179 182 551 551 182 183 552 552 180 181 553 553 181 180 554 554 183 184 555 555 182 183 556 556 181 180 557 557 184 185 558 558 182 183 559 559 183 184 560 560 185 186 561 561 184 185 562 562 183 184 563 563 186 187 564 564 184 185 565 565 185 186 566 566 179 182 567 567 186 187 568 568 185 186 569 569 180 181 570 570 186 187 571 571 179 182 572 572 189 188 573 573 188 189 574 574 187 190 575 575 190 191 576 576 188 189 577 577 189 188 578 578 191 192 579 579 190 191 580 580 189 188 581 581 192 193 582 582 190 191 583 583 191 192 584 584 193 194 585 585 192 193 586 586 191 192 587 587 194 195 588 588 192 193 589 589 193 194 590 590 187 190 591 591 194 195 592 592 193 194 593 593 188 189 594 594 194 195 595 595 187 190 596 596 197 196 597 597 196 197 598 598 195 198 599 599 198 199 600 600 196 197 601 601 197 196 602 602 199 200 603 603 198 199 604 604 197 196 605 605 200 201 606 606 198 199 607 607 199 200 608 608 201 202 609 609 200 201 610 610 199 200 611 611 202 203 612 612 200 201 613 613 201 202 614 614 195 198 615 615 202 203 616 616 201 202 617 617 196 197 618 618 202 203 619 619 195 198 620 620 205 204 621 621 204 205 622 622 203 206 623 623 206 207 624 624 204 205 625 625 205 204 626 626 207 208 627 627 206 207 628 628 205 204 629 629 208 209 630 630 206 207 631 631 207 208 632 632 209 210 633 633 208 209 634 634 207 208 635 635 210 211 636 636 208 209 637 637 209 210 638 638 203 206 639 639 210 211 640 640 209 210 641 641 204 205 642 642 210 211 643 643 203 206 644 644 213 212 645 645 212 213 646 646 211 214 647 647 214 215 648 648 212 213 649 649 213 212 650 650 215 216 651 651 214 215 652 652 213 212 653 653 216 217 654 654 214 215 655 655 215 216 656 656 217 218 657 657 216 217 658 658 215 216 659 659 218 219 660 660 216 217 661 661 217 218 662 662 211 214 663 663 218 219 664 664 217 218 665 665 212 213 666 666 218 219 667 667 211 214 668 668 221 220 669 669 220 221 670 670 219 222 671 671 222 223 672 672 220 221 673 673 221 220 674 674 223 224 675 675 222 223 676 676 221 220 677 677 224 225 678 678 222 223 679 679 223 224 680 680 225 226 681 681 224 225 682 682 223 224 683 683 226 227 684 684 224 225 685 685 225 226 686 686 219 222 687 687 226 227 688 688 225 226 689 689 220 221 690 690 226 227 691 691 219 222 692 692 229 228 693 693 228 229 694 694 227 230 695 695 230 231 696 696 228 229 697 697 229 228 698 698 231 232 699 699 230 231 700 700 229 228 701 701 232 233 702 702 230 231 703 703 231 232 704 704 233 234 705 705 232 233 706 706 231 232 707 707 234 235 708 708 232 233 709 709 233 234 710 710 227 230 711 711 234 235 712 712 233 234 713 713 228 229 714 714 234 235 715 715 227 230 716 716 237 236 717 717 236 237 718 718 235 238 719 719 238 239 720 720 236 237 721 721 237 236 722 722 239 240 723 723 238 239 724 724 237 236 725 725 240 241 726 726 238 239 727 727 239 240 728 728 241 242 729 729 240 241 730 730 239 240 731 731 242 243 732 732 240 241 733 733 241 242 734 734 235 238 735 735 242 243 736 736 241 242 737 737 236 237 738 738 242 243 739 739 235 238 740 740 244 244 741 741 52 54 742 742 243 245 743 743 245 246 744 744 52 54 745 745 244 244 746 746 246 247 747 747 245 246 748 748 244 244 749 749 247 248 750 750 245 246 751 751 246 247 752 752 248 249 753 753 247 248 754 754 246 247 755 755 56 56 756 756 247 248 757 757 248 249 758 758 58 58 759 759 56 56 760 760 248 249 761 761 251 250 762 762 250 251 763 763 249 252 764 764 252 253 765 765 250 251 766 766 251 250 767 767 253 254 768 768 252 253 769 769 251 250 770 770 254 255 771 771 252 253 772 772 253 254 773 773 255 256 774 774 254 255 775 775 253 254 776 776 67 67 777 777 254 255 778 778 255 256 779 779 68 68 780 780 67 67 781 781 255 256 782 782 258 257 783 783 257 258 784 784 256 259 785 785 259 260 786 786 257 258 787 787 258 257 788 788 260 261 789 789 259 260 790 790 258 257 791 791 261 262 792 792 259 260 793 793 260 261 794 794 262 263 795 795 261 262 796 796 260 261 797 797 263 264 798 798 261 262 799 799 262 263 800 800 264 265 801 801 256 259 802 802 262 263 803 803 265 266 804 804 256 259 805 805 264 265 806 806 266 267 807 807 265 266 808 808 264 265 809 809 267 268 810 810 265 266 811 811 266 267 812 812 268 269 813 813 267 268 814 814 266 267 815 815 269 270 816 816 267 268 817 817 268 269 818 818 171 172 819 819 270 271 820 820 169 170 821 821 271 272 822 822 270 271 823 823 171 172 824 824 272 273 825 825 271 272 826 826 171 172 827 827 273 274 828 828 271 272 829 829 272 273 830 830 274 275 831 831 273 274 832 832 272 273 833 833 172 173 834 834 273 274 835 835 274 275 836 836 277 276 837 837 276 277 838 838 275 278 839 839 278 279 840 840 276 277 841 841 277 276 842 842 279 280 843 843 278 279 844 844 277 276 845 845 280 281 846 846 278 279 847 847 279 280 848 848 281 282 849 849 280 281 850 850 279 280 851 851 282 283 852 852 280 281 853 853 281 282 854 854 285 284 855 855 284 285 856 856 283 286 857 857 286 287 858 858 284 285 859 859 285 284 860 860 287 288 861 861 286 287 862 862 285 284 863 863 283 286 864 864 286 287 865 865 287 288 866 866 288 289 867 867 283 286 868 868 287 288 869 869 285 284 870 870 283 286 871 871 288 289 872 872 291 290 873 873 290 291 874 874 289 292 875 875 292 293 876 876 290 291 877 877 291 290 878 878 293 294 879 879 292 293 880 880 291 290 881 881 294 295 882 882 292 293 883 883 293 294 884 884 295 296 885 885 294 295 886 886 293 294 887 887 296 297 888 888 294 295 889 889 295 296 890 890 299 298 891 891 298 299 892 892 297 300 893 893 300 301 894 894 298 299 895 895 299 298 896 896 301 302 897 897 300 301 898 898 299 298 899 899 302 303 900 900 300 301 901 901 301 302 902 902 303 304 903 903 302 303 904 904 301 302 905 905 304 305 906 906 302 303 907 907 303 304 908 908 305 306 909 909 262 263 910 910 260 261 911 911 264 265 912 912 262 263 913 913 305 306 914 914 306 307 915 915 264 265 916 916 305 306 917 917 266 267 918 918 264 265 919 919 306 307 920 920 307 308 921 921 266 267 922 922 306 307 923 923 268 269 924 924 266 267 925 925 307 308 926 926 310 309 927 927 309 309 928 928 308 309 929 929 311 309 930 930 309 309 931 931 310 309 932 932 312 309 933 933 311 309 934 934 310 309 935 935 313 309 936 936 311 309 937 937 312 309 938 938 314 310 939 939 313 310 940 940 312 310 941 941 315 309 942 942 313 309 943 943 314 309 944 944 90 90 945 945 86 86 946 946 88 88 947 947 100 100 948 948 86 86 949 949 90 90 950 950 92 92 951 951 100 100 952 952 90 90 953 953 98 98 954 954 100 100 955 955 92 92 956 956 94 94 957 957 98 98 958 958 92 92 959 959 96 96 960 960 98 98 961 961 94 94 962 962 317 311 963 963 201 202 964 964 316 312 965 965 195 198 966 966 201 202 967 967 317 311 968 968 318 313 969 969 195 198 970 970 317 311 971 971 197 196 972 972 195 198 973 973 318 313 974 974 319 314 975 975 197 196 976 976 318 313 977 977 199 200 978 978 197 196 979 979 319 314 980 980 322 315 981 981 321 316 982 982 320 317 983 983 323 318 984 984 321 316 985 985 322 315 986 986 324 319 987 987 323 318 988 988 322 315 989 989 325 320 990 990 323 318 991 991 324 319 992 992 326 321 993 993 325 320 994 994 324 319 995 995 327 322 996 996 325 320 997 997 326 321 998 998 277 276 999 999 281 282 1000 1000 279 280 1001 1001 282 283 1002 1002 281 282 1003 1003 277 276 1004 1004 275 278 1005 1005 282 283 1006 1006 277 276 1007 1007 328 323 1008 1008 282 283 1009 1009 275 278 1010 1010 329 324 1011 1011 328 323 1012 1012 275 278 1013 1013 330 325 1014 1014 328 323 1015 1015 329 324 1016 1016 82 82 1017 1017 78 78 1018 1018 80 80 1019 1019 76 76 1020 1020 78 78 1021 1021 82 82 1022 1022 84 84 1023 1023 76 76 1024 1024 82 82 1025 1025 74 74 1026 1026 76 76 1027 1027 84 84 1028 1028 70 70 1029 1029 74 74 1030 1030 84 84 1031 1031 72 72 1032 1032 74 74 1033 1033 70 70 1034 1034 333 326 1035 1035 332 327 1036 1036 331 328 1037 1037 334 329 1038 1038 332 327 1039 1039 333 326 1040 1040 335 330 1041 1041 334 329 1042 1042 333 326 1043 1043 336 331 1044 1044 334 329 1045 1045 335 330 1046 1046 337 156 1047 1047 336 331 1048 1048 335 330 1049 1049 338 156 1050 1050 336 331 1051 1051 337 156 1052 1052 290 291 1053 1053 295 296 1054 1054 289 292 1055 1055 296 297 1056 1056 295 296 1057 1057 290 291 1058 1058 304 305 1059 1059 296 297 1060 1060 290 291 1061 1061 298 299 1062 1062 296 297 1063 1063 304 305 1064 1064 303 304 1065 1065 298 299 1066 1066 304 305 1067 1067 297 300 1068 1068 298 299 1069 1069 303 304 1070 1070 341 332 1071 1071 340 333 1072 1072 339 334 1073 1073 342 335 1074 1074 340 333 1075 1075 341 332 1076 1076 343 336 1077 1077 342 335 1078 1078 341 332 1079 1079 344 337 1080 1080 342 335 1081 1081 343 336 1082 1082 345 338 1083 1083 344 337 1084 1084 343 336 1085 1085 346 339 1086 1086 344 337 1087 1087 345 338 1088 1088 340 333 1089 1089 347 340 1090 1090 339 334 1091 1091 348 341 1092 1092 347 340 1093 1093 340 333 1094 1094 346 339 1095 1095 348 341 1096 1096 340 333 1097 1097 349 342 1098 1098 348 341 1099 1099 346 339 1100 1100 345 338 1101 1101 349 342 1102 1102 346 339 1103 1103 350 343 1104 1104 349 342 1105 1105 345 338 1106 1106 353 344 1107 1107 352 345 1108 1108 351 346 1109 1109 354 347 1110 1110 352 345 1111 1111 353 344 1112 1112 355 348 1113 1113 354 347 1114 1114 353 344 1115 1115 351 346 1116 1116 354 347 1117 1117 355 348 1118 1118 353 344 1119 1119 351 346 1120 1120 355 348 1121 1121 108 108 1122 1122 356 349 1123 1123 106 106 1124 1124 101 103 1125 1125 356 349 1126 1126 108 108 1127 1127 357 350 1128 1128 101 103 1129 1129 108 108 1130 1130 103 101 1131 1131 101 103 1132 1132 357 350 1133 1133 105 105 1134 1134 103 101 1135 1135 357 350 1136 1136 360 351 1137 1137 359 352 1138 1138 358 353 1139 1139 361 354 1140 1140 359 352 1141 1141 360 351 1142 1142 362 355 1143 1143 361 354 1144 1144 360 351 1145 1145 363 356 1146 1146 361 354 1147 1147 362 355 1148 1148 364 357 1149 1149 363 356 1150 1150 362 355 1151 1151 365 358 1152 1152 320 317 1153 1153 321 316 1154 1154 366 359 1155 1155 320 317 1156 1156 365 358 1157 1157 367 360 1158 1158 366 359 1159 1159 365 358 1160 1160 326 321 1161 1161 366 359 1162 1162 367 360 1163 1163 327 322 1164 1164 326 321 1165 1165 367 360 1166 1166 369 361 1167 1167 216 217 1168 1168 368 362 1169 1169 214 215 1170 1170 216 217 1171 1171 369 361 1172 1172 370 363 1173 1173 214 215 1174 1174 369 361 1175 1175 212 213 1176 1176 214 215 1177 1177 370 363 1178 1178 218 219 1179 1179 212 213 1180 1180 370 363 1181 1181 373 364 1182 1182 372 365 1183 1183 371 366 1184 1184 374 367 1185 1185 372 365 1186 1186 373 364 1187 1187 375 368 1188 1188 374 367 1189 1189 373 364 1190 1190 376 369 1191 1191 374 367 1192 1192 375 368 1193 1193 377 370 1194 1194 376 369 1195 1195 375 368 1196 1196 378 371 1197 1197 349 342 1198 1198 350 343 1199 1199 379 372 1200 1200 349 342 1201 1201 378 371 1202 1202 380 373 1203 1203 379 372 1204 1204 378 371 1205 1205 381 374 1206 1206 379 372 1207 1207 380 373 1208 1208 348 341 1209 1209 381 374 1210 1210 380 373 1211 1211 60 60 1212 1212 53 53 1213 1213 250 251 1214 1214 52 54 1215 1215 53 53 1216 1216 60 60 1217 1217 382 375 1218 1218 52 54 1219 1219 60 60 1220 1220 243 245 1221 1221 52 54 1222 1222 382 375 1223 1223 383 376 1224 1224 243 245 1225 1225 382 375 1226 1226 386 377 1227 1227 385 378 1228 1228 384 379 1229 1229 387 380 1230 1230 385 378 1231 1231 386 377 1232 1232 388 381 1233 1233 387 380 1234 1234 386 377 1235 1235 384 379 1236 1236 387 380 1237 1237 388 381 1238 1238 386 377 1239 1239 384 379 1240 1240 388 381 1241 1241 391 382 1242 1242 390 383 1243 1243 389 384 1244 1244 392 385 1245 1245 390 383 1246 1246 391 382 1247 1247 393 386 1248 1248 392 385 1249 1249 391 382 1250 1250 394 387 1251 1251 392 385 1252 1252 393 386 1253 1253 397 388 1254 1254 396 389 1255 1255 395 390 1256 1256 398 391 1257 1257 396 389 1258 1258 397 388 1259 1259 399 392 1260 1260 398 391 1261 1261 397 388 1262 1262 400 393 1263 1263 398 391 1264 1264 399 392 1265 1265 87 85 1266 1266 189 188 1267 1267 89 89 1268 1268 191 192 1269 1269 189 188 1270 1270 87 85 1271 1271 85 87 1272 1272 191 192 1273 1273 87 85 1274 1274 99 99 1275 1275 191 192 1276 1276 85 87 1277 1277 260 261 1278 1278 307 308 1279 1279 401 394 1280 1280 268 269 1281 1281 307 308 1282 1282 260 261 1283 1283 258 257 1284 1284 268 269 1285 1285 260 261 1286 1286 269 270 1287 1287 268 269 1288 1288 258 257 1289 1289 402 395 1290 1290 319 314 1291 1291 318 313 1292 1292 403 396 1293 1293 319 314 1294 1294 402 395 1295 1295 370 363 1296 1296 403 396 1297 1297 402 395 1298 1298 369 361 1299 1299 403 396 1300 1300 370 363 1301 1301 404 397 1302 1302 292 293 1303 1303 294 295 1304 1304 405 398 1305 1305 292 293 1306 1306 404 397 1307 1307 298 299 1308 1308 405 398 1309 1309 404 397 1310 1310 300 301 1311 1311 405 398 1312 1312 298 299 1313 1313 397 388 1314 1314 406 399 1315 1315 399 392 1316 1316 407 400 1317 1317 406 399 1318 1318 397 388 1319 1319 395 390 1320 1320 407 400 1321 1321 397 388 1322 1322 408 401 1323 1323 407 400 1324 1324 395 390 1325 1325 411 402 1326 1326 410 403 1327 1327 409 404 1328 1328 412 405 1329 1329 410 403 1330 1330 411 402 1331 1331 409 404 1332 1332 412 405 1333 1333 411 402 1334 1334 413 406 1335 1335 412 405 1336 1336 409 404 1337 1337 328 323 1338 1338 280 281 1339 1339 282 283 1340 1340 414 407 1341 1341 280 281 1342 1342 328 323 1343 1343 330 325 1344 1344 414 407 1345 1345 328 323 1346 1346 276 277 1347 1347 414 407 1348 1348 330 325 1349 1349 417 408 1350 1350 416 409 1351 1351 415 410 1352 1352 418 411 1353 1353 416 409 1354 1354 417 408 1355 1355 419 412 1356 1356 418 411 1357 1357 417 408 1358 1358 420 413 1359 1359 418 411 1360 1360 419 412 1361 1361 109 109 1362 1362 421 414 1363 1363 111 111 1364 1364 422 415 1365 1365 421 414 1366 1366 109 109 1367 1367 107 107 1368 1368 422 415 1369 1369 109 109 1370 1370 113 113 1371 1371 422 415 1372 1372 107 107 1373 1373 424 416 1374 1374 408 401 1375 1375 423 417 1376 1376 407 400 1377 1377 408 401 1378 1378 424 416 1379 1379 425 418 1380 1380 407 400 1381 1381 424 416 1382 1382 406 399 1383 1383 407 400 1384 1384 425 418 1385 1385 427 419 1386 1386 423 417 1387 1387 426 420 1388 1388 424 416 1389 1389 423 417 1390 1390 427 419 1391 1391 428 421 1392 1392 424 416 1393 1393 427 419 1394 1394 425 418 1395 1395 424 416 1396 1396 428 421 1397 1397 430 422 1398 1398 426 420 1399 1399 429 423 1400 1400 427 419 1401 1401 426 420 1402 1402 430 422 1403 1403 431 424 1404 1404 427 419 1405 1405 430 422 1406 1406 428 421 1407 1407 427 419 1408 1408 431 424 1409 1409 252 253 1410 1410 432 425 1411 1411 250 251 1412 1412 433 426 1413 1413 432 425 1414 1414 252 253 1415 1415 254 255 1416 1416 433 426 1417 1417 252 253 1418 1418 67 67 1419 1419 433 426 1420 1420 254 255 1421 1421 435 427 1422 1422 429 423 1423 1423 434 428 1424 1424 430 422 1425 1425 429 423 1426 1426 435 427 1427 1427 436 429 1428 1428 430 422 1429 1429 435 427 1430 1430 431 424 1431 1431 430 422 1432 1432 436 429 1433 1433 133 133 1434 1434 129 129 1435 1435 131 131 1436 1436 437 430 1437 1437 129 129 1438 1438 133 133 1439 1439 139 138 1440 1440 437 430 1441 1441 133 133 1442 1442 138 139 1443 1443 437 430 1444 1444 139 138 1445 1445 440 431 1446 1446 439 432 1447 1447 438 433 1448 1448 441 434 1449 1449 439 432 1450 1450 440 431 1451 1451 360 351 1452 1452 441 434 1453 1453 440 431 1454 1454 358 353 1455 1455 441 434 1456 1456 360 351 1457 1457 360 351 1458 1458 442 435 1459 1459 362 355 1460 1460 443 436 1461 1461 442 435 1462 1462 360 351 1463 1463 440 431 1464 1464 443 436 1465 1465 360 351 1466 1466 364 357 1467 1467 443 436 1468 1468 440 431 1469 1469 71 69 1470 1470 229 228 1471 1471 73 73 1472 1472 231 232 1473 1473 229 228 1474 1474 71 69 1475 1475 69 71 1476 1476 231 232 1477 1477 71 69 1478 1478 83 83 1479 1479 231 232 1480 1480 69 71 1481 1481 398 391 1482 1482 434 428 1483 1483 396 389 1484 1484 435 427 1485 1485 434 428 1486 1486 398 391 1487 1487 400 393 1488 1488 435 427 1489 1489 398 391 1490 1490 436 429 1491 1491 435 427 1492 1492 400 393 1493 1493 413 406 1494 1494 352 345 1495 1495 354 347 1496 1496 387 380 1497 1497 352 345 1498 1498 413 406 1499 1499 409 404 1500 1500 387 380 1501 1501 413 406 1502 1502 385 378 1503 1503 387 380 1504 1504 409 404 1505 1505 446 437 1506 1506 445 438 1507 1507 444 439 1508 1508 447 440 1509 1509 445 438 1510 1510 446 437 1511 1511 448 441 1512 1512 447 440 1513 1513 446 437 1514 1514 449 442 1515 1515 447 440 1516 1516 448 441 1517 1517 452 443 1518 1518 451 444 1519 1519 450 445 1520 1520 453 446 1521 1521 451 444 1522 1522 452 443 1523 1523 454 447 1524 1524 453 446 1525 1525 452 443 1526 1526 124 124 1527 1527 116 114 1528 1528 114 116 1529 1529 120 120 1530 1530 116 114 1531 1531 124 124 1532 1532 122 122 1533 1533 120 120 1534 1534 124 124 1535 1535 457 448 1536 1536 456 449 1537 1537 455 450 1538 1538 458 451 1539 1539 456 452 1540 1540 457 453 1541 1541 459 454 1542 1542 458 455 1543 1543 457 456 1544 1544 233 234 1545 1545 79 79 1546 1546 227 230 1547 1547 81 81 1548 1548 79 79 1549 1549 233 234 1550 1550 83 83 1551 1551 81 81 1552 1552 233 234 1553 1553 181 180 1554 1554 44 44 1555 1555 183 184 1556 1556 46 46 1557 1557 44 44 1558 1558 181 180 1559 1559 48 48 1560 1560 46 46 1561 1561 181 180 1562 1562 179 182 1563 1563 48 48 1564 1564 181 180 1565 1565 50 50 1566 1566 48 48 1567 1567 179 182 1568 1568 36 38 1569 1569 50 50 1570 1570 179 182 1571 1571 185 186 1572 1572 36 38 1573 1573 179 182 1574 1574 38 36 1575 1575 36 38 1576 1576 185 186 1577 1577 40 40 1578 1578 38 36 1579 1579 185 186 1580 1580 183 184 1581 1581 40 40 1582 1582 185 186 1583 1583 42 42 1584 1584 40 40 1585 1585 183 184 1586 1586 44 44 1587 1587 42 42 1588 1588 183 184 1589 1589 205 204 1590 1590 28 28 1591 1591 207 208 1592 1592 30 30 1593 1593 28 28 1594 1594 205 204 1595 1595 32 32 1596 1596 30 30 1597 1597 205 204 1598 1598 203 206 1599 1599 32 32 1600 1600 205 204 1601 1601 34 34 1602 1602 32 32 1603 1603 203 206 1604 1604 20 22 1605 1605 34 34 1606 1606 203 206 1607 1607 209 210 1608 1608 20 22 1609 1609 203 206 1610 1610 22 20 1611 1611 20 22 1612 1612 209 210 1613 1613 24 24 1614 1614 22 20 1615 1615 209 210 1616 1616 207 208 1617 1617 24 24 1618 1618 209 210 1619 1619 26 26 1620 1620 24 24 1621 1621 207 208 1622 1622 28 28 1623 1623 26 26 1624 1624 207 208 1625 1625 462 457 1626 1626 461 458 1627 1627 460 459 1628 1628 463 460 1629 1629 461 458 1630 1630 462 457 1631 1631 464 461 1632 1632 463 460 1633 1633 462 457 1634 1634 466 462 1635 1635 465 463 1636 1636 420 413 1637 1637 467 464 1638 1638 465 463 1639 1639 466 462 1640 1640 468 465 1641 1641 467 464 1642 1642 466 462 1643 1643 469 466 1644 1644 449 442 1645 1645 415 410 1646 1646 447 440 1647 1647 449 442 1648 1648 469 466 1649 1649 445 438 1650 1650 447 440 1651 1651 469 466 1652 1652 472 467 1653 1653 471 468 1654 1654 470 469 1655 1655 444 439 1656 1656 471 468 1657 1657 472 467 1658 1658 473 470 1659 1659 444 439 1660 1660 472 467 1661 1661 474 471 1662 1662 445 438 1663 1663 469 466 1664 1664 468 465 1665 1665 445 438 1666 1666 474 471 1667 1667 467 464 1668 1668 468 465 1669 1669 474 471 1670 1670 473 470 1671 1671 446 437 1672 1672 444 439 1673 1673 448 441 1674 1674 446 437 1675 1675 473 470 1676 1676 475 472 1677 1677 448 441 1678 1678 473 470 1679 1679 417 408 1680 1680 448 441 1681 1681 475 472 1682 1682 449 442 1683 1683 448 441 1684 1684 417 408 1685 1685 415 410 1686 1686 449 442 1687 1687 417 408 1688 1688 466 462 1689 1689 471 468 1690 1690 468 465 1691 1691 470 469 1692 1692 471 468 1693 1693 466 462 1694 1694 420 413 1695 1695 470 469 1696 1696 466 462 1697 1697 193 194 1698 1698 95 95 1699 1699 187 190 1700 1700 97 97 1701 1701 95 95 1702 1702 193 194 1703 1703 99 99 1704 1704 97 97 1705 1705 193 194 1706 1706 249 252 1707 1707 253 254 1708 1708 251 250 1709 1709 476 473 1710 1710 253 254 1711 1711 249 252 1712 1712 477 474 1713 1713 476 473 1714 1714 249 252 1715 1715 478 475 1716 1716 372 365 1717 1717 376 369 1718 1718 479 476 1719 1719 372 365 1720 1720 478 475 1721 1721 453 446 1722 1722 479 476 1723 1723 478 475 1724 1724 246 247 1725 1725 383 376 1726 1726 480 477 1727 1727 243 245 1728 1728 383 376 1729 1729 246 247 1730 1730 244 244 1731 1731 243 245 1732 1732 246 247 1733 1733 432 425 1734 1734 60 60 1735 1735 250 251 1736 1736 62 62 1737 1737 60 60 1738 1738 432 425 1739 1739 64 64 1740 1740 62 62 1741 1741 432 425 1742 1742 483 478 1743 1743 482 479 1744 1744 481 480 1745 1745 484 481 1746 1746 482 479 1747 1747 483 478 1748 1748 485 482 1749 1749 484 481 1750 1750 483 478 1751 1751 486 483 1752 1752 222 223 1753 1753 198 199 1754 1754 220 221 1755 1755 222 223 1756 1756 486 483 1757 1757 226 227 1758 1758 220 221 1759 1759 486 483 1760 1760 489 484 1761 1761 488 485 1762 1762 487 486 1763 1763 490 487 1764 1764 488 485 1765 1765 489 484 1766 1766 487 486 1767 1767 490 487 1768 1768 489 484 1769 1769 248 249 1770 1770 382 375 1771 1771 58 58 1772 1772 480 477 1773 1773 382 375 1774 1774 248 249 1775 1775 246 247 1776 1776 480 477 1777 1777 248 249 1778 1778 54 52 1779 1779 247 248 1780 1780 56 56 1781 1781 245 246 1782 1782 247 248 1783 1783 54 52 1784 1784 52 54 1785 1785 245 246 1786 1786 54 52 1787 1787 476 473 1788 1788 255 256 1789 1789 253 254 1790 1790 68 68 1791 1791 255 256 1792 1792 476 473 1793 1793 477 474 1794 1794 68 68 1795 1795 476 473 1796 1796 305 306 1797 1797 307 308 1798 1798 306 307 1799 1799 401 394 1800 1800 307 308 1801 1801 305 306 1802 1802 260 261 1803 1803 401 394 1804 1804 305 306 1805 1805 267 268 1806 1806 256 259 1807 1807 265 266 1808 1808 258 257 1809 1809 256 259 1810 1810 267 268 1811 1811 269 270 1812 1812 258 257 1813 1813 267 268 1814 1814 141 141 1815 1815 137 137 1816 1816 142 142 1817 1817 135 135 1818 1818 137 137 1819 1819 141 141 1820 1820 140 140 1821 1821 135 135 1822 1822 141 141 1823 1823 491 488 1824 1824 357 350 1825 1825 108 108 1826 1826 105 105 1827 1827 357 350 1828 1828 491 488 1829 1829 107 107 1830 1830 105 105 1831 1831 491 488 1832 1832 18 18 1833 1833 4 4 1834 1834 2 0 1835 1835 6 6 1836 1836 4 4 1837 1837 18 18 1838 1838 16 16 1839 1839 6 6 1840 1840 18 18 1841 1841 478 475 1842 1842 451 444 1843 1843 453 446 1844 1844 492 489 1845 1845 451 444 1846 1846 478 475 1847 1847 493 490 1848 1848 492 489 1849 1849 478 475 1850 1850 324 319 1851 1851 366 359 1852 1852 326 321 1853 1853 320 317 1854 1854 366 359 1855 1855 324 319 1856 1856 322 315 1857 1857 320 317 1858 1858 324 319 1859 1859 351 491 1860 1860 384 492 1861 1861 410 493 1862 1862 387 380 1863 1863 384 379 1864 1864 351 346 1865 1865 352 345 1866 1866 387 380 1867 1867 351 346 1868 1868 494 494 1869 1869 358 353 1870 1870 359 352 1871 1871 438 433 1872 1872 358 353 1873 1873 494 494 1874 1874 440 431 1875 1875 438 433 1876 1876 494 494 1877 1877 250 251 1878 1878 477 474 1879 1879 249 252 1880 1880 68 68 1881 1881 477 474 1882 1882 250 251 1883 1883 53 53 1884 1884 68 68 1885 1885 250 251 1886 1886 450 445 1887 1887 493 490 1888 1888 495 495 1889 1889 492 489 1890 1890 493 490 1891 1891 450 445 1892 1892 451 444 1893 1893 492 489 1894 1894 450 445 1895 1895 496 496 1896 1896 478 475 1897 1897 376 369 1898 1898 497 497 1899 1899 478 475 1900 1900 496 496 1901 1901 37 37 1902 1902 49 49 1903 1903 51 51 1904 1904 39 39 1905 1905 49 49 1906 1906 37 37 1907 1907 45 45 1908 1908 41 41 1909 1909 43 43 1910 1910 47 47 1911 1911 41 41 1912 1912 45 45 1913 1913 29 29 1914 1914 25 25 1915 1915 27 27 1916 1916 31 31 1917 1917 25 25 1918 1918 29 29 1919 1919 21 21 1920 1920 33 33 1921 1921 35 35 1922 1922 23 23 1923 1923 33 33 1924 1924 21 21 1925 1925 500 156 1926 1926 499 156 1927 1927 498 156 1928 1928 501 156 1929 1929 499 156 1930 1930 500 156 1931 1931 504 498 1932 1932 503 498 1933 1933 502 498 1934 1934 505 498 1935 1935 503 498 1936 1936 504 498 1937 1937 508 499 1938 1938 507 500 1939 1939 506 501 1940 1940 509 502 1941 1941 507 500 1942 1942 508 499 1943 1943 472 467 1944 1944 475 472 1945 1945 473 470 1946 1946 419 412 1947 1947 475 472 1948 1948 472 467 1949 1949 474 471 1950 1950 415 410 1951 1951 416 409 1952 1952 469 466 1953 1953 415 410 1954 1954 474 471 1955 1955 472 467 1956 1956 420 413 1957 1957 419 412 1958 1958 470 469 1959 1959 420 413 1960 1960 472 467 1961 1961 512 503 1962 1962 511 504 1963 1963 510 505 1964 1964 513 506 1965 1965 511 504 1966 1966 512 503 1967 1967 474 471 1968 1968 465 463 1969 1969 467 464 1970 1970 416 409 1971 1971 465 463 1972 1972 474 471 1973 1973 55 55 1974 1974 65 65 1975 1975 53 53 1976 1976 57 57 1977 1977 65 65 1978 1978 55 55 1979 1979 66 66 1980 1980 433 426 1981 1981 67 67 1982 1982 64 64 1983 1983 433 426 1984 1984 66 66 1985 1985 516 507 1986 1986 515 507 1987 1987 514 507 1988 1988 517 156 1989 1989 515 156 1990 1990 516 156 1991 1991 520 498 1992 1992 519 498 1993 1993 518 498 1994 1994 521 508 1995 1995 519 508 1996 1996 520 508 1997 1997 329 324 1998 1998 276 277 1999 1999 330 325 2000 2000 275 278 2001 2001 276 277 2002 2002 329 324 2003 2003 224 225 2004 2004 202 203 2005 2005 196 197 2006 2006 226 227 2007 2007 202 203 2008 2008 224 225 2009 2009 524 509 2010 2010 523 510 2011 2011 522 511 2012 2012 525 512 2013 2013 523 510 2014 2014 524 509 2015 2015 525 512 2016 2016 527 513 2017 2017 526 514 2018 2018 524 509 2019 2019 527 513 2020 2020 525 512 2021 2021 524 509 2022 2022 528 515 2023 2023 527 513 2024 2024 522 511 2025 2025 528 515 2026 2026 524 509 2027 2027 526 514 2028 2028 529 516 2029 2029 525 512 2030 2030 530 517 2031 2031 529 516 2032 2032 526 514 2033 2033 533 518 2034 2034 532 519 2035 2035 531 520 2036 2036 534 521 2037 2037 532 522 2038 2038 533 523 2039 2039 426 420 2040 2040 425 418 2041 2041 428 421 2042 2042 423 417 2043 2043 425 418 2044 2044 426 420 2045 2045 77 77 2046 2046 227 230 2047 2047 79 79 2048 2048 75 75 2049 2049 227 230 2050 2050 77 77 2051 2051 75 75 2052 2052 229 228 2053 2053 227 230 2054 2054 73 73 2055 2055 229 228 2056 2056 75 75 2057 2057 354 347 2058 2058 410 403 2059 2059 413 406 2060 2060 351 346 2061 2061 410 403 2062 2062 354 347 2063 2063 119 119 2064 2064 125 125 2065 2065 114 116 2066 2066 121 121 2067 2067 125 125 2068 2068 119 119 2069 2069 423 417 2070 2070 406 399 2071 2071 425 418 2072 2072 408 401 2073 2073 406 399 2074 2074 423 417 2075 2075 444 439 2076 2076 468 465 2077 2077 471 468 2078 2078 445 438 2079 2079 468 465 2080 2080 444 439 2081 2081 434 428 2082 2082 431 424 2083 2083 436 429 2084 2084 429 423 2085 2085 431 424 2086 2086 434 428 2087 2087 408 401 2088 2088 399 392 2089 2089 406 399 2090 2090 395 390 2091 2091 399 392 2092 2092 408 401 2093 2093 325 320 2094 2094 321 316 2095 2095 323 318 2096 2096 365 358 2097 2097 321 316 2098 2098 325 320 2099 2099 535 524 2100 2100 527 513 2101 2101 528 515 2102 2102 536 525 2103 2103 527 513 2104 2104 535 524 2105 2105 526 514 2106 2106 536 525 2107 2107 530 517 2108 2108 527 513 2109 2109 536 525 2110 2110 526 514 2111 2111 390 383 2112 2112 393 386 2113 2113 389 384 2114 2114 394 387 2115 2115 393 386 2116 2116 390 383 2117 2117 369 361 2118 2118 317 311 2119 2119 316 312 2120 2120 368 362 2121 2121 317 311 2122 2122 369 361 2123 2123 146 144 2124 2124 115 115 2125 2125 117 117 2126 2126 152 152 2127 2127 115 115 2128 2128 146 144 2129 2129 403 396 2130 2130 316 312 2131 2131 319 314 2132 2132 369 361 2133 2133 316 312 2134 2134 403 396 2135 2135 536 525 2136 2136 522 511 2137 2137 523 510 2138 2138 535 524 2139 2139 522 511 2140 2140 536 525 2141 2141 261 262 2142 2142 257 258 2143 2143 259 260 2144 2144 263 264 2145 2145 257 258 2146 2146 261 262 2147 2147 114 116 2148 2148 148 148 2149 2149 119 119 2150 2150 150 150 2151 2151 148 148 2152 2152 114 116 2153 2153 93 93 2154 2154 187 190 2155 2155 95 95 2156 2156 91 91 2157 2157 187 190 2158 2158 93 93 2159 2159 91 91 2160 2160 189 188 2161 2161 187 190 2162 2162 89 89 2163 2163 189 188 2164 2164 91 91 2165 2165 402 395 2166 2166 218 219 2167 2167 370 363 2168 2168 368 362 2169 2169 218 219 2170 2170 402 395 2171 2171 367 360 2172 2172 325 320 2173 2173 327 322 2174 2174 365 358 2175 2175 325 320 2176 2176 367 360 2177 2177 146 144 2178 2178 119 119 2179 2179 148 148 2180 2180 117 117 2181 2181 119 119 2182 2182 146 144 2183 2183 200 201 2184 2184 486 483 2185 2185 198 199 2186 2186 202 203 2187 2187 486 483 2188 2188 200 201 2189 2189 368 362 2190 2190 318 313 2191 2191 317 311 2192 2192 402 395 2193 2193 318 313 2194 2194 368 362 2195 2195 211 214 2196 2196 215 216 2197 2197 213 212 2198 2198 217 218 2199 2199 215 216 2200 2200 211 214 2201 2201 537 526 2202 2202 497 497 2203 2203 496 496 2204 2204 538 527 2205 2205 497 497 2206 2206 537 526 2207 2207 196 197 2208 2208 222 223 2209 2209 224 225 2210 2210 198 199 2211 2211 222 223 2212 2212 196 197 2213 2213 225 226 2214 2214 221 220 2215 2215 219 222 2216 2216 223 224 2217 2217 221 220 2218 2218 225 226 2219 2219 482 479 2220 2220 485 482 2221 2221 481 480 2222 2222 484 481 2223 2223 485 482 2224 2224 482 479 2225 2225 414 407 2226 2226 278 279 2227 2227 280 281 2228 2228 276 277 2229 2229 278 279 2230 2230 414 407 2231 2231 539 528 2232 2232 497 497 2233 2233 538 527 2234 2234 540 529 2235 2235 497 497 2236 2236 539 528 2237 2237 519 530 2238 2238 517 530 2239 2239 518 530 2240 2240 515 531 2241 2241 517 531 2242 2242 519 531 2243 2243 114 116 2244 2244 152 152 2245 2245 150 150 2246 2246 115 115 2247 2247 152 152 2248 2248 114 116 2249 2249 520 532 2250 2250 514 533 2251 2251 521 534 2252 2252 516 535 2253 2253 514 536 2254 2254 520 537 2255 2255 180 181 2256 2256 184 185 2257 2257 186 187 2258 2258 182 183 2259 2259 184 185 2260 2260 180 181 2261 2261 517 538 2262 2262 520 539 2263 2263 518 540 2264 2264 516 541 2265 2265 520 542 2266 2266 517 543 2267 2267 519 544 2268 2268 514 544 2269 2269 515 544 2270 2270 521 545 2271 2271 514 545 2272 2272 519 545 2273 2273 204 205 2274 2274 208 209 2275 2275 210 211 2276 2276 206 207 2277 2277 208 209 2278 2278 204 205 2279 2279 381 374 2280 2280 349 342 2281 2281 379 372 2282 2282 348 341 2283 2283 349 342 2284 2284 381 374 2285 2285 340 333 2286 2286 344 337 2287 2287 346 339 2288 2288 342 335 2289 2289 344 337 2290 2290 340 333 2291 2291 171 172 2292 2292 274 275 2293 2293 272 273 2294 2294 172 173 2295 2295 274 275 2296 2296 171 172 2297 2297 164 163 2298 2298 172 173 2299 2299 170 171 2300 2300 162 165 2301 2301 172 173 2302 2302 164 163 2303 2303 168 169 2304 2304 164 163 2305 2305 170 171 2306 2306 166 167 2307 2307 164 163 2308 2308 168 169 2309 2309 543 546 2310 2310 542 547 2311 2311 541 548 2312 2312 544 549 2313 2313 542 547 2314 2314 543 546 2315 2315 546 498 2316 2316 544 549 2317 2317 545 498 2318 2318 542 547 2319 2319 544 549 2320 2320 546 498 2321 2321 548 550 2322 2322 541 548 2323 2323 547 551 2324 2324 543 546 2325 2325 541 548 2326 2326 548 550 2327 2327 463 460 2328 2328 460 459 2329 2329 461 458 2330 2330 464 461 2331 2331 460 459 2332 2332 463 460 2333 2333 503 552 2334 2334 501 553 2335 2335 502 554 2336 2336 499 555 2337 2337 501 556 2338 2338 503 557 2339 2339 133 133 2340 2340 140 140 2341 2341 139 138 2342 2342 135 135 2343 2343 140 140 2344 2344 133 133 2345 2345 549 558 2346 2346 437 430 2347 2347 138 139 2348 2348 127 127 2349 2349 437 430 2350 2350 549 558 2351 2351 395 390 2352 2352 400 393 2353 2353 399 392 2354 2354 396 389 2355 2355 400 393 2356 2356 395 390 2357 2357 504 559 2358 2358 498 560 2359 2359 505 561 2360 2360 500 562 2361 2361 498 563 2362 2362 504 564 2363 2363 176 177 2364 2364 550 565 2365 2365 174 175 2366 2366 177 178 2367 2367 550 565 2368 2368 176 177 2369 2369 177 178 2370 2370 551 566 2371 2371 550 565 2372 2372 178 179 2373 2373 551 566 2374 2374 177 178 2375 2375 551 566 2376 2376 175 174 2377 2377 173 176 2378 2378 178 179 2379 2379 175 174 2380 2380 551 566 2381 2381 429 423 2382 2382 428 421 2383 2383 431 424 2384 2384 426 420 2385 2385 428 421 2386 2386 429 423 2387 2387 552 567 2388 2388 440 431 2389 2389 494 494 2390 2390 553 568 2391 2391 440 431 2392 2392 552 567 2393 2393 553 568 2394 2394 364 357 2395 2395 440 431 2396 2396 363 356 2397 2397 364 357 2398 2398 553 568 2399 2399 501 569 2400 2400 504 570 2401 2401 502 571 2402 2402 500 572 2403 2403 504 573 2404 2404 501 574 2405 2405 503 575 2406 2406 498 576 2407 2407 499 577 2408 2408 505 578 2409 2409 498 579 2410 2410 503 580 2411 2411 356 349 2412 2412 104 104 2413 2413 106 106 2414 2414 101 103 2415 2415 104 104 2416 2416 356 349 2417 2417 396 389 2418 2418 436 429 2419 2419 400 393 2420 2420 434 428 2421 2421 436 429 2422 2422 396 389 2423 2423 491 488 2424 2424 110 110 2425 2425 107 107 2426 2426 108 108 2427 2427 110 110 2428 2428 491 488 2429 2429 31 31 2430 2430 23 23 2431 2431 25 25 2432 2432 33 33 2433 2433 23 23 2434 2434 31 31 2435 2435 192 193 2436 2436 188 189 2437 2437 190 191 2438 2438 194 195 2439 2439 188 189 2440 2440 192 193 2441 2441 47 47 2442 2442 39 39 2443 2443 41 41 2444 2444 49 49 2445 2445 39 39 2446 2446 47 47 2447 2447 159 159 2448 2448 155 155 2449 2449 157 157 2450 2450 154 161 2451 2451 155 155 2452 2452 159 159 2453 2453 377 370 2454 2454 496 496 2455 2455 376 369 2456 2456 537 526 2457 2457 496 496 2458 2458 377 370 2459 2459 153 153 2460 2460 149 149 2461 2461 151 151 2462 2462 145 145 2463 2463 149 149 2464 2464 153 153 2465 2465 290 291 2466 2466 302 303 2467 2467 304 305 2468 2468 292 293 2469 2469 302 303 2470 2470 290 291 2471 2471 57 57 2472 2472 63 63 2473 2473 65 65 2474 2474 59 59 2475 2475 63 63 2476 2476 57 57 2477 2477 296 297 2478 2478 404 397 2479 2479 294 295 2480 2480 298 299 2481 2481 404 397 2482 2482 296 297 2483 2483 302 303 2484 2484 405 398 2485 2485 300 301 2486 2486 292 293 2487 2487 405 398 2488 2488 302 303 2489 2489 478 475 2490 2490 540 529 2491 2491 493 490 2492 2492 497 497 2493 2493 540 529 2494 2494 478 475 2495 2495 232 233 2496 2496 228 229 2497 2497 230 231 2498 2498 234 235 2499 2499 228 229 2500 2500 232 233 2501 2501 554 581 2502 2502 375 368 2503 2503 373 364 2504 2504 453 446 2505 2505 375 368 2506 2506 554 581 2507 2507 479 476 2508 2508 554 581 2509 2509 373 364 2510 2510 453 446 2511 2511 554 581 2512 2512 479 476 2513 2513 530 517 2514 2514 523 510 2515 2515 529 516 2516 2516 536 525 2517 2517 523 510 2518 2518 530 517 2519 2519 10 10 2520 2520 14 14 2521 2521 12 12 2522 2522 8 8 2523 2523 14 14 2524 2524 10 10 2525 2525 15 15 2526 2526 11 11 2527 2527 13 13 2528 2528 17 17 2529 2529 11 11 2530 2530 15 15 2531 2531 8 8 2532 2532 16 16 2533 2533 14 14 2534 2534 6 6 2535 2535 16 16 2536 2536 8 8 2537 2537 19 19 2538 2538 2 0 2539 2539 0 2 2540 2540 18 18 2541 2541 2 0 2542 2542 19 19 2543 2543 409 404 2544 2544 384 379 2545 2545 385 378 2546 2546 410 403 2547 2547 384 379 2548 2548 409 404 2549 2549 152 152 2550 2550 146 144 2551 2551 144 146 2552 2552 509 502 2553 2553 506 582 2554 2554 507 500 2555 2555 513 506 2556 2556 512 503 2557 2557 510 583 2558 2558 420 413 2559 2559 465 463 2560 2560 418 411 2561 2561 419 412 2562 2562 417 408 2563 2563 475 472 2564 2564 465 463 2565 2565 416 409 2566 2566 418 411 2567 2567 60 60 2568 2568 58 58 2569 2569 382 375 2570 2570 432 425 2571 2571 433 426 2572 2572 64 64 2573 2573 63 63 2574 2574 59 59 2575 2575 61 61 2576 2576 382 375 2577 2577 480 477 2578 2578 383 376 2579 2579 523 510 2580 2580 525 512 2581 2581 529 516 2582 2582 371 366 2583 2583 372 365 2584 2584 479 476 2585 2585 376 369 2586 2586 372 365 2587 2587 374 367 2588 2588 453 446 2589 2589 454 447 2590 2590 375 368 2591 2591 371 366 2592 2592 479 476 2593 2593 373 364 2594 2594 364 357 2595 2595 362 355 2596 2596 442 435 2597 2597 358 353 2598 2598 438 433 2599 2599 439 432 2600 2600 149 149 2601 2601 145 145 2602 2602 147 147 2603 2603 160 160 2604 2604 158 158 2605 2605 161 162 2606 2606 113 113 2607 2607 421 414 2608 2608 422 415 2609 2609 368 362 2610 2610 216 217 2611 2611 218 219 2612 2612 522 511 2613 2613 535 524 2614 2614 528 515 2615 2615 364 357 2616 2616 442 435 2617 2617 443 436 2618 2618 358 353 2619 2619 439 432 2620 2620 441 434 2621 2621 118 118 2622 2622 116 114 2623 2623 120 120 2624 2624 123 123 2625 2625 125 125 2626 2626 121 121 2627 2627 83 83 2628 2628 233 234 2629 2629 231 232 2630 2630 462 457 2631 2631 460 459 2632 2632 464 461 2633 2633 99 99 2634 2634 193 194 2635 2635 191 192 2636 2636 483 478 2637 2637 481 480 2638 2638 485 482 2639 2639 202 203 2640 2640 226 227 2641 2641 486 483 2642 2642 412 405 2643 2643 413 406 2644 2644 410 403 2645 2645 162 165 2646 2646 273 274 2647 2647 172 173 2648 2648 347 340 2649 2649 348 341 2650 2650 380 373 2651 2651 129 129 2652 2652 437 430 2653 2653 127 127 2654 2654 17 17 2655 2655 9 9 2656 2656 11 11 2657 2657</p>
        </triangles>
      </mesh>
    </geometry>
    <geometry id="polygon1-mesh" name="polygon1">
      <mesh>
        <source id="polygon1-mesh-positions">
          <float_array id="polygon1-mesh-positions-array" count="576">-66.0891 22.78418 -53.00004 -44.66801 22.78419 -53.00003 -66.0891 19.9201 -42.3111 -44.66801 19.9201 -42.3111 -66.08911 12.09527 -34.48631 -44.66801 12.09528 -34.48628 -66.08911 1.406338 -31.62218 -44.66801 1.406344 -31.62217 -66.08912 -9.282585 -34.48631 -44.66801 -9.282584 -34.48627 -66.08911 -17.10742 -42.31109 -44.66802 -17.10742 -42.31109 -66.08911 -19.97152 -53.00003 -44.66803 -19.97151 -53.00002 -66.08911 -17.10742 -63.68893 -44.66803 -17.10742 -63.68893 -66.08911 -9.282593 -71.51376 -44.66803 -9.282591 -71.51376 -66.0891 1.406329 -74.37787 -44.66802 1.406335 -74.37786 -66.0891 12.09525 -71.51376 -44.66802 12.09526 -71.51376 -66.0891 19.9201 -63.68895 -44.66801 19.9201 -63.68895 -54.92079 10.20299 24.99997 -39.62001 10.20299 24.99998 -54.92079 8.157216 32.63493 -39.62001 8.157216 32.63493 -54.9208 2.568052 38.22407 -39.62001 2.568054 38.22408 -54.9208 -5.066901 40.26987 -39.62001 -5.066897 40.26988 -54.9208 -12.70185 38.22407 -39.62001 -12.70185 38.22409 -54.92079 -18.29101 32.63493 -39.62001 -18.29101 32.63493 -54.92079 -20.3368 24.99998 -39.62002 -20.3368 24.99999 -54.92079 -18.29101 17.36505 -39.62002 -18.29101 17.36505 -54.92079 -12.70185 11.77588 -39.62002 -12.70185 11.77588 -54.92079 -5.066908 9.730092 -39.62001 -5.066904 9.730099 -54.92079 2.568039 11.77588 -39.62001 2.568045 11.77588 -54.92079 8.157214 17.36503 -39.62001 8.157217 17.36503 69.02699 -12.19793 -47.47905 69.02699 -13.55607 -53.00003 66.0891 -19.97151 -53.00003 69.02699 -12.19792 -58.521 66.0891 -17.10742 -63.68893 69.02699 -8.967764 -63.37412 66.0891 -9.282591 -71.51376 69.02699 -4.114651 -66.60426 66.0891 1.406329 -74.37787 69.02699 1.406324 -67.88398 69.02699 6.927313 -66.60426 -57.01929 -1.123348 15.28266 -57.01929 -5.066911 14.36858 -57.01929 -9.010466 15.28266 -57.01929 -12.47698 17.58991 -57.01929 -14.78423 21.05643 -57.01929 -15.75433 24.99998 -57.01929 -14.78424 28.94353 -41.9177 1.394701 -65.81142 -41.98629 10.69221 -62.27736 -41.94763 14.51917 -52.97612 -69.027 1.406336 -38.11609 -69.027 6.927319 -39.39579 -69.02699 11.78043 -42.62593 -69.02699 15.01061 -47.47905 -69.02699 16.36873 -53.00004 -69.02699 15.0106 -58.521 -69.02699 11.78043 -63.37412 -69.027 6.927313 -66.60427 -69.027 1.406324 -67.88399 -69.027 -4.114651 -66.60427 54.92079 -20.3368 24.99998 57.01928 -14.78423 21.05643 54.92079 -18.29101 17.36505 57.01928 -12.47697 17.58991 54.92079 -12.70185 11.77588 57.01928 -9.010466 15.28267 54.92079 -5.066908 9.730093 57.01928 -5.066911 14.36858 57.01928 -1.123348 15.28267 44.66803 -17.10742 -63.68893 44.66803 -19.97151 -53.00002 42.00745 -12.18343 -52.9761 44.66802 -17.10742 -42.31109 42.00204 -7.992797 -43.59321 44.66801 -9.282583 -34.48628 41.96 1.392397 -39.82738 44.66801 1.406344 -31.62217 44.66801 12.09527 -34.48628 -57.01929 -5.066903 35.63137 -57.01929 -1.123344 34.7173 -57.01928 2.343167 32.41005 -57.01928 4.650433 28.94353 -57.01928 5.620523 24.99997 -57.01928 4.650431 21.05643 -37.6555 -5.075214 15.84899 -37.70449 1.565866 18.37332 -37.67688 4.299409 25.01706 39.62002 -18.29101 17.36505 39.62002 -20.33679 24.99999 37.71961 -14.77388 25.01707 39.62001 -18.29101 32.63493 37.71575 -11.78057 31.71914 39.62001 -12.70185 38.22409 37.68571 -5.076859 34.40902 39.62001 -5.066897 40.26988 39.62001 2.568054 38.22408 57.01928 -1.123343 34.7173 54.92079 2.568051 38.22407 57.01928 2.343166 32.41005 54.92079 8.157214 32.63493 57.01928 4.650434 28.94353 54.92079 10.20299 24.99997 57.01928 5.620523 24.99997 57.01928 4.650432 21.05643 69.02699 16.36873 -53.00004 66.0891 22.78418 -53.00004 69.02699 15.0106 -58.521 66.0891 19.92009 -63.68895 69.02699 11.78043 -63.37412 66.0891 12.09525 -71.51376 -69.027 -12.19793 -47.47905 -69.027 -8.967768 -42.62594 -69.027 -4.114645 -39.39579 -41.97208 10.6193 -43.74854 -41.96 1.392397 -39.82738 -42.00204 -7.992798 -43.59321 -42.00745 -12.18343 -52.9761 54.9208 -12.70185 38.22407 57.01928 -12.47698 32.41005 54.92079 -18.29101 32.63493 57.01928 -14.78424 28.94353 57.01928 -15.75433 24.99998 54.92079 2.568039 11.77588 57.01928 2.343164 17.58991 54.92079 8.15721 17.36504 41.97208 10.6193 -43.74854 44.66801 19.9201 -42.3111 41.94763 14.51918 -52.97612 44.66801 22.78419 -53.00003 44.66801 19.9201 -63.68895 -57.01929 -12.47698 32.41005 -57.01929 -9.010461 34.7173 -57.01928 2.343165 17.58991 -37.69434 1.513785 31.60818 -37.68571 -5.076859 34.40902 -37.71575 -11.78057 31.71914 -37.71961 -14.77388 25.01707 37.69434 1.513785 31.60818 39.62001 8.157216 32.63493 37.67688 4.299411 25.01706 39.62001 10.20299 24.99998 39.62001 8.157216 17.36504 44.66802 1.406335 -74.37786 41.9177 1.394701 -65.81142 44.66802 12.09526 -71.51376 41.98629 10.69221 -62.27736 39.62001 -5.066904 9.7301 37.6555 -5.075214 15.84899 39.62001 2.568045 11.77588 37.70449 1.565865 18.37332 -69.027 -8.967766 -63.37412 54.92079 -5.066901 40.26987 57.01928 -5.066903 35.63137 57.01928 -9.010461 34.7173 69.02699 -4.114645 -39.39578 66.08911 -9.282583 -34.48631 69.02699 1.406336 -38.11608 66.08911 1.406338 -31.62218 66.08911 12.09527 -34.48631 39.62002 -12.70185 11.77588 -69.027 -13.55607 -53.00003 -69.027 -12.19792 -58.521 -41.98435 -7.900116 -62.26727 66.0891 19.9201 -42.3111 66.0891 -17.10742 -42.31109 69.02699 -8.967766 -42.62594 69.02699 6.927319 -39.39578 69.02699 11.78043 -42.62594 69.02699 15.01061 -47.47905 44.66803 -9.28259 -71.51376 41.98435 -7.900116 -62.26727 -37.70311 -11.71437 18.38052 37.70311 -11.71437 18.38052</float_array>
          <technique_common>
            <accessor source="#polygon1-mesh-positions-array" count="192" stride="3">
              <param name="X" type="float"/>
              <param name="Y" type="float"/>
              <param name="Z" type="float"/>
            </accessor>
          </technique_common>
        </source>
        <source id="polygon1-mesh-normals">
          <float_array id="polygon1-mesh-normals-array" count="720">-0.6514244 0.6538816 0.3848184 -3.03603e-7 1 -2.35704e-7 -0.7079757 0.7062368 -6.72042e-6 -3.71294e-7 0.8660253 0.5000003 -0.7110096 0.3344892 0.6185324 -9.92971e-7 0.5000011 0.8660249 -0.5498597 3.46266e-6 0.8352571 -9.63917e-7 0 1 -0.7109879 -0.3344937 0.618555 -1.09796e-6 -0.4999995 0.8660258 -0.6514294 -0.6538714 0.3848274 0 -0.8660251 0.5000008 -0.7079756 -0.7062369 6.4373e-6 2.11673e-7 -1 -1.66957e-7 -0.6514243 -0.6538819 -0.3848182 0 -0.8660253 -0.5000002 -0.6514294 -0.3848267 -0.6538717 2.47566e-7 -0.5000007 -0.8660252 -0.7092304 -2.45869e-5 -0.7049769 1.40519e-7 2.25884e-7 -1 -0.6514242 0.3848178 -0.6538822 -3.61567e-7 0.4999998 -0.8660256 -0.6514293 0.6538717 -0.3848271 -1.39235e-7 0.8660249 -0.5000009 -0.6514243 0.6538817 0.3848182 0 1 2.9463e-7 -0.7079758 0.7062367 -6.7465e-6 -2.72902e-7 0.8660252 0.5000005 -0.7110096 0.3344889 0.6185325 -6.22238e-7 0.5000005 0.8660252 -0.5498599 3.68431e-6 0.835257 -9.36395e-7 4.51767e-7 1 -0.7109876 -0.3344945 0.6185549 -1.28284e-6 -0.5000002 0.8660254 -0.6514289 -0.653872 0.3848273 0 -0.8660249 0.5000008 -0.7079753 -0.7062373 6.64592e-6 0 -1 4.71409e-7 -0.6514237 -0.6538824 -0.3848183 0 -0.8660253 -0.5000004 -0.6514288 -0.3848274 -0.653872 1.81934e-7 -0.5000005 -0.8660252 -0.7092306 2.4423e-5 -0.7049766 2.92376e-7 2.25883e-7 -1 -0.6514242 0.3848179 -0.6538821 -1.46479e-7 0.4999994 -0.8660259 -0.6514297 0.6538712 -0.3848272 0 0.866025 -0.5000005 0.7079756 -0.7062369 -6.2203e-7 0.9092007 -0.4163582 -5.98419e-7 0.9107716 -0.3870819 0.1437456 0.9107714 -0.387082 -0.1437461 0.6514242 -0.6538825 -0.3848172 0.9154223 -0.2846069 -0.2846069 0.6514291 -0.3848351 -0.653867 0.9116723 -0.1414956 -0.3857883 0.7092311 -2.47657e-5 -0.704976 0.9110984 5.767e-7 -0.4121891 0.9116723 0.1414958 -0.3857883 -0.911098 -5.38816e-7 -0.4121901 -0.9116724 0.1414968 -0.3857874 -0.9116721 -0.1414955 -0.3857888 -0.9154217 -0.2846078 -0.2846078 -0.9107717 -0.3870818 -0.1437452 -0.9092006 -0.4163586 -6.69561e-7 -0.9107717 -0.387082 0.1437449 -0.9985327 1.10522e-4 0.05415344 -0.9521316 -5.28089e-5 0.3056884 -0.9525244 0.1425203 0.2690451 -0.952623 -0.1423394 0.2687915 -0.999929 -0.009890198 0.006656646 -0.9517043 -0.2708762 0.1445168 -0.9982699 -0.05879378 8.01459e-4 -0.9498703 -0.3126444 1.15389e-4 -0.951825 -0.2703751 -0.1446598 -0.9117956 0.1583347 0.3788918 -0.9062037 -1.34285e-7 0.4228415 -0.9154027 0.2846385 0.2846386 -0.9107714 0.3870823 0.1437454 -0.9092006 0.4163585 -5.35649e-7 -0.9107717 0.3870816 -0.1437451 -0.9154224 0.2846067 -0.2846068 -0.9116724 0.1414962 -0.385788 -0.9110981 6.52472e-7 -0.4121898 -0.9116725 -0.1414949 -0.3857884 0.6514244 -0.6538823 -0.3848171 0.9107717 -0.3870816 -0.1437455 0.7079758 -0.7062368 6.21006e-6 0.9154224 -0.2846067 -0.2846067 0.6514293 -0.3848347 -0.6538671 0.9116725 -0.1414959 -0.385788 0.7092313 -2.49296e-5 -0.704976 0.9110984 -1.59961e-7 -0.412189 0.9116723 0.1414965 -0.3857882 0.9974904 0.07079327 -0.001148343 0.946304 0.323278 1.26814e-4 0.9502239 0.2742888 0.1477843 0.9494729 0.276425 -0.1486295 0.9998216 0.01567977 -0.01053488 0.9507873 0.1454978 -0.2735582 0.9980999 0.002075791 -0.06158113 0.9496187 -6.80418e-5 -0.3134077 0.9517517 -0.1445361 -0.2706995 -0.9117958 0.1583341 0.3788915 -0.906204 1.29454e-7 0.4228408 -0.9154026 0.2846384 0.2846384 -0.9107715 0.3870824 0.1437451 -0.9092 0.4163596 -3.80813e-7 -0.9107714 0.3870824 -0.1437454 -0.9985327 1.10783e-4 0.05415278 -0.9521317 -5.26731e-5 0.3056882 -0.9525246 0.14252 0.2690449 -0.952623 -0.1423396 0.2687915 -0.999929 -0.009890258 0.00665605 -0.9517044 -0.2708762 0.1445165 -0.9982699 -0.05879378 8.01481e-4 -0.9498705 -0.312644 1.15333e-4 -0.9518256 -0.2703517 -0.1446996 0.9974905 0.07079267 -0.001148581 0.9463044 0.3232769 1.26591e-4 0.9502238 0.2742893 0.147785 0.9494728 0.2764247 -0.1486299 0.9998217 0.01567918 -0.0105344 0.9507871 0.145498 -0.2735585 0.9980999 0.00207597 -0.06158179 0.9496183 -6.82595e-5 -0.313409 0.9517516 -0.1445361 -0.2706997 0.9154224 0.2846066 0.2846068 0.7110095 0.3344941 0.6185299 0.9117954 0.1583332 0.378893 0.6514243 0.6538806 0.3848203 0.9107715 0.3870825 0.1437452 0.7079758 0.7062368 -6.94767e-6 0.9092001 0.4163594 -3.4315e-7 0.9107716 0.387082 -0.1437453 0.9107717 0.3870819 -0.1437454 0.7079756 0.706237 -8.3086e-7 0.9092006 0.4163585 -5.35649e-7 0.6514292 0.6538688 -0.3848321 0.9154025 0.2846386 -0.2846385 0.6514245 0.3848197 -0.6538807 -0.9107716 -0.387082 0.1437456 -0.9154228 -0.2846059 0.284606 -0.9117956 -0.1583325 0.3788927 -0.9999438 -0.006885766 -0.00806719 -0.9517517 -0.1445358 -0.2706995 -0.9981 0.00207585 -0.06158113 -0.9496186 -6.79966e-5 -0.313408 -0.9507872 0.1454979 -0.2735582 -0.9998216 0.01568007 -0.0105347 -0.9494726 0.2764253 -0.1486295 -0.9974904 0.07079344 -0.001148343 -0.946304 0.3232783 1.26812e-4 -0.9502239 0.274289 0.1477844 0.6514292 -0.6538671 0.3848349 0.9154026 -0.2846384 0.2846385 0.710988 -0.3344948 0.6185542 0.9107714 -0.3870824 0.1437454 0.9092004 -0.4163587 -6.23528e-7 0.6514245 0.3848165 -0.6538825 0.9154024 0.2846387 -0.2846388 0.6514294 0.6538668 -0.3848353 0.9999437 -0.006886065 -0.00806725 0.951825 -0.2703752 -0.14466 0.9982699 -0.05879384 8.01481e-4 0.9498859 -0.3125971 -2.04809e-4 0.9517043 -0.2708762 0.144517 -0.9154221 -0.2846072 0.2846071 -0.9117958 -0.1583328 0.3788921 -0.9154223 0.284607 -0.2846069 -0.9999437 -0.006886482 -0.008067548 -0.9517515 -0.144536 -0.2706997 -0.9980999 0.00207591 -0.06158179 -0.9496183 -6.85761e-5 -0.3134089 -0.9507871 0.1454977 -0.2735585 -0.9998217 0.01567912 -0.01053434 -0.9494729 0.2764245 -0.1486299 -0.9974904 0.07079249 -0.001148521 -0.9463046 0.3232765 1.26671e-4 -0.950224 0.2742887 0.1477846 0.9999437 -0.00688678 -0.008067488 0.951825 -0.2703753 -0.1446597 0.9982698 -0.05879408 8.01548e-4 0.9498703 -0.3126443 1.15375e-4 0.9517044 -0.2708762 0.1445162 0.9526231 -0.1423394 0.2687915 0.9985327 1.10537e-4 0.0541535 0.9521316 -5.2806e-5 0.3056884 0.999929 -0.009890317 0.006656706 0.9526231 -0.14234 0.268791 0.9985327 1.10745e-4 0.05415278 0.9521316 -5.28343e-5 0.3056883 0.999929 -0.009890735 0.00665605 -0.9154022 -0.2846389 -0.2846391 0.9062038 0 0.4228413 0.5498592 -4.22541e-6 0.8352574 0.9117957 -0.1583334 0.3788921 0.9062042 1.3673e-7 0.4228404 0.7109891 -0.3345058 0.6185471 0.9117954 -0.1583336 0.3788929 0.5498602 -4.97373e-6 0.8352567 0.7110082 0.3344615 0.618549 -1.3645e-7 -0.5000005 -0.8660252 -2.09918e-7 2.55347e-7 -1 0 -0.8660256 -0.4999999 -0.9092009 -0.4163579 -3.43149e-7 -0.9107716 -0.3870818 -0.1437461 -0.999875 0.01489281 0.005318164 4.66491e-7 0.8660249 -0.500001 3.01074e-7 1 -2.35704e-7 0.6514236 0.6538732 0.3848338 2.78471e-7 0.8660252 0.5000005 9.21076e-7 0.5000008 0.8660251 9.97248e-7 -2.74989e-7 1 9.61535e-7 -0.4999997 0.8660258 0.6514297 -0.6538764 0.3848181 0 -0.866025 0.5000009 0 -1 0 0.9154032 -0.2846375 0.2846375 0 -0.8660253 -0.5000003 0.911796 0.1583335 0.3788915 0.915423 0.2846058 0.2846056 0.9107716 0.387082 0.1437451 4.52213e-7 0.4999999 -0.8660256 0.9525244 0.1425203 0.2690451 0.999875 0.01489287 0.005318164 -1.61838e-7 2.35705e-7 -1 -1.85647e-7 -0.5000007 -0.8660252 0 1 0 3.3821e-7 0.8660253 0.5000004 5.73786e-7 0.5000008 0.866025 9.09667e-7 4.91051e-7 1 1.28284e-6 -0.5000001 0.8660254 -1.81934e-7 -0.8660252 0.5000005 -0.999875 0.01489275 0.00531727 -3.70274e-7 -1 3.43736e-7 0.9525246 0.14252 0.2690449 0.9998751 0.01489263 0.005317211 0 0.8660252 -0.5000004 1.95926e-7 0.4999998 -0.8660256</float_array>
          <technique_common>
            <accessor source="#polygon1-mesh-normals-array" count="240" stride="3">
              <param name="X" type="float"/>
              <param name="Y" type="float"/>
              <param name="Z" type="float"/>
            </accessor>
          </technique_common>
        </source>
        <source id="polygon1-mesh-map-0">
          <float_array id="polygon1-mesh-map-0-array" count="1728">-0.1740723 -0.532959 -0.6777344 -1.011963 -0.6777344 -0.532959 -0.1740723 -1.011963 -0.6777344 -1.011963 -0.1740723 -0.532959 0.3200684 -0.532959 -0.1740723 -1.011963 -0.1740723 -0.532959 0.3198242 -1.011963 -0.1740723 -1.011963 0.3200684 -0.532959 0.8146973 -0.532959 0.3198242 -1.011963 0.3200684 -0.532959 0.8146973 -1.011963 0.3198242 -1.011963 0.8146973 -0.532959 1.310059 -0.532959 0.8146973 -1.011963 0.8146973 -0.532959 1.309814 -1.011963 0.8146973 -1.011963 1.310059 -0.532959 1.805908 -0.532959 1.309814 -1.011963 1.310059 -0.532959 1.805908 -1.011963 1.309814 -1.011963 1.805908 -0.532959 2.303223 -0.532959 1.805908 -1.011963 1.805908 -0.532959 2.302979 -1.011963 1.805908 -1.011963 2.303223 -0.532959 2.801514 -0.532959 2.302979 -1.011963 2.303223 -0.532959 2.801514 -1.011963 2.302979 -1.011963 2.801514 -0.532959 3.302002 -0.532959 2.801514 -1.011963 2.801514 -0.532959 3.302002 -1.011963 2.801514 -1.011963 3.302002 -0.532959 3.804688 -0.532959 3.302002 -1.011963 3.302002 -0.532959 3.804688 -1.011963 3.302002 -1.011963 3.804688 -0.532959 4.307373 -0.532959 3.804688 -1.011963 3.804688 -0.532959 4.307373 -1.011963 3.804688 -1.011963 4.307373 -0.532959 4.809814 -0.532959 4.307373 -1.011963 4.307373 -0.532959 4.809814 -1.011963 4.307373 -1.011963 4.809814 -0.532959 5.312256 -0.532959 4.809814 -1.011963 4.809814 -0.532959 5.312256 -1.011963 4.809814 -1.011963 5.312256 -0.532959 -0.1740723 -0.532959 -0.6777344 -1.011963 -0.6777344 -0.532959 -0.1740723 -1.011963 -0.6777344 -1.011963 -0.1740723 -0.532959 0.3200684 -0.532959 -0.1740723 -1.011963 -0.1740723 -0.532959 0.3198242 -1.011963 -0.1740723 -1.011963 0.3200684 -0.532959 0.8146973 -0.532959 0.3198242 -1.011963 0.3200684 -0.532959 0.8146973 -1.011963 0.3198242 -1.011963 0.8146973 -0.532959 1.310059 -0.532959 0.8146973 -1.011963 0.8146973 -0.532959 1.309814 -1.011963 0.8146973 -1.011963 1.310059 -0.532959 1.805908 -0.532959 1.309814 -1.011963 1.310059 -0.532959 1.805908 -1.011963 1.309814 -1.011963 1.805908 -0.532959 2.303223 -0.532959 1.805908 -1.011963 1.805908 -0.532959 2.302979 -1.011963 1.805908 -1.011963 2.303223 -0.532959 2.801514 -0.532959 2.302979 -1.011963 2.303223 -0.532959 2.801514 -1.011963 2.302979 -1.011963 2.801514 -0.532959 3.302002 -0.532959 2.801514 -1.011963 2.801514 -0.532959 3.302002 -1.011963 2.801514 -1.011963 3.302002 -0.532959 3.804688 -0.532959 3.302002 -1.011963 3.302002 -0.532959 3.804688 -1.011963 3.302002 -1.011963 3.804688 -0.532959 4.307373 -0.532959 3.804688 -1.011963 3.804688 -0.532959 4.307373 -1.011963 3.804688 -1.011963 4.307373 -0.532959 4.809814 -0.532959 4.307373 -1.011963 4.307373 -0.532959 4.809814 -1.011963 4.307373 -1.011963 4.809814 -0.532959 5.312256 -0.532959 4.809814 -1.011963 4.809814 -0.532959 5.312256 -1.011963 4.809814 -1.011963 5.312256 -0.532959 0.4926758 0.5197754 0.4926758 0.5827637 0.3630371 0.598877 0.6220703 0.598877 0.4926758 0.5827637 0.4926758 0.5197754 0.7299805 0.552002 0.6220703 0.598877 0.4926758 0.5197754 0.7358398 0.637207 0.6220703 0.598877 0.7299805 0.552002 0.9038086 0.6401367 0.7358398 0.637207 0.7299805 0.552002 0.8117676 0.6950684 0.7358398 0.637207 0.9038086 0.6401367 0.9675293 0.7607422 0.8117676 0.6950684 0.9038086 0.6401367 0.848877 0.7607422 0.8117676 0.6950684 0.9675293 0.7607422 0.8117676 0.826416 0.848877 0.7607422 0.9675293 0.7607422 0.9675293 0.7607422 0.848877 0.7607422 0.8117676 0.826416 0.8117676 0.6950684 0.848877 0.7607422 0.9675293 0.7607422 0.9038086 0.6401367 0.8117676 0.6950684 0.9675293 0.7607422 0.7358398 0.637207 0.8117676 0.6950684 0.9038086 0.6401367 0.7299805 0.552002 0.7358398 0.637207 0.9038086 0.6401367 0.6220703 0.598877 0.7358398 0.637207 0.7299805 0.552002 0.4926758 0.5197754 0.6220703 0.598877 0.7299805 0.552002 0.4926758 0.5827637 0.6220703 0.598877 0.4926758 0.5197754 0.3630371 0.598877 0.4926758 0.5827637 0.4926758 0.5197754 0.7797852 0.7612305 0.9641113 0.7597656 0.9016113 0.6396484 0.9016113 0.880127 0.9641113 0.7597656 0.7797852 0.7612305 0.6977539 0.8647461 0.9016113 0.880127 0.7797852 0.7612305 0.730957 0.9680176 0.9016113 0.880127 0.6977539 0.8647461 0.4970703 0.9074707 0.730957 0.9680176 0.6977539 0.8647461 0.4975586 1.000244 0.730957 0.9680176 0.4970703 0.9074707 0.2644043 0.9680176 0.4975586 1.000244 0.4970703 0.9074707 0.08129882 0.8813477 0.173584 0.826416 0.1362305 0.7607422 0.2492676 0.8842773 0.173584 0.826416 0.08129882 0.8813477 0.255127 0.9694824 0.2492676 0.8842773 0.08129882 0.8813477 0.3630371 0.9228516 0.2492676 0.8842773 0.255127 0.9694824 0.4926758 1.001953 0.3630371 0.9228516 0.255127 0.9694824 0.4926758 0.9389648 0.3630371 0.9228516 0.4926758 1.001953 0.6220703 0.9228516 0.4926758 0.9389648 0.4926758 1.001953 0.7299805 0.9694824 0.6220703 0.9228516 0.4926758 1.001953 0.7358398 0.8842773 0.6220703 0.9228516 0.7299805 0.9694824 0.9038086 0.8813477 0.7358398 0.8842773 0.7299805 0.9694824 0.8117676 0.826416 0.7358398 0.8842773 0.9038086 0.8813477 0.9675293 0.7607422 0.8117676 0.826416 0.9038086 0.8813477 0.848877 0.7607422 0.8117676 0.826416 0.9675293 0.7607422 0.8117676 0.6950684 0.848877 0.7607422 0.9675293 0.7607422 0.7299805 0.552002 0.6220703 0.598877 0.4926758 0.5197754 0.7358398 0.637207 0.6220703 0.598877 0.7299805 0.552002 0.9038086 0.6401367 0.7358398 0.637207 0.7299805 0.552002 0.8117676 0.6950684 0.7358398 0.637207 0.9038086 0.6401367 0.9675293 0.7607422 0.8117676 0.6950684 0.9038086 0.6401367 0.848877 0.7607422 0.8117676 0.6950684 0.9675293 0.7607422 0.8117676 0.826416 0.848877 0.7607422 0.9675293 0.7607422 0.4973145 0.6149902 0.4975586 0.5195313 0.730957 0.5517578 0.2644043 0.5517578 0.4975586 0.5195313 0.4973145 0.6149902 0.2944336 0.6601563 0.2644043 0.5517578 0.4973145 0.6149902 0.09375 0.6396484 0.2644043 0.5517578 0.2944336 0.6601563 0.2104492 0.7612305 0.09375 0.6396484 0.2944336 0.6601563 0.03125 0.7597656 0.09375 0.6396484 0.2104492 0.7612305 0.09375 0.880127 0.03125 0.7597656 0.2104492 0.7612305 0.08129882 0.8813477 0.173584 0.826416 0.1362305 0.7607422 0.2492676 0.8842773 0.173584 0.826416 0.08129882 0.8813477 0.255127 0.9694824 0.2492676 0.8842773 0.08129882 0.8813477 0.3630371 0.9228516 0.2492676 0.8842773 0.255127 0.9694824 0.4926758 1.001953 0.3630371 0.9228516 0.255127 0.9694824 0.4926758 0.9389648 0.3630371 0.9228516 0.4926758 1.001953 0.6220703 0.9228516 0.4926758 0.9389648 0.4926758 1.001953 0.7797852 0.7612305 0.9641113 0.7597656 0.9016113 0.6396484 0.9016113 0.880127 0.9641113 0.7597656 0.7797852 0.7612305 0.6977539 0.8647461 0.9016113 0.880127 0.7797852 0.7612305 0.730957 0.9680176 0.9016113 0.880127 0.6977539 0.8647461 0.4970703 0.9074707 0.730957 0.9680176 0.6977539 0.8647461 0.4975586 1.000244 0.730957 0.9680176 0.4970703 0.9074707 0.2644043 0.9680176 0.4975586 1.000244 0.4970703 0.9074707 0.4973145 0.6149902 0.4975586 0.5195313 0.730957 0.5517578 0.2644043 0.5517578 0.4975586 0.5195313 0.4973145 0.6149902 0.2944336 0.6601563 0.2644043 0.5517578 0.4973145 0.6149902 0.09375 0.6396484 0.2644043 0.5517578 0.2944336 0.6601563 0.2104492 0.7612305 0.09375 0.6396484 0.2944336 0.6601563 0.03125 0.7597656 0.09375 0.6396484 0.2104492 0.7612305 0.09375 0.880127 0.03125 0.7597656 0.2104492 0.7612305 0.2492676 0.8842773 0.08129882 0.8813477 0.173584 0.826416 0.255127 0.9694824 0.08129882 0.8813477 0.2492676 0.8842773 0.3630371 0.9228516 0.255127 0.9694824 0.2492676 0.8842773 0.4926758 1.001953 0.255127 0.9694824 0.3630371 0.9228516 0.4926758 0.9389648 0.4926758 1.001953 0.3630371 0.9228516 0.6220703 0.9228516 0.4926758 1.001953 0.4926758 0.9389648 0.6220703 0.9228516 0.4926758 1.001953 0.4926758 0.9389648 0.7299805 0.9694824 0.4926758 1.001953 0.6220703 0.9228516 0.7358398 0.8842773 0.7299805 0.9694824 0.6220703 0.9228516 0.9038086 0.8813477 0.7299805 0.9694824 0.7358398 0.8842773 0.8117676 0.826416 0.9038086 0.8813477 0.7358398 0.8842773 0.9675293 0.7607422 0.9038086 0.8813477 0.8117676 0.826416 0.255127 0.552002 0.3630371 0.598877 0.4926758 0.5197754 0.2492676 0.637207 0.3630371 0.598877 0.255127 0.552002 0.08129882 0.6401367 0.2492676 0.637207 0.255127 0.552002 0.173584 0.6950684 0.2492676 0.637207 0.08129882 0.6401367 0.1362305 0.7607422 0.173584 0.6950684 0.08129882 0.6401367 0.2976074 0.8640137 0.2644043 0.9680176 0.4970703 0.9074707 0.09375 0.880127 0.2644043 0.9680176 0.2976074 0.8640137 0.2104492 0.7612305 0.09375 0.880127 0.2976074 0.8640137 0.03125 0.7597656 0.09375 0.880127 0.2104492 0.7612305 0.09375 0.6396484 0.03125 0.7597656 0.2104492 0.7612305 0.2944336 0.6601563 0.09375 0.6396484 0.2104492 0.7612305 0.2644043 0.5517578 0.09375 0.6396484 0.2944336 0.6601563 0.4973145 0.6149902 0.2644043 0.5517578 0.2944336 0.6601563 0.4975586 0.5195313 0.2644043 0.5517578 0.4973145 0.6149902 0.730957 0.5517578 0.4975586 0.5195313 0.4973145 0.6149902 0.255127 0.552002 0.2492676 0.637207 0.08129882 0.6401367 0.3630371 0.598877 0.2492676 0.637207 0.255127 0.552002 0.4926758 0.5197754 0.3630371 0.598877 0.255127 0.552002 0.4926758 0.5827637 0.3630371 0.598877 0.4926758 0.5197754 0.6220703 0.598877 0.4926758 0.5827637 0.4926758 0.5197754 0.9038086 0.8813477 0.8117676 0.826416 0.9675293 0.7607422 0.7358398 0.8842773 0.8117676 0.826416 0.9038086 0.8813477 0.7299805 0.9694824 0.7358398 0.8842773 0.9038086 0.8813477 0.6220703 0.9228516 0.7358398 0.8842773 0.7299805 0.9694824 0.4926758 1.001953 0.6220703 0.9228516 0.7299805 0.9694824 0.2976074 0.8640137 0.09375 0.880127 0.2104492 0.7612305 0.2644043 0.9680176 0.09375 0.880127 0.2976074 0.8640137 0.4970703 0.9074707 0.2644043 0.9680176 0.2976074 0.8640137 0.4975586 1.000244 0.2644043 0.9680176 0.4970703 0.9074707 0.730957 0.9680176 0.4975586 1.000244 0.4970703 0.9074707 0.255127 0.552002 0.3630371 0.598877 0.4926758 0.5197754 0.2492676 0.637207 0.3630371 0.598877 0.255127 0.552002 0.08129882 0.6401367 0.2492676 0.637207 0.255127 0.552002 0.173584 0.6950684 0.2492676 0.637207 0.08129882 0.6401367 0.1362305 0.7607422 0.173584 0.6950684 0.08129882 0.6401367 0.7299805 0.9694824 0.6220703 0.9228516 0.4926758 1.001953 0.7358398 0.8842773 0.6220703 0.9228516 0.7299805 0.9694824 0.9038086 0.8813477 0.7358398 0.8842773 0.7299805 0.9694824 0.8117676 0.826416 0.7358398 0.8842773 0.9038086 0.8813477 0.9675293 0.7607422 0.8117676 0.826416 0.9038086 0.8813477 0.2976074 0.8640137 0.2644043 0.9680176 0.4970703 0.9074707 0.09375 0.880127 0.2644043 0.9680176 0.2976074 0.8640137 0.2104492 0.7612305 0.09375 0.880127 0.2976074 0.8640137 0.03125 0.7597656 0.09375 0.880127 0.2104492 0.7612305 0.09375 0.6396484 0.03125 0.7597656 0.2104492 0.7612305 0.2944336 0.6601563 0.09375 0.6396484 0.2104492 0.7612305 0.2644043 0.5517578 0.09375 0.6396484 0.2944336 0.6601563 0.4973145 0.6149902 0.2644043 0.5517578 0.2944336 0.6601563 0.4975586 0.5195313 0.2644043 0.5517578 0.4973145 0.6149902 0.730957 0.5517578 0.4975586 0.5195313 0.4973145 0.6149902 0.2976074 0.8640137 0.09375 0.880127 0.2104492 0.7612305 0.2644043 0.9680176 0.09375 0.880127 0.2976074 0.8640137 0.4970703 0.9074707 0.2644043 0.9680176 0.2976074 0.8640137 0.4975586 1.000244 0.2644043 0.9680176 0.4970703 0.9074707 0.730957 0.9680176 0.4975586 1.000244 0.4970703 0.9074707 0.9016113 0.880127 0.7797852 0.7612305 0.9641113 0.7597656 0.6977539 0.8647461 0.7797852 0.7612305 0.9016113 0.880127 0.730957 0.9680176 0.6977539 0.8647461 0.9016113 0.880127 0.4970703 0.9074707 0.6977539 0.8647461 0.730957 0.9680176 0.9016113 0.880127 0.7797852 0.7612305 0.9641113 0.7597656 0.6977539 0.8647461 0.7797852 0.7612305 0.9016113 0.880127 0.730957 0.9680176 0.6977539 0.8647461 0.9016113 0.880127 0.4970703 0.9074707 0.6977539 0.8647461 0.730957 0.9680176 0.9038086 0.6401367 0.8117676 0.6950684 0.9675293 0.7607422 0.7358398 0.637207 0.8117676 0.6950684 0.9038086 0.6401367 0.7299805 0.552002 0.7358398 0.637207 0.9038086 0.6401367 0.08129882 0.6401367 0.1362305 0.7607422 0.01757812 0.7607422 0.173584 0.6950684 0.1362305 0.7607422 0.08129882 0.6401367 0.2492676 0.637207 0.173584 0.6950684 0.08129882 0.6401367 0.1362305 0.7607422 0.08129882 0.6401367 0.173584 0.6950684 0.01757812 0.7607422 0.08129882 0.6401367 0.1362305 0.7607422 0.08129882 0.8813477 0.01757812 0.7607422 0.1362305 0.7607422 3.804688 -0.532959 3.302002 -1.011963 3.804688 -1.011963 3.302002 -0.532959 3.302002 -1.011963 3.804688 -0.532959 3.302002 -0.532959 2.801514 -1.011963 3.302002 -1.011963 2.801514 -0.532959 2.801514 -1.011963 3.302002 -0.532959 0.4926758 0.5827637 0.4926758 0.5197754 0.3630371 0.598877 0.6220703 0.598877 0.4926758 0.5197754 0.4926758 0.5827637 0.01757812 0.7607422 0.1362305 0.7607422 0.08129882 0.6401367 0.08129882 0.8813477 0.1362305 0.7607422 0.01757812 0.7607422 0.9016113 0.6396484 0.6975098 0.661377 0.7797852 0.7612305 0.730957 0.5517578 0.6975098 0.661377 0.9016113 0.6396484 5.312256 -0.532959 4.809814 -1.011963 5.312256 -1.011963 4.809814 -0.532959 4.809814 -1.011963 5.312256 -0.532959 -0.6777344 -1.011963 -0.1740723 -0.532959 -0.6777344 -0.532959 -0.1740723 -1.011963 -0.1740723 -0.532959 -0.6777344 -1.011963 -0.1740723 -1.011963 0.3200684 -0.532959 -0.1740723 -0.532959 0.3198242 -1.011963 0.3200684 -0.532959 -0.1740723 -1.011963 0.08129882 0.8813477 0.1362305 0.7607422 0.173584 0.826416 0.01757812 0.7607422 0.1362305 0.7607422 0.08129882 0.8813477 0.3198242 -1.011963 0.8146973 -0.532959 0.3200684 -0.532959 0.8146973 -1.011963 0.8146973 -0.532959 0.3198242 -1.011963 0.8146973 -1.011963 1.310059 -0.532959 0.8146973 -0.532959 1.309814 -1.011963 1.310059 -0.532959 0.8146973 -1.011963 1.309814 -1.011963 1.805908 -0.532959 1.310059 -0.532959 1.805908 -1.011963 1.805908 -0.532959 1.309814 -1.011963 1.805908 -1.011963 2.303223 -0.532959 1.805908 -0.532959 2.302979 -1.011963 2.303223 -0.532959 1.805908 -1.011963 0.6220703 0.598877 0.7299805 0.552002 0.4926758 0.5197754 0.7358398 0.637207 0.7299805 0.552002 0.6220703 0.598877 0.3630371 0.598877 0.255127 0.552002 0.4926758 0.5197754 0.2492676 0.637207 0.255127 0.552002 0.3630371 0.598877 0.2492676 0.637207 0.08129882 0.6401367 0.255127 0.552002 0.173584 0.6950684 0.08129882 0.6401367 0.2492676 0.637207 2.302979 -1.011963 2.801514 -0.532959 2.303223 -0.532959 2.801514 -1.011963 2.801514 -0.532959 2.302979 -1.011963 0.173584 0.826416 0.08129882 0.8813477 0.1362305 0.7607422 0.2492676 0.8842773 0.08129882 0.8813477 0.173584 0.826416 0.2492676 0.8842773 0.255127 0.9694824 0.08129882 0.8813477 0.3630371 0.9228516 0.255127 0.9694824 0.2492676 0.8842773 0.3630371 0.9228516 0.4926758 1.001953 0.255127 0.9694824 0.4926758 0.9389648 0.4926758 1.001953 0.3630371 0.9228516 4.809814 -0.532959 4.307373 -1.011963 4.809814 -1.011963 4.307373 -0.532959 4.307373 -1.011963 4.809814 -0.532959 0.7797852 0.7612305 0.9016113 0.6396484 0.9641113 0.7597656 0.6975098 0.661377 0.9016113 0.6396484 0.7797852 0.7612305 0.6975098 0.661377 0.730957 0.5517578 0.9016113 0.6396484 0.4973145 0.6149902 0.730957 0.5517578 0.6975098 0.661377 4.307373 -0.532959 3.804688 -1.011963 4.307373 -1.011963 3.804688 -0.532959 3.804688 -1.011963 4.307373 -0.532959 3.804688 -0.532959 3.302002 -1.011963 3.804688 -1.011963 3.302002 -0.532959 3.302002 -1.011963 3.804688 -0.532959 3.302002 -0.532959 2.801514 -1.011963 3.302002 -1.011963 2.801514 -0.532959 2.801514 -1.011963 3.302002 -0.532959 -0.6777344 -1.011963 -0.1740723 -0.532959 -0.6777344 -0.532959 -0.1740723 -1.011963 -0.1740723 -0.532959 -0.6777344 -1.011963 -0.1740723 -1.011963 0.3200684 -0.532959 -0.1740723 -0.532959 0.3198242 -1.011963 0.3200684 -0.532959 -0.1740723 -1.011963 0.01757812 0.7607422 0.1362305 0.7607422 0.08129882 0.6401367 0.08129882 0.8813477 0.1362305 0.7607422 0.01757812 0.7607422 0.3198242 -1.011963 0.8146973 -0.532959 0.3200684 -0.532959 0.8146973 -1.011963 0.8146973 -0.532959 0.3198242 -1.011963 0.8146973 -1.011963 1.310059 -0.532959 0.8146973 -0.532959 1.309814 -1.011963 1.310059 -0.532959 0.8146973 -1.011963 1.309814 -1.011963 1.805908 -0.532959 1.310059 -0.532959 1.805908 -1.011963 1.805908 -0.532959 1.309814 -1.011963 0.9016113 0.6396484 0.6975098 0.661377 0.7797852 0.7612305 0.730957 0.5517578 0.6975098 0.661377 0.9016113 0.6396484 1.805908 -1.011963 2.303223 -0.532959 1.805908 -0.532959 2.302979 -1.011963 2.303223 -0.532959 1.805908 -1.011963 2.302979 -1.011963 2.801514 -0.532959 2.303223 -0.532959 2.801514 -1.011963 2.801514 -0.532959 2.302979 -1.011963 0.7797852 0.7612305 0.9016113 0.6396484 0.9641113 0.7597656 0.6975098 0.661377 0.9016113 0.6396484 0.7797852 0.7612305 0.6975098 0.661377 0.730957 0.5517578 0.9016113 0.6396484 0.4973145 0.6149902 0.730957 0.5517578 0.6975098 0.661377 5.312256 -0.532959 4.809814 -1.011963 5.312256 -1.011963 4.809814 -0.532959 4.809814 -1.011963 5.312256 -0.532959 4.809814 -0.532959 4.307373 -1.011963 4.809814 -1.011963 4.307373 -0.532959 4.307373 -1.011963 4.809814 -0.532959 4.307373 -0.532959 3.804688 -1.011963 4.307373 -1.011963 3.804688 -0.532959 3.804688 -1.011963 4.307373 -0.532959 0.730957 0.5517578 0.4973145 0.6149902 0.6975098 0.661377 0.730957 0.5517578 0.4973145 0.6149902 0.6975098 0.661377</float_array>
          <technique_common>
            <accessor source="#polygon1-mesh-map-0-array" count="864" stride="2">
              <param name="S" type="float"/>
              <param name="T" type="float"/>
            </accessor>
          </technique_common>
        </source>
        <source id="polygon1-mesh-colors-polygon1_Colors0" name="polygon1_Colors0">
          <float_array id="polygon1-mesh-colors-polygon1_Colors0-array" count="3456">0.6980392 0.6980392 0.6980392 1 0.6980392 0.6980392 0.6980392 1 0.6980392 0.6980392 0.6980392 1 0.6980392 0.6980392 0.6980392 1 0.6980392 0.6980392 0.6980392 1 0.6980392 0.6980392 0.6980392 1 0.6980392 0.6980392 0.6980392 1 0.6980392 0.6980392 0.6980392 1 0.6980392 0.6980392 0.6980392 1 0.6980392 0.6980392 0.6980392 1 0.6980392 0.6980392 0.6980392 1 0.6980392 0.6980392 0.6980392 1 0.6980392 0.6980392 0.6980392 1 0.6980392 0.6980392 0.6980392 1 0.6980392 0.6980392 0.6980392 1 0.6980392 0.6980392 0.6980392 1 0.6980392 0.6980392 0.6980392 1 0.6980392 0.6980392 0.6980392 1 0.6980392 0.6980392 0.6980392 1 0.6980392 0.6980392 0.6980392 1 0.6980392 0.6980392 0.6980392 1 0.6980392 0.6980392 0.6980392 1 0.6980392 0.6980392 0.6980392 1 0.6980392 0.6980392 0.6980392 1 0.6980392 0.6980392 0.6980392 1 0.6980392 0.6980392 0.6980392 1 0.6980392 0.6980392 0.6980392 1 0.6980392 0.6980392 0.6980392 1 0.6980392 0.6980392 0.6980392 1 0.6980392 0.6980392 0.6980392 1 0.6980392 0.6980392 0.6980392 1 0.6980392 0.6980392 0.6980392 1 0.6980392 0.6980392 0.6980392 1 0.6980392 0.6980392 0.6980392 1 0.6980392 0.6980392 0.6980392 1 0.6980392 0.6980392 0.6980392 1 0.6980392 0.6980392 0.6980392 1 0.6980392 0.6980392 0.6980392 1 0.6980392 0.6980392 0.6980392 1 0.6980392 0.6980392 0.6980392 1 0.6980392 0.6980392 0.6980392 1 0.6980392 0.6980392 0.6980392 1 0.6980392 0.6980392 0.6980392 1 0.6980392 0.6980392 0.6980392 1 0.6980392 0.6980392 0.6980392 1 0.6980392 0.6980392 0.6980392 1 0.6980392 0.6980392 0.6980392 1 0.6980392 0.6980392 0.6980392 1 0.6980392 0.6980392 0.6980392 1 0.6980392 0.6980392 0.6980392 1 0.6980392 0.6980392 0.6980392 1 0.6980392 0.6980392 0.6980392 1 0.6980392 0.6980392 0.6980392 1 0.6980392 0.6980392 0.6980392 1 0.6980392 0.6980392 0.6980392 1 0.6980392 0.6980392 0.6980392 1 0.6980392 0.6980392 0.6980392 1 0.6980392 0.6980392 0.6980392 1 0.6980392 0.6980392 0.6980392 1 0.6980392 0.6980392 0.6980392 1 0.6980392 0.6980392 0.6980392 1 0.6980392 0.6980392 0.6980392 1 0.6980392 0.6980392 0.6980392 1 0.6980392 0.6980392 0.6980392 1 0.6980392 0.6980392 0.6980392 1 0.6980392 0.6980392 0.6980392 1 0.6980392 0.6980392 0.6980392 1 0.6980392 0.6980392 0.6980392 1 0.6980392 0.6980392 0.6980392 1 0.6980392 0.6980392 0.6980392 1 0.6980392 0.6980392 0.6980392 1 0.6980392 0.6980392 0.6980392 1 0.6980392 0.6980392 0.6980392 1 0.6980392 0.6980392 0.6980392 1 0.6980392 0.6980392 0.6980392 1 0.6980392 0.6980392 0.6980392 1 0.6980392 0.6980392 0.6980392 1 0.6980392 0.6980392 0.6980392 1 0.6980392 0.6980392 0.6980392 1 0.6980392 0.6980392 0.6980392 1 0.6980392 0.6980392 0.6980392 1 0.6980392 0.6980392 0.6980392 1 0.6980392 0.6980392 0.6980392 1 0.6980392 0.6980392 0.6980392 1 0.6980392 0.6980392 0.6980392 1 0.6980392 0.6980392 0.6980392 1 0.6980392 0.6980392 0.6980392 1 0.6980392 0.6980392 0.6980392 1 0.6980392 0.6980392 0.6980392 1 0.6980392 0.6980392 0.6980392 1 0.6980392 0.6980392 0.6980392 1 0.6980392 0.6980392 0.6980392 1 0.6980392 0.6980392 0.6980392 1 0.6980392 0.6980392 0.6980392 1 0.6980392 0.6980392 0.6980392 1 0.6980392 0.6980392 0.6980392 1 0.6980392 0.6980392 0.6980392 1 0.6980392 0.6980392 0.6980392 1 0.6980392 0.6980392 0.6980392 1 0.6980392 0.6980392 0.6980392 1 0.6980392 0.6980392 0.6980392 1 0.6980392 0.6980392 0.6980392 1 0.6980392 0.6980392 0.6980392 1 0.6980392 0.6980392 0.6980392 1 0.6980392 0.6980392 0.6980392 1 0.6980392 0.6980392 0.6980392 1 0.6980392 0.6980392 0.6980392 1 0.6980392 0.6980392 0.6980392 1 0.6980392 0.6980392 0.6980392 1 0.6980392 0.6980392 0.6980392 1 0.6980392 0.6980392 0.6980392 1 0.6980392 0.6980392 0.6980392 1 0.6980392 0.6980392 0.6980392 1 0.6980392 0.6980392 0.6980392 1 0.6980392 0.6980392 0.6980392 1 0.6980392 0.6980392 0.6980392 1 0.6980392 0.6980392 0.6980392 1 0.6980392 0.6980392 0.6980392 1 0.6980392 0.6980392 0.6980392 1 0.6980392 0.6980392 0.6980392 1 0.6980392 0.6980392 0.6980392 1 0.6980392 0.6980392 0.6980392 1 0.6980392 0.6980392 0.6980392 1 0.6980392 0.6980392 0.6980392 1 0.6980392 0.6980392 0.6980392 1 0.6980392 0.6980392 0.6980392 1 0.6980392 0.6980392 0.6980392 1 0.6980392 0.6980392 0.6980392 1 0.6980392 0.6980392 0.6980392 1 0.6980392 0.6980392 0.6980392 1 0.6980392 0.6980392 0.6980392 1 0.6980392 0.6980392 0.6980392 1 0.6980392 0.6980392 0.6980392 1 0.6980392 0.6980392 0.6980392 1 0.6980392 0.6980392 0.6980392 1 0.6980392 0.6980392 0.6980392 1 0.6980392 0.6980392 0.6980392 1 0.6980392 0.6980392 0.6980392 1 0.6980392 0.6980392 0.6980392 1 0.6980392 0.6980392 0.6980392 1 0.6980392 0.6980392 0.6980392 1 0.6980392 0.6980392 0.6980392 1 0.6980392 0.6980392 0.6980392 1 0.6980392 0.6980392 0.6980392 1 0.6980392 0.6980392 0.6980392 1 0.6980392 0.6980392 0.6980392 1 0.6980392 0.6980392 0.6980392 1 0.6980392 0.6980392 0.6980392 1 0.6980392 0.6980392 0.6980392 1 0.6980392 0.6980392 0.6980392 1 0.6980392 0.6980392 0.6980392 1 0.6980392 0.6980392 0.6980392 1 0.6980392 0.6980392 0.6980392 1 0.6980392 0.6980392 0.6980392 1 0.6980392 0.6980392 0.6980392 1 0.6980392 0.6980392 0.6980392 1 0.6980392 0.6980392 0.6980392 1 0.6980392 0.6980392 0.6980392 1 0.6980392 0.6980392 0.6980392 1 0.6980392 0.6980392 0.6980392 1 0.6980392 0.6980392 0.6980392 1 0.6980392 0.6980392 0.6980392 1 0.6980392 0.6980392 0.6980392 1 0.6980392 0.6980392 0.6980392 1 0.6980392 0.6980392 0.6980392 1 0.6980392 0.6980392 0.6980392 1 0.6980392 0.6980392 0.6980392 1 0.6980392 0.6980392 0.6980392 1 0.6980392 0.6980392 0.6980392 1 0.6980392 0.6980392 0.6980392 1 0.6980392 0.6980392 0.6980392 1 0.6980392 0.6980392 0.6980392 1 0.6980392 0.6980392 0.6980392 1 0.6980392 0.6980392 0.6980392 1 0.6980392 0.6980392 0.6980392 1 0.6980392 0.6980392 0.6980392 1 0.6980392 0.6980392 0.6980392 1 0.6980392 0.6980392 0.6980392 1 0.6980392 0.6980392 0.6980392 1 0.6980392 0.6980392 0.6980392 1 0.6980392 0.6980392 0.6980392 1 0.6980392 0.6980392 0.6980392 1 0.6980392 0.6980392 0.6980392 1 0.6980392 0.6980392 0.6980392 1 0.6980392 0.6980392 0.6980392 1 0.6980392 0.6980392 0.6980392 1 0.6980392 0.6980392 0.6980392 1 0.6980392 0.6980392 0.6980392 1 0.6980392 0.6980392 0.6980392 1 0.6980392 0.6980392 0.6980392 1 0.6980392 0.6980392 0.6980392 1 0.6980392 0.6980392 0.6980392 1 0.6980392 0.6980392 0.6980392 1 0.6980392 0.6980392 0.6980392 1 0.6980392 0.6980392 0.6980392 1 0.6980392 0.6980392 0.6980392 1 0.6980392 0.6980392 0.6980392 1 0.6980392 0.6980392 0.6980392 1 0.4980392 0.4980392 0.4980392 1 0.6980392 0.6980392 0.6980392 1 0.6980392 0.6980392 0.6980392 1 0.6980392 0.6980392 0.6980392 1 0.6980392 0.6980392 0.6980392 1 0.4980392 0.4980392 0.4980392 1 0.4980392 0.4980392 0.4980392 1 0.6980392 0.6980392 0.6980392 1 0.4980392 0.4980392 0.4980392 1 0.6980392 0.6980392 0.6980392 1 0.6980392 0.6980392 0.6980392 1 0.4980392 0.4980392 0.4980392 1 0.4980392 0.4980392 0.4980392 1 0.6980392 0.6980392 0.6980392 1 0.4980392 0.4980392 0.4980392 1 0.6980392 0.6980392 0.6980392 1 0.6980392 0.6980392 0.6980392 1 0.4980392 0.4980392 0.4980392 1 0.6980392 0.6980392 0.6980392 1 0.6980392 0.6980392 0.6980392 1 0.4980392 0.4980392 0.4980392 1 0.6980392 0.6980392 0.6980392 1 0.6980392 0.6980392 0.6980392 1 0.6980392 0.6980392 0.6980392 1 0.6980392 0.6980392 0.6980392 1 0.6980392 0.6980392 0.6980392 1 0.6980392 0.6980392 0.6980392 1 0.6980392 0.6980392 0.6980392 1 0.6980392 0.6980392 0.6980392 1 0.6980392 0.6980392 0.6980392 1 0.6980392 0.6980392 0.6980392 1 0.6980392 0.6980392 0.6980392 1 0.6980392 0.6980392 0.6980392 1 0.6980392 0.6980392 0.6980392 1 0.6980392 0.6980392 0.6980392 1 0.6980392 0.6980392 0.6980392 1 0.6980392 0.6980392 0.6980392 1 0.6980392 0.6980392 0.6980392 1 0.6980392 0.6980392 0.6980392 1 0.6980392 0.6980392 0.6980392 1 0.6980392 0.6980392 0.6980392 1 0.6980392 0.6980392 0.6980392 1 0.6980392 0.6980392 0.6980392 1 0.6980392 0.6980392 0.6980392 1 0.6980392 0.6980392 0.6980392 1 0.6980392 0.6980392 0.6980392 1 0.6980392 0.6980392 0.6980392 1 0.6980392 0.6980392 0.6980392 1 0.6980392 0.6980392 0.6980392 1 0.6980392 0.6980392 0.6980392 1 0.6980392 0.6980392 0.6980392 1 0.6980392 0.6980392 0.6980392 1 0.6980392 0.6980392 0.6980392 1 0.6980392 0.6980392 0.6980392 1 0.6980392 0.6980392 0.6980392 1 0.6980392 0.6980392 0.6980392 1 0.6980392 0.6980392 0.6980392 1 0.6980392 0.6980392 0.6980392 1 0.6980392 0.6980392 0.6980392 1 0.6980392 0.6980392 0.6980392 1 0.6980392 0.6980392 0.6980392 1 0.6980392 0.6980392 0.6980392 1 0.6980392 0.6980392 0.6980392 1 0.6980392 0.6980392 0.6980392 1 0.6980392 0.6980392 0.6980392 1 0.6980392 0.6980392 0.6980392 1 0.6980392 0.6980392 0.6980392 1 0.6980392 0.6980392 0.6980392 1 0.6980392 0.6980392 0.6980392 1 0.6980392 0.6980392 0.6980392 1 0.6980392 0.6980392 0.6980392 1 0.6980392 0.6980392 0.6980392 1 0.6980392 0.6980392 0.6980392 1 0.6980392 0.6980392 0.6980392 1 0.6980392 0.6980392 0.6980392 1 0.6980392 0.6980392 0.6980392 1 0.6980392 0.6980392 0.6980392 1 0.6980392 0.6980392 0.6980392 1 0.6980392 0.6980392 0.6980392 1 0.6980392 0.6980392 0.6980392 1 0.6980392 0.6980392 0.6980392 1 0.6980392 0.6980392 0.6980392 1 0.6980392 0.6980392 0.6980392 1 0.6980392 0.6980392 0.6980392 1 0.4980392 0.4980392 0.4980392 1 0.6980392 0.6980392 0.6980392 1 0.6980392 0.6980392 0.6980392 1 0.6980392 0.6980392 0.6980392 1 0.6980392 0.6980392 0.6980392 1 0.4980392 0.4980392 0.4980392 1 0.4980392 0.4980392 0.4980392 1 0.6980392 0.6980392 0.6980392 1 0.4980392 0.4980392 0.4980392 1 0.6980392 0.6980392 0.6980392 1 0.6980392 0.6980392 0.6980392 1 0.4980392 0.4980392 0.4980392 1 0.4980392 0.4980392 0.4980392 1 0.6980392 0.6980392 0.6980392 1 0.4980392 0.4980392 0.4980392 1 0.6980392 0.6980392 0.6980392 1 0.6980392 0.6980392 0.6980392 1 0.4980392 0.4980392 0.4980392 1 0.6980392 0.6980392 0.6980392 1 0.6980392 0.6980392 0.6980392 1 0.4980392 0.4980392 0.4980392 1 0.6980392 0.6980392 0.6980392 1 0.6980392 0.6980392 0.6980392 1 0.6980392 0.6980392 0.6980392 1 0.6980392 0.6980392 0.6980392 1 0.6980392 0.6980392 0.6980392 1 0.6980392 0.6980392 0.6980392 1 0.6980392 0.6980392 0.6980392 1 0.6980392 0.6980392 0.6980392 1 0.6980392 0.6980392 0.6980392 1 0.6980392 0.6980392 0.6980392 1 0.6980392 0.6980392 0.6980392 1 0.6980392 0.6980392 0.6980392 1 0.6980392 0.6980392 0.6980392 1 0.6980392 0.6980392 0.6980392 1 0.6980392 0.6980392 0.6980392 1 0.6980392 0.6980392 0.6980392 1 0.6980392 0.6980392 0.6980392 1 0.6980392 0.6980392 0.6980392 1 0.6980392 0.6980392 0.6980392 1 0.6980392 0.6980392 0.6980392 1 0.6980392 0.6980392 0.6980392 1 0.4980392 0.4980392 0.4980392 1 0.6980392 0.6980392 0.6980392 1 0.6980392 0.6980392 0.6980392 1 0.6980392 0.6980392 0.6980392 1 0.6980392 0.6980392 0.6980392 1 0.4980392 0.4980392 0.4980392 1 0.4980392 0.4980392 0.4980392 1 0.6980392 0.6980392 0.6980392 1 0.4980392 0.4980392 0.4980392 1 0.6980392 0.6980392 0.6980392 1 0.6980392 0.6980392 0.6980392 1 0.4980392 0.4980392 0.4980392 1 0.4980392 0.4980392 0.4980392 1 0.6980392 0.6980392 0.6980392 1 0.4980392 0.4980392 0.4980392 1 0.6980392 0.6980392 0.6980392 1 0.6980392 0.6980392 0.6980392 1 0.4980392 0.4980392 0.4980392 1 0.6980392 0.6980392 0.6980392 1 0.6980392 0.6980392 0.6980392 1 0.4980392 0.4980392 0.4980392 1 0.4980392 0.4980392 0.4980392 1 0.6980392 0.6980392 0.6980392 1 0.6980392 0.6980392 0.6980392 1 0.6980392 0.6980392 0.6980392 1 0.6980392 0.6980392 0.6980392 1 0.4980392 0.4980392 0.4980392 1 0.4980392 0.4980392 0.4980392 1 0.6980392 0.6980392 0.6980392 1 0.4980392 0.4980392 0.4980392 1 0.6980392 0.6980392 0.6980392 1 0.6980392 0.6980392 0.6980392 1 0.4980392 0.4980392 0.4980392 1 0.4980392 0.4980392 0.4980392 1 0.6980392 0.6980392 0.6980392 1 0.4980392 0.4980392 0.4980392 1 0.6980392 0.6980392 0.6980392 1 0.6980392 0.6980392 0.6980392 1 0.4980392 0.4980392 0.4980392 1 0.6980392 0.6980392 0.6980392 1 0.6980392 0.6980392 0.6980392 1 0.4980392 0.4980392 0.4980392 1 0.6980392 0.6980392 0.6980392 1 0.6980392 0.6980392 0.6980392 1 0.6980392 0.6980392 0.6980392 1 0.6980392 0.6980392 0.6980392 1 0.6980392 0.6980392 0.6980392 1 0.6980392 0.6980392 0.6980392 1 0.6980392 0.6980392 0.6980392 1 0.6980392 0.6980392 0.6980392 1 0.6980392 0.6980392 0.6980392 1 0.6980392 0.6980392 0.6980392 1 0.6980392 0.6980392 0.6980392 1 0.6980392 0.6980392 0.6980392 1 0.6980392 0.6980392 0.6980392 1 0.6980392 0.6980392 0.6980392 1 0.6980392 0.6980392 0.6980392 1 0.6980392 0.6980392 0.6980392 1 0.6980392 0.6980392 0.6980392 1 0.6980392 0.6980392 0.6980392 1 0.6980392 0.6980392 0.6980392 1 0.6980392 0.6980392 0.6980392 1 0.6980392 0.6980392 0.6980392 1 0.6980392 0.6980392 0.6980392 1 0.6980392 0.6980392 0.6980392 1 0.6980392 0.6980392 0.6980392 1 0.6980392 0.6980392 0.6980392 1 0.6980392 0.6980392 0.6980392 1 0.6980392 0.6980392 0.6980392 1 0.6980392 0.6980392 0.6980392 1 0.6980392 0.6980392 0.6980392 1 0.6980392 0.6980392 0.6980392 1 0.6980392 0.6980392 0.6980392 1 0.6980392 0.6980392 0.6980392 1 0.6980392 0.6980392 0.6980392 1 0.6980392 0.6980392 0.6980392 1 0.6980392 0.6980392 0.6980392 1 0.6980392 0.6980392 0.6980392 1 0.6980392 0.6980392 0.6980392 1 0.6980392 0.6980392 0.6980392 1 0.6980392 0.6980392 0.6980392 1 0.6980392 0.6980392 0.6980392 1 0.6980392 0.6980392 0.6980392 1 0.6980392 0.6980392 0.6980392 1 0.6980392 0.6980392 0.6980392 1 0.6980392 0.6980392 0.6980392 1 0.6980392 0.6980392 0.6980392 1 0.6980392 0.6980392 0.6980392 1 0.6980392 0.6980392 0.6980392 1 0.6980392 0.6980392 0.6980392 1 0.6980392 0.6980392 0.6980392 1 0.6980392 0.6980392 0.6980392 1 0.6980392 0.6980392 0.6980392 1 0.4980392 0.4980392 0.4980392 1 0.6980392 0.6980392 0.6980392 1 0.4980392 0.4980392 0.4980392 1 0.6980392 0.6980392 0.6980392 1 0.6980392 0.6980392 0.6980392 1 0.4980392 0.4980392 0.4980392 1 0.4980392 0.4980392 0.4980392 1 0.6980392 0.6980392 0.6980392 1 0.4980392 0.4980392 0.4980392 1 0.6980392 0.6980392 0.6980392 1 0.6980392 0.6980392 0.6980392 1 0.4980392 0.4980392 0.4980392 1 0.6980392 0.6980392 0.6980392 1 0.6980392 0.6980392 0.6980392 1 0.4980392 0.4980392 0.4980392 1 0.4980392 0.4980392 0.4980392 1 0.6980392 0.6980392 0.6980392 1 0.4980392 0.4980392 0.4980392 1 0.6980392 0.6980392 0.6980392 1 0.6980392 0.6980392 0.6980392 1 0.4980392 0.4980392 0.4980392 1 0.4980392 0.4980392 0.4980392 1 0.6980392 0.6980392 0.6980392 1 0.4980392 0.4980392 0.4980392 1 0.6980392 0.6980392 0.6980392 1 0.6980392 0.6980392 0.6980392 1 0.4980392 0.4980392 0.4980392 1 0.6980392 0.6980392 0.6980392 1 0.6980392 0.6980392 0.6980392 1 0.4980392 0.4980392 0.4980392 1 0.6980392 0.6980392 0.6980392 1 0.6980392 0.6980392 0.6980392 1 0.6980392 0.6980392 0.6980392 1 0.6980392 0.6980392 0.6980392 1 0.6980392 0.6980392 0.6980392 1 0.6980392 0.6980392 0.6980392 1 0.6980392 0.6980392 0.6980392 1 0.6980392 0.6980392 0.6980392 1 0.6980392 0.6980392 0.6980392 1 0.6980392 0.6980392 0.6980392 1 0.6980392 0.6980392 0.6980392 1 0.6980392 0.6980392 0.6980392 1 0.6980392 0.6980392 0.6980392 1 0.6980392 0.6980392 0.6980392 1 0.6980392 0.6980392 0.6980392 1 0.6980392 0.6980392 0.6980392 1 0.6980392 0.6980392 0.6980392 1 0.6980392 0.6980392 0.6980392 1 0.6980392 0.6980392 0.6980392 1 0.6980392 0.6980392 0.6980392 1 0.6980392 0.6980392 0.6980392 1 0.6980392 0.6980392 0.6980392 1 0.6980392 0.6980392 0.6980392 1 0.6980392 0.6980392 0.6980392 1 0.6980392 0.6980392 0.6980392 1 0.6980392 0.6980392 0.6980392 1 0.6980392 0.6980392 0.6980392 1 0.6980392 0.6980392 0.6980392 1 0.6980392 0.6980392 0.6980392 1 0.6980392 0.6980392 0.6980392 1 0.4980392 0.4980392 0.4980392 1 0.6980392 0.6980392 0.6980392 1 0.4980392 0.4980392 0.4980392 1 0.6980392 0.6980392 0.6980392 1 0.6980392 0.6980392 0.6980392 1 0.4980392 0.4980392 0.4980392 1 0.4980392 0.4980392 0.4980392 1 0.6980392 0.6980392 0.6980392 1 0.4980392 0.4980392 0.4980392 1 0.6980392 0.6980392 0.6980392 1 0.6980392 0.6980392 0.6980392 1 0.4980392 0.4980392 0.4980392 1 0.6980392 0.6980392 0.6980392 1 0.6980392 0.6980392 0.6980392 1 0.4980392 0.4980392 0.4980392 1 0.6980392 0.6980392 0.6980392 1 0.6980392 0.6980392 0.6980392 1 0.6980392 0.6980392 0.6980392 1 0.6980392 0.6980392 0.6980392 1 0.6980392 0.6980392 0.6980392 1 0.6980392 0.6980392 0.6980392 1 0.6980392 0.6980392 0.6980392 1 0.6980392 0.6980392 0.6980392 1 0.6980392 0.6980392 0.6980392 1 0.6980392 0.6980392 0.6980392 1 0.6980392 0.6980392 0.6980392 1 0.6980392 0.6980392 0.6980392 1 0.6980392 0.6980392 0.6980392 1 0.6980392 0.6980392 0.6980392 1 0.6980392 0.6980392 0.6980392 1 0.6980392 0.6980392 0.6980392 1 0.6980392 0.6980392 0.6980392 1 0.6980392 0.6980392 0.6980392 1 0.6980392 0.6980392 0.6980392 1 0.6980392 0.6980392 0.6980392 1 0.6980392 0.6980392 0.6980392 1 0.6980392 0.6980392 0.6980392 1 0.6980392 0.6980392 0.6980392 1 0.6980392 0.6980392 0.6980392 1 0.6980392 0.6980392 0.6980392 1 0.6980392 0.6980392 0.6980392 1 0.6980392 0.6980392 0.6980392 1 0.6980392 0.6980392 0.6980392 1 0.6980392 0.6980392 0.6980392 1 0.6980392 0.6980392 0.6980392 1 0.4980392 0.4980392 0.4980392 1 0.6980392 0.6980392 0.6980392 1 0.4980392 0.4980392 0.4980392 1 0.6980392 0.6980392 0.6980392 1 0.6980392 0.6980392 0.6980392 1 0.4980392 0.4980392 0.4980392 1 0.4980392 0.4980392 0.4980392 1 0.6980392 0.6980392 0.6980392 1 0.4980392 0.4980392 0.4980392 1 0.6980392 0.6980392 0.6980392 1 0.6980392 0.6980392 0.6980392 1 0.4980392 0.4980392 0.4980392 1 0.6980392 0.6980392 0.6980392 1 0.6980392 0.6980392 0.6980392 1 0.4980392 0.4980392 0.4980392 1 0.4980392 0.4980392 0.4980392 1 0.6980392 0.6980392 0.6980392 1 0.4980392 0.4980392 0.4980392 1 0.6980392 0.6980392 0.6980392 1 0.6980392 0.6980392 0.6980392 1 0.4980392 0.4980392 0.4980392 1 0.4980392 0.4980392 0.4980392 1 0.6980392 0.6980392 0.6980392 1 0.4980392 0.4980392 0.4980392 1 0.6980392 0.6980392 0.6980392 1 0.6980392 0.6980392 0.6980392 1 0.4980392 0.4980392 0.4980392 1 0.6980392 0.6980392 0.6980392 1 0.6980392 0.6980392 0.6980392 1 0.4980392 0.4980392 0.4980392 1 0.4980392 0.4980392 0.4980392 1 0.6980392 0.6980392 0.6980392 1 0.4980392 0.4980392 0.4980392 1 0.6980392 0.6980392 0.6980392 1 0.6980392 0.6980392 0.6980392 1 0.4980392 0.4980392 0.4980392 1 0.4980392 0.4980392 0.4980392 1 0.6980392 0.6980392 0.6980392 1 0.4980392 0.4980392 0.4980392 1 0.6980392 0.6980392 0.6980392 1 0.6980392 0.6980392 0.6980392 1 0.4980392 0.4980392 0.4980392 1 0.6980392 0.6980392 0.6980392 1 0.6980392 0.6980392 0.6980392 1 0.4980392 0.4980392 0.4980392 1 0.6980392 0.6980392 0.6980392 1 0.4980392 0.4980392 0.4980392 1 0.6980392 0.6980392 0.6980392 1 0.4980392 0.4980392 0.4980392 1 0.4980392 0.4980392 0.4980392 1 0.6980392 0.6980392 0.6980392 1 0.6980392 0.6980392 0.6980392 1 0.4980392 0.4980392 0.4980392 1 0.6980392 0.6980392 0.6980392 1 0.4980392 0.4980392 0.4980392 1 0.4980392 0.4980392 0.4980392 1 0.6980392 0.6980392 0.6980392 1 0.6980392 0.6980392 0.6980392 1 0.4980392 0.4980392 0.4980392 1 0.6980392 0.6980392 0.6980392 1 0.4980392 0.4980392 0.4980392 1 0.4980392 0.4980392 0.4980392 1 0.6980392 0.6980392 0.6980392 1 0.6980392 0.6980392 0.6980392 1 0.4980392 0.4980392 0.4980392 1 0.6980392 0.6980392 0.6980392 1 0.4980392 0.4980392 0.4980392 1 0.4980392 0.4980392 0.4980392 1 0.6980392 0.6980392 0.6980392 1 0.6980392 0.6980392 0.6980392 1 0.6980392 0.6980392 0.6980392 1 0.6980392 0.6980392 0.6980392 1 0.6980392 0.6980392 0.6980392 1 0.6980392 0.6980392 0.6980392 1 0.6980392 0.6980392 0.6980392 1 0.6980392 0.6980392 0.6980392 1 0.6980392 0.6980392 0.6980392 1 0.6980392 0.6980392 0.6980392 1 0.6980392 0.6980392 0.6980392 1 0.6980392 0.6980392 0.6980392 1 0.6980392 0.6980392 0.6980392 1 0.6980392 0.6980392 0.6980392 1 0.6980392 0.6980392 0.6980392 1 0.6980392 0.6980392 0.6980392 1 0.6980392 0.6980392 0.6980392 1 0.6980392 0.6980392 0.6980392 1 0.6980392 0.6980392 0.6980392 1 0.6980392 0.6980392 0.6980392 1 0.6980392 0.6980392 0.6980392 1 0.6980392 0.6980392 0.6980392 1 0.6980392 0.6980392 0.6980392 1 0.6980392 0.6980392 0.6980392 1 0.6980392 0.6980392 0.6980392 1 0.6980392 0.6980392 0.6980392 1 0.6980392 0.6980392 0.6980392 1 0.6980392 0.6980392 0.6980392 1 0.6980392 0.6980392 0.6980392 1 0.6980392 0.6980392 0.6980392 1 0.6980392 0.6980392 0.6980392 1 0.6980392 0.6980392 0.6980392 1 0.6980392 0.6980392 0.6980392 1 0.6980392 0.6980392 0.6980392 1 0.6980392 0.6980392 0.6980392 1 0.6980392 0.6980392 0.6980392 1 0.6980392 0.6980392 0.6980392 1 0.6980392 0.6980392 0.6980392 1 0.6980392 0.6980392 0.6980392 1 0.6980392 0.6980392 0.6980392 1 0.6980392 0.6980392 0.6980392 1 0.6980392 0.6980392 0.6980392 1 0.6980392 0.6980392 0.6980392 1 0.6980392 0.6980392 0.6980392 1 0.6980392 0.6980392 0.6980392 1 0.6980392 0.6980392 0.6980392 1 0.6980392 0.6980392 0.6980392 1 0.6980392 0.6980392 0.6980392 1 0.6980392 0.6980392 0.6980392 1 0.6980392 0.6980392 0.6980392 1 0.6980392 0.6980392 0.6980392 1 0.6980392 0.6980392 0.6980392 1 0.6980392 0.6980392 0.6980392 1 0.4980392 0.4980392 0.4980392 1 0.4980392 0.4980392 0.4980392 1 0.6980392 0.6980392 0.6980392 1 0.4980392 0.4980392 0.4980392 1 0.6980392 0.6980392 0.6980392 1 0.6980392 0.6980392 0.6980392 1 0.6980392 0.6980392 0.6980392 1 0.6980392 0.6980392 0.6980392 1 0.6980392 0.6980392 0.6980392 1 0.6980392 0.6980392 0.6980392 1 0.6980392 0.6980392 0.6980392 1 0.6980392 0.6980392 0.6980392 1 0.6980392 0.6980392 0.6980392 1 0.6980392 0.6980392 0.6980392 1 0.6980392 0.6980392 0.6980392 1 0.6980392 0.6980392 0.6980392 1 0.6980392 0.6980392 0.6980392 1 0.6980392 0.6980392 0.6980392 1 0.6980392 0.6980392 0.6980392 1 0.6980392 0.6980392 0.6980392 1 0.6980392 0.6980392 0.6980392 1 0.6980392 0.6980392 0.6980392 1 0.6980392 0.6980392 0.6980392 1 0.6980392 0.6980392 0.6980392 1 0.6980392 0.6980392 0.6980392 1 0.6980392 0.6980392 0.6980392 1 0.6980392 0.6980392 0.6980392 1 0.6980392 0.6980392 0.6980392 1 0.6980392 0.6980392 0.6980392 1 0.6980392 0.6980392 0.6980392 1 0.6980392 0.6980392 0.6980392 1 0.6980392 0.6980392 0.6980392 1 0.6980392 0.6980392 0.6980392 1 0.6980392 0.6980392 0.6980392 1 0.6980392 0.6980392 0.6980392 1 0.6980392 0.6980392 0.6980392 1 0.6980392 0.6980392 0.6980392 1 0.6980392 0.6980392 0.6980392 1 0.6980392 0.6980392 0.6980392 1 0.6980392 0.6980392 0.6980392 1 0.6980392 0.6980392 0.6980392 1 0.6980392 0.6980392 0.6980392 1 0.6980392 0.6980392 0.6980392 1 0.6980392 0.6980392 0.6980392 1 0.6980392 0.6980392 0.6980392 1 0.6980392 0.6980392 0.6980392 1 0.6980392 0.6980392 0.6980392 1 0.6980392 0.6980392 0.6980392 1 0.6980392 0.6980392 0.6980392 1 0.6980392 0.6980392 0.6980392 1 0.6980392 0.6980392 0.6980392 1 0.6980392 0.6980392 0.6980392 1 0.6980392 0.6980392 0.6980392 1 0.6980392 0.6980392 0.6980392 1 0.6980392 0.6980392 0.6980392 1 0.6980392 0.6980392 0.6980392 1 0.6980392 0.6980392 0.6980392 1 0.6980392 0.6980392 0.6980392 1 0.6980392 0.6980392 0.6980392 1 0.6980392 0.6980392 0.6980392 1 0.6980392 0.6980392 0.6980392 1 0.6980392 0.6980392 0.6980392 1 0.6980392 0.6980392 0.6980392 1 0.6980392 0.6980392 0.6980392 1 0.6980392 0.6980392 0.6980392 1 0.6980392 0.6980392 0.6980392 1 0.6980392 0.6980392 0.6980392 1 0.6980392 0.6980392 0.6980392 1 0.6980392 0.6980392 0.6980392 1 0.6980392 0.6980392 0.6980392 1 0.6980392 0.6980392 0.6980392 1 0.6980392 0.6980392 0.6980392 1 0.6980392 0.6980392 0.6980392 1 0.6980392 0.6980392 0.6980392 1 0.6980392 0.6980392 0.6980392 1 0.6980392 0.6980392 0.6980392 1 0.6980392 0.6980392 0.6980392 1 0.6980392 0.6980392 0.6980392 1 0.6980392 0.6980392 0.6980392 1 0.6980392 0.6980392 0.6980392 1 0.6980392 0.6980392 0.6980392 1 0.6980392 0.6980392 0.6980392 1 0.6980392 0.6980392 0.6980392 1 0.6980392 0.6980392 0.6980392 1 0.6980392 0.6980392 0.6980392 1 0.6980392 0.6980392 0.6980392 1 0.6980392 0.6980392 0.6980392 1 0.6980392 0.6980392 0.6980392 1 0.6980392 0.6980392 0.6980392 1 0.6980392 0.6980392 0.6980392 1 0.6980392 0.6980392 0.6980392 1 0.6980392 0.6980392 0.6980392 1 0.6980392 0.6980392 0.6980392 1 0.6980392 0.6980392 0.6980392 1 0.6980392 0.6980392 0.6980392 1 0.6980392 0.6980392 0.6980392 1 0.6980392 0.6980392 0.6980392 1 0.6980392 0.6980392 0.6980392 1 0.6980392 0.6980392 0.6980392 1 0.6980392 0.6980392 0.6980392 1 0.6980392 0.6980392 0.6980392 1 0.4980392 0.4980392 0.4980392 1 0.6980392 0.6980392 0.6980392 1 0.6980392 0.6980392 0.6980392 1 0.4980392 0.4980392 0.4980392 1 0.6980392 0.6980392 0.6980392 1 0.4980392 0.4980392 0.4980392 1 0.4980392 0.4980392 0.4980392 1 0.6980392 0.6980392 0.6980392 1 0.6980392 0.6980392 0.6980392 1 0.4980392 0.4980392 0.4980392 1 0.6980392 0.6980392 0.6980392 1 0.4980392 0.4980392 0.4980392 1 0.6980392 0.6980392 0.6980392 1 0.6980392 0.6980392 0.6980392 1 0.6980392 0.6980392 0.6980392 1 0.6980392 0.6980392 0.6980392 1 0.6980392 0.6980392 0.6980392 1 0.6980392 0.6980392 0.6980392 1 0.6980392 0.6980392 0.6980392 1 0.6980392 0.6980392 0.6980392 1 0.6980392 0.6980392 0.6980392 1 0.6980392 0.6980392 0.6980392 1 0.6980392 0.6980392 0.6980392 1 0.6980392 0.6980392 0.6980392 1 0.6980392 0.6980392 0.6980392 1 0.6980392 0.6980392 0.6980392 1 0.6980392 0.6980392 0.6980392 1 0.6980392 0.6980392 0.6980392 1 0.6980392 0.6980392 0.6980392 1 0.6980392 0.6980392 0.6980392 1 0.6980392 0.6980392 0.6980392 1 0.6980392 0.6980392 0.6980392 1 0.6980392 0.6980392 0.6980392 1 0.6980392 0.6980392 0.6980392 1 0.6980392 0.6980392 0.6980392 1 0.6980392 0.6980392 0.6980392 1 0.6980392 0.6980392 0.6980392 1 0.6980392 0.6980392 0.6980392 1 0.6980392 0.6980392 0.6980392 1 0.6980392 0.6980392 0.6980392 1 0.6980392 0.6980392 0.6980392 1 0.6980392 0.6980392 0.6980392 1 0.6980392 0.6980392 0.6980392 1 0.6980392 0.6980392 0.6980392 1 0.6980392 0.6980392 0.6980392 1 0.6980392 0.6980392 0.6980392 1 0.6980392 0.6980392 0.6980392 1 0.6980392 0.6980392 0.6980392 1 0.6980392 0.6980392 0.6980392 1 0.6980392 0.6980392 0.6980392 1 0.6980392 0.6980392 0.6980392 1 0.6980392 0.6980392 0.6980392 1 0.6980392 0.6980392 0.6980392 1 0.6980392 0.6980392 0.6980392 1 0.6980392 0.6980392 0.6980392 1 0.6980392 0.6980392 0.6980392 1 0.6980392 0.6980392 0.6980392 1 0.6980392 0.6980392 0.6980392 1 0.6980392 0.6980392 0.6980392 1 0.6980392 0.6980392 0.6980392 1 0.6980392 0.6980392 0.6980392 1 0.6980392 0.6980392 0.6980392 1 0.6980392 0.6980392 0.6980392 1 0.6980392 0.6980392 0.6980392 1 0.6980392 0.6980392 0.6980392 1 0.6980392 0.6980392 0.6980392 1 0.6980392 0.6980392 0.6980392 1 0.4980392 0.4980392 0.4980392 1 0.4980392 0.4980392 0.4980392 1 0.6980392 0.6980392 0.6980392 1 0.4980392 0.4980392 0.4980392 1 0.6980392 0.6980392 0.6980392 1 0.6980392 0.6980392 0.6980392 1 0.6980392 0.6980392 0.6980392 1 0.6980392 0.6980392 0.6980392 1 0.6980392 0.6980392 0.6980392 1 0.6980392 0.6980392 0.6980392 1 0.6980392 0.6980392 0.6980392 1 0.6980392 0.6980392 0.6980392 1 0.6980392 0.6980392 0.6980392 1 0.6980392 0.6980392 0.6980392 1 0.6980392 0.6980392 0.6980392 1 0.6980392 0.6980392 0.6980392 1 0.6980392 0.6980392 0.6980392 1 0.4980392 0.4980392 0.4980392 1 0.6980392 0.6980392 0.6980392 1 0.6980392 0.6980392 0.6980392 1 0.4980392 0.4980392 0.4980392 1 0.6980392 0.6980392 0.6980392 1 0.4980392 0.4980392 0.4980392 1 0.4980392 0.4980392 0.4980392 1 0.6980392 0.6980392 0.6980392 1 0.6980392 0.6980392 0.6980392 1 0.4980392 0.4980392 0.4980392 1 0.6980392 0.6980392 0.6980392 1 0.4980392 0.4980392 0.4980392 1 0.6980392 0.6980392 0.6980392 1 0.6980392 0.6980392 0.6980392 1 0.6980392 0.6980392 0.6980392 1 0.6980392 0.6980392 0.6980392 1 0.6980392 0.6980392 0.6980392 1 0.6980392 0.6980392 0.6980392 1 0.6980392 0.6980392 0.6980392 1 0.6980392 0.6980392 0.6980392 1 0.6980392 0.6980392 0.6980392 1 0.6980392 0.6980392 0.6980392 1 0.6980392 0.6980392 0.6980392 1 0.6980392 0.6980392 0.6980392 1 0.6980392 0.6980392 0.6980392 1 0.6980392 0.6980392 0.6980392 1 0.6980392 0.6980392 0.6980392 1 0.6980392 0.6980392 0.6980392 1 0.6980392 0.6980392 0.6980392 1 0.6980392 0.6980392 0.6980392 1 0.6980392 0.6980392 0.6980392 1 0.4980392 0.4980392 0.4980392 1 0.4980392 0.4980392 0.4980392 1 0.6980392 0.6980392 0.6980392 1 0.4980392 0.4980392 0.4980392 1 0.4980392 0.4980392 0.4980392 1</float_array>
          <technique_common>
            <accessor source="#polygon1-mesh-colors-polygon1_Colors0-array" count="864" stride="4">
              <param name="R" type="float"/>
              <param name="G" type="float"/>
              <param name="B" type="float"/>
              <param name="A" type="float"/>
            </accessor>
          </technique_common>
        </source>
        <vertices id="polygon1-mesh-vertices">
          <input semantic="POSITION" source="#polygon1-mesh-positions"/>
        </vertices>
        <triangles material="mat_tire-material" count="288">
          <input semantic="VERTEX" source="#polygon1-mesh-vertices" offset="0"/>
          <input semantic="NORMAL" source="#polygon1-mesh-normals" offset="1"/>
          <input semantic="TEXCOORD" source="#polygon1-mesh-map-0" offset="2" set="0"/>
          <input semantic="COLOR" source="#polygon1-mesh-colors-polygon1_Colors0" offset="3" set="0"/>
          <p>2 0 0 0 1 1 1 1 0 2 2 2 3 3 3 3 1 1 4 4 2 0 5 5 4 4 6 6 3 3 7 7 2 0 8 8 5 5 9 9 3 3 10 10 4 4 11 11 6 6 12 12 5 5 13 13 4 4 14 14 7 7 15 15 5 5 16 16 6 6 17 17 8 8 18 18 7 7 19 19 6 6 20 20 9 9 21 21 7 7 22 22 8 8 23 23 10 10 24 24 9 9 25 25 8 8 26 26 11 11 27 27 9 9 28 28 10 10 29 29 12 12 30 30 11 11 31 31 10 10 32 32 13 13 33 33 11 11 34 34 12 12 35 35 14 14 36 36 13 13 37 37 12 12 38 38 15 15 39 39 13 13 40 40 14 14 41 41 16 16 42 42 15 15 43 43 14 14 44 44 17 17 45 45 15 15 46 46 16 16 47 47 18 18 48 48 17 17 49 49 16 16 50 50 19 19 51 51 17 17 52 52 18 18 53 53 20 20 54 54 19 19 55 55 18 18 56 56 21 21 57 57 19 19 58 58 20 20 59 59 22 22 60 60 21 21 61 61 20 20 62 62 23 23 63 63 21 21 64 64 22 22 65 65 0 2 66 66 23 23 67 67 22 22 68 68 1 1 69 69 23 23 70 70 0 2 71 71 26 24 72 72 25 25 73 73 24 26 74 74 27 27 75 75 25 25 76 76 26 24 77 77 28 28 78 78 27 27 79 79 26 24 80 80 29 29 81 81 27 27 82 82 28 28 83 83 30 30 84 84 29 29 85 85 28 28 86 86 31 31 87 87 29 29 88 88 30 30 89 89 32 32 90 90 31 31 91 91 30 30 92 92 33 33 93 93 31 31 94 94 32 32 95 95 34 34 96 96 33 33 97 97 32 32 98 98 35 35 99 99 33 33 100 100 34 34 101 101 36 36 102 102 35 35 103 103 34 34 104 104 37 37 105 105 35 35 106 106 36 36 107 107 38 38 108 108 37 37 109 109 36 36 110 110 39 39 111 111 37 37 112 112 38 38 113 113 40 40 114 114 39 39 115 115 38 38 116 116 41 41 117 117 39 39 118 118 40 40 119 119 42 42 120 120 41 41 121 121 40 40 122 122 43 43 123 123 41 41 124 124 42 42 125 125 44 44 126 126 43 43 127 127 42 42 128 128 45 45 129 129 43 43 130 130 44 44 131 131 46 46 132 132 45 45 133 133 44 44 134 134 47 47 135 135 45 45 136 136 46 46 137 137 24 26 138 138 47 47 139 139 46 46 140 140 25 25 141 141 47 47 142 142 24 26 143 143 50 48 144 144 49 49 145 145 48 50 146 146 51 51 147 147 49 49 148 148 50 48 149 149 52 52 150 150 51 51 151 151 50 48 152 152 53 53 153 153 51 51 154 154 52 52 155 155 54 54 156 156 53 53 157 157 52 52 158 158 55 55 159 159 53 53 160 160 54 54 161 161 56 56 162 162 55 55 163 163 54 54 164 164 57 57 165 165 55 55 166 166 56 56 167 167 58 58 168 168 57 57 169 169 56 56 170 170 42 42 171 171 60 59 172 172 59 60 173 173 61 61 174 174 60 59 175 175 42 42 176 176 40 40 177 177 61 61 178 178 42 42 179 179 62 62 180 180 61 61 181 181 40 40 182 182 38 38 183 183 62 62 184 184 40 40 185 185 63 63 186 186 62 62 187 187 38 38 188 188 36 36 189 189 63 63 190 190 38 38 191 191 64 64 192 192 63 63 193 193 36 36 194 194 65 65 195 195 64 64 196 196 36 36 197 197 66 66 198 198 19 67 199 199 17 68 200 200 21 69 201 201 19 67 202 202 66 66 203 203 67 70 204 204 21 69 205 205 66 66 206 206 23 71 207 207 21 69 208 208 67 70 209 209 68 72 210 210 23 71 211 211 67 70 212 212 1 73 213 213 23 71 214 214 68 72 215 215 3 74 216 216 1 73 217 217 68 72 218 218 4 4 219 219 70 75 220 220 69 76 221 221 71 77 222 222 70 75 223 223 4 4 224 224 2 0 225 225 71 77 226 226 4 4 227 227 72 78 228 228 71 77 229 229 2 0 230 230 0 2 231 231 72 78 232 232 2 0 233 233 73 79 234 234 72 78 235 235 0 2 236 236 74 80 237 237 73 79 238 238 0 2 239 239 22 22 240 240 74 80 241 241 0 2 242 242 75 81 243 243 74 80 244 244 22 22 245 245 20 20 246 246 75 81 247 247 22 22 248 248 76 82 249 249 75 81 250 250 20 20 251 251 18 18 252 252 76 82 253 253 20 20 254 254 77 83 255 255 76 82 256 256 18 18 257 257 78 84 258 258 77 83 259 259 18 18 260 260 81 85 261 261 80 86 262 262 79 87 263 263 82 88 264 264 80 86 265 265 81 85 266 266 83 89 267 267 82 88 268 268 81 85 269 269 84 90 270 270 82 88 271 271 83 89 272 272 85 91 273 273 84 90 274 274 83 89 275 275 86 92 276 276 84 90 277 277 85 91 278 278 87 93 279 279 86 92 280 280 85 91 281 281 90 94 282 282 89 95 283 283 88 96 284 284 91 97 285 285 89 95 286 286 90 94 287 287 92 98 288 288 91 97 289 289 90 94 290 290 93 99 291 291 91 97 292 292 92 98 293 293 94 100 294 294 93 99 295 295 92 98 296 296 95 101 297 297 93 99 298 298 94 100 299 299 96 102 300 300 95 101 301 301 94 100 302 302 28 28 303 303 98 103 304 304 97 104 305 305 99 105 306 306 98 103 307 307 28 28 308 308 26 24 309 309 99 105 310 310 28 28 311 311 100 106 312 312 99 105 313 313 26 24 314 314 24 26 315 315 100 106 316 316 26 24 317 317 101 107 318 318 100 106 319 319 24 26 320 320 102 108 321 321 101 107 322 322 24 26 323 323 103 109 324 324 43 110 325 325 41 111 326 326 45 112 327 327 43 110 328 328 103 109 329 329 104 113 330 330 45 112 331 331 103 109 332 332 47 114 333 333 45 112 334 334 104 113 335 335 105 115 336 336 47 114 337 337 104 113 338 338 25 116 339 339 47 114 340 340 105 115 341 341 27 117 342 342 25 116 343 343 105 115 344 344 108 118 345 345 107 119 346 346 106 120 347 347 109 121 348 348 107 119 349 349 108 118 350 350 110 122 351 351 109 121 352 352 108 118 353 353 111 123 354 354 109 121 355 355 110 122 356 356 112 124 357 357 111 123 358 358 110 122 359 359 113 125 360 360 111 123 361 361 112 124 362 362 114 126 363 363 113 125 364 364 112 124 365 365 117 127 366 366 116 128 367 367 115 129 368 368 118 130 369 369 116 128 370 370 117 127 371 371 119 131 372 372 118 130 373 373 117 127 374 374 120 132 375 375 118 130 376 376 119 131 377 377 121 133 378 378 120 132 379 379 119 131 380 380 122 134 381 381 120 132 382 382 121 133 383 383 125 135 384 384 124 136 385 385 123 137 386 386 126 138 387 387 124 136 388 388 125 135 389 389 127 139 390 390 126 138 391 391 125 135 392 392 128 140 393 393 126 138 394 394 127 139 395 395 58 58 396 396 128 140 397 397 127 139 398 398 56 56 399 399 128 140 400 400 58 58 401 401 10 10 402 402 129 141 403 403 12 12 404 404 130 142 405 405 129 141 406 406 10 10 407 407 8 8 408 408 130 142 409 409 10 10 410 410 131 143 411 411 130 142 412 412 8 8 413 413 69 76 414 414 131 143 415 415 8 8 416 416 132 144 417 417 3 74 418 418 68 72 419 419 5 145 420 420 3 74 421 421 132 144 422 422 133 146 423 423 5 145 424 424 132 144 425 425 7 147 426 426 5 145 427 427 133 146 428 428 9 148 429 429 7 147 430 430 133 146 431 431 134 149 432 432 9 148 433 433 133 146 434 434 11 150 435 435 9 148 436 436 134 149 437 437 135 151 438 438 11 150 439 439 134 149 440 440 13 152 441 441 11 150 442 442 135 151 443 443 15 153 444 444 13 152 445 445 135 151 446 446 138 154 447 447 137 155 448 448 136 156 449 449 139 157 450 450 137 155 451 451 138 154 452 452 79 87 453 453 139 157 454 454 138 154 455 455 140 158 456 456 139 157 457 457 79 87 458 458 80 86 459 459 140 158 460 460 79 87 461 461 141 159 462 462 87 93 463 463 85 91 464 464 142 160 465 465 87 93 466 466 141 159 467 467 143 161 468 468 142 160 469 469 141 159 470 470 122 134 471 471 142 160 472 472 143 161 473 473 120 132 474 474 122 134 475 475 143 161 476 476 144 162 477 477 96 102 478 478 94 100 479 479 145 163 480 480 96 102 481 481 144 162 482 482 146 164 483 483 145 163 484 484 144 162 485 485 147 165 486 486 145 163 487 487 146 164 488 488 148 166 489 489 147 165 490 490 146 164 491 491 34 34 492 492 65 65 493 493 36 36 494 494 149 167 495 495 65 65 496 496 34 34 497 497 32 32 498 498 149 167 499 499 34 34 500 500 150 168 501 501 149 167 502 502 32 32 503 503 97 104 504 504 150 168 505 505 32 32 506 506 46 46 507 507 102 108 508 508 24 26 509 509 151 169 510 510 102 108 511 511 46 46 512 512 44 44 513 513 151 169 514 514 46 46 515 515 59 60 516 516 151 169 517 517 44 44 518 518 42 42 519 519 59 60 520 520 44 44 521 521 152 170 522 522 27 117 523 523 105 115 524 524 29 171 525 525 27 117 526 526 152 170 527 527 153 172 528 528 29 171 529 529 152 170 530 530 31 173 531 531 29 171 532 532 153 172 533 533 33 174 534 534 31 173 535 535 153 172 536 536 154 175 537 537 33 174 538 538 153 172 539 539 35 176 540 540 33 174 541 541 154 175 542 542 155 177 543 543 35 176 544 544 154 175 545 545 37 178 546 546 35 176 547 547 155 177 548 548 39 179 549 549 37 178 550 550 155 177 551 551 156 180 552 552 114 126 553 553 112 124 554 554 157 181 555 555 114 126 556 556 156 180 557 557 158 182 558 558 157 181 559 559 156 180 560 560 159 183 561 561 157 181 562 562 158 182 563 563 160 184 564 564 159 183 565 565 158 182 566 566 163 185 567 567 162 186 568 568 161 187 569 569 164 188 570 570 162 186 571 571 163 185 572 572 148 166 573 573 164 188 574 574 163 185 575 575 146 164 576 576 164 188 577 577 148 166 578 578 167 189 579 579 166 190 580 580 165 191 581 581 168 192 582 582 166 190 583 583 167 189 584 584 160 184 585 585 168 192 586 586 167 189 587 587 158 182 588 588 168 192 589 589 160 184 590 590 16 16 591 591 78 84 592 592 18 18 593 593 169 193 594 594 78 84 595 595 16 16 596 596 14 14 597 597 169 193 598 598 16 16 599 599 136 156 600 600 171 194 601 601 170 195 602 602 172 196 603 603 171 194 604 604 136 156 605 605 137 155 606 606 172 196 607 607 136 156 608 608 175 197 609 609 174 198 610 610 173 199 611 611 176 200 612 612 174 198 613 613 175 197 614 614 177 201 615 615 176 200 616 616 175 197 617 617 85 91 618 618 178 202 619 619 165 203 620 620 83 89 621 621 178 202 622 622 85 91 623 623 83 89 624 624 106 204 625 625 178 202 626 626 81 85 627 627 106 204 628 628 83 89 629 629 179 205 630 630 12 12 631 631 129 141 632 632 180 206 633 633 12 12 634 634 179 205 635 635 6 6 636 636 69 76 637 637 8 8 638 638 4 4 639 639 69 76 640 640 6 6 641 641 17 68 642 642 181 207 643 643 66 66 644 644 15 153 645 645 181 207 646 646 17 68 647 647 124 136 648 648 148 208 649 649 147 209 650 650 126 138 651 651 148 208 652 652 124 136 653 653 147 209 654 654 182 210 655 655 124 136 656 656 145 211 657 657 182 210 658 658 147 209 659 659 145 211 660 660 177 201 661 661 182 210 662 662 96 212 663 663 177 201 664 664 145 211 665 665 116 128 666 666 171 194 667 667 115 129 668 668 170 195 669 669 171 194 670 670 116 128 671 671 96 212 672 672 176 200 673 673 177 201 674 674 95 213 675 675 176 200 676 676 96 212 677 677 95 213 678 678 174 198 679 679 176 200 680 680 93 214 681 681 174 198 682 682 95 213 683 683 93 214 684 684 183 215 685 685 174 198 686 686 91 216 687 687 183 215 688 688 93 214 689 689 91 216 690 690 50 48 691 691 183 215 692 692 89 217 693 693 50 48 694 694 91 216 695 695 180 206 696 696 14 14 697 697 12 12 698 698 169 193 699 699 14 14 700 700 180 206 701 701 48 50 702 702 183 215 703 703 50 48 704 704 184 218 705 705 183 215 706 706 48 50 707 707 184 218 708 708 174 198 709 709 183 215 710 710 173 199 711 711 174 198 712 712 184 218 713 713 89 217 714 714 52 52 715 715 50 48 716 716 88 219 717 717 52 52 718 718 89 217 719 719 185 220 720 720 177 201 721 721 175 197 722 722 186 221 723 723 177 201 724 724 185 220 725 725 186 221 726 726 182 210 727 727 177 201 728 728 187 222 729 729 182 210 730 730 186 221 731 731 187 222 732 732 124 136 733 733 182 210 734 734 123 137 735 735 124 136 736 736 187 222 737 737 126 138 738 738 163 223 739 739 148 208 740 740 128 140 741 741 163 223 742 742 126 138 743 743 162 186 744 744 188 224 745 745 161 187 746 746 189 225 747 747 188 224 748 748 162 186 749 749 189 225 750 750 88 96 751 751 188 224 752 752 90 94 753 753 88 96 754 754 189 225 755 755 128 140 756 756 161 226 757 757 163 223 758 758 56 56 759 759 161 226 760 760 128 140 761 761 56 56 762 762 188 227 763 763 161 226 764 764 54 54 765 765 188 227 766 766 56 56 767 767 54 54 768 768 88 219 769 769 188 227 770 770 52 52 771 771 88 219 772 772 54 54 773 773 159 228 774 774 118 130 775 775 120 132 776 776 157 229 777 777 118 130 778 778 159 228 779 779 157 229 780 780 116 128 781 781 118 130 782 782 114 230 783 783 116 128 784 784 157 229 785 785 30 30 786 786 97 104 787 787 32 32 788 788 28 28 789 789 97 104 790 790 30 30 791 791 114 230 792 792 170 195 793 793 116 128 794 794 113 231 795 795 170 195 796 796 114 230 797 797 113 231 798 798 136 156 799 799 170 195 800 800 111 232 801 801 136 156 802 802 113 231 803 803 111 232 804 804 138 154 805 805 136 156 806 806 109 233 807 807 138 154 808 808 111 232 809 809 41 111 810 810 190 234 811 811 103 109 812 812 39 179 813 813 190 234 814 814 41 111 815 815 109 233 816 816 79 87 817 817 138 154 818 818 107 235 819 819 79 87 820 820 109 233 821 821 107 235 822 822 81 85 823 823 79 87 824 824 106 204 825 825 81 85 826 826 107 235 827 827 166 190 828 828 178 236 829 829 165 191 830 830 191 237 831 831 178 236 832 832 166 190 833 833 191 237 834 834 106 120 835 835 178 236 836 836 108 118 837 837 106 120 838 838 191 237 839 839 120 132 840 840 160 238 841 841 159 228 842 842 143 161 843 843 160 238 844 844 120 132 845 845 143 161 846 846 167 239 847 847 160 238 848 848 141 159 849 849 167 239 850 850 143 161 851 851 141 159 852 852 165 203 853 853 167 239 854 854 85 91 855 855 165 203 856 856 141 159 857 857 15 153 858 858 135 151 859 859 181 207 860 860 39 179 861 861 155 177 862 862 190 234 863 863</p>
        </triangles>
      </mesh>
    </geometry>
    <geometry id="polygon0-mesh" name="polygon0">
      <mesh>
        <source id="polygon0-mesh-positions">
          <float_array id="polygon0-mesh-positions-array" count="612">-69.48067 -10.1667 -57.66727 -69.46342 -7.480785 -61.85895 -47.94319 1.537067 -53.00001 -69.50249 -3.245836 -64.44256 -69.5553 1.412322 -65.24992 -41.94763 14.51917 -52.97612 -41.97208 10.6193 -43.74854 -47.84089 1.537067 -53.00001 -41.96 1.392397 -39.82738 -42.00204 -7.992798 -43.59321 -42.00745 -12.18343 -52.9761 -41.98435 -7.900116 -62.26727 -41.9177 1.394701 -65.81142 -69.51404 13.96957 -52.96935 -69.47766 12.99975 -48.26565 -69.48033 10.23825 -44.14058 -69.52254 6.028906 -41.59057 -69.49699 1.410117 -40.38887 -69.46805 -3.31307 -41.33363 -69.43902 -7.569461 -43.99195 -69.43902 -10.36472 -48.19167 -69.29588 -11.54867 -52.9761 -69.52456 6.025095 -64.33852 -69.46074 10.24064 -61.80123 -69.51325 12.83327 -57.6049 41.97208 10.6193 -43.74854 41.94763 14.51918 -52.97612 47.84089 1.537067 -53.00001 41.98629 10.69221 -62.27736 41.9177 1.394701 -65.81142 37.69434 1.513785 31.60818 37.67688 4.299411 25.01706 41.88635 -4.973524 25 37.70449 1.565865 18.37332 37.6555 -5.075214 15.84899 57.34119 3.214106 28.38168 57.36717 3.906838 25.02189 41.95942 -4.973524 25 57.36661 3.095192 21.71078 57.3291 1.243315 18.71341 65.30541 -7.009727 -44.264 65.30541 1.648827 -39.7724 69.16166 1.648827 -52.92255 65.30541 10.30739 -44.264 65.30541 14.79901 -52.92255 -65.30541 1.648827 -39.7724 -65.30541 -7.009727 -44.264 -69.16166 1.648827 -52.92255 -65.30541 -11.50134 -52.92253 -65.30541 -7.009726 -61.58109 -65.30541 1.648827 -66.07269 -65.30541 10.30738 -61.58109 -65.30541 14.79901 -52.92255 69.47766 12.99975 -48.26565 69.51404 13.96957 -52.96935 47.94319 1.537067 -53.00001 69.51325 12.83327 -57.6049 69.46074 10.24064 -61.80123 54.36101 -11.07838 31.24 54.36101 -4.893695 34.44828 57.11547 -4.893695 25.05532 54.36101 1.29099 31.24 54.36101 4.49929 25.05532 -37.67688 4.299409 25.01706 -37.69434 1.513785 31.60818 -41.88635 -4.973524 25 -37.68571 -5.076859 34.40902 -37.71575 -11.78057 31.71914 -37.71961 -14.77388 25.01707 -37.70311 -11.71437 18.38052 -37.6555 -5.075214 15.84899 -57.36717 3.906838 25.02189 -57.34119 3.214106 28.38168 -41.95942 -4.973524 25 -57.34309 1.241603 31.32816 -57.37324 -1.765067 33.14959 -57.35499 -5.064202 34.00795 -57.33432 -8.437908 33.33312 -57.31358 -11.47819 31.43432 -57.31358 -13.4748 28.43452 -57.21135 -14.32048 25.01707 -57.34333 -13.33336 21.66624 -57.33101 -11.41485 18.67218 -57.35893 -8.389883 16.82675 -57.39664 -5.062627 16.25006 -57.37469 -1.76779 16.90106 -57.3291 1.243315 18.71341 -57.36661 3.095193 21.71078 -54.36101 -4.893695 34.44829 -54.36101 -11.07838 31.24 -57.11547 -4.893695 25.05532 -54.36101 -14.28667 25.05533 -54.36101 -11.07838 18.87065 -54.36101 -4.893695 15.66236 -54.36101 1.290985 18.87065 -54.36101 4.499292 25.05532 69.02699 15.0106 -58.521 69.02699 16.36873 -53.00004 69.02699 -13.55607 -53.00003 69.29588 -11.54867 -52.9761 69.02699 -12.19792 -58.521 69.48067 -10.1667 -57.66727 69.02699 -8.967766 -42.62594 69.43902 -7.569461 -43.99195 69.02699 -12.19793 -47.47905 69.43902 -10.36472 -48.19167 69.02699 1.406336 -38.11608 69.49699 1.410117 -40.38887 69.02699 -4.114645 -39.39578 69.46805 -3.31307 -41.33363 69.02699 11.78043 -42.62594 69.48033 10.23825 -44.14057 69.02699 6.927319 -39.39578 69.52254 6.028905 -41.59057 69.02699 15.01061 -47.47905 69.02699 11.78043 -63.37412 69.02699 6.927313 -66.60426 69.52456 6.025095 -64.33852 69.02699 -8.967764 -63.37412 69.46341 -7.480784 -61.85895 69.02699 -4.114651 -66.60426 69.50249 -3.245835 -64.44256 -57.01929 -15.75433 24.99998 -57.01929 -14.78423 21.05643 -57.01929 -12.47698 32.41005 -57.01929 -14.78424 28.94353 -57.01929 -5.066903 35.63137 -57.01929 -9.010461 34.7173 -57.01928 2.343167 32.41005 -57.01929 -1.123344 34.7173 -57.01928 5.620523 24.99997 -57.01928 4.650433 28.94353 -57.01928 2.343165 17.58991 -57.01928 4.650431 21.05643 -57.01929 -1.123348 15.28266 -57.01929 -12.47698 17.58991 -57.01929 -9.010466 15.28266 57.01928 -9.010466 15.28267 57.35892 -8.389883 16.82675 57.01928 -5.066911 14.36858 57.39664 -5.062627 16.25006 57.01928 -14.78423 21.05643 57.34333 -13.33336 21.66624 57.01928 -12.47697 17.58991 57.33101 -11.41485 18.67218 57.01928 -9.010461 34.7173 57.33432 -8.437907 33.33312 57.01928 -12.47698 32.41005 57.31358 -11.47819 31.43432 57.01928 -1.123343 34.7173 57.37324 -1.765068 33.14959 57.01928 -5.066903 35.63137 57.35499 -5.064202 34.00795 57.01928 4.650434 28.94353 57.01928 2.343166 32.41005 57.34309 1.241603 31.32816 57.01928 -1.123348 15.28267 57.37469 -1.76779 16.90106 57.01928 4.650432 21.05643 57.01928 5.620523 24.99997 57.01928 -15.75433 24.99998 57.21135 -14.32048 25.01707 57.01928 -14.78424 28.94353 57.31358 -13.4748 28.43452 57.01928 2.343164 17.58991 -57.01929 -5.066911 14.36858 -69.027 -12.19792 -58.521 -69.027 -8.967766 -63.37412 -69.027 -12.19793 -47.47905 -69.027 -13.55607 -53.00003 -41.98629 10.69221 -62.27736 -69.027 -4.114645 -39.39579 -69.027 -8.967768 -42.62594 -69.027 6.927319 -39.39579 -69.027 1.406336 -38.11609 -69.02699 15.01061 -47.47905 -69.02699 11.78043 -42.62593 -69.027 1.406324 -67.88399 -69.027 6.927313 -66.60427 -69.02699 15.0106 -58.521 -69.02699 16.36873 -53.00004 41.96 1.392397 -39.82738 42.00204 -7.992797 -43.59321 42.00745 -12.18343 -52.9761 41.98435 -7.900116 -62.26727 37.68571 -5.076859 34.40902 37.71575 -11.78057 31.71914 37.71961 -14.77388 25.01707 37.70311 -11.71437 18.38052 -65.30541 10.30739 -44.264 -69.02699 11.78043 -63.37412 69.5553 1.412322 -65.24992 54.36101 -14.28667 25.05533 54.36101 -11.07838 18.87066 54.36101 -4.893695 15.66236 54.36101 1.290985 18.87066 65.30541 -11.50134 -52.92253 65.30541 -7.009727 -61.58109 65.30541 1.648827 -66.07269 65.30541 10.30738 -61.58109 -69.027 -4.114651 -66.60427 -37.70449 1.565866 18.37332 69.02699 1.406324 -67.88398 -54.36101 1.290991 31.24</float_array>
          <technique_common>
            <accessor source="#polygon0-mesh-positions-array" count="204" stride="3">
              <param name="X" type="float"/>
              <param name="Y" type="float"/>
              <param name="Z" type="float"/>
            </accessor>
          </technique_common>
        </source>
        <source id="polygon0-mesh-normals">
          <float_array id="polygon0-mesh-normals-array" count="804">-0.9998188 -0.01668369 0.009170353 -0.5063942 0.6020638 0.6173202 -0.5043238 0.7817751 0.3667224 -0.4982995 0.3005198 0.8132561 -0.4930381 -0.01124984 0.869935 -1 0 6.88247e-7 -1 -2.23517e-6 -2.02209e-5 -0.9982724 -0.0587508 7.81581e-4 -0.9980995 0.002059459 -0.06159013 -0.9998212 0.0156809 -0.01056963 -0.9974913 0.07078063 -0.001146554 -0.999875 0.0148918 0.005328118 -0.9985323 1.05411e-4 0.05416071 -0.4990767 -0.8000496 -0.3329312 -0.4992616 -0.8662616 0.01813781 -0.4994469 -0.5971167 -0.6276978 -0.4939483 -0.3375093 -0.8013131 -0.5046958 -0.02787017 -0.8628473 -0.5061666 0.3152717 -0.8027448 -0.5117883 0.5974171 -0.6173862 -0.512405 0.7829 -0.352858 -0.5224078 0.8524346 0.02110368 -0.4918645 -0.3092061 0.813917 -0.4986336 -0.6088547 0.6169769 -0.4922518 -0.8037665 0.3341373 1 -1.51852e-7 4.12809e-7 0.9982724 -0.05875116 7.81626e-4 1 -2.19047e-6 -2.02358e-5 1 4.35114e-6 -1.93715e-6 0.9985322 1.05694e-4 0.05416071 1 2.72954e-7 5.70435e-7 0.9982724 -0.0587514 7.81596e-4 1 -1.77324e-6 -1.93715e-5 1 4.73857e-6 -2.32458e-6 0.9985322 1.06648e-4 0.05416071 0.9998185 -0.01669555 0.009178996 0.4992617 -0.8662623 0.01809382 0.4990857 -0.7999593 -0.3331345 0.4922524 -0.8037834 0.3340958 0.4986824 -0.60908 0.6167151 1 -1.70022e-7 0 0.9595912 2.02932e-7 0.2813982 0.9538193 -0.2124016 0.2124013 0.9538195 0.2124013 0.2124012 0.9595913 0.2813979 -1.6911e-7 -1 -3.13887e-7 0 -0.9538193 -0.2124016 0.2124013 -0.9595912 -2.97633e-7 0.2813982 -0.959591 -0.2813987 4.19393e-7 -0.9538194 -0.2124013 -0.2124011 -0.9595911 0 -0.2813984 -0.9538195 0.2124011 -0.2124015 -0.9595913 0.2813979 -1.96168e-7 0.9998188 -0.01668417 0.009169816 0.4992616 -0.8662615 0.01813781 0.4990858 -0.7999596 -0.3331339 0.4922524 -0.8037834 0.3340954 0.498682 -0.6090804 0.6167149 1 2.49801e-7 -2.24952e-7 0.9595914 4.87036e-7 0.2813975 0.9538199 -0.2124002 0.2124006 0.9538197 0.2124008 0.2124006 0.9595915 0.281397 -2.9087e-7 -1 2.33296e-7 8.54023e-7 -1 -1.81794e-6 -1.93864e-5 -0.9982724 -0.0587514 7.81655e-4 -0.9980995 0.002060234 -0.06158971 -0.9998213 0.01568156 -0.01056998 -0.9974913 0.07078021 -0.001146852 -0.9998749 0.01489174 0.005328357 -0.9985323 1.06096e-4 0.05416059 -0.9998189 -0.01668262 0.009170114 -0.4990858 -0.7999593 -0.3331345 -0.4992617 -0.8662624 0.0180937 -0.4994471 -0.5971167 -0.6276977 -0.4939495 -0.3376339 -0.8012598 -0.5046958 -0.02787041 -0.8628474 -0.5061371 0.3156092 -0.8026307 -0.5117895 0.5974479 -0.6173554 -0.512405 0.7829007 -0.3528567 -0.5224082 0.8524323 0.02118957 -0.504324 0.7818142 0.3666386 -0.5063961 0.6021245 0.6172593 -0.4983015 0.300603 0.8132242 -0.4930402 -0.01147341 0.8699309 -0.4918797 -0.3089938 0.8139885 -0.4987008 -0.6091645 0.6166168 -0.4922524 -0.8037835 0.3340956 -1 0 -2.10566e-7 -0.9538198 -0.2124003 0.2124004 -0.9595915 2.43518e-7 0.2813972 -0.9595915 -0.281397 1.55581e-7 -0.9538198 -0.2124006 -0.2124006 -0.9595913 5.34387e-7 -0.2813975 -0.9538196 0.2124007 -0.2124009 -0.9595916 0.2813966 -2.2999e-7 0.9799587 0.1992008 2.17742e-4 0.979858 0.182559 -0.08093637 0.9798531 0.1825801 -0.08094841 0.9799888 0.1990525 -4.5531e-5 0.9827639 -0.1707437 -0.07086461 0.9854449 -0.1699956 1.91904e-4 0.9854482 -0.1699764 1.81158e-4 0.9827604 -0.1707655 -0.07086062 0.9824023 -0.1722326 0.07226204 0.9785489 -0.1455335 0.1458153 0.9785259 -0.1458315 0.145672 0.9823987 -0.1722483 0.07227295 0.9786156 -0.08111876 0.1890278 0.9792652 1.82248e-4 0.2025827 0.9793003 5.12706e-5 0.2024127 0.9785924 -0.08155143 0.1889615 0.9787714 0.08123517 0.1881684 0.9787673 0.1448083 0.145069 0.9787536 0.1449487 0.1450219 0.9788327 0.08122646 0.1878538 0.9789188 0.1869294 0.08231294 0.9788672 0.1869957 0.08277511 0.980297 0.1397559 -0.1395932 0.9802901 0.1397628 -0.139635 0.9801835 0.07902866 -0.1816449 0.9802085 0.07904088 -0.1815042 0.9797982 -0.0794245 -0.1835408 0.9795359 -0.1423889 -0.1422492 0.9795269 -0.1422482 -0.142452 0.979796 -0.07930839 -0.183603 -0.9854449 -0.1699953 1.90697e-4 -0.9827572 -0.170785 -0.07085722 -0.9854487 -0.1699734 1.82416e-4 -0.9827616 -0.1707583 -0.07086008 -0.9785363 -0.1454473 0.1459859 -0.982405 -0.1722201 0.0722543 -0.9785286 -0.1458219 0.1456634 -0.982401 -0.1722387 0.07226514 -0.9792653 1.82422e-4 0.202582 -0.9786173 -0.0811147 0.1890204 -0.9793019 5.15404e-5 0.2024051 -0.9785924 -0.08155292 0.1889605 -0.978772 0.1448593 0.1449872 -0.9788241 0.08064955 0.1881465 -0.9787048 0.1452794 0.1450206 -0.9788342 0.0812239 0.1878466 -0.9799897 0.1990485 -4.46644e-5 -0.978918 0.1869534 0.08226865 -0.9799804 0.1990944 -2.95584e-6 -0.9788669 0.1869972 0.08277422 -0.9802893 0.1397672 -0.1396355 -0.9798622 0.1825423 -0.08092343 -0.9802911 0.1397599 -0.1396301 -0.9798491 0.1825882 -0.08097791 -0.9801931 0.07903277 -0.181591 -0.9802096 0.07904183 -0.1814983 -0.9796022 -0.1420916 -0.1420903 -0.9797983 -0.07942366 -0.1835405 -0.9795274 -0.1422498 -0.1424469 -0.9797962 -0.07930505 -0.1836034 0.9804521 5.10542e-5 -0.1967585 0.9797962 -0.07930409 -0.1836037 0.9797996 -0.07946425 -0.183516 0.9804628 5.6326e-4 -0.196704 0.9795266 -0.1422517 -0.142451 0.9827613 -0.1707609 -0.07086068 0.9827571 -0.1707864 -0.07085686 0.9795356 -0.1423923 -0.1422476 0.9785278 -0.1458232 0.1456672 0.9785836 -0.08143991 0.1890552 0.9786162 -0.08111649 0.1890246 0.9785493 -0.1455336 0.1458134 0.979301 5.1676e-5 0.2024094 0.9788332 0.08122777 0.1878499 0.9787716 0.08123493 0.1881676 0.9792647 2.31035e-4 0.2025848 0.9787551 0.144939 0.1450211 0.978867 0.1869971 0.08277422 0.9789173 0.1869763 0.08222568 0.978763 0.1447538 0.1451532 0.9802087 0.079041 -0.1815032 0.9802094 0.07904028 -0.1815001 0.9799674 0.1991583 1.28537e-4 0.9798576 0.1825601 -0.0809381 0.9798623 0.1825414 -0.08092278 0.9799523 0.1992323 2.42805e-4 0.9854516 -0.1699565 1.73299e-4 0.9854477 -0.1699788 1.82464e-4 0.9824036 -0.1722266 0.07225769 0.9823995 -0.1722454 0.07227015 0.9802893 0.1397672 -0.1396355 0.9803003 0.1397364 -0.1395894 -0.9804382 2.50405e-4 -0.1968268 -0.9804527 5.39093e-5 -0.1967556 -0.9827611 -0.1707612 -0.07086127 -0.9795268 -0.1422519 -0.142449 -0.9827573 -0.1707844 -0.07085764 -0.9795356 -0.1423944 -0.1422458 -0.9824 -0.1722428 0.07226848 -0.9854497 -0.1699672 1.81104e-4 -0.9824037 -0.1722264 0.07225769 -0.985446 -0.1699889 1.88606e-4 -1 4.41074e-6 -1.90735e-6 -0.9785836 -0.08143925 0.1890547 -0.9785276 -0.1458254 0.1456668 -0.9786168 -0.08111524 0.1890226 -0.9785493 -0.1455338 0.1458131 -0.9788334 0.08122676 0.1878489 -0.9793014 5.33389e-5 0.2024076 -0.9787934 0.08099073 0.1881598 -0.9792653 1.85716e-4 0.2025824 -0.9788672 0.1869955 0.08277511 -0.9787038 0.1452828 0.1450237 -0.9789188 0.1869292 0.08231312 -0.9787674 0.144808 0.145069 -0.980463 5.6288e-4 -0.1967029 -0.9802097 0.07904195 -0.1814979 -0.9804522 5.11447e-5 -0.1967578 -0.9801931 0.07903289 -0.181591 -0.9798495 0.1825868 -0.08097583 -0.9799801 0.1990958 -2.46241e-6 -0.9798625 0.1825408 -0.08092236 -0.9799526 0.1992308 2.45353e-4 0.9980994 0.002059578 -0.06159025 0.9998212 0.01568096 -0.01056969 0.9974913 0.07078045 -0.001146435 0.999875 0.01489192 0.005328178 0.9980995 0.002060294 -0.06158965 0.9998212 0.01568174 -0.01056987 0.9974913 0.07078039 -0.001146793 0.999875 0.01489204 0.005328357 0.4994529 -0.5968589 -0.6279382 0.4939496 -0.3376339 -0.8012598 0.5046951 -0.02791434 -0.8628463 0.506137 0.3156092 -0.8026309 0.511792 0.5975103 -0.6172929 0.512405 0.7829005 -0.3528567 0.5224081 0.8524323 0.02118957 0.504324 0.7818142 0.3666387 0.5063971 0.6021561 0.6172277 0.4983015 0.3006032 0.8132241 -0.9538195 0.2124007 0.2124011 -0.9802969 0.1397559 -0.1395933 -0.9802901 0.1397625 -0.1396346 0.4994473 -0.5971163 -0.6276978 0.4939495 -0.3376339 -0.8012597 0.5046966 -0.02782636 -0.8628483 0.5061666 0.3152717 -0.8027449 0.5117882 0.5974172 -0.6173861 0.5123891 0.7827607 -0.3531901 0.5224078 0.8524346 0.02110368 0.5043243 0.7818524 0.3665568 0.5063942 0.6020635 0.6173204 0.4983005 0.3005611 0.8132403 0.493041 -0.011563 0.8699293 0.49187 -0.3092055 0.813914 0.9595915 -0.2813972 1.35288e-7 0.9538197 -0.2124007 -0.2124006 0.9595913 5.47917e-7 -0.2813975 0.9538196 0.212401 -0.212401 0.4930402 -0.01147407 0.8699309 0.4919038 -0.3086541 0.8141027 0.959591 -0.2813987 4.26157e-7 0.9538194 -0.2124013 -0.2124011 0.9595911 0 -0.2813984 0.9538195 0.2124011 -0.2124015 -0.9797955 -0.07933986 -0.1835919 -0.979793 -0.07940006 -0.1835797 -1 4.69387e-6 -2.29478e-6 0.9804509 5.3122e-5 -0.1967635 0.9804375 2.47947e-4 -0.1968309 -0.9538197 0.2124007 0.2124004</float_array>
          <technique_common>
            <accessor source="#polygon0-mesh-normals-array" count="268" stride="3">
              <param name="X" type="float"/>
              <param name="Y" type="float"/>
              <param name="Z" type="float"/>
            </accessor>
          </technique_common>
        </source>
        <source id="polygon0-mesh-map-0">
          <float_array id="polygon0-mesh-map-0-array" count="1536">0.8895264 0.5163574 0.9521484 0.4891357 0.920166 0.4816895 0.9748535 0.5015869 0.9521484 0.4891357 0.8895264 0.5163574 0.9787598 0.5161133 0.9748535 0.5015869 0.8895264 0.5163574 -0.5068359 0.769165 -0.6992188 0.8704834 -0.5080566 0.9088135 -0.7731934 0.7744141 -0.6992188 0.8704834 -0.5068359 0.769165 -0.7175293 0.6660156 -0.7731934 0.7744141 -0.5068359 0.769165 -0.5068359 0.769165 -0.5065918 0.614502 -0.7175293 0.6660156 -0.3024902 0.6594238 -0.5065918 0.614502 -0.5068359 0.769165 -0.2330322 0.7679443 -0.3024902 0.6594238 -0.5068359 0.769165 0.8895264 0.5163574 0.8555908 0.5472412 0.8883057 0.5494385 0.8278809 0.5410156 0.8555908 0.5472412 0.8895264 0.5163574 0.8100586 0.5310059 0.8278809 0.5410156 0.8895264 0.5163574 0.8895264 0.5163574 0.7973633 0.5175781 0.8100586 0.5310059 0.8043213 0.5026855 0.7973633 0.5175781 0.8895264 0.5163574 0.8221436 0.4910889 0.8043213 0.5026855 0.8895264 0.5163574 0.8895264 0.5163574 0.8520508 0.482666 0.8221436 0.4910889 0.8879395 0.4796143 0.8520508 0.482666 0.8895264 0.5163574 0.920166 0.4816895 0.8879395 0.4796143 0.8895264 0.5163574 0.8895264 0.5163574 0.9683838 0.529541 0.9787598 0.5161133 0.9476318 0.5404053 0.9683838 0.529541 0.8895264 0.5163574 0.9197998 0.5472412 0.9476318 0.5404053 0.8895264 0.5163574 -0.5068359 0.769165 -0.5080566 0.9088135 -0.6992188 0.8704834 -0.3155518 0.8673096 -0.5080566 0.9088135 -0.5068359 0.769165 -0.2330322 0.7679443 -0.3155518 0.8673096 -0.5068359 0.769165 -0.5068359 0.769165 -0.5080566 0.9088135 -0.6992188 0.8704834 -0.3155518 0.8673096 -0.5080566 0.9088135 -0.5068359 0.769165 -0.2330322 0.7679443 -0.3155518 0.8673096 -0.5068359 0.769165 0.8895264 0.5163574 0.8883057 0.5494385 0.8555908 0.5472412 0.9197998 0.5472412 0.8883057 0.5494385 0.8895264 0.5163574 0.9476318 0.5404053 0.9197998 0.5472412 0.8895264 0.5163574 -1.504639 0.7624512 -1.504883 0.9279785 -1.719116 0.873291 -1.28833 0.8752441 -1.504883 0.9279785 -1.504639 0.7624512 -1.174072 0.762207 -1.28833 0.8752441 -1.504639 0.7624512 -1.504639 0.7624512 -1.719116 0.873291 -1.504883 0.9279785 -1.829346 0.7574463 -1.719116 0.873291 -1.504639 0.7624512 -1.710449 0.6489258 -1.829346 0.7574463 -1.504639 0.7624512 -1.504639 0.7624512 -1.505859 0.5928955 -1.710449 0.6489258 -1.286133 0.6557617 -1.505859 0.5928955 -1.504639 0.7624512 -1.174072 0.762207 -1.286133 0.6557617 -1.504639 0.7624512 0.8895264 0.5163574 0.8883057 0.5494385 0.8555908 0.5472412 0.9197998 0.5472412 0.8883057 0.5494385 0.8895264 0.5163574 0.9476318 0.5404053 0.9197998 0.5472412 0.8895264 0.5163574 -1.504639 0.7624512 -1.504883 0.9279785 -1.719116 0.873291 -1.28833 0.8752441 -1.504883 0.9279785 -1.504639 0.7624512 -1.174072 0.762207 -1.28833 0.8752441 -1.504639 0.7624512 -0.5068359 0.769165 -0.6992188 0.8704834 -0.5080566 0.9088135 -0.7731934 0.7744141 -0.6992188 0.8704834 -0.5068359 0.769165 -0.7175293 0.6660156 -0.7731934 0.7744141 -0.5068359 0.769165 -0.5068359 0.769165 -0.5065918 0.614502 -0.7175293 0.6660156 -0.3024902 0.6594238 -0.5065918 0.614502 -0.5068359 0.769165 -0.2330322 0.7679443 -0.3024902 0.6594238 -0.5068359 0.769165 0.8895264 0.5163574 0.8555908 0.5472412 0.8883057 0.5494385 0.8278809 0.5410156 0.8555908 0.5472412 0.8895264 0.5163574 0.8100586 0.5310059 0.8278809 0.5410156 0.8895264 0.5163574 0.8895264 0.5163574 0.7973633 0.5175781 0.8100586 0.5310059 0.8043213 0.5026855 0.7973633 0.5175781 0.8895264 0.5163574 0.8221436 0.4910889 0.8043213 0.5026855 0.8895264 0.5163574 0.8895264 0.5163574 0.8520508 0.482666 0.8221436 0.4910889 0.8879395 0.4796143 0.8520508 0.482666 0.8895264 0.5163574 0.920166 0.4816895 0.8879395 0.4796143 0.8895264 0.5163574 0.8895264 0.5163574 0.9521484 0.4891357 0.920166 0.4816895 0.9748535 0.5015869 0.9521484 0.4891357 0.8895264 0.5163574 0.9787598 0.5161133 0.9748535 0.5015869 0.8895264 0.5163574 0.8895264 0.5163574 0.9683838 0.529541 0.9787598 0.5161133 0.9476318 0.5404053 0.9683838 0.529541 0.8895264 0.5163574 0.9197998 0.5472412 0.9476318 0.5404053 0.8895264 0.5163574 -1.504639 0.7624512 -1.719116 0.873291 -1.504883 0.9279785 -1.829346 0.7574463 -1.719116 0.873291 -1.504639 0.7624512 -1.710449 0.6489258 -1.829346 0.7574463 -1.504639 0.7624512 -1.504639 0.7624512 -1.505859 0.5928955 -1.710449 0.6489258 -1.286133 0.6557617 -1.505859 0.5928955 -1.504639 0.7624512 -1.174072 0.762207 -1.286133 0.6557617 -1.504639 0.7624512 0.01794433 0.479126 0.09313964 0.552124 0.09313964 0.479126 0.01794433 0.552124 0.09313964 0.552124 0.01794433 0.479126 0.01794433 0.479126 0.09313964 0.552124 0.09313964 0.479126 0.01794433 0.552124 0.09313964 0.552124 0.01794433 0.479126 0.01794433 0.479126 0.09313964 0.552124 0.09313964 0.479126 0.01794433 0.552124 0.09313964 0.552124 0.01794433 0.479126 0.01794433 0.479126 0.09313964 0.552124 0.09313964 0.479126 0.01794433 0.552124 0.09313964 0.552124 0.01794433 0.479126 0.01794433 0.479126 0.09313964 0.552124 0.09313964 0.479126 0.01794433 0.552124 0.09313964 0.552124 0.01794433 0.479126 0.01794433 0.479126 0.09313964 0.552124 0.09313964 0.479126 0.01794433 0.552124 0.09313964 0.552124 0.01794433 0.479126 0.01794433 0.479126 0.09313964 0.552124 0.09313964 0.479126 0.01794433 0.552124 0.09313964 0.552124 0.01794433 0.479126 0.01794433 0.479126 0.09313964 0.552124 0.09313964 0.479126 0.01794433 0.552124 0.09313964 0.552124 0.01794433 0.479126 0.01794433 0.479126 0.09313964 0.552124 0.09313964 0.479126 0.01794433 0.552124 0.09313964 0.552124 0.01794433 0.479126 0.09313964 0.552124 0.01794433 0.479126 0.09313964 0.479126 0.01794433 0.552124 0.01794433 0.479126 0.09313964 0.552124 0.09313964 0.552124 0.01794433 0.479126 0.09313964 0.479126 0.01794433 0.552124 0.01794433 0.479126 0.09313964 0.552124 0.09313964 0.552124 0.01794433 0.479126 0.09313964 0.479126 0.01794433 0.552124 0.01794433 0.479126 0.09313964 0.552124 0.09313964 0.552124 0.01794433 0.479126 0.09313964 0.479126 0.01794433 0.552124 0.01794433 0.479126 0.09313964 0.552124 0.09313964 0.552124 0.01794433 0.479126 0.09313964 0.479126 0.01794433 0.552124 0.01794433 0.479126 0.09313964 0.552124 0.09313964 0.552124 0.01794433 0.479126 0.09313964 0.479126 0.01794433 0.552124 0.01794433 0.479126 0.09313964 0.552124 0.09313964 0.552124 0.01794433 0.479126 0.09313964 0.479126 0.01794433 0.552124 0.01794433 0.479126 0.09313964 0.552124 0.09313964 0.552124 0.01794433 0.479126 0.09313964 0.479126 0.01794433 0.552124 0.01794433 0.479126 0.09313964 0.552124 0.01794433 0.479126 0.09313964 0.552124 0.09313964 0.479126 0.01794433 0.552124 0.09313964 0.552124 0.01794433 0.479126 0.01794433 0.479126 0.09313964 0.552124 0.09313964 0.479126 0.01794433 0.552124 0.09313964 0.552124 0.01794433 0.479126 0.01794433 0.479126 0.09313964 0.552124 0.09313964 0.479126 0.01794433 0.552124 0.09313964 0.552124 0.01794433 0.479126 0.01794433 0.479126 0.09313964 0.552124 0.09313964 0.479126 0.01794433 0.552124 0.09313964 0.552124 0.01794433 0.479126 0.01794433 0.479126 0.09313964 0.552124 0.09313964 0.479126 0.01794433 0.552124 0.09313964 0.552124 0.01794433 0.479126 0.01794433 0.479126 0.09313964 0.552124 0.09313964 0.479126 0.01794433 0.552124 0.09313964 0.552124 0.01794433 0.479126 0.01794433 0.479126 0.09313964 0.552124 0.09313964 0.479126 0.01794433 0.552124 0.09313964 0.552124 0.01794433 0.479126 0.01794433 0.479126 0.09313964 0.552124 0.09313964 0.479126 0.01794433 0.552124 0.09313964 0.552124 0.01794433 0.479126 0.01794433 0.479126 0.09313964 0.552124 0.09313964 0.479126 0.01794433 0.552124 0.09313964 0.552124 0.01794433 0.479126 0.01794433 0.479126 0.09313964 0.552124 0.09313964 0.479126 0.01794433 0.552124 0.09313964 0.552124 0.01794433 0.479126 0.01794433 0.479126 0.09313964 0.552124 0.09313964 0.479126 0.01794433 0.552124 0.09313964 0.552124 0.01794433 0.479126 0.01794433 0.479126 0.09313964 0.552124 0.09313964 0.479126 0.01794433 0.552124 0.09313964 0.552124 0.01794433 0.479126 0.01794433 0.479126 0.09313964 0.552124 0.09313964 0.479126 0.01794433 0.552124 0.09313964 0.552124 0.01794433 0.479126 0.01794433 0.479126 0.09313964 0.552124 0.09313964 0.479126 0.01794433 0.552124 0.09313964 0.552124 0.01794433 0.479126 0.01794433 0.479126 0.09313964 0.552124 0.09313964 0.479126 0.01794433 0.552124 0.09313964 0.552124 0.01794433 0.479126 0.01794433 0.479126 0.09313964 0.552124 0.09313964 0.479126 0.01794433 0.552124 0.09313964 0.552124 0.01794433 0.479126 0.09313964 0.552124 0.01794433 0.479126 0.09313964 0.479126 0.01794433 0.552124 0.01794433 0.479126 0.09313964 0.552124 0.09313964 0.552124 0.01794433 0.479126 0.09313964 0.479126 0.01794433 0.552124 0.01794433 0.479126 0.09313964 0.552124 0.09313964 0.552124 0.01794433 0.479126 0.09313964 0.479126 0.01794433 0.552124 0.01794433 0.479126 0.09313964 0.552124 0.09313964 0.552124 0.01794433 0.479126 0.09313964 0.479126 0.01794433 0.552124 0.01794433 0.479126 0.09313964 0.552124 0.09313964 0.552124 0.01794433 0.479126 0.09313964 0.479126 0.01794433 0.552124 0.01794433 0.479126 0.09313964 0.552124 0.09313964 0.552124 0.01794433 0.479126 0.09313964 0.479126 0.01794433 0.552124 0.01794433 0.479126 0.09313964 0.552124 0.09313964 0.552124 0.01794433 0.479126 0.09313964 0.479126 0.01794433 0.552124 0.01794433 0.479126 0.09313964 0.552124 0.09313964 0.552124 0.01794433 0.479126 0.09313964 0.479126 0.01794433 0.552124 0.01794433 0.479126 0.09313964 0.552124 0.09313964 0.552124 0.01794433 0.479126 0.09313964 0.479126 0.01794433 0.552124 0.01794433 0.479126 0.09313964 0.552124 -0.5068359 0.769165 -0.3155518 0.8673096 -0.2330322 0.7679443 -0.5080566 0.9088135 -0.3155518 0.8673096 -0.5068359 0.769165 0.09313964 0.552124 0.01794433 0.479126 0.09313964 0.479126 0.01794433 0.552124 0.01794433 0.479126 0.09313964 0.552124 0.09313964 0.552124 0.01794433 0.479126 0.09313964 0.479126 0.01794433 0.552124 0.01794433 0.479126 0.09313964 0.552124 0.09313964 0.552124 0.01794433 0.479126 0.09313964 0.479126 0.01794433 0.552124 0.01794433 0.479126 0.09313964 0.552124 0.09313964 0.552124 0.01794433 0.479126 0.09313964 0.479126 0.01794433 0.552124 0.01794433 0.479126 0.09313964 0.552124 0.09313964 0.552124 0.01794433 0.479126 0.09313964 0.479126 0.01794433 0.552124 0.01794433 0.479126 0.09313964 0.552124 0.09313964 0.552124 0.01794433 0.479126 0.09313964 0.479126 0.01794433 0.552124 0.01794433 0.479126 0.09313964 0.552124 -0.7731934 0.7744141 -0.5068359 0.769165 -0.6992188 0.8704834 -0.7175293 0.6660156 -0.5068359 0.769165 -0.7731934 0.7744141 -0.5065918 0.614502 -0.5068359 0.769165 -0.7175293 0.6660156 -0.3024902 0.6594238 -0.5068359 0.769165 -0.5065918 0.614502 0.09313964 0.552124 0.01794433 0.479126 0.09313964 0.479126 0.01794433 0.552124 0.01794433 0.479126 0.09313964 0.552124 -0.7731934 0.7744141 -0.5068359 0.769165 -0.6992188 0.8704834 -0.7175293 0.6660156 -0.5068359 0.769165 -0.7731934 0.7744141 -0.5065918 0.614502 -0.5068359 0.769165 -0.7175293 0.6660156 -0.3024902 0.6594238 -0.5068359 0.769165 -0.5065918 0.614502 0.09313964 0.552124 0.01794433 0.479126 0.09313964 0.479126 0.01794433 0.552124 0.01794433 0.479126 0.09313964 0.552124 0.8278809 0.5410156 0.8895264 0.5163574 0.8555908 0.5472412 0.8100586 0.5310059 0.8895264 0.5163574 0.8278809 0.5410156 0.7973633 0.5175781 0.8895264 0.5163574 0.8100586 0.5310059 0.8043213 0.5026855 0.8895264 0.5163574 0.7973633 0.5175781 0.8221436 0.4910889 0.8895264 0.5163574 0.8043213 0.5026855 0.8520508 0.482666 0.8895264 0.5163574 0.8221436 0.4910889 0.8879395 0.4796143 0.8895264 0.5163574 0.8520508 0.482666 0.920166 0.4816895 0.8895264 0.5163574 0.8879395 0.4796143 0.9521484 0.4891357 0.8895264 0.5163574 0.920166 0.4816895 0.9748535 0.5015869 0.8895264 0.5163574 0.9521484 0.4891357 0.09313964 0.552124 0.01794433 0.479126 0.09313964 0.479126 0.01794433 0.552124 0.01794433 0.479126 0.09313964 0.552124 0.09313964 0.552124 0.01794433 0.479126 0.09313964 0.479126 0.01794433 0.552124 0.01794433 0.479126 0.09313964 0.552124 0.09313964 0.552124 0.01794433 0.479126 0.09313964 0.479126 0.01794433 0.552124 0.01794433 0.479126 0.09313964 0.552124 -1.504639 0.7624512 -1.28833 0.8752441 -1.174072 0.762207 -1.504883 0.9279785 -1.28833 0.8752441 -1.504639 0.7624512 0.09313964 0.552124 0.01794433 0.479126 0.09313964 0.479126 0.01794433 0.552124 0.01794433 0.479126 0.09313964 0.552124 0.8278809 0.5410156 0.8895264 0.5163574 0.8555908 0.5472412 0.8100586 0.5310059 0.8895264 0.5163574 0.8278809 0.5410156 0.7973633 0.5175781 0.8895264 0.5163574 0.8100586 0.5310059 0.8043213 0.5026855 0.8895264 0.5163574 0.7973633 0.5175781 0.8221436 0.4910889 0.8895264 0.5163574 0.8043213 0.5026855 0.8520508 0.482666 0.8895264 0.5163574 0.8221436 0.4910889 0.8879395 0.4796143 0.8895264 0.5163574 0.8520508 0.482666 0.920166 0.4816895 0.8895264 0.5163574 0.8879395 0.4796143 0.9521484 0.4891357 0.8895264 0.5163574 0.920166 0.4816895 0.9748535 0.5015869 0.8895264 0.5163574 0.9521484 0.4891357 0.9787598 0.5161133 0.8895264 0.5163574 0.9748535 0.5015869 0.9683838 0.529541 0.8895264 0.5163574 0.9787598 0.5161133 0.09313964 0.552124 0.01794433 0.479126 0.09313964 0.479126 0.01794433 0.552124 0.01794433 0.479126 0.09313964 0.552124 -1.829346 0.7574463 -1.504639 0.7624512 -1.719116 0.873291 -1.710449 0.6489258 -1.504639 0.7624512 -1.829346 0.7574463 -1.505859 0.5928955 -1.504639 0.7624512 -1.710449 0.6489258 -1.286133 0.6557617 -1.504639 0.7624512 -1.505859 0.5928955 0.9787598 0.5161133 0.8895264 0.5163574 0.9748535 0.5015869 0.9683838 0.529541 0.8895264 0.5163574 0.9787598 0.5161133 -1.829346 0.7574463 -1.504639 0.7624512 -1.719116 0.873291 -1.710449 0.6489258 -1.504639 0.7624512 -1.829346 0.7574463 -1.505859 0.5928955 -1.504639 0.7624512 -1.710449 0.6489258 -1.286133 0.6557617 -1.504639 0.7624512 -1.505859 0.5928955 0.09313964 0.552124 0.01794433 0.479126 0.09313964 0.479126 0.01794433 0.552124 0.01794433 0.479126 0.09313964 0.552124 0.09313964 0.552124 0.01794433 0.479126 0.09313964 0.479126 0.01794433 0.552124 0.01794433 0.479126 0.09313964 0.552124 -0.5068359 0.769165 -0.3155518 0.8673096 -0.2330322 0.7679443 -0.5080566 0.9088135 -0.3155518 0.8673096 -0.5068359 0.769165 0.01794433 0.479126 0.09313964 0.552124 0.09313964 0.479126 0.01794433 0.552124 0.09313964 0.552124 0.01794433 0.479126 0.01794433 0.479126 0.09313964 0.552124 0.09313964 0.479126 0.01794433 0.552124 0.09313964 0.552124 0.01794433 0.479126 0.01794433 0.479126 0.09313964 0.552124 0.09313964 0.479126 0.01794433 0.552124 0.09313964 0.552124 0.01794433 0.479126 0.01794433 0.479126 0.09313964 0.552124 0.09313964 0.479126 0.01794433 0.552124 0.09313964 0.552124 0.01794433 0.479126 0.01794433 0.479126 0.09313964 0.552124 0.09313964 0.479126 0.01794433 0.552124 0.09313964 0.552124 0.01794433 0.479126 0.01794433 0.479126 0.09313964 0.552124 0.09313964 0.479126 0.01794433 0.552124 0.09313964 0.552124 0.01794433 0.479126 0.01794433 0.479126 0.09313964 0.552124 0.09313964 0.479126 0.01794433 0.552124 0.09313964 0.552124 0.01794433 0.479126 -1.504639 0.7624512 -1.28833 0.8752441 -1.174072 0.762207 -1.504883 0.9279785 -1.28833 0.8752441 -1.504639 0.7624512 0.9197998 0.5472412 0.8895264 0.5163574 0.8883057 0.5494385 -0.3024902 0.6594238 -0.2330322 0.7679443 -0.5068359 0.769165 -0.3024902 0.6594238 -0.2330322 0.7679443 -0.5068359 0.769165 0.9683838 0.529541 0.9476318 0.5404053 0.8895264 0.5163574 0.9683838 0.529541 0.9476318 0.5404053 0.8895264 0.5163574 -1.286133 0.6557617 -1.174072 0.762207 -1.504639 0.7624512 -1.286133 0.6557617 -1.174072 0.762207 -1.504639 0.7624512 0.9197998 0.5472412 0.8895264 0.5163574 0.8883057 0.5494385</float_array>
          <technique_common>
            <accessor source="#polygon0-mesh-map-0-array" count="768" stride="2">
              <param name="S" type="float"/>
              <param name="T" type="float"/>
            </accessor>
          </technique_common>
        </source>
        <source id="polygon0-mesh-colors-polygon0_Colors0" name="polygon0_Colors0">
          <float_array id="polygon0-mesh-colors-polygon0_Colors0-array" count="3072">1 1 1 1 0.6980392 0.6980392 0.6980392 1 0.6980392 0.6980392 0.6980392 1 0.6980392 0.6980392 0.6980392 1 0.6980392 0.6980392 0.6980392 1 1 1 1 1 0.6980392 0.6980392 0.6980392 1 0.6980392 0.6980392 0.6980392 1 1 1 1 1 0.2 0.2 0.2 1 0.4980392 0.4980392 0.4980392 1 0.4980392 0.4980392 0.4980392 1 0.4980392 0.4980392 0.4980392 1 0.4980392 0.4980392 0.4980392 1 0.2 0.2 0.2 1 0.4980392 0.4980392 0.4980392 1 0.4980392 0.4980392 0.4980392 1 0.2 0.2 0.2 1 0.2 0.2 0.2 1 0.4980392 0.4980392 0.4980392 1 0.4980392 0.4980392 0.4980392 1 0.4980392 0.4980392 0.4980392 1 0.4980392 0.4980392 0.4980392 1 0.2 0.2 0.2 1 0.4980392 0.4980392 0.4980392 1 0.4980392 0.4980392 0.4980392 1 0.2 0.2 0.2 1 1 1 1 1 0.6980392 0.6980392 0.6980392 1 0.6980392 0.6980392 0.6980392 1 0.6980392 0.6980392 0.6980392 1 0.6980392 0.6980392 0.6980392 1 1 1 1 1 0.6980392 0.6980392 0.6980392 1 0.6980392 0.6980392 0.6980392 1 1 1 1 1 1 1 1 1 0.6980392 0.6980392 0.6980392 1 0.6980392 0.6980392 0.6980392 1 0.6980392 0.6980392 0.6980392 1 0.6980392 0.6980392 0.6980392 1 1 1 1 1 0.6980392 0.6980392 0.6980392 1 0.6980392 0.6980392 0.6980392 1 1 1 1 1 1 1 1 1 0.6980392 0.6980392 0.6980392 1 0.6980392 0.6980392 0.6980392 1 0.6980392 0.6980392 0.6980392 1 0.6980392 0.6980392 0.6980392 1 1 1 1 1 0.6980392 0.6980392 0.6980392 1 0.6980392 0.6980392 0.6980392 1 1 1 1 1 1 1 1 1 0.6980392 0.6980392 0.6980392 1 0.6980392 0.6980392 0.6980392 1 0.6980392 0.6980392 0.6980392 1 0.6980392 0.6980392 0.6980392 1 1 1 1 1 0.6980392 0.6980392 0.6980392 1 0.6980392 0.6980392 0.6980392 1 1 1 1 1 0.2 0.2 0.2 1 0.4980392 0.4980392 0.4980392 1 0.4980392 0.4980392 0.4980392 1 0.4980392 0.4980392 0.4980392 1 0.4980392 0.4980392 0.4980392 1 0.2 0.2 0.2 1 0.4980392 0.4980392 0.4980392 1 0.4980392 0.4980392 0.4980392 1 0.2 0.2 0.2 1 0.2 0.2 0.2 1 0.4980392 0.4980392 0.4980392 1 0.4980392 0.4980392 0.4980392 1 0.4980392 0.4980392 0.4980392 1 0.4980392 0.4980392 0.4980392 1 0.2 0.2 0.2 1 0.4980392 0.4980392 0.4980392 1 0.4980392 0.4980392 0.4980392 1 0.2 0.2 0.2 1 1 1 1 1 0.6980392 0.6980392 0.6980392 1 0.6980392 0.6980392 0.6980392 1 0.6980392 0.6980392 0.6980392 1 0.6980392 0.6980392 0.6980392 1 1 1 1 1 0.6980392 0.6980392 0.6980392 1 0.6980392 0.6980392 0.6980392 1 1 1 1 1 0.9843137 0.9843137 0.9843137 1 0.6980392 0.6980392 0.6980392 1 0.6980392 0.6980392 0.6980392 1 0.6980392 0.6980392 0.6980392 1 0.6980392 0.6980392 0.6980392 1 0.9843137 0.9843137 0.9843137 1 0.6980392 0.6980392 0.6980392 1 0.6980392 0.6980392 0.6980392 1 0.9843137 0.9843137 0.9843137 1 0.9843137 0.9843137 0.9843137 1 0.6980392 0.6980392 0.6980392 1 0.6980392 0.6980392 0.6980392 1 0.6980392 0.6980392 0.6980392 1 0.6980392 0.6980392 0.6980392 1 0.9843137 0.9843137 0.9843137 1 0.6980392 0.6980392 0.6980392 1 0.6980392 0.6980392 0.6980392 1 0.9843137 0.9843137 0.9843137 1 0.9843137 0.9843137 0.9843137 1 0.6980392 0.6980392 0.6980392 1 0.6980392 0.6980392 0.6980392 1 0.6980392 0.6980392 0.6980392 1 0.6980392 0.6980392 0.6980392 1 0.9843137 0.9843137 0.9843137 1 0.6980392 0.6980392 0.6980392 1 0.6980392 0.6980392 0.6980392 1 0.9843137 0.9843137 0.9843137 1 1 1 1 1 0.6980392 0.6980392 0.6980392 1 0.6980392 0.6980392 0.6980392 1 0.6980392 0.6980392 0.6980392 1 0.6980392 0.6980392 0.6980392 1 1 1 1 1 0.6980392 0.6980392 0.6980392 1 0.6980392 0.6980392 0.6980392 1 1 1 1 1 0.9843137 0.9843137 0.9843137 1 0.6980392 0.6980392 0.6980392 1 0.6980392 0.6980392 0.6980392 1 0.6980392 0.6980392 0.6980392 1 0.6980392 0.6980392 0.6980392 1 0.9843137 0.9843137 0.9843137 1 0.6980392 0.6980392 0.6980392 1 0.6980392 0.6980392 0.6980392 1 0.9843137 0.9843137 0.9843137 1 0.2 0.2 0.2 1 0.4980392 0.4980392 0.4980392 1 0.4980392 0.4980392 0.4980392 1 0.4980392 0.4980392 0.4980392 1 0.4980392 0.4980392 0.4980392 1 0.2 0.2 0.2 1 0.4980392 0.4980392 0.4980392 1 0.4980392 0.4980392 0.4980392 1 0.2 0.2 0.2 1 0.2 0.2 0.2 1 0.4980392 0.4980392 0.4980392 1 0.4980392 0.4980392 0.4980392 1 0.4980392 0.4980392 0.4980392 1 0.4980392 0.4980392 0.4980392 1 0.2 0.2 0.2 1 0.4980392 0.4980392 0.4980392 1 0.4980392 0.4980392 0.4980392 1 0.2 0.2 0.2 1 1 1 1 1 0.6980392 0.6980392 0.6980392 1 0.6980392 0.6980392 0.6980392 1 0.6980392 0.6980392 0.6980392 1 0.6980392 0.6980392 0.6980392 1 1 1 1 1 0.6980392 0.6980392 0.6980392 1 0.6980392 0.6980392 0.6980392 1 1 1 1 1 1 1 1 1 0.6980392 0.6980392 0.6980392 1 0.6980392 0.6980392 0.6980392 1 0.6980392 0.6980392 0.6980392 1 0.6980392 0.6980392 0.6980392 1 1 1 1 1 0.6980392 0.6980392 0.6980392 1 0.6980392 0.6980392 0.6980392 1 1 1 1 1 1 1 1 1 0.6980392 0.6980392 0.6980392 1 0.6980392 0.6980392 0.6980392 1 0.6980392 0.6980392 0.6980392 1 0.6980392 0.6980392 0.6980392 1 1 1 1 1 0.6980392 0.6980392 0.6980392 1 0.6980392 0.6980392 0.6980392 1 1 1 1 1 1 1 1 1 0.6980392 0.6980392 0.6980392 1 0.6980392 0.6980392 0.6980392 1 0.6980392 0.6980392 0.6980392 1 0.6980392 0.6980392 0.6980392 1 1 1 1 1 0.6980392 0.6980392 0.6980392 1 0.6980392 0.6980392 0.6980392 1 1 1 1 1 1 1 1 1 0.6980392 0.6980392 0.6980392 1 0.6980392 0.6980392 0.6980392 1 0.6980392 0.6980392 0.6980392 1 0.6980392 0.6980392 0.6980392 1 1 1 1 1 0.6980392 0.6980392 0.6980392 1 0.6980392 0.6980392 0.6980392 1 1 1 1 1 0.9843137 0.9843137 0.9843137 1 0.6980392 0.6980392 0.6980392 1 0.6980392 0.6980392 0.6980392 1 0.6980392 0.6980392 0.6980392 1 0.6980392 0.6980392 0.6980392 1 0.9843137 0.9843137 0.9843137 1 0.6980392 0.6980392 0.6980392 1 0.6980392 0.6980392 0.6980392 1 0.9843137 0.9843137 0.9843137 1 0.9843137 0.9843137 0.9843137 1 0.6980392 0.6980392 0.6980392 1 0.6980392 0.6980392 0.6980392 1 0.6980392 0.6980392 0.6980392 1 0.6980392 0.6980392 0.6980392 1 0.9843137 0.9843137 0.9843137 1 0.6980392 0.6980392 0.6980392 1 0.6980392 0.6980392 0.6980392 1 0.9843137 0.9843137 0.9843137 1 1 1 1 1 0.6980392 0.6980392 0.6980392 1 1 1 1 1 0.6980392 0.6980392 0.6980392 1 0.6980392 0.6980392 0.6980392 1 1 1 1 1 1 1 1 1 0.6980392 0.6980392 0.6980392 1 1 1 1 1 0.6980392 0.6980392 0.6980392 1 0.6980392 0.6980392 0.6980392 1 1 1 1 1 1 1 1 1 0.6980392 0.6980392 0.6980392 1 1 1 1 1 0.6980392 0.6980392 0.6980392 1 0.6980392 0.6980392 0.6980392 1 1 1 1 1 1 1 1 1 0.6980392 0.6980392 0.6980392 1 1 1 1 1 0.6980392 0.6980392 0.6980392 1 0.6980392 0.6980392 0.6980392 1 1 1 1 1 1 1 1 1 0.6980392 0.6980392 0.6980392 1 1 1 1 1 0.6980392 0.6980392 0.6980392 1 0.6980392 0.6980392 0.6980392 1 1 1 1 1 1 1 1 1 0.6980392 0.6980392 0.6980392 1 1 1 1 1 0.6980392 0.6980392 0.6980392 1 0.6980392 0.6980392 0.6980392 1 1 1 1 1 1 1 1 1 0.6980392 0.6980392 0.6980392 1 1 1 1 1 0.6980392 0.6980392 0.6980392 1 0.6980392 0.6980392 0.6980392 1 1 1 1 1 1 1 1 1 0.6980392 0.6980392 0.6980392 1 1 1 1 1 0.6980392 0.6980392 0.6980392 1 0.6980392 0.6980392 0.6980392 1 1 1 1 1 1 1 1 1 0.6980392 0.6980392 0.6980392 1 1 1 1 1 0.6980392 0.6980392 0.6980392 1 0.6980392 0.6980392 0.6980392 1 1 1 1 1 0.6980392 0.6980392 0.6980392 1 1 1 1 1 1 1 1 1 0.6980392 0.6980392 0.6980392 1 1 1 1 1 0.6980392 0.6980392 0.6980392 1 0.6980392 0.6980392 0.6980392 1 1 1 1 1 1 1 1 1 0.6980392 0.6980392 0.6980392 1 1 1 1 1 0.6980392 0.6980392 0.6980392 1 0.6980392 0.6980392 0.6980392 1 1 1 1 1 1 1 1 1 0.6980392 0.6980392 0.6980392 1 1 1 1 1 0.6980392 0.6980392 0.6980392 1 0.6980392 0.6980392 0.6980392 1 1 1 1 1 1 1 1 1 0.6980392 0.6980392 0.6980392 1 1 1 1 1 0.6980392 0.6980392 0.6980392 1 0.6980392 0.6980392 0.6980392 1 1 1 1 1 1 1 1 1 0.6980392 0.6980392 0.6980392 1 1 1 1 1 0.6980392 0.6980392 0.6980392 1 0.6980392 0.6980392 0.6980392 1 1 1 1 1 1 1 1 1 0.6980392 0.6980392 0.6980392 1 1 1 1 1 0.6980392 0.6980392 0.6980392 1 0.6980392 0.6980392 0.6980392 1 1 1 1 1 1 1 1 1 0.6980392 0.6980392 0.6980392 1 1 1 1 1 0.6980392 0.6980392 0.6980392 1 0.6980392 0.6980392 0.6980392 1 1 1 1 1 1 1 1 1 0.6980392 0.6980392 0.6980392 1 1 1 1 1 0.6980392 0.6980392 0.6980392 1 1 1 1 1 0.6980392 0.6980392 0.6980392 1 1 1 1 1 0.6980392 0.6980392 0.6980392 1 0.6980392 0.6980392 0.6980392 1 1 1 1 1 1 1 1 1 0.6980392 0.6980392 0.6980392 1 1 1 1 1 0.6980392 0.6980392 0.6980392 1 0.6980392 0.6980392 0.6980392 1 1 1 1 1 1 1 1 1 0.6980392 0.6980392 0.6980392 1 1 1 1 1 0.6980392 0.6980392 0.6980392 1 0.6980392 0.6980392 0.6980392 1 1 1 1 1 1 1 1 1 0.6980392 0.6980392 0.6980392 1 1 1 1 1 0.6980392 0.6980392 0.6980392 1 0.6980392 0.6980392 0.6980392 1 1 1 1 1 1 1 1 1 0.6980392 0.6980392 0.6980392 1 1 1 1 1 0.6980392 0.6980392 0.6980392 1 0.6980392 0.6980392 0.6980392 1 1 1 1 1 1 1 1 1 0.6980392 0.6980392 0.6980392 1 1 1 1 1 0.6980392 0.6980392 0.6980392 1 0.6980392 0.6980392 0.6980392 1 1 1 1 1 1 1 1 1 0.6980392 0.6980392 0.6980392 1 1 1 1 1 0.6980392 0.6980392 0.6980392 1 0.6980392 0.6980392 0.6980392 1 1 1 1 1 1 1 1 1 0.6980392 0.6980392 0.6980392 1 1 1 1 1 0.6980392 0.6980392 0.6980392 1 0.6980392 0.6980392 0.6980392 1 1 1 1 1 1 1 1 1 0.6980392 0.6980392 0.6980392 1 1 1 1 1 0.6980392 0.6980392 0.6980392 1 0.6980392 0.6980392 0.6980392 1 1 1 1 1 1 1 1 1 0.6980392 0.6980392 0.6980392 1 1 1 1 1 0.6980392 0.6980392 0.6980392 1 0.6980392 0.6980392 0.6980392 1 1 1 1 1 1 1 1 1 0.6980392 0.6980392 0.6980392 1 1 1 1 1 0.6980392 0.6980392 0.6980392 1 0.6980392 0.6980392 0.6980392 1 1 1 1 1 1 1 1 1 0.6980392 0.6980392 0.6980392 1 1 1 1 1 0.6980392 0.6980392 0.6980392 1 0.6980392 0.6980392 0.6980392 1 1 1 1 1 1 1 1 1 0.6980392 0.6980392 0.6980392 1 1 1 1 1 0.6980392 0.6980392 0.6980392 1 0.6980392 0.6980392 0.6980392 1 1 1 1 1 1 1 1 1 0.6980392 0.6980392 0.6980392 1 1 1 1 1 0.6980392 0.6980392 0.6980392 1 0.6980392 0.6980392 0.6980392 1 1 1 1 1 1 1 1 1 0.6980392 0.6980392 0.6980392 1 1 1 1 1 0.6980392 0.6980392 0.6980392 1 0.6980392 0.6980392 0.6980392 1 1 1 1 1 1 1 1 1 0.6980392 0.6980392 0.6980392 1 1 1 1 1 0.6980392 0.6980392 0.6980392 1 0.6980392 0.6980392 0.6980392 1 1 1 1 1 0.6980392 0.6980392 0.6980392 1 1 1 1 1 1 1 1 1 0.6980392 0.6980392 0.6980392 1 1 1 1 1 0.6980392 0.6980392 0.6980392 1 0.6980392 0.6980392 0.6980392 1 1 1 1 1 1 1 1 1 0.6980392 0.6980392 0.6980392 1 1 1 1 1 0.6980392 0.6980392 0.6980392 1 0.6980392 0.6980392 0.6980392 1 1 1 1 1 1 1 1 1 0.6980392 0.6980392 0.6980392 1 1 1 1 1 0.6980392 0.6980392 0.6980392 1 0.6980392 0.6980392 0.6980392 1 1 1 1 1 1 1 1 1 0.6980392 0.6980392 0.6980392 1 1 1 1 1 0.6980392 0.6980392 0.6980392 1 0.6980392 0.6980392 0.6980392 1 1 1 1 1 1 1 1 1 0.6980392 0.6980392 0.6980392 1 1 1 1 1 0.6980392 0.6980392 0.6980392 1 0.6980392 0.6980392 0.6980392 1 1 1 1 1 1 1 1 1 0.6980392 0.6980392 0.6980392 1 1 1 1 1 0.6980392 0.6980392 0.6980392 1 0.6980392 0.6980392 0.6980392 1 1 1 1 1 1 1 1 1 0.6980392 0.6980392 0.6980392 1 1 1 1 1 0.6980392 0.6980392 0.6980392 1 0.6980392 0.6980392 0.6980392 1 1 1 1 1 1 1 1 1 0.6980392 0.6980392 0.6980392 1 1 1 1 1 0.6980392 0.6980392 0.6980392 1 0.6980392 0.6980392 0.6980392 1 1 1 1 1 1 1 1 1 0.6980392 0.6980392 0.6980392 1 1 1 1 1 0.6980392 0.6980392 0.6980392 1 0.2 0.2 0.2 1 0.4980392 0.4980392 0.4980392 1 0.4980392 0.4980392 0.4980392 1 0.4980392 0.4980392 0.4980392 1 0.4980392 0.4980392 0.4980392 1 0.2 0.2 0.2 1 0.6980392 0.6980392 0.6980392 1 1 1 1 1 1 1 1 1 0.6980392 0.6980392 0.6980392 1 1 1 1 1 0.6980392 0.6980392 0.6980392 1 0.6980392 0.6980392 0.6980392 1 1 1 1 1 1 1 1 1 0.6980392 0.6980392 0.6980392 1 1 1 1 1 0.6980392 0.6980392 0.6980392 1 0.6980392 0.6980392 0.6980392 1 1 1 1 1 1 1 1 1 0.6980392 0.6980392 0.6980392 1 1 1 1 1 0.6980392 0.6980392 0.6980392 1 0.6980392 0.6980392 0.6980392 1 1 1 1 1 1 1 1 1 0.6980392 0.6980392 0.6980392 1 1 1 1 1 0.6980392 0.6980392 0.6980392 1 0.6980392 0.6980392 0.6980392 1 1 1 1 1 1 1 1 1 0.6980392 0.6980392 0.6980392 1 1 1 1 1 0.6980392 0.6980392 0.6980392 1 0.6980392 0.6980392 0.6980392 1 1 1 1 1 1 1 1 1 0.6980392 0.6980392 0.6980392 1 1 1 1 1 0.6980392 0.6980392 0.6980392 1 0.4980392 0.4980392 0.4980392 1 0.2 0.2 0.2 1 0.4980392 0.4980392 0.4980392 1 0.4980392 0.4980392 0.4980392 1 0.2 0.2 0.2 1 0.4980392 0.4980392 0.4980392 1 0.4980392 0.4980392 0.4980392 1 0.2 0.2 0.2 1 0.4980392 0.4980392 0.4980392 1 0.4980392 0.4980392 0.4980392 1 0.2 0.2 0.2 1 0.4980392 0.4980392 0.4980392 1 0.6980392 0.6980392 0.6980392 1 1 1 1 1 1 1 1 1 0.6980392 0.6980392 0.6980392 1 1 1 1 1 0.6980392 0.6980392 0.6980392 1 0.4980392 0.4980392 0.4980392 1 0.2 0.2 0.2 1 0.4980392 0.4980392 0.4980392 1 0.4980392 0.4980392 0.4980392 1 0.2 0.2 0.2 1 0.4980392 0.4980392 0.4980392 1 0.4980392 0.4980392 0.4980392 1 0.2 0.2 0.2 1 0.4980392 0.4980392 0.4980392 1 0.4980392 0.4980392 0.4980392 1 0.2 0.2 0.2 1 0.4980392 0.4980392 0.4980392 1 0.6980392 0.6980392 0.6980392 1 1 1 1 1 1 1 1 1 0.6980392 0.6980392 0.6980392 1 1 1 1 1 0.6980392 0.6980392 0.6980392 1 0.6980392 0.6980392 0.6980392 1 1 1 1 1 0.6980392 0.6980392 0.6980392 1 0.6980392 0.6980392 0.6980392 1 1 1 1 1 0.6980392 0.6980392 0.6980392 1 0.6980392 0.6980392 0.6980392 1 1 1 1 1 0.6980392 0.6980392 0.6980392 1 0.6980392 0.6980392 0.6980392 1 1 1 1 1 0.6980392 0.6980392 0.6980392 1 0.6980392 0.6980392 0.6980392 1 1 1 1 1 0.6980392 0.6980392 0.6980392 1 0.6980392 0.6980392 0.6980392 1 1 1 1 1 0.6980392 0.6980392 0.6980392 1 0.6980392 0.6980392 0.6980392 1 1 1 1 1 0.6980392 0.6980392 0.6980392 1 0.6980392 0.6980392 0.6980392 1 1 1 1 1 0.6980392 0.6980392 0.6980392 1 0.6980392 0.6980392 0.6980392 1 1 1 1 1 0.6980392 0.6980392 0.6980392 1 0.6980392 0.6980392 0.6980392 1 1 1 1 1 0.6980392 0.6980392 0.6980392 1 0.6980392 0.6980392 0.6980392 1 1 1 1 1 1 1 1 1 0.6980392 0.6980392 0.6980392 1 1 1 1 1 0.6980392 0.6980392 0.6980392 1 0.6980392 0.6980392 0.6980392 1 1 1 1 1 1 1 1 1 0.6980392 0.6980392 0.6980392 1 1 1 1 1 0.6980392 0.6980392 0.6980392 1 0.6980392 0.6980392 0.6980392 1 1 1 1 1 1 1 1 1 0.6980392 0.6980392 0.6980392 1 1 1 1 1 0.6980392 0.6980392 0.6980392 1 0.9843137 0.9843137 0.9843137 1 0.6980392 0.6980392 0.6980392 1 0.6980392 0.6980392 0.6980392 1 0.6980392 0.6980392 0.6980392 1 0.6980392 0.6980392 0.6980392 1 0.9843137 0.9843137 0.9843137 1 0.6980392 0.6980392 0.6980392 1 1 1 1 1 1 1 1 1 0.6980392 0.6980392 0.6980392 1 1 1 1 1 0.6980392 0.6980392 0.6980392 1 0.6980392 0.6980392 0.6980392 1 1 1 1 1 0.6980392 0.6980392 0.6980392 1 0.6980392 0.6980392 0.6980392 1 1 1 1 1 0.6980392 0.6980392 0.6980392 1 0.6980392 0.6980392 0.6980392 1 1 1 1 1 0.6980392 0.6980392 0.6980392 1 0.6980392 0.6980392 0.6980392 1 1 1 1 1 0.6980392 0.6980392 0.6980392 1 0.6980392 0.6980392 0.6980392 1 1 1 1 1 0.6980392 0.6980392 0.6980392 1 0.6980392 0.6980392 0.6980392 1 1 1 1 1 0.6980392 0.6980392 0.6980392 1 0.6980392 0.6980392 0.6980392 1 1 1 1 1 0.6980392 0.6980392 0.6980392 1 0.6980392 0.6980392 0.6980392 1 1 1 1 1 0.6980392 0.6980392 0.6980392 1 0.6980392 0.6980392 0.6980392 1 1 1 1 1 0.6980392 0.6980392 0.6980392 1 0.6980392 0.6980392 0.6980392 1 1 1 1 1 0.6980392 0.6980392 0.6980392 1 0.6980392 0.6980392 0.6980392 1 1 1 1 1 0.6980392 0.6980392 0.6980392 1 0.6980392 0.6980392 0.6980392 1 1 1 1 1 0.6980392 0.6980392 0.6980392 1 0.6980392 0.6980392 0.6980392 1 1 1 1 1 1 1 1 1 0.6980392 0.6980392 0.6980392 1 1 1 1 1 0.6980392 0.6980392 0.6980392 1 0.6980392 0.6980392 0.6980392 1 0.9843137 0.9843137 0.9843137 1 0.6980392 0.6980392 0.6980392 1 0.6980392 0.6980392 0.6980392 1 0.9843137 0.9843137 0.9843137 1 0.6980392 0.6980392 0.6980392 1 0.6980392 0.6980392 0.6980392 1 0.9843137 0.9843137 0.9843137 1 0.6980392 0.6980392 0.6980392 1 0.6980392 0.6980392 0.6980392 1 0.9843137 0.9843137 0.9843137 1 0.6980392 0.6980392 0.6980392 1 0.6980392 0.6980392 0.6980392 1 1 1 1 1 0.6980392 0.6980392 0.6980392 1 0.6980392 0.6980392 0.6980392 1 1 1 1 1 0.6980392 0.6980392 0.6980392 1 0.6980392 0.6980392 0.6980392 1 0.9843137 0.9843137 0.9843137 1 0.6980392 0.6980392 0.6980392 1 0.6980392 0.6980392 0.6980392 1 0.9843137 0.9843137 0.9843137 1 0.6980392 0.6980392 0.6980392 1 0.6980392 0.6980392 0.6980392 1 0.9843137 0.9843137 0.9843137 1 0.6980392 0.6980392 0.6980392 1 0.6980392 0.6980392 0.6980392 1 0.9843137 0.9843137 0.9843137 1 0.6980392 0.6980392 0.6980392 1 0.6980392 0.6980392 0.6980392 1 1 1 1 1 1 1 1 1 0.6980392 0.6980392 0.6980392 1 1 1 1 1 0.6980392 0.6980392 0.6980392 1 0.6980392 0.6980392 0.6980392 1 1 1 1 1 1 1 1 1 0.6980392 0.6980392 0.6980392 1 1 1 1 1 0.6980392 0.6980392 0.6980392 1 0.2 0.2 0.2 1 0.4980392 0.4980392 0.4980392 1 0.4980392 0.4980392 0.4980392 1 0.4980392 0.4980392 0.4980392 1 0.4980392 0.4980392 0.4980392 1 0.2 0.2 0.2 1 1 1 1 1 0.6980392 0.6980392 0.6980392 1 1 1 1 1 0.6980392 0.6980392 0.6980392 1 0.6980392 0.6980392 0.6980392 1 1 1 1 1 1 1 1 1 0.6980392 0.6980392 0.6980392 1 1 1 1 1 0.6980392 0.6980392 0.6980392 1 0.6980392 0.6980392 0.6980392 1 1 1 1 1 1 1 1 1 0.6980392 0.6980392 0.6980392 1 1 1 1 1 0.6980392 0.6980392 0.6980392 1 0.6980392 0.6980392 0.6980392 1 1 1 1 1 1 1 1 1 0.6980392 0.6980392 0.6980392 1 1 1 1 1 0.6980392 0.6980392 0.6980392 1 0.6980392 0.6980392 0.6980392 1 1 1 1 1 1 1 1 1 0.6980392 0.6980392 0.6980392 1 1 1 1 1 0.6980392 0.6980392 0.6980392 1 0.6980392 0.6980392 0.6980392 1 1 1 1 1 1 1 1 1 0.6980392 0.6980392 0.6980392 1 1 1 1 1 0.6980392 0.6980392 0.6980392 1 0.6980392 0.6980392 0.6980392 1 1 1 1 1 1 1 1 1 0.6980392 0.6980392 0.6980392 1 1 1 1 1 0.6980392 0.6980392 0.6980392 1 0.6980392 0.6980392 0.6980392 1 1 1 1 1 0.9843137 0.9843137 0.9843137 1 0.6980392 0.6980392 0.6980392 1 0.6980392 0.6980392 0.6980392 1 0.6980392 0.6980392 0.6980392 1 0.6980392 0.6980392 0.6980392 1 0.9843137 0.9843137 0.9843137 1 0.6980392 0.6980392 0.6980392 1 1 1 1 1 0.6980392 0.6980392 0.6980392 1 0.4980392 0.4980392 0.4980392 1 0.4980392 0.4980392 0.4980392 1 0.2 0.2 0.2 1 0.4980392 0.4980392 0.4980392 1 0.4980392 0.4980392 0.4980392 1 0.2 0.2 0.2 1 0.6980392 0.6980392 0.6980392 1 0.6980392 0.6980392 0.6980392 1 1 1 1 1 0.6980392 0.6980392 0.6980392 1 0.6980392 0.6980392 0.6980392 1 1 1 1 1 0.6980392 0.6980392 0.6980392 1 0.6980392 0.6980392 0.6980392 1 0.9843137 0.9843137 0.9843137 1 0.6980392 0.6980392 0.6980392 1 0.6980392 0.6980392 0.6980392 1 0.9843137 0.9843137 0.9843137 1 0.6980392 0.6980392 0.6980392 1 1 1 1 1 0.6980392 0.6980392 0.6980392 1</float_array>
          <technique_common>
            <accessor source="#polygon0-mesh-colors-polygon0_Colors0-array" count="768" stride="4">
              <param name="R" type="float"/>
              <param name="G" type="float"/>
              <param name="B" type="float"/>
              <param name="A" type="float"/>
            </accessor>
          </technique_common>
        </source>
        <vertices id="polygon0-mesh-vertices">
          <input semantic="POSITION" source="#polygon0-mesh-positions"/>
        </vertices>
        <triangles material="mat_tire_rim-material" count="256">
          <input semantic="VERTEX" source="#polygon0-mesh-vertices" offset="0"/>
          <input semantic="NORMAL" source="#polygon0-mesh-normals" offset="1"/>
          <input semantic="TEXCOORD" source="#polygon0-mesh-map-0" offset="2" set="0"/>
          <input semantic="COLOR" source="#polygon0-mesh-colors-polygon0_Colors0" offset="3" set="0"/>
          <p>2 0 0 0 1 1 1 1 0 2 2 2 3 3 3 3 1 1 4 4 2 0 5 5 4 4 6 6 3 3 7 7 2 0 8 8 7 5 9 9 6 6 10 10 5 7 11 11 8 8 12 12 6 6 13 13 7 5 14 14 9 9 15 15 8 8 16 16 7 5 17 17 7 5 18 18 10 10 19 19 9 9 20 20 11 11 21 21 10 10 22 22 7 5 23 23 12 12 24 24 11 11 25 25 7 5 26 26 2 0 27 27 14 13 28 28 13 14 29 29 15 15 30 30 14 13 31 31 2 0 32 32 16 16 33 33 15 15 34 34 2 0 35 35 2 0 36 36 17 17 37 37 16 16 38 38 18 18 39 39 17 17 40 40 2 0 41 41 19 19 42 42 18 18 43 43 2 0 44 44 2 0 45 45 20 20 46 46 19 19 47 47 21 21 48 48 20 20 49 49 2 0 50 50 0 2 51 51 21 21 52 52 2 0 53 53 2 0 54 54 22 22 55 55 4 4 56 56 23 23 57 57 22 22 58 58 2 0 59 59 24 24 60 60 23 23 61 61 2 0 62 62 27 25 63 63 26 26 64 64 25 27 65 65 28 28 66 66 26 26 67 67 27 25 68 68 29 29 69 69 28 28 70 70 27 25 71 71 32 30 72 72 31 31 73 73 30 32 74 74 33 33 75 75 31 31 76 76 32 30 77 77 34 34 78 78 33 33 79 79 32 30 80 80 37 35 81 81 36 36 82 82 35 37 83 83 38 38 84 84 36 36 85 85 37 35 86 86 39 39 87 87 38 38 88 88 37 35 89 89 42 40 90 90 41 41 91 91 40 42 92 92 43 43 93 93 41 41 94 94 42 40 95 95 44 44 96 96 43 43 97 97 42 40 98 98 47 45 99 99 46 46 100 100 45 47 101 101 48 48 102 102 46 46 103 103 47 45 104 104 49 49 105 105 48 48 106 106 47 45 107 107 47 45 108 108 50 50 109 109 49 49 110 110 51 51 111 111 50 50 112 112 47 45 113 113 52 52 114 114 51 51 115 115 47 45 116 116 55 53 117 117 54 54 118 118 53 55 119 119 56 56 120 120 54 54 121 121 55 53 122 122 57 57 123 123 56 56 124 124 55 53 125 125 60 58 126 126 59 59 127 127 58 60 128 128 61 61 129 129 59 59 130 130 60 58 131 131 62 62 132 132 61 61 133 133 60 58 134 134 65 63 135 135 64 64 136 136 63 65 137 137 66 66 138 138 64 64 139 139 65 63 140 140 67 67 141 141 66 66 142 142 65 63 143 143 65 63 144 144 68 68 145 145 67 67 146 146 69 69 147 147 68 68 148 148 65 63 149 149 70 70 150 150 69 69 151 151 65 63 152 152 73 71 153 153 72 72 154 154 71 73 155 155 74 74 156 156 72 72 157 157 73 71 158 158 75 75 159 159 74 74 160 160 73 71 161 161 73 71 162 162 76 76 163 163 75 75 164 164 77 77 165 165 76 76 166 166 73 71 167 167 78 78 168 168 77 77 169 169 73 71 170 170 73 71 171 171 79 79 172 172 78 78 173 173 80 80 174 174 79 79 175 175 73 71 176 176 81 81 177 177 80 80 178 178 73 71 179 179 73 71 180 180 82 82 181 181 81 81 182 182 83 83 183 183 82 82 184 184 73 71 185 185 84 84 186 186 83 83 187 187 73 71 188 188 73 71 189 189 85 85 190 190 84 84 191 191 86 86 192 192 85 85 193 193 73 71 194 194 87 87 195 195 86 86 196 196 73 71 197 197 90 88 198 198 89 89 199 199 88 90 200 200 91 91 201 201 89 89 202 202 90 88 203 203 92 92 204 204 91 91 205 205 90 88 206 206 90 88 207 207 93 93 208 208 92 92 209 209 94 94 210 210 93 93 211 211 90 88 212 212 95 95 213 213 94 94 214 214 90 88 215 215 97 96 216 216 56 97 217 217 96 98 218 218 54 99 219 219 56 97 220 220 97 96 221 221 100 100 222 222 99 101 223 223 98 102 224 224 101 103 225 225 99 101 226 226 100 100 227 227 104 104 228 228 103 105 229 229 102 106 230 230 105 107 231 231 103 105 232 232 104 104 233 233 108 108 234 234 107 109 235 235 106 110 236 236 109 111 237 237 107 109 238 238 108 108 239 239 112 112 240 240 111 113 241 241 110 114 242 242 113 115 243 243 111 113 244 244 112 112 245 245 114 116 246 246 54 99 247 247 97 96 248 248 53 117 249 249 54 99 250 250 114 116 251 251 96 98 252 252 57 118 253 253 115 119 254 254 56 97 255 255 57 118 256 256 96 98 257 257 115 119 258 258 117 120 259 259 116 121 260 260 57 118 261 261 117 120 262 262 115 119 263 263 120 122 264 264 119 123 265 265 118 124 266 266 121 125 267 267 119 123 268 268 120 122 269 269 80 126 270 270 123 127 271 271 122 128 272 272 81 129 273 273 123 127 274 274 80 126 275 275 78 130 276 276 125 131 277 277 124 132 278 278 79 133 279 279 125 131 280 280 78 130 281 281 76 134 282 282 127 135 283 283 126 136 284 284 77 137 285 285 127 135 286 286 76 134 287 287 74 138 288 288 129 139 289 289 128 140 290 290 75 141 291 291 129 139 292 292 74 138 293 293 71 142 294 294 131 143 295 295 130 144 296 296 72 145 297 297 131 143 298 298 71 142 299 299 86 146 300 300 133 147 301 301 132 148 302 302 87 149 303 303 133 147 304 304 86 146 305 305 85 150 306 306 132 148 307 307 134 151 308 308 86 146 309 309 132 148 310 310 85 150 311 311 82 152 312 312 136 153 313 313 135 154 314 314 83 155 315 315 136 153 316 316 82 152 317 317 139 156 318 318 138 157 319 319 137 158 320 320 140 159 321 321 138 157 322 322 139 156 323 323 143 160 324 324 142 161 325 325 141 162 326 326 144 163 327 327 142 161 328 328 143 160 329 329 147 164 330 330 146 165 331 331 145 166 332 332 148 167 333 333 146 165 334 334 147 164 335 335 151 168 336 336 150 169 337 337 149 170 338 338 152 171 339 339 150 169 340 340 151 168 341 341 154 172 342 342 35 173 343 343 153 174 344 344 155 175 345 345 35 173 346 346 154 172 347 347 156 176 348 348 140 159 349 349 139 156 350 350 157 177 351 351 140 159 352 352 156 176 353 353 159 178 354 354 38 179 355 355 158 180 356 356 36 181 357 357 38 179 358 358 159 178 359 359 141 162 360 360 161 182 361 361 160 183 362 362 142 161 363 363 161 182 364 364 141 162 365 365 162 184 366 366 148 167 367 367 147 164 368 368 163 185 369 369 148 167 370 370 162 184 371 371 145 166 372 372 152 171 373 373 151 168 374 374 146 165 375 375 152 171 376 376 145 166 377 377 149 170 378 378 155 175 379 379 154 172 380 380 150 169 381 381 155 175 382 382 149 170 383 383 153 174 384 384 36 181 385 385 159 178 386 386 35 173 387 387 36 181 388 388 153 174 389 389 158 180 390 390 39 186 391 391 164 187 392 392 38 179 393 393 39 186 394 394 158 180 395 395 164 187 396 396 157 177 397 397 156 176 398 398 39 186 399 399 157 177 400 400 164 187 401 401 137 158 402 402 144 163 403 403 143 160 404 404 138 157 405 405 144 163 406 406 137 158 407 407 160 183 408 408 163 185 409 409 162 184 410 410 161 182 411 411 163 185 412 412 160 183 413 413 81 129 414 414 135 154 415 415 123 127 416 416 82 152 417 417 135 154 418 418 81 129 419 419 79 133 420 420 122 128 421 421 125 131 422 422 80 126 423 423 122 128 424 424 79 133 425 425 77 137 426 426 124 132 427 427 127 135 428 428 78 130 429 429 124 132 430 430 77 137 431 431 75 141 432 432 126 136 433 433 129 139 434 434 76 134 435 435 126 136 436 436 75 141 437 437 72 145 438 438 128 140 439 439 131 143 440 440 74 138 441 441 128 140 442 442 72 145 443 443 84 188 444 444 134 151 445 445 165 189 446 446 85 150 447 447 134 151 448 448 84 188 449 449 87 149 450 450 130 144 451 451 133 147 452 452 71 142 453 453 130 144 454 454 87 149 455 455 0 190 456 456 167 191 457 457 166 192 458 458 1 193 459 459 167 191 460 460 0 190 461 461 20 194 462 462 169 195 463 463 168 196 464 464 21 197 465 465 169 195 466 466 20 194 467 467 7 5 468 468 170 198 469 469 12 12 470 470 5 7 471 471 170 198 472 472 7 5 473 473 18 199 474 474 172 200 475 475 171 201 476 476 19 202 477 477 172 200 478 478 18 199 479 479 16 203 480 480 174 204 481 481 173 205 482 482 17 206 483 483 174 204 484 484 16 203 485 485 14 207 486 486 176 208 487 487 175 209 488 488 15 210 489 489 176 208 490 490 14 207 491 491 83 155 492 492 165 189 493 493 136 153 494 494 84 188 495 495 165 189 496 496 83 155 497 497 4 211 498 498 178 212 499 499 177 213 500 500 22 214 501 501 178 212 502 502 4 211 503 503 24 215 504 504 180 216 505 505 179 217 506 506 13 218 507 507 180 216 508 508 24 215 509 509 181 219 510 510 27 25 511 511 25 27 512 512 182 220 513 513 27 25 514 514 181 219 515 515 183 221 516 516 27 25 517 517 182 220 518 518 184 222 519 519 27 25 520 520 183 221 521 521 21 197 522 522 166 192 523 523 169 195 524 524 0 190 525 525 166 192 526 526 21 197 527 527 185 223 528 528 32 30 529 529 30 32 530 530 186 224 531 531 32 30 532 532 185 223 533 533 187 225 534 534 32 30 535 535 186 224 536 536 188 226 537 537 32 30 538 538 187 225 539 539 19 202 540 540 168 196 541 541 172 200 542 542 20 194 543 543 168 196 544 544 19 202 545 545 155 227 546 546 37 35 547 547 35 37 548 548 150 228 549 549 37 35 550 550 155 227 551 551 152 229 552 552 37 35 553 553 150 228 554 554 146 230 555 555 37 35 556 556 152 229 557 557 148 231 558 558 37 35 559 559 146 230 560 560 163 232 561 561 37 35 562 562 148 231 563 563 161 233 564 564 37 35 565 565 163 232 566 566 142 234 567 567 37 35 568 568 161 233 569 569 144 235 570 570 37 35 571 571 142 234 572 572 138 236 573 573 37 35 574 574 144 235 575 575 17 206 576 576 171 201 577 577 174 204 578 578 18 199 579 579 171 201 580 580 17 206 581 581 15 210 582 582 173 205 583 583 176 208 584 584 16 203 585 585 173 205 586 586 15 210 587 587 13 218 588 588 175 209 589 589 180 216 590 590 14 207 591 591 175 209 592 592 13 218 593 593 47 45 594 594 189 237 595 595 52 52 596 596 45 47 597 597 189 237 598 598 47 45 599 599 23 238 600 600 179 217 601 601 190 239 602 602 24 215 603 603 179 217 604 604 23 238 605 605 111 240 606 606 55 53 607 607 53 55 608 608 113 241 609 609 55 53 610 610 111 240 611 611 107 242 612 612 55 53 613 613 113 241 614 614 109 243 615 615 55 53 616 616 107 242 617 617 103 244 618 618 55 53 619 619 109 243 620 620 105 245 621 621 55 53 622 622 103 244 623 623 99 246 624 624 55 53 625 625 105 245 626 626 101 247 627 627 55 53 628 628 99 246 629 629 119 248 630 630 55 53 631 631 101 247 632 632 121 249 633 633 55 53 634 634 119 248 635 635 191 250 636 636 55 53 637 637 121 249 638 638 117 251 639 639 55 53 640 640 191 250 641 641 22 214 642 642 190 239 643 643 178 212 644 644 23 238 645 645 190 239 646 646 22 214 647 647 192 252 648 648 60 58 649 649 58 60 650 650 193 253 651 651 60 58 652 652 192 252 653 653 194 254 654 654 60 58 655 655 193 253 656 656 195 255 657 657 60 58 658 658 194 254 659 659 140 256 660 660 37 35 661 661 138 236 662 662 157 257 663 663 37 35 664 664 140 256 665 665 196 258 666 666 42 40 667 667 40 42 668 668 197 259 669 669 42 40 670 670 196 258 671 671 198 260 672 672 42 40 673 673 197 259 674 674 199 261 675 675 42 40 676 676 198 260 677 677 1 193 678 678 200 262 679 679 167 191 680 680 3 263 681 681 200 262 682 682 1 193 683 683 3 263 684 684 177 213 685 685 200 262 686 686 4 211 687 687 177 213 688 688 3 263 689 689 65 63 690 690 201 264 691 691 70 70 692 692 63 65 693 693 201 264 694 694 65 63 695 695 202 265 696 696 121 125 697 697 120 122 698 698 191 266 699 699 121 125 700 700 202 265 701 701 118 124 702 702 101 103 703 703 100 100 704 704 119 123 705 705 101 103 706 706 118 124 707 707 98 102 708 708 105 107 709 709 104 104 710 710 99 101 711 711 105 107 712 712 98 102 713 713 102 106 714 714 109 111 715 715 108 108 716 716 103 105 717 717 109 111 718 718 102 106 719 719 106 110 720 720 113 115 721 721 112 112 722 722 107 109 723 723 113 115 724 724 106 110 725 725 110 114 726 726 53 117 727 727 114 116 728 728 111 113 729 729 53 117 730 730 110 114 731 731 116 121 732 732 191 266 733 733 202 265 734 734 117 120 735 735 191 266 736 736 116 121 737 737 90 88 738 738 203 267 739 739 95 95 740 740 88 90 741 741 203 267 742 742 90 88 743 743 24 24 744 744 2 0 745 745 13 14 746 746 184 222 747 747 29 29 748 748 27 25 749 749 188 226 750 750 34 34 751 751 32 30 752 752 157 257 753 753 39 39 754 754 37 35 755 755 117 251 756 756 57 57 757 757 55 53 758 758 195 255 759 759 62 62 760 760 60 58 761 761 199 261 762 762 44 44 763 763 42 40 764 764 87 87 765 765 73 71 766 766 71 73 767 767</p>
        </triangles>
      </mesh>
    </geometry>
  </library_geometries>
  <library_controllers>
    <controller id="Armature_polygon2-skin" name="Armature">
      <skin source="#polygon2-mesh">
        <bind_shape_matrix>1 0 0 0 0 1 -1.42109e-14 0 0 1.42109e-14 1 0 0 0 0 1</bind_shape_matrix>
        <source id="Armature_polygon2-skin-joints">
          <Name_array id="Armature_polygon2-skin-joints-array" count="1">sdf_kart_all</Name_array>
          <technique_common>
            <accessor source="#Armature_polygon2-skin-joints-array" count="1" stride="1">
              <param name="JOINT" type="name"/>
            </accessor>
          </technique_common>
        </source>
        <source id="Armature_polygon2-skin-bind_poses">
          <float_array id="Armature_polygon2-skin-bind_poses-array" count="16">100 0 0 0 0 -1.62921e-5 100 0 0 -100 -1.62921e-5 0 0 0 0 1</float_array>
          <technique_common>
            <accessor source="#Armature_polygon2-skin-bind_poses-array" count="1" stride="16">
              <param name="TRANSFORM" type="float4x4"/>
            </accessor>
          </technique_common>
        </source>
        <source id="Armature_polygon2-skin-weights">
          <float_array id="Armature_polygon2-skin-weights-array" count="555">1 1 1 1 1 1 1 1 1 1 1 1 1 1 1 1 1 1 1 1 1 1 1 1 1 1 1 1 1 1 1 1 1 1 1 1 1 1 1 1 1 1 1 1 1 1 1 1 1 1 1 1 1 1 1 1 1 1 1 1 1 1 1 1 1 1 1 1 1 1 1 1 1 1 1 1 1 1 1 1 1 1 1 1 1 1 1 1 1 1 1 1 1 1 1 1 1 1 1 1 1 1 1 1 1 1 1 1 1 1 1 1 1 1 1 1 1 1 1 1 1 1 1 1 1 1 1 1 1 1 1 1 1 1 1 1 1 1 1 1 1 1 1 1 1 1 1 1 1 1 1 1 1 1 1 1 1 1 1 1 1 1 1 1 1 1 1 1 1 1 1 1 1 1 1 1 1 1 1 1 1 1 1 1 1 1 1 1 1 1 1 1 1 1 1 1 1 1 1 1 1 1 1 1 1 1 1 1 1 1 1 1 1 1 1 1 1 1 1 1 1 1 1 1 1 1 1 1 1 1 1 1 1 1 1 1 1 1 1 1 1 1 1 1 1 1 1 1 1 1 1 1 1 1 1 1 1 1 1 1 1 1 1 1 1 1 1 1 1 1 1 1 1 1 1 1 1 1 1 1 1 1 1 1 1 1 1 1 1 1 1 1 1 1 1 1 1 1 1 1 1 1 1 1 1 1 1 1 1 1 1 1 1 1 1 1 1 1 1 1 1 1 1 1 1 1 1 1 1 1 1 1 1 1 1 1 1 1 1 1 1 1 1 1 1 1 1 1 1 1 1 1 1 1 1 1 1 1 1 1 1 1 1 1 1 1 1 1 1 1 1 1 1 1 1 1 1 1 1 1 1 1 1 1 1 1 1 1 1 1 1 1 1 1 1 1 1 1 1 1 1 1 1 1 1 1 1 1 1 1 1 1 1 1 1 1 1 1 1 1 1 1 1 1 1 1 1 1 1 1 1 1 1 1 1 1 1 1 1 1 1 1 1 1 1 1 1 1 1 1 1 1 1 1 1 1 1 1 1 1 1 1 1 1 1 1 1 1 1 1 1 1 1 1 1 1 1 1 1 1 1 1 1 1 1 1 1 1 1 1 1 1 1 1 1 1 1 1 1 1 1 1 1 1 1 1 1 1 1 1 1 1 1 1 1 1 1 1 1 1 1 1 1 1 1 1 1 1 1 1 1 1 1 1 1 1 1 1 1 1 1 1 1 1 1 1 1 1 1 1 1 1 1 1 1</float_array>
          <technique_common>
            <accessor source="#Armature_polygon2-skin-weights-array" count="555" stride="1">
              <param name="WEIGHT" type="float"/>
            </accessor>
          </technique_common>
        </source>
        <joints>
          <input semantic="JOINT" source="#Armature_polygon2-skin-joints"/>
          <input semantic="INV_BIND_MATRIX" source="#Armature_polygon2-skin-bind_poses"/>
        </joints>
        <vertex_weights count="555">
          <input semantic="JOINT" source="#Armature_polygon2-skin-joints" offset="0"/>
          <input semantic="WEIGHT" source="#Armature_polygon2-skin-weights" offset="1"/>
          <vcount>1 1 1 1 1 1 1 1 1 1 1 1 1 1 1 1 1 1 1 1 1 1 1 1 1 1 1 1 1 1 1 1 1 1 1 1 1 1 1 1 1 1 1 1 1 1 1 1 1 1 1 1 1 1 1 1 1 1 1 1 1 1 1 1 1 1 1 1 1 1 1 1 1 1 1 1 1 1 1 1 1 1 1 1 1 1 1 1 1 1 1 1 1 1 1 1 1 1 1 1 1 1 1 1 1 1 1 1 1 1 1 1 1 1 1 1 1 1 1 1 1 1 1 1 1 1 1 1 1 1 1 1 1 1 1 1 1 1 1 1 1 1 1 1 1 1 1 1 1 1 1 1 1 1 1 1 1 1 1 1 1 1 1 1 1 1 1 1 1 1 1 1 1 1 1 1 1 1 1 1 1 1 1 1 1 1 1 1 1 1 1 1 1 1 1 1 1 1 1 1 1 1 1 1 1 1 1 1 1 1 1 1 1 1 1 1 1 1 1 1 1 1 1 1 1 1 1 1 1 1 1 1 1 1 1 1 1 1 1 1 1 1 1 1 1 1 1 1 1 1 1 1 1 1 1 1 1 1 1 1 1 1 1 1 1 1 1 1 1 1 1 1 1 1 1 1 1 1 1 1 1 1 1 1 1 1 1 1 1 1 1 1 1 1 1 1 1 1 1 1 1 1 1 1 1 1 1 1 1 1 1 1 1 1 1 1 1 1 1 1 1 1 1 1 1 1 1 1 1 1 1 1 1 1 1 1 1 1 1 1 1 1 1 1 1 1 1 1 1 1 1 1 1 1 1 1 1 1 1 1 1 1 1 1 1 1 1 1 1 1 1 1 1 1 1 1 1 1 1 1 1 1 1 1 1 1 1 1 1 1 1 1 1 1 1 1 1 1 1 1 1 1 1 1 1 1 1 1 1 1 1 1 1 1 1 1 1 1 1 1 1 1 1 1 1 1 1 1 1 1 1 1 1 1 1 1 1 1 1 1 1 1 1 1 1 1 1 1 1 1 1 1 1 1 1 1 1 1 1 1 1 1 1 1 1 1 1 1 1 1 1 1 1 1 1 1 1 1 1 1 1 1 1 1 1 1 1 1 1 1 1 1 1 1 1 1 1 1 1 1 1 1 1 1 1 1 1 1 1 1 1 1 1 1 1 1 1 1 1 1 1 1 1 1 1 1 1 1 1 1 1 1 1 1 1 1 1 1 1 1 1 1 1 1 1 1 1 1 1 1 1 1 1 1 1 </vcount>
          <v>0 0 0 1 0 2 0 3 0 4 0 5 0 6 0 7 0 8 0 9 0 10 0 11 0 12 0 13 0 14 0 15 0 16 0 17 0 18 0 19 0 20 0 21 0 22 0 23 0 24 0 25 0 26 0 27 0 28 0 29 0 30 0 31 0 32 0 33 0 34 0 35 0 36 0 37 0 38 0 39 0 40 0 41 0 42 0 43 0 44 0 45 0 46 0 47 0 48 0 49 0 50 0 51 0 52 0 53 0 54 0 55 0 56 0 57 0 58 0 59 0 60 0 61 0 62 0 63 0 64 0 65 0 66 0 67 0 68 0 69 0 70 0 71 0 72 0 73 0 74 0 75 0 76 0 77 0 78 0 79 0 80 0 81 0 82 0 83 0 84 0 85 0 86 0 87 0 88 0 89 0 90 0 91 0 92 0 93 0 94 0 95 0 96 0 97 0 98 0 99 0 100 0 101 0 102 0 103 0 104 0 105 0 106 0 107 0 108 0 109 0 110 0 111 0 112 0 113 0 114 0 115 0 116 0 117 0 118 0 119 0 120 0 121 0 122 0 123 0 124 0 125 0 126 0 127 0 128 0 129 0 130 0 131 0 132 0 133 0 134 0 135 0 136 0 137 0 138 0 139 0 140 0 141 0 142 0 143 0 144 0 145 0 146 0 147 0 148 0 149 0 150 0 151 0 152 0 153 0 154 0 155 0 156 0 157 0 158 0 159 0 160 0 161 0 162 0 163 0 164 0 165 0 166 0 167 0 168 0 169 0 170 0 171 0 172 0 173 0 174 0 175 0 176 0 177 0 178 0 179 0 180 0 181 0 182 0 183 0 184 0 185 0 186 0 187 0 188 0 189 0 190 0 191 0 192 0 193 0 194 0 195 0 196 0 197 0 198 0 199 0 200 0 201 0 202 0 203 0 204 0 205 0 206 0 207 0 208 0 209 0 210 0 211 0 212 0 213 0 214 0 215 0 216 0 217 0 218 0 219 0 220 0 221 0 222 0 223 0 224 0 225 0 226 0 227 0 228 0 229 0 230 0 231 0 232 0 233 0 234 0 235 0 236 0 237 0 238 0 239 0 240 0 241 0 242 0 243 0 244 0 245 0 246 0 247 0 248 0 249 0 250 0 251 0 252 0 253 0 254 0 255 0 256 0 257 0 258 0 259 0 260 0 261 0 262 0 263 0 264 0 265 0 266 0 267 0 268 0 269 0 270 0 271 0 272 0 273 0 274 0 275 0 276 0 277 0 278 0 279 0 280 0 281 0 282 0 283 0 284 0 285 0 286 0 287 0 288 0 289 0 290 0 291 0 292 0 293 0 294 0 295 0 296 0 297 0 298 0 299 0 300 0 301 0 302 0 303 0 304 0 305 0 306 0 307 0 308 0 309 0 310 0 311 0 312 0 313 0 314 0 315 0 316 0 317 0 318 0 319 0 320 0 321 0 322 0 323 0 324 0 325 0 326 0 327 0 328 0 329 0 330 0 331 0 332 0 333 0 334 0 335 0 336 0 337 0 338 0 339 0 340 0 341 0 342 0 343 0 344 0 345 0 346 0 347 0 348 0 349 0 350 0 351 0 352 0 353 0 354 0 355 0 356 0 357 0 358 0 359 0 360 0 361 0 362 0 363 0 364 0 365 0 366 0 367 0 368 0 369 0 370 0 371 0 372 0 373 0 374 0 375 0 376 0 377 0 378 0 379 0 380 0 381 0 382 0 383 0 384 0 385 0 386 0 387 0 388 0 389 0 390 0 391 0 392 0 393 0 394 0 395 0 396 0 397 0 398 0 399 0 400 0 401 0 402 0 403 0 404 0 405 0 406 0 407 0 408 0 409 0 410 0 411 0 412 0 413 0 414 0 415 0 416 0 417 0 418 0 419 0 420 0 421 0 422 0 423 0 424 0 425 0 426 0 427 0 428 0 429 0 430 0 431 0 432 0 433 0 434 0 435 0 436 0 437 0 438 0 439 0 440 0 441 0 442 0 443 0 444 0 445 0 446 0 447 0 448 0 449 0 450 0 451 0 452 0 453 0 454 0 455 0 456 0 457 0 458 0 459 0 460 0 461 0 462 0 463 0 464 0 465 0 466 0 467 0 468 0 469 0 470 0 471 0 472 0 473 0 474 0 475 0 476 0 477 0 478 0 479 0 480 0 481 0 482 0 483 0 484 0 485 0 486 0 487 0 488 0 489 0 490 0 491 0 492 0 493 0 494 0 495 0 496 0 497 0 498 0 499 0 500 0 501 0 502 0 503 0 504 0 505 0 506 0 507 0 508 0 509 0 510 0 511 0 512 0 513 0 514 0 515 0 516 0 517 0 518 0 519 0 520 0 521 0 522 0 523 0 524 0 525 0 526 0 527 0 528 0 529 0 530 0 531 0 532 0 533 0 534 0 535 0 536 0 537 0 538 0 539 0 540 0 541 0 542 0 543 0 544 0 545 0 546 0 547 0 548 0 549 0 550 0 551 0 552 0 553 0 554</v>
        </vertex_weights>
      </skin>
    </controller>
    <controller id="Armature_polygon1-skin" name="Armature">
      <skin source="#polygon1-mesh">
        <bind_shape_matrix>1 0 0 0 0 1 -1.42109e-14 0 0 1.42109e-14 1 0 0 0 0 1</bind_shape_matrix>
        <source id="Armature_polygon1-skin-joints">
          <Name_array id="Armature_polygon1-skin-joints-array" count="1">sdf_kart_all</Name_array>
          <technique_common>
            <accessor source="#Armature_polygon1-skin-joints-array" count="1" stride="1">
              <param name="JOINT" type="name"/>
            </accessor>
          </technique_common>
        </source>
        <source id="Armature_polygon1-skin-bind_poses">
          <float_array id="Armature_polygon1-skin-bind_poses-array" count="16">100 0 0 0 0 -1.62921e-5 100 0 0 -100 -1.62921e-5 0 0 0 0 1</float_array>
          <technique_common>
            <accessor source="#Armature_polygon1-skin-bind_poses-array" count="1" stride="16">
              <param name="TRANSFORM" type="float4x4"/>
            </accessor>
          </technique_common>
        </source>
        <source id="Armature_polygon1-skin-weights">
          <float_array id="Armature_polygon1-skin-weights-array" count="192">1 1 1 1 1 1 1 1 1 1 1 1 1 1 1 1 1 1 1 1 1 1 1 1 1 1 1 1 1 1 1 1 1 1 1 1 1 1 1 1 1 1 1 1 1 1 1 1 1 1 1 1 1 1 1 1 1 1 1 1 1 1 1 1 1 1 1 1 1 1 1 1 1 1 1 1 1 1 1 1 1 1 1 1 1 1 1 1 1 1 1 1 1 1 1 1 1 1 1 1 1 1 1 1 1 1 1 1 1 1 1 1 1 1 1 1 1 1 1 1 1 1 1 1 1 1 1 1 1 1 1 1 1 1 1 1 1 1 1 1 1 1 1 1 1 1 1 1 1 1 1 1 1 1 1 1 1 1 1 1 1 1 1 1 1 1 1 1 1 1 1 1 1 1 1 1 1 1 1 1 1 1 1 1 1 1 1 1 1 1 1 1</float_array>
          <technique_common>
            <accessor source="#Armature_polygon1-skin-weights-array" count="192" stride="1">
              <param name="WEIGHT" type="float"/>
            </accessor>
          </technique_common>
        </source>
        <joints>
          <input semantic="JOINT" source="#Armature_polygon1-skin-joints"/>
          <input semantic="INV_BIND_MATRIX" source="#Armature_polygon1-skin-bind_poses"/>
        </joints>
        <vertex_weights count="192">
          <input semantic="JOINT" source="#Armature_polygon1-skin-joints" offset="0"/>
          <input semantic="WEIGHT" source="#Armature_polygon1-skin-weights" offset="1"/>
          <vcount>1 1 1 1 1 1 1 1 1 1 1 1 1 1 1 1 1 1 1 1 1 1 1 1 1 1 1 1 1 1 1 1 1 1 1 1 1 1 1 1 1 1 1 1 1 1 1 1 1 1 1 1 1 1 1 1 1 1 1 1 1 1 1 1 1 1 1 1 1 1 1 1 1 1 1 1 1 1 1 1 1 1 1 1 1 1 1 1 1 1 1 1 1 1 1 1 1 1 1 1 1 1 1 1 1 1 1 1 1 1 1 1 1 1 1 1 1 1 1 1 1 1 1 1 1 1 1 1 1 1 1 1 1 1 1 1 1 1 1 1 1 1 1 1 1 1 1 1 1 1 1 1 1 1 1 1 1 1 1 1 1 1 1 1 1 1 1 1 1 1 1 1 1 1 1 1 1 1 1 1 1 1 1 1 1 1 1 1 1 1 1 1 </vcount>
          <v>0 0 0 1 0 2 0 3 0 4 0 5 0 6 0 7 0 8 0 9 0 10 0 11 0 12 0 13 0 14 0 15 0 16 0 17 0 18 0 19 0 20 0 21 0 22 0 23 0 24 0 25 0 26 0 27 0 28 0 29 0 30 0 31 0 32 0 33 0 34 0 35 0 36 0 37 0 38 0 39 0 40 0 41 0 42 0 43 0 44 0 45 0 46 0 47 0 48 0 49 0 50 0 51 0 52 0 53 0 54 0 55 0 56 0 57 0 58 0 59 0 60 0 61 0 62 0 63 0 64 0 65 0 66 0 67 0 68 0 69 0 70 0 71 0 72 0 73 0 74 0 75 0 76 0 77 0 78 0 79 0 80 0 81 0 82 0 83 0 84 0 85 0 86 0 87 0 88 0 89 0 90 0 91 0 92 0 93 0 94 0 95 0 96 0 97 0 98 0 99 0 100 0 101 0 102 0 103 0 104 0 105 0 106 0 107 0 108 0 109 0 110 0 111 0 112 0 113 0 114 0 115 0 116 0 117 0 118 0 119 0 120 0 121 0 122 0 123 0 124 0 125 0 126 0 127 0 128 0 129 0 130 0 131 0 132 0 133 0 134 0 135 0 136 0 137 0 138 0 139 0 140 0 141 0 142 0 143 0 144 0 145 0 146 0 147 0 148 0 149 0 150 0 151 0 152 0 153 0 154 0 155 0 156 0 157 0 158 0 159 0 160 0 161 0 162 0 163 0 164 0 165 0 166 0 167 0 168 0 169 0 170 0 171 0 172 0 173 0 174 0 175 0 176 0 177 0 178 0 179 0 180 0 181 0 182 0 183 0 184 0 185 0 186 0 187 0 188 0 189 0 190 0 191</v>
        </vertex_weights>
      </skin>
    </controller>
    <controller id="Armature_polygon0-skin" name="Armature">
      <skin source="#polygon0-mesh">
        <bind_shape_matrix>1 0 0 0 0 1 -1.42109e-14 0 0 1.42109e-14 1 0 0 0 0 1</bind_shape_matrix>
        <source id="Armature_polygon0-skin-joints">
          <Name_array id="Armature_polygon0-skin-joints-array" count="1">sdf_kart_all</Name_array>
          <technique_common>
            <accessor source="#Armature_polygon0-skin-joints-array" count="1" stride="1">
              <param name="JOINT" type="name"/>
            </accessor>
          </technique_common>
        </source>
        <source id="Armature_polygon0-skin-bind_poses">
          <float_array id="Armature_polygon0-skin-bind_poses-array" count="16">100 0 0 0 0 -1.62921e-5 100 0 0 -100 -1.62921e-5 0 0 0 0 1</float_array>
          <technique_common>
            <accessor source="#Armature_polygon0-skin-bind_poses-array" count="1" stride="16">
              <param name="TRANSFORM" type="float4x4"/>
            </accessor>
          </technique_common>
        </source>
        <source id="Armature_polygon0-skin-weights">
          <float_array id="Armature_polygon0-skin-weights-array" count="204">1 1 1 1 1 1 1 1 1 1 1 1 1 1 1 1 1 1 1 1 1 1 1 1 1 1 1 1 1 1 1 1 1 1 1 1 1 1 1 1 1 1 1 1 1 1 1 1 1 1 1 1 1 1 1 1 1 1 1 1 1 1 1 1 1 1 1 1 1 1 1 1 1 1 1 1 1 1 1 1 1 1 1 1 1 1 1 1 1 1 1 1 1 1 1 1 1 1 1 1 1 1 1 1 1 1 1 1 1 1 1 1 1 1 1 1 1 1 1 1 1 1 1 1 1 1 1 1 1 1 1 1 1 1 1 1 1 1 1 1 1 1 1 1 1 1 1 1 1 1 1 1 1 1 1 1 1 1 1 1 1 1 1 1 1 1 1 1 1 1 1 1 1 1 1 1 1 1 1 1 1 1 1 1 1 1 1 1 1 1 1 1 1 1 1 1 1 1 1 1 1 1 1 1</float_array>
          <technique_common>
            <accessor source="#Armature_polygon0-skin-weights-array" count="204" stride="1">
              <param name="WEIGHT" type="float"/>
            </accessor>
          </technique_common>
        </source>
        <joints>
          <input semantic="JOINT" source="#Armature_polygon0-skin-joints"/>
          <input semantic="INV_BIND_MATRIX" source="#Armature_polygon0-skin-bind_poses"/>
        </joints>
        <vertex_weights count="204">
          <input semantic="JOINT" source="#Armature_polygon0-skin-joints" offset="0"/>
          <input semantic="WEIGHT" source="#Armature_polygon0-skin-weights" offset="1"/>
          <vcount>1 1 1 1 1 1 1 1 1 1 1 1 1 1 1 1 1 1 1 1 1 1 1 1 1 1 1 1 1 1 1 1 1 1 1 1 1 1 1 1 1 1 1 1 1 1 1 1 1 1 1 1 1 1 1 1 1 1 1 1 1 1 1 1 1 1 1 1 1 1 1 1 1 1 1 1 1 1 1 1 1 1 1 1 1 1 1 1 1 1 1 1 1 1 1 1 1 1 1 1 1 1 1 1 1 1 1 1 1 1 1 1 1 1 1 1 1 1 1 1 1 1 1 1 1 1 1 1 1 1 1 1 1 1 1 1 1 1 1 1 1 1 1 1 1 1 1 1 1 1 1 1 1 1 1 1 1 1 1 1 1 1 1 1 1 1 1 1 1 1 1 1 1 1 1 1 1 1 1 1 1 1 1 1 1 1 1 1 1 1 1 1 1 1 1 1 1 1 1 1 1 1 1 1 </vcount>
          <v>0 0 0 1 0 2 0 3 0 4 0 5 0 6 0 7 0 8 0 9 0 10 0 11 0 12 0 13 0 14 0 15 0 16 0 17 0 18 0 19 0 20 0 21 0 22 0 23 0 24 0 25 0 26 0 27 0 28 0 29 0 30 0 31 0 32 0 33 0 34 0 35 0 36 0 37 0 38 0 39 0 40 0 41 0 42 0 43 0 44 0 45 0 46 0 47 0 48 0 49 0 50 0 51 0 52 0 53 0 54 0 55 0 56 0 57 0 58 0 59 0 60 0 61 0 62 0 63 0 64 0 65 0 66 0 67 0 68 0 69 0 70 0 71 0 72 0 73 0 74 0 75 0 76 0 77 0 78 0 79 0 80 0 81 0 82 0 83 0 84 0 85 0 86 0 87 0 88 0 89 0 90 0 91 0 92 0 93 0 94 0 95 0 96 0 97 0 98 0 99 0 100 0 101 0 102 0 103 0 104 0 105 0 106 0 107 0 108 0 109 0 110 0 111 0 112 0 113 0 114 0 115 0 116 0 117 0 118 0 119 0 120 0 121 0 122 0 123 0 124 0 125 0 126 0 127 0 128 0 129 0 130 0 131 0 132 0 133 0 134 0 135 0 136 0 137 0 138 0 139 0 140 0 141 0 142 0 143 0 144 0 145 0 146 0 147 0 148 0 149 0 150 0 151 0 152 0 153 0 154 0 155 0 156 0 157 0 158 0 159 0 160 0 161 0 162 0 163 0 164 0 165 0 166 0 167 0 168 0 169 0 170 0 171 0 172 0 173 0 174 0 175 0 176 0 177 0 178 0 179 0 180 0 181 0 182 0 183 0 184 0 185 0 186 0 187 0 188 0 189 0 190 0 191 0 192 0 193 0 194 0 195 0 196 0 197 0 198 0 199 0 200 0 201 0 202 0 203</v>
        </vertex_weights>
      </skin>
    </controller>
  </library_controllers>
  <library_visual_scenes>
    <visual_scene id="Scene" name="Scene">
      <node id="Armature" name="Armature" type="NODE">
        <matrix sid="transform">0.01 0 0 0 0 -1.62921e-9 -0.01 0 0 0.01 -1.62921e-9 0 0 0 0 1</matrix>
        <node id="Armature_sdf_kart_all" name="sdf_kart_all" sid="sdf_kart_all" type="JOINT">
          <matrix sid="transform">1 0 0 0 0 1 0 0 0 0 1 0 0 0 0 1</matrix>
          <extra>
            <technique profile="blender">
              <layer sid="layer" type="string">0</layer>
              <tip_x sid="tip_x" type="float">0</tip_x>
              <tip_y sid="tip_y" type="float">1</tip_y>
              <tip_z sid="tip_z" type="float">0</tip_z>
            </technique>
          </extra>
        </node>
        <node id="polygon0" name="polygon0" type="NODE">
          <matrix sid="transform">1 0 0 0 0 1 0 0 0 0 1 0 0 0 0 1</matrix>
          <instance_controller url="#Armature_polygon0-skin">
            <skeleton>#Armature_sdf_kart_all</skeleton>
            <bind_material>
              <technique_common>
                <instance_material symbol="mat_tire_rim-material" target="#mat_tire_rim-material">
                  <bind_vertex_input semantic="polygon0_UVs0" input_semantic="TEXCOORD" input_set="0"/>
                </instance_material>
              </technique_common>
            </bind_material>
          </instance_controller>
        </node>
        <node id="polygon1" name="polygon1" type="NODE">
          <matrix sid="transform">1 0 0 0 0 1 0 0 0 0 1 0 0 0 0 1</matrix>
          <instance_controller url="#Armature_polygon1-skin">
            <skeleton>#Armature_sdf_kart_all</skeleton>
            <bind_material>
              <technique_common>
                <instance_material symbol="mat_tire-material" target="#mat_tire-material">
                  <bind_vertex_input semantic="polygon1_UVs0" input_semantic="TEXCOORD" input_set="0"/>
                </instance_material>
              </technique_common>
            </bind_material>
          </instance_controller>
        </node>
        <node id="polygon2" name="polygon2" type="NODE">
          <matrix sid="transform">1 0 0 0 0 1 0 0 0 0 1 0 0 0 0 1</matrix>
          <instance_controller url="#Armature_polygon2-skin">
            <skeleton>#Armature_sdf_kart_all</skeleton>
            <bind_material>
              <technique_common>
                <instance_material symbol="mat_body-material" target="#mat_body-material">
                  <bind_vertex_input semantic="polygon2_UVs0" input_semantic="TEXCOORD" input_set="0"/>
                </instance_material>
              </technique_common>
            </bind_material>
          </instance_controller>
        </node>
      </node>
    </visual_scene>
  </library_visual_scenes>
  <scene>
    <instance_visual_scene url="#Scene"/>
  </scene>
</COLLADA>